-------------------------------------------------------------
----------------------- !PROPERTIES! ------------------------
-------------------------------------------------------------
# -----------------------------------------------------------
$ PAL_Flags
   description: The PAL Flags
   geom. index: 1
   prop. index: 1
        Diskflag:     2
# -----------------------------------------------------------
$ SCF_Energy
   description: The SCF energy
   geom. index: 1
   prop. index: 1
        SCF Energy:     -424.1792204470
# -----------------------------------------------------------
$ DFT_Energy
   description: The DFT energy
   geom. index: 1
   prop. index: 1
   Number of Alpha Electrons                 39.0001223329 
   Number of Beta  Electrons                 39.0001223329 
   Total number of  Electrons                78.0002446657 
   Exchange energy                          -40.0515195279 
   Correlation energy                        -3.1788026475 
   Correlation energy NL                      0.0000000000 
   Exchange-Correlation energy              -43.2303221754 
   Embedding correction                       0.0000000000 
   Total DFT Energy (No VdW correction)    -424.1792204470 
# -----------------------------------------------------------
$ Mayer_Pop
   description: The Mayer population analysis
   geom. index: 1
   prop. index: 1
     Number of atoms                     : 26
     Threshold for printing              : 0.1000000
     Number of bond orders printed       : 40
  NA   - Mulliken gross atomic population
  ZA   - Total nuclear charge
  QA   - Mulliken gross atomic charge
  VA   - Mayer's total valence
  BVA  - Mayer's bonded valence
  FA   - Mayer's free valence
  ATOM       NA         ZA         QA         VA         BVA        FA
  0   0     6.6420     6.0000    -0.6420     3.9069     3.9069    -0.0000
  1   0     5.6131     6.0000     0.3869     2.6157     2.6157     0.0000
  2   0     6.3898     6.0000    -0.3898     3.6076     3.6076    -0.0000
  3   0     7.3344     7.0000    -0.3344     2.6613     2.6613    -0.0000
  4   0     6.3882     6.0000    -0.3882     3.6054     3.6054    -0.0000
  5   0     5.6168     6.0000     0.3832     2.6247     2.6247     0.0000
  6   0     6.6432     6.0000    -0.6432     3.9046     3.9046     0.0000
  7   0     6.4213     6.0000    -0.4213     3.6621     3.6621     0.0000
  8   0     7.3204     7.0000    -0.3204     2.7438     2.7438    -0.0000
  9   0     6.4223     6.0000    -0.4223     3.6611     3.6611    -0.0000
 10   0     0.8526     1.0000     0.1474     0.9577     0.9577    -0.0000
 11   0     0.8442     1.0000     0.1558     0.9499     0.9499    -0.0000
 12   0     0.8241     1.0000     0.1759     0.9399     0.9399    -0.0000
 13   0     0.8416     1.0000     0.1584     0.9106     0.9106    -0.0000
 14   0     0.8441     1.0000     0.1559     0.9128     0.9128    -0.0000
 15   0     0.7011     1.0000     0.2989     0.8655     0.8655    -0.0000
 16   0     0.8411     1.0000     0.1589     0.9097     0.9097     0.0000
 17   0     0.8442     1.0000     0.1558     0.9131     0.9131    -0.0000
 18   0     0.8240     1.0000     0.1760     0.9398     0.9398     0.0000
 19   0     0.8524     1.0000     0.1476     0.9579     0.9579     0.0000
 20   0     0.8444     1.0000     0.1556     0.9502     0.9502     0.0000
 21   0     0.8458     1.0000     0.1542     0.9375     0.9375     0.0000
 22   0     0.8522     1.0000     0.1478     0.9102     0.9102     0.0000
 23   0     0.6988     1.0000     0.3012     0.8614     0.8614     0.0000
 24   0     0.8523     1.0000     0.1477     0.9104     0.9104    -0.0000
 25   0     0.8458     1.0000     0.1542     0.9376     0.9376    -0.0000
      Bond orders larger than 0.1000000
           Atom A     A.N. of A          Atom B    A.N. of B              Bond order
                0             6               1            6                0.726573
                0             6              10            1                0.990020
                0             6              11            1                1.000931
                0             6              12            1                1.036233
                1             6               2            6                0.465689
                1             6               4            6                0.224681
                1             6               5            6                0.593358
                1             6               7            6                0.138211
                1             6               8            7                0.169389
                1             6               9            6                0.579339
                1             6              14            1               -0.122322
                1             6              25            1               -0.117474
                2             6               3            7                0.870653
                2             6               5            6                0.225917
                2             6               9            6                0.123570
                2             6              13            1                1.028464
                2             6              14            1                1.018097
                3             7               4            6                0.870815
                3             7              15            1                0.866298
                4             6               5            6                0.469114
                4             6               7            6                0.122663
                4             6              16            1                1.028367
                4             6              17            1                1.017333
                5             6               6            6                0.724499
                5             6               7            6                0.582283
                5             6               8            7                0.168806
                5             6               9            6                0.139827
                5             6              17            1               -0.121344
                5             6              21            1               -0.116748
                6             6              18            1                1.036468
                6             6              19            1                0.990356
                6             6              20            1                1.001664
                7             6               8            7                0.834170
                7             6               9            6               -0.139308
                7             6              21            1                1.076388
                7             6              22            1                0.971178
                8             7               9            6                0.834214
                8             7              23            1                0.853431
                9             6              24            1                0.970844
                9             6              25            1                1.077037
# -----------------------------------------------------------
$ VdW_Correction
   description: The Van der Waals Correction
   geom. index: 1
   prop. index: 1
        Van der Waals Correction:       -0.0490263722
# -----------------------------------------------------------
$ Hessian
   description: Details about the Hessian
   geom. index: 1
   prop. index: 1
Normal modes:
Number of Rows: 78 Number of Columns: 78
                  0          1          2          3          4          5    
      0       0.000000   0.000000   0.000000   0.000000   0.000000   0.000000
      1       0.000000   0.000000   0.000000   0.000000   0.000000   0.000000
      2       0.000000   0.000000   0.000000   0.000000   0.000000   0.000000
      3       0.000000   0.000000   0.000000   0.000000   0.000000   0.000000
      4       0.000000   0.000000   0.000000   0.000000   0.000000   0.000000
      5       0.000000   0.000000   0.000000   0.000000   0.000000   0.000000
      6       0.000000   0.000000   0.000000   0.000000   0.000000   0.000000
      7       0.000000   0.000000   0.000000   0.000000   0.000000   0.000000
      8       0.000000   0.000000   0.000000   0.000000   0.000000   0.000000
      9       0.000000   0.000000   0.000000   0.000000   0.000000   0.000000
     10       0.000000   0.000000   0.000000   0.000000   0.000000   0.000000
     11       0.000000   0.000000   0.000000   0.000000   0.000000   0.000000
     12       0.000000   0.000000   0.000000   0.000000   0.000000   0.000000
     13       0.000000   0.000000   0.000000   0.000000   0.000000   0.000000
     14       0.000000   0.000000   0.000000   0.000000   0.000000   0.000000
     15       0.000000   0.000000   0.000000   0.000000   0.000000   0.000000
     16       0.000000   0.000000   0.000000   0.000000   0.000000   0.000000
     17       0.000000   0.000000   0.000000   0.000000   0.000000   0.000000
     18       0.000000   0.000000   0.000000   0.000000   0.000000   0.000000
     19       0.000000   0.000000   0.000000   0.000000   0.000000   0.000000
     20       0.000000   0.000000   0.000000   0.000000   0.000000   0.000000
     21       0.000000   0.000000   0.000000   0.000000   0.000000   0.000000
     22       0.000000   0.000000   0.000000   0.000000   0.000000   0.000000
     23       0.000000   0.000000   0.000000   0.000000   0.000000   0.000000
     24       0.000000   0.000000   0.000000   0.000000   0.000000   0.000000
     25       0.000000   0.000000   0.000000   0.000000   0.000000   0.000000
     26       0.000000   0.000000   0.000000   0.000000   0.000000   0.000000
     27       0.000000   0.000000   0.000000   0.000000   0.000000   0.000000
     28       0.000000   0.000000   0.000000   0.000000   0.000000   0.000000
     29       0.000000   0.000000   0.000000   0.000000   0.000000   0.000000
     30       0.000000   0.000000   0.000000   0.000000   0.000000   0.000000
     31       0.000000   0.000000   0.000000   0.000000   0.000000   0.000000
     32       0.000000   0.000000   0.000000   0.000000   0.000000   0.000000
     33       0.000000   0.000000   0.000000   0.000000   0.000000   0.000000
     34       0.000000   0.000000   0.000000   0.000000   0.000000   0.000000
     35       0.000000   0.000000   0.000000   0.000000   0.000000   0.000000
     36       0.000000   0.000000   0.000000   0.000000   0.000000   0.000000
     37       0.000000   0.000000   0.000000   0.000000   0.000000   0.000000
     38       0.000000   0.000000   0.000000   0.000000   0.000000   0.000000
     39       0.000000   0.000000   0.000000   0.000000   0.000000   0.000000
     40       0.000000   0.000000   0.000000   0.000000   0.000000   0.000000
     41       0.000000   0.000000   0.000000   0.000000   0.000000   0.000000
     42       0.000000   0.000000   0.000000   0.000000   0.000000   0.000000
     43       0.000000   0.000000   0.000000   0.000000   0.000000   0.000000
     44       0.000000   0.000000   0.000000   0.000000   0.000000   0.000000
     45       0.000000   0.000000   0.000000   0.000000   0.000000   0.000000
     46       0.000000   0.000000   0.000000   0.000000   0.000000   0.000000
     47       0.000000   0.000000   0.000000   0.000000   0.000000   0.000000
     48       0.000000   0.000000   0.000000   0.000000   0.000000   0.000000
     49       0.000000   0.000000   0.000000   0.000000   0.000000   0.000000
     50       0.000000   0.000000   0.000000   0.000000   0.000000   0.000000
     51       0.000000   0.000000   0.000000   0.000000   0.000000   0.000000
     52       0.000000   0.000000   0.000000   0.000000   0.000000   0.000000
     53       0.000000   0.000000   0.000000   0.000000   0.000000   0.000000
     54       0.000000   0.000000   0.000000   0.000000   0.000000   0.000000
     55       0.000000   0.000000   0.000000   0.000000   0.000000   0.000000
     56       0.000000   0.000000   0.000000   0.000000   0.000000   0.000000
     57       0.000000   0.000000   0.000000   0.000000   0.000000   0.000000
     58       0.000000   0.000000   0.000000   0.000000   0.000000   0.000000
     59       0.000000   0.000000   0.000000   0.000000   0.000000   0.000000
     60       0.000000   0.000000   0.000000   0.000000   0.000000   0.000000
     61       0.000000   0.000000   0.000000   0.000000   0.000000   0.000000
     62       0.000000   0.000000   0.000000   0.000000   0.000000   0.000000
     63       0.000000   0.000000   0.000000   0.000000   0.000000   0.000000
     64       0.000000   0.000000   0.000000   0.000000   0.000000   0.000000
     65       0.000000   0.000000   0.000000   0.000000   0.000000   0.000000
     66       0.000000   0.000000   0.000000   0.000000   0.000000   0.000000
     67       0.000000   0.000000   0.000000   0.000000   0.000000   0.000000
     68       0.000000   0.000000   0.000000   0.000000   0.000000   0.000000
     69       0.000000   0.000000   0.000000   0.000000   0.000000   0.000000
     70       0.000000   0.000000   0.000000   0.000000   0.000000   0.000000
     71       0.000000   0.000000   0.000000   0.000000   0.000000   0.000000
     72       0.000000   0.000000   0.000000   0.000000   0.000000   0.000000
     73       0.000000   0.000000   0.000000   0.000000   0.000000   0.000000
     74       0.000000   0.000000   0.000000   0.000000   0.000000   0.000000
     75       0.000000   0.000000   0.000000   0.000000   0.000000   0.000000
     76       0.000000   0.000000   0.000000   0.000000   0.000000   0.000000
     77       0.000000   0.000000   0.000000   0.000000   0.000000   0.000000
                  6          7          8          9         10         11    
      0       0.022563   0.014605  -0.016733   0.110304  -0.047815  -0.254892
      1      -0.139613  -0.050062  -0.077760   0.031754   0.186235  -0.000388
      2      -0.006562   0.058084  -0.008602  -0.031375   0.022904   0.092818
      3       0.012734   0.004990  -0.006552  -0.007938   0.021267  -0.016414
      4       0.005375  -0.001761   0.028235   0.002471   0.011543  -0.014076
      5      -0.001992   0.062687  -0.019324   0.023510  -0.016734  -0.039592
      6       0.022527   0.051228   0.037468  -0.009800   0.094852   0.004972
      7       0.088111  -0.018620   0.080911   0.054669   0.044450  -0.008879
      8       0.141535   0.035897   0.073641   0.102170   0.056764  -0.007347
      9      -0.059742  -0.014048  -0.015303  -0.076848   0.069317   0.001501
     10      -0.007028  -0.047111   0.049599  -0.008962   0.007918  -0.013059
     11       0.003841  -0.280600  -0.137888   0.005597  -0.004695   0.009241
     12       0.022598  -0.040201  -0.044781  -0.010800   0.093802  -0.005860
     13      -0.082614  -0.029415   0.071541  -0.056842  -0.022553  -0.009189
     14      -0.144409   0.042198   0.079688  -0.100731  -0.069926  -0.004892
     15       0.013785   0.004142  -0.002975  -0.010278   0.025735   0.013077
     16      -0.002191  -0.001887   0.028690  -0.004536  -0.006428  -0.010324
     17       0.000167   0.062729  -0.019599  -0.022627   0.012613  -0.041947
     18      -0.009629   0.005694   0.032958   0.118579  -0.000570   0.258042
     19       0.140933  -0.051230  -0.072454  -0.004710  -0.190958   0.064511
     20       0.005690   0.058784  -0.012084   0.015336  -0.017841   0.057439
     21       0.025446   0.036520  -0.048544  -0.086888  -0.050289  -0.005638
     22      -0.066217   0.013272   0.040563   0.066086  -0.014392  -0.013944
     23       0.110123   0.030326  -0.037947  -0.112761   0.079015  -0.031084
     24      -0.055556  -0.031037   0.028512  -0.002062  -0.130352  -0.001734
     25      -0.006719   0.211384  -0.181652  -0.000471  -0.015224   0.002689
     26       0.003981  -0.088652   0.101455   0.000159   0.008526  -0.041889
     27      -0.005759  -0.034177   0.032174  -0.053022  -0.062401   0.005983
     28       0.068674   0.004710   0.049942  -0.082828   0.000751  -0.012549
     29      -0.111627   0.035616  -0.043343   0.122564  -0.071958  -0.030551
     30       0.004146   0.009819  -0.034853   0.174970   0.002486  -0.323853
     31      -0.182014  -0.064827  -0.111844   0.054165   0.244209  -0.003611
     32      -0.084714   0.031023  -0.074033   0.023575   0.136864   0.062821
     33       0.024264   0.014545  -0.014048   0.088254  -0.046064  -0.221689
     34      -0.146495  -0.051128  -0.085099   0.018817   0.276305   0.036362
     35      -0.002337   0.057744   0.002562  -0.166173   0.090402   0.307085
     36       0.045120   0.026541  -0.000478   0.198064  -0.182609  -0.399188
     37      -0.186687  -0.067982  -0.115346   0.061745   0.241179  -0.012388
     38       0.065844   0.087832   0.048801  -0.026555  -0.113131   0.032225
     39      -0.073649  -0.058537  -0.054588  -0.094132   0.049661   0.006024
     40       0.112830   0.038778   0.093485   0.082588   0.023117  -0.020883
     41       0.305456   0.187309   0.250625   0.234013   0.180351   0.007848
     42       0.192428   0.298713   0.255616   0.127549   0.209326   0.005873
     43       0.192479  -0.054515   0.146495   0.133257   0.126056   0.011623
     44       0.157937   0.086671   0.104800   0.115649   0.066815  -0.009427
     45      -0.022955  -0.003091  -0.008223  -0.046953   0.082289   0.000502
     46      -0.002873  -0.226461  -0.065129  -0.005233   0.009633   0.001591
     47       0.001153  -0.427479  -0.230565   0.003705  -0.005427   0.022026
     48      -0.086300   0.072829   0.065441  -0.103579   0.028646  -0.000260
     49      -0.131406   0.054206   0.108144  -0.105843  -0.014519  -0.020913
     50      -0.293456   0.178002   0.242979  -0.220135  -0.185328   0.013108
     51       0.207264  -0.263190  -0.266212   0.137817   0.221192  -0.015107
     52      -0.145102  -0.120844   0.085474  -0.101305  -0.075058   0.011877
     53      -0.185251   0.125643   0.141469  -0.134164  -0.096797  -0.005795
     54      -0.008834   0.002653   0.033912   0.209634  -0.095800   0.392677
     55       0.190718  -0.070983  -0.112083  -0.013655  -0.272819   0.087425
     56      -0.068202   0.089543   0.046692  -0.001995   0.132326  -0.025989
     57      -0.026436   0.010103   0.049490   0.178850   0.046838   0.320657
     58       0.179171  -0.064970  -0.102653  -0.012396  -0.237286   0.078406
     59       0.086230   0.030934  -0.080354  -0.048490  -0.139148   0.021376
     60      -0.010143   0.005938   0.033591   0.112743   0.012467   0.246634
     61       0.147829  -0.052171  -0.080053   0.004889  -0.278136   0.097131
     62       0.001375   0.058673  -0.000696   0.152664  -0.081642   0.276020
     63      -0.035963  -0.029467   0.030765  -0.013470  -0.102974  -0.004715
     64      -0.157240  -0.063124   0.154585   0.227899  -0.020702  -0.018246
     65       0.196127   0.132006  -0.153363  -0.208578   0.162767  -0.032028
     66       0.156257   0.218208  -0.273128  -0.275215   0.004294   0.004225
     67      -0.042762  -0.035751   0.076787   0.026752   0.001619  -0.017464
     68       0.161206  -0.006404  -0.025030  -0.194619   0.107686  -0.034699
     69      -0.026685  -0.046449   0.045991  -0.031381  -0.133995  -0.003039
     70      -0.003351   0.244509  -0.219286  -0.003956  -0.015582   0.005441
     71       0.002122  -0.253777   0.289817   0.002320   0.008447  -0.057115
     72       0.119344  -0.203521   0.241853  -0.232785  -0.010235  -0.003822
     73       0.075504  -0.085669   0.137387  -0.086669  -0.002905  -0.018247
     74      -0.180624   0.023640  -0.060612   0.230500  -0.108279  -0.032378
     75      -0.098080   0.061397  -0.086309   0.068484  -0.126073   0.007019
     76       0.141995  -0.053235   0.140724  -0.222235  -0.006635  -0.016350
     77      -0.187256   0.126421  -0.144931   0.204957  -0.147620  -0.029966
                 12         13         14         15         16         17    
      0       0.004864   0.037423  -0.008473   0.047768   0.008742   0.125696
      1      -0.094713   0.111226   0.009871   0.029161   0.008672   0.011033
      2       0.061266   0.052337  -0.014842  -0.025355  -0.003263   0.226335
      3       0.000166   0.018801  -0.014717  -0.141915  -0.000746   0.083277
      4       0.029396  -0.063581   0.005395  -0.036630  -0.001823  -0.025833
      5       0.055445   0.047517  -0.003008   0.078508  -0.000747   0.110650
      6      -0.050543   0.014758  -0.000115  -0.001396  -0.003711  -0.069355
      7      -0.046868  -0.082102   0.004055  -0.117415   0.004100  -0.051378
      8      -0.107421   0.045715   0.004762   0.075726   0.000461   0.019744
      9      -0.003054   0.011121  -0.000039   0.086685   0.000307  -0.069907
     10       0.004951  -0.103778   0.000044   0.009743   0.011881  -0.008179
     11      -0.035677  -0.014318   0.000031  -0.005891  -0.002085   0.004855
     12       0.044849   0.010829   0.000145  -0.038992   0.000982  -0.081400
     13      -0.035600  -0.082527  -0.003949   0.111935   0.009659   0.033674
     14      -0.114342   0.045881  -0.004736  -0.072632  -0.003056  -0.009174
     15       0.000442   0.002948  -0.012514  -0.155622  -0.005489   0.059144
     16       0.029435  -0.065391  -0.008602   0.001629  -0.001485   0.042619
     17       0.055278   0.048499   0.004784  -0.057600  -0.003377  -0.120612
     18       0.025839  -0.054333  -0.003666   0.057097  -0.008404   0.092688
     19      -0.092426   0.100524  -0.011232  -0.017419   0.005752   0.014725
     20       0.059775   0.058757   0.015666   0.018140  -0.001257  -0.241554
     21      -0.045600  -0.071880   0.010321   0.000412   0.005229  -0.013224
     22       0.096320   0.047941  -0.020517  -0.105081  -0.017214   0.016882
     23       0.004442  -0.105153   0.002622  -0.011235   0.006275   0.040856
     24      -0.000340  -0.001853   0.013805   0.033152   0.001448  -0.089347
     25       0.048487  -0.000154   0.001599   0.004351  -0.007740  -0.010518
     26       0.077791  -0.028428  -0.001011  -0.002292  -0.002105   0.006183
     27       0.022095   0.043776   0.004787  -0.022423  -0.001159  -0.014421
     28       0.104341   0.061381   0.022092   0.103846  -0.013578  -0.020296
     29      -0.000150  -0.112811  -0.003589   0.012147   0.007178  -0.038898
     30      -0.018500   0.135111  -0.320379   0.259085   0.331559   0.081282
     31      -0.162994   0.159494   0.168526   0.037233  -0.149818   0.065860
     32      -0.063887   0.165514   0.178154   0.044560  -0.189938   0.311942
     33       0.009210   0.023434   0.027939  -0.006287  -0.032911   0.132246
     34      -0.100845   0.215480  -0.392143   0.105683   0.427315  -0.056049
     35       0.082799   0.039837  -0.053222  -0.282837   0.015423   0.218761
     36       0.019905  -0.054062   0.275857   0.142329  -0.265122   0.171879
     37      -0.175101   0.156260   0.248667   0.039124  -0.229037   0.081603
     38       0.171720  -0.049957  -0.181824   0.008828   0.165695   0.159604
     39       0.039087  -0.005524  -0.000166   0.050770  -0.003981  -0.046186
     40      -0.022701  -0.068166  -0.005551  -0.196794   0.003278   0.036683
     41      -0.328810   0.069609   0.020518   0.077929   0.000428  -0.155745
     42      -0.245192   0.062522   0.012075   0.015286  -0.003102  -0.191017
     43      -0.219124  -0.083646   0.013975  -0.174949   0.003634  -0.182013
     44      -0.121072   0.055004   0.005809   0.086123   0.000315   0.015083
     45      -0.004212   0.012676   0.000135   0.200080   0.003093  -0.012356
     46       0.021391  -0.126396   0.000072   0.023293   0.005685  -0.001454
     47      -0.025799  -0.031051   0.000028  -0.013607  -0.008025   0.000798
     48      -0.077409   0.030349  -0.004203  -0.007515   0.002812  -0.014709
     49      -0.036414  -0.063952   0.005107   0.200947   0.012635  -0.043786
     50      -0.321182   0.066941  -0.020056  -0.080525  -0.003350   0.160136
     51       0.270471  -0.033474   0.013923  -0.037677   0.000431  -0.228196
     52      -0.158257  -0.094933  -0.010678   0.171606   0.011650   0.132680
     53      -0.157244   0.061548  -0.007585  -0.084237  -0.003596   0.014135
     54       0.045766   0.010137   0.349996   0.110342   0.334535   0.162254
     55      -0.172623   0.163670  -0.175821   0.011249  -0.157649  -0.041992
     56       0.170096  -0.054295   0.138958  -0.041730   0.121974  -0.183006
     57       0.047004  -0.144443  -0.295298   0.283449  -0.297910   0.051143
     58      -0.155799   0.126402  -0.241983   0.046382  -0.222744  -0.050040
     59      -0.069045   0.184734  -0.136179  -0.064936  -0.147611  -0.320989
     60       0.025953  -0.066801  -0.056670   0.063500  -0.062195   0.084562
     61      -0.098563   0.205565   0.391037  -0.142989   0.416527   0.081213
     62       0.082084   0.046676   0.055405   0.276699   0.029035  -0.233964
     63       0.006241   0.008743   0.008889  -0.013143  -0.000349  -0.072927
     64       0.224553   0.267209  -0.046436  -0.306387  -0.044762  -0.042144
     65      -0.064265  -0.206065   0.001041  -0.020926   0.011707   0.130292
     66      -0.197167  -0.296976   0.033253   0.152983   0.031075   0.062969
     67       0.064515  -0.027543  -0.021961  -0.065893  -0.011577   0.081659
     68      -0.064245  -0.243387   0.002546   0.065520   0.016778   0.142572
     69       0.001599   0.001059   0.028039   0.117508   0.002902  -0.103658
     70       0.046353  -0.004833   0.003280   0.014302  -0.007138  -0.012187
     71       0.101885   0.006420  -0.002044  -0.008101  -0.005952   0.007077
     72       0.166210   0.258996   0.026188   0.125059  -0.019809   0.059903
     73       0.107383   0.037832   0.028809   0.099765  -0.014139  -0.067309
     74      -0.089493  -0.281592  -0.006395  -0.086494   0.017027  -0.150988
     75      -0.066953  -0.098201  -0.002150  -0.081668   0.008861  -0.097707
     76       0.216182   0.254447   0.046683   0.298729  -0.030887   0.021783
     77      -0.059075  -0.198026  -0.001284   0.026546   0.011953  -0.118319
                 18         19         20         21         22         23    
      0       0.076628  -0.035431   0.049753   0.070464  -0.018901  -0.051260
      1       0.005686   0.010195   0.006133  -0.003296  -0.003583   0.000842
      2       0.170540  -0.068838   0.087549   0.093718   0.059558   0.003117
      3       0.009127   0.015948   0.023350   0.111553  -0.119243  -0.085935
      4      -0.021804  -0.157004   0.123143  -0.008297  -0.036246  -0.020394
      5       0.079638  -0.039160   0.003565  -0.063161   0.036440   0.079049
      6      -0.095787  -0.078456   0.119283   0.069013   0.052619  -0.001136
      7       0.064350  -0.117282   0.033227   0.098641   0.104249   0.053943
      8       0.000404   0.098134  -0.081373  -0.086739  -0.104409  -0.050282
      9      -0.036017  -0.073488   0.032395   0.001333   0.000574   0.001425
     10       0.269458  -0.008780  -0.249343  -0.005135   0.000043  -0.026062
     11      -0.060072   0.005159   0.043097   0.010347  -0.000058  -0.022985
     12       0.077251  -0.116132  -0.133777  -0.101187   0.089091  -0.018344
     13       0.084860   0.094188   0.003555   0.078637  -0.087401   0.052089
     14      -0.011843  -0.084572  -0.063845  -0.074895   0.094478  -0.049112
     15       0.007180  -0.015560  -0.050653  -0.114219  -0.128044   0.098536
     16      -0.021789   0.157052   0.114539  -0.034853   0.007070   0.001499
     17       0.079940   0.039030   0.008666  -0.047463  -0.019071   0.066277
     18      -0.051914  -0.022277  -0.037368  -0.054323  -0.027108   0.049728
     19      -0.009521  -0.017036  -0.004192  -0.017988  -0.001797   0.012779
     20       0.179664   0.072455   0.093575   0.102436  -0.056436  -0.003761
     21       0.061780   0.117697   0.082559  -0.110936   0.019962   0.039084
     22      -0.077130   0.213885   0.082875  -0.133350   0.100656  -0.057819
     23      -0.094167   0.075497  -0.028191  -0.018036  -0.009951   0.030053
     24       0.004653   0.057785   0.004439  -0.002589   0.008377   0.000202
     25      -0.174835   0.006995  -0.126397   0.086072   0.000985  -0.015324
     26      -0.230017  -0.003811  -0.150582   0.108334  -0.000634  -0.023456
     27      -0.054219   0.152643  -0.102464   0.135310   0.043789  -0.020388
     28      -0.091264  -0.181922   0.061037  -0.104362  -0.093328  -0.064675
     29      -0.086294  -0.094057  -0.015438  -0.035126   0.005643   0.034401
     30       0.034360   0.025146  -0.025167  -0.027410   0.181087   0.120985
     31       0.048246   0.092593  -0.048003  -0.000861  -0.012328  -0.013203
     32       0.236564   0.091339  -0.025924   0.075556   0.101275   0.024707
     33       0.086168  -0.040375   0.066852   0.103533  -0.072071  -0.104413
     34      -0.027059   0.078666  -0.034927  -0.036576  -0.009116  -0.004815
     35       0.202833  -0.054113   0.155114   0.246272  -0.247384  -0.295220
     36       0.078363  -0.127607   0.055087   0.008693   0.196217   0.133965
     37       0.052707   0.098606  -0.056537  -0.008459   0.009183   0.015478
     38       0.113668  -0.228666   0.172686   0.071573   0.150592   0.074576
     39       0.007211  -0.121232   0.008827  -0.005628   0.010563  -0.061038
     40       0.040421  -0.130658   0.159786   0.166312   0.084235   0.085552
     41      -0.183679   0.199510  -0.021449  -0.018030   0.019519   0.038399
     42      -0.246472   0.006160   0.198494   0.112927   0.130602   0.104323
     43      -0.076965  -0.020917   0.075055   0.210276   0.215631   0.060396
     44      -0.005950   0.104357  -0.080018  -0.096228  -0.107012  -0.037360
     45      -0.022681   0.084629   0.008993  -0.009374  -0.230852  -0.018283
     46       0.031652   0.009959   0.163484   0.177277  -0.027091   0.321209
     47      -0.272660  -0.005723   0.404563   0.165220   0.016140   0.280257
     48      -0.041766  -0.174213  -0.048476  -0.035571   0.027136   0.044052
     49       0.034719   0.095608   0.153291   0.162881  -0.079571   0.098085
     50      -0.180781  -0.178764  -0.017572  -0.015940  -0.022142   0.030944
     51       0.254490  -0.013318  -0.219485  -0.170590   0.190166  -0.119525
     52      -0.018043   0.020044   0.025931   0.176875  -0.177619   0.034021
     53      -0.041003  -0.103806  -0.051053  -0.076537   0.084700  -0.021870
     54      -0.072368  -0.068823  -0.016331   0.003382   0.170421  -0.122987
     55       0.034705  -0.121800  -0.065056  -0.009100   0.033871  -0.014847
     56       0.124634   0.241916   0.177648   0.072013  -0.175777   0.092984
     57      -0.012073   0.033222   0.032122   0.037003   0.157627  -0.110448
     58       0.042592  -0.085784  -0.041320   0.006734   0.052145  -0.040606
     59       0.239786  -0.095841  -0.030144   0.071051  -0.124988   0.040894
     60      -0.049103  -0.013196  -0.035108  -0.057659  -0.037663   0.061563
     61      -0.043104  -0.084963  -0.047089  -0.055567  -0.003701   0.014588
     62       0.212244   0.057250   0.162402   0.257692   0.254655  -0.307691
     63       0.012258   0.100614   0.011578  -0.020407  -0.029747   0.082122
     64      -0.101864   0.112008  -0.029637  -0.165682  -0.173712   0.273206
     65      -0.014597   0.095237   0.077725  -0.182264   0.032105   0.009781
     66       0.138560   0.171861   0.204965  -0.170923   0.221780  -0.198278
     67      -0.085445   0.269875   0.135448  -0.166839   0.206354  -0.167245
     68      -0.098102   0.156532   0.054189  -0.062986   0.163002  -0.153256
     69       0.027667  -0.180955   0.048255  -0.046046  -0.158975  -0.024704
     70      -0.233788  -0.021072  -0.232550   0.188934  -0.018677   0.043914
     71       0.004728   0.012483   0.300162  -0.341916   0.010711  -0.283502
     72      -0.126926   0.206858  -0.221125   0.194757   0.239552   0.208837
     73      -0.117243  -0.225116   0.085113  -0.123759  -0.152338  -0.119063
     74      -0.079802  -0.182661   0.083566  -0.088417  -0.195420  -0.181462
     75       0.010121   0.109801   0.006332   0.033129  -0.073588  -0.141335
     76      -0.102687  -0.086980  -0.030125  -0.159246   0.162134   0.247424
     77      -0.014619  -0.109769   0.077980  -0.185953  -0.024855   0.025502
                 24         25         26         27         28         29    
      0       0.062812   0.032942   0.004628   0.016582   0.017863  -0.006862
      1      -0.023547  -0.058388   0.071916  -0.001548   0.026415  -0.046019
      2       0.041976   0.021075   0.039769   0.013013   0.024972  -0.067656
      3      -0.016598  -0.007623  -0.046683  -0.015353  -0.022668   0.059645
      4      -0.061887  -0.115017   0.081913   0.032977   0.020875  -0.022454
      5      -0.077151  -0.035359  -0.029106  -0.005844  -0.026443   0.062769
      6      -0.020922  -0.028931  -0.040005   0.019604  -0.258100  -0.007670
      7      -0.053122   0.009279  -0.050094  -0.012801   0.012705   0.092003
      8      -0.087255  -0.071295  -0.006504   0.014838   0.036135   0.050782
      9      -0.012707  -0.005691   0.034774   0.000403   0.013469   0.006886
     10      -0.001231   0.042245   0.004310   0.001438  -0.155136  -0.082381
     11       0.000867  -0.010135  -0.002397   0.007160  -0.068009  -0.041981
     12      -0.020355   0.016404  -0.049029  -0.014203   0.250737  -0.007065
     13       0.048262   0.013882   0.039354  -0.016468   0.072728   0.092123
     14       0.089414  -0.075383   0.012107   0.017326   0.000781   0.050810
     15      -0.019622   0.029403  -0.021629   0.006326   0.013299  -0.044166
     16       0.056519  -0.110837  -0.090407   0.035109   0.025267  -0.035012
     17       0.079249  -0.038912   0.033560  -0.007125  -0.028929   0.070351
     18       0.049074  -0.015881   0.015730  -0.013647  -0.019990   0.007927
     19       0.036145  -0.064147  -0.069559  -0.005498   0.022104  -0.044245
     20      -0.049530   0.025079  -0.040864   0.014932   0.027556  -0.069199
     21      -0.033171   0.048874   0.050533   0.227203  -0.022566   0.007340
     22      -0.045567   0.072057   0.028086   0.006771  -0.007935  -0.004435
     23      -0.004447   0.020587   0.048058  -0.114481  -0.038638   0.004173
     24       0.037520  -0.001571  -0.018845   0.013301   0.002891  -0.000383
     25       0.004562   0.028203  -0.002167   0.006354  -0.001872   0.000721
     26      -0.002540   0.027503   0.001141   0.203645   0.037692  -0.005249
     27      -0.042340  -0.060724   0.049073  -0.235787   0.018284  -0.005156
     28       0.037395   0.058806  -0.016052  -0.047921  -0.002968  -0.005722
     29       0.010006   0.028419  -0.054707  -0.082294  -0.041680   0.004094
     30      -0.009994   0.099594  -0.105061  -0.013421  -0.075593  -0.016547
     31       0.035195   0.077179  -0.092465   0.019755  -0.028511   0.064187
     32       0.128862   0.276562  -0.271214   0.040052  -0.092816   0.118315
     33       0.093003   0.031864   0.018461   0.025547   0.036469   0.001943
     34       0.039036   0.112320  -0.139645   0.027088  -0.063892   0.095029
     35       0.247563   0.117872  -0.015080   0.085147   0.073998   0.080798
     36      -0.124819  -0.167849   0.218642  -0.051009   0.055291  -0.210356
     37       0.008391   0.071202  -0.100370   0.011229  -0.042903   0.055552
     38      -0.088451  -0.243762   0.368092  -0.034393   0.133913  -0.299048
     39      -0.135833  -0.083348  -0.053952   0.048120  -0.396069  -0.030949
     40      -0.175998  -0.081442  -0.173704  -0.014918   0.078669   0.366098
     41       0.322560   0.175089   0.193016  -0.045369   0.222223  -0.276559
     42       0.277900   0.156312   0.118454  -0.032288  -0.036049  -0.182361
     43       0.301541   0.217373   0.073646  -0.054824   0.081036  -0.200345
     44      -0.076437  -0.066345   0.007232   0.012042   0.054318   0.047374
     45      -0.094382  -0.018562   0.073787   0.005161  -0.006660  -0.000513
     46      -0.010066   0.268808   0.009653  -0.081257   0.226040   0.055534
     47       0.007211   0.184162  -0.004472  -0.065993   0.288382   0.085567
     48      -0.214455   0.125786  -0.117313  -0.050061   0.393825  -0.092809
     49       0.133678  -0.059126   0.151947  -0.025483   0.171712   0.359524
     50      -0.296573   0.164646  -0.179121  -0.039974   0.167455  -0.272782
     51       0.345815  -0.214010   0.128105   0.046543   0.023276   0.228734
     52      -0.225918   0.176590  -0.042937  -0.046140   0.088056  -0.151963
     53       0.032546  -0.041103  -0.024755   0.006522   0.050275   0.018822
     54      -0.104913   0.112329   0.136596   0.042286  -0.025055   0.149801
     55      -0.034628   0.103910   0.142227   0.022925  -0.052656   0.097933
     56       0.101881  -0.262495  -0.392215  -0.042765   0.140040  -0.324880
     57      -0.019515  -0.075519  -0.086197   0.013028   0.067224   0.018095
     58      -0.038050   0.056633   0.069884   0.023269  -0.011828   0.068389
     59      -0.124377   0.288973   0.285276   0.039960  -0.103639   0.114999
     60       0.064359  -0.041202  -0.012413  -0.019214  -0.010264  -0.012947
     61      -0.019656   0.103423   0.140350   0.022636  -0.069681   0.093206
     62      -0.256921   0.125592   0.014145   0.087851   0.077566   0.082831
     63       0.001422   0.012166   0.060762   0.359531  -0.026057   0.006121
     64      -0.095555   0.101914   0.226976  -0.035596  -0.192839   0.007639
     65      -0.070634   0.094512   0.063562  -0.340637  -0.063268   0.007262
     66      -0.015382   0.079297  -0.087839   0.069612   0.085303   0.011132
     67      -0.066872   0.070402  -0.030863   0.048125   0.075429  -0.036385
     68      -0.030197   0.019352  -0.055490  -0.052688   0.097441  -0.037409
     69       0.120136   0.023764  -0.087105  -0.054004  -0.011835   0.007239
     70       0.013922  -0.029659  -0.010501   0.180643   0.034684  -0.017550
     71      -0.006660   0.297652   0.007042  -0.465159  -0.114132   0.073009
     72      -0.027111  -0.089237  -0.084170  -0.085336  -0.087003  -0.010047
     73       0.062525   0.049636   0.010802   0.029912   0.055431  -0.037864
     74       0.033515   0.030307   0.067753  -0.041705   0.109727  -0.034499
     75      -0.011018  -0.022827   0.103340  -0.384383   0.061597  -0.004486
     76       0.095283   0.097896  -0.207074  -0.123858  -0.183031   0.003100
     77       0.072403   0.096503  -0.073861  -0.289217  -0.069157   0.007954
                 30         31         32         33         34         35    
      0       0.012829  -0.044216   0.018736  -0.014606  -0.095796   0.004173
      1       0.046861  -0.035853  -0.033686   0.007956  -0.009450  -0.067494
      2      -0.045417   0.057322   0.026606   0.020233   0.002626  -0.001261
      3       0.052758  -0.034607  -0.025512   0.009778   0.134372  -0.004924
      4       0.010166  -0.004267   0.014040  -0.026802  -0.007682   0.074330
      5       0.026449  -0.024461  -0.061634  -0.026274   0.054961  -0.016284
      6      -0.005604   0.021121  -0.012991  -0.031313   0.023898  -0.097846
      7      -0.028162   0.018243   0.015183   0.041298  -0.089104   0.029291
      8       0.001039   0.010850   0.004782  -0.017878  -0.059606  -0.011717
      9      -0.014436   0.001665   0.006495   0.010203  -0.076955   0.117496
     10      -0.002021  -0.018260  -0.041074  -0.054887  -0.009093   0.013839
     11       0.000867  -0.006402   0.023309   0.053142   0.005396  -0.008086
     12      -0.011706  -0.023048   0.009635   0.018112   0.010510  -0.085752
     13       0.026664   0.013115   0.017819   0.047103   0.093220  -0.050971
     14       0.000532   0.013998   0.003151  -0.021402   0.057188   0.024289
     15       0.049019   0.031024   0.012824  -0.006842   0.120159   0.014607
     16       0.001720   0.003582   0.018507  -0.028739   0.037634  -0.073097
     17      -0.033195  -0.029182  -0.064229  -0.025045  -0.072726   0.015912
     18       0.029212   0.058856  -0.006558   0.015024  -0.094794  -0.011344
     19      -0.042060  -0.023816  -0.036691   0.011412  -0.013045   0.066579
     20       0.041909   0.050315   0.028324   0.018167   0.010654   0.001711
     21      -0.038336  -0.044111  -0.011619   0.040751   0.011976   0.124768
     22       0.028045   0.017437   0.026429  -0.016112  -0.052050  -0.005979
     23      -0.099542  -0.055289   0.045944   0.015576  -0.023801  -0.124809
     24      -0.029529   0.001344   0.005701  -0.005678  -0.049711  -0.193347
     25      -0.003494   0.014401  -0.067103   0.046880  -0.005884  -0.022838
     26       0.001863   0.044358  -0.032602  -0.002689   0.003442   0.013416
     27      -0.016790   0.030834   0.011313  -0.033424   0.002715   0.135962
     28      -0.034625   0.026183   0.029084  -0.024860   0.053812   0.036727
     29       0.103675  -0.060156   0.044265   0.020662   0.022821   0.106601
     30      -0.214964   0.285352   0.080230   0.044410   0.183832   0.102174
     31      -0.056248   0.022411   0.034953  -0.019758  -0.036873   0.056327
     32      -0.286373   0.245551   0.161848  -0.010232   0.017993   0.235266
     33       0.058769  -0.125158   0.010716  -0.029226  -0.172624  -0.016586
     34      -0.089151   0.067335   0.066626  -0.025947   0.000640   0.117772
     35       0.139011  -0.354372   0.030912  -0.088904  -0.432987  -0.012019
     36      -0.025415   0.160965  -0.034270   0.087425   0.170767  -0.081122
     37      -0.080641   0.080666   0.035307  -0.003776   0.063362   0.063479
     38       0.096217   0.008992  -0.085704   0.084559   0.029834  -0.208259
     39      -0.050752   0.048975  -0.010680  -0.092263  -0.183175  -0.079363
     40      -0.010794   0.053380   0.037403   0.138823   0.054923  -0.074517
     41       0.067242  -0.094887  -0.033532  -0.028414   0.159065   0.107996
     42       0.050524  -0.052150  -0.086483  -0.097498   0.271985   0.031865
     43       0.024970  -0.076441   0.066041   0.233972   0.020483   0.061635
     44       0.006128   0.007582  -0.015367  -0.056534  -0.022083   0.002201
     45       0.020635   0.000152   0.022413   0.039397  -0.143687   0.246041
     46       0.002420   0.008796  -0.313936  -0.560330  -0.017355   0.028611
     47      -0.001263   0.018046  -0.211366  -0.385487   0.009710  -0.017384
     48      -0.060512  -0.072723  -0.002876   0.052932  -0.185648  -0.107766
     49      -0.000067   0.038966   0.038377   0.155980  -0.098380   0.053005
     50      -0.060799  -0.086709  -0.034043  -0.038455  -0.133652  -0.094638
     51       0.055053   0.069363   0.065691   0.031774   0.269772   0.044122
     52      -0.013297  -0.062296   0.083965   0.249068   0.043658  -0.052219
     53      -0.013176  -0.000828  -0.025963  -0.065526  -0.015648  -0.007597
     54      -0.054706  -0.172792   0.013086  -0.071752   0.174919  -0.035021
     55       0.071395   0.041555   0.040931  -0.022469  -0.022630  -0.077024
     56      -0.092503   0.032079  -0.089072   0.095432  -0.053797   0.215970
     57      -0.179782  -0.247082  -0.063332  -0.039642   0.165890   0.079221
     58       0.010214  -0.040245   0.018070  -0.029669   0.078063  -0.035013
     59       0.313482   0.283417   0.171935  -0.004324  -0.042055  -0.247796
     60       0.016675   0.056717  -0.021475   0.022049  -0.107052   0.012989
     61       0.098088   0.088819   0.062851  -0.019884  -0.033310  -0.117992
     62      -0.142075  -0.367678   0.033025  -0.092647   0.452421   0.011830
     63      -0.160806  -0.073162  -0.051899   0.082152  -0.021075  -0.006970
     64      -0.347664  -0.277818   0.172897   0.091648   0.074672   0.042763
     65       0.041868  -0.055766   0.136623  -0.032029   0.047220   0.088414
     66       0.306039   0.159082  -0.119476  -0.019883  -0.042902   0.211441
     67       0.158939   0.111319   0.132496  -0.118906  -0.037850  -0.082510
     68       0.138872   0.108915   0.167252  -0.136468  -0.008817  -0.194535
     69      -0.072191   0.006736  -0.057255   0.034048   0.090443  -0.498566
     70      -0.008655   0.003083   0.081615  -0.047826   0.010689  -0.058733
     71       0.005310   0.103328  -0.684270   0.406906  -0.006453   0.034521
     72       0.312876  -0.163010   0.107145   0.027835  -0.048780   0.211003
     73      -0.086368   0.072823   0.159343  -0.113253   0.027099   0.132408
     74      -0.182164   0.130586   0.151624  -0.139715   0.015218   0.165341
     75      -0.241075   0.126349   0.028688  -0.104607  -0.009478  -0.008463
     76       0.300921  -0.252977   0.182312   0.069453  -0.077941  -0.044801
     77      -0.013508  -0.069557   0.131017  -0.019063  -0.044869  -0.087148
                 36         37         38         39         40         41    
      0      -0.048371   0.019968   0.005671  -0.000569  -0.024402  -0.059275
      1      -0.011018   0.002003   0.005961   0.083179   0.025472   0.017439
      2       0.045261   0.047986  -0.026800   0.011251   0.022215   0.013972
      3       0.072361  -0.016903   0.014336  -0.005936   0.044887   0.199014
      4       0.017409   0.017866  -0.016994  -0.172756  -0.073213  -0.045242
      5      -0.089619  -0.173967   0.089553  -0.025965  -0.059205  -0.021004
      6      -0.108653   0.003664  -0.085823   0.039862  -0.004388  -0.014682
      7       0.044971   0.006147   0.036028   0.057847   0.021610  -0.054494
      8       0.026767   0.097384  -0.035207   0.028749   0.029365  -0.005609
      9       0.129256  -0.003387   0.130383  -0.000959  -0.005082  -0.006882
     10       0.015223  -0.021488   0.015317  -0.015253  -0.000556   0.064124
     11      -0.009076  -0.080741  -0.009203  -0.040461   0.000474   0.010107
     12      -0.097819   0.008700  -0.069473  -0.048003  -0.002888   0.026023
     13      -0.069363   0.006985  -0.054316   0.047160  -0.022856  -0.049652
     14      -0.012227   0.096949   0.046328   0.034521  -0.029041  -0.008460
     15       0.085838  -0.011746  -0.002297   0.042543   0.034067  -0.184071
     16       0.001354   0.018237   0.018518  -0.166076   0.083864  -0.090426
     17       0.078389  -0.173963  -0.090938  -0.028660   0.053893   0.005756
     18      -0.055287  -0.013131   0.010420  -0.017404  -0.020518   0.054947
     19      -0.001259  -0.001771  -0.004069   0.080882  -0.031417   0.030895
     20      -0.037990   0.050213   0.025823   0.012210  -0.019195   0.006036
     21      -0.107828   0.047321   0.000362   0.010373   0.027611   0.040526
     22       0.030306  -0.037102  -0.008367   0.058532  -0.032048   0.055608
     23       0.004825   0.068931   0.046441  -0.034633  -0.012118   0.059888
     24       0.126314  -0.009945   0.002988   0.007273  -0.077964  -0.001642
     25       0.014948   0.056500   0.000437  -0.030451  -0.009079  -0.023998
     26      -0.008830  -0.044150  -0.000260   0.059737   0.005190  -0.063866
     27      -0.097554  -0.027214  -0.008001  -0.027983   0.021071  -0.043737
     28      -0.054585  -0.045847   0.007313   0.054454   0.037341   0.045648
     29       0.009558   0.074437  -0.045706  -0.031738   0.008991   0.065652
     30       0.173890   0.074135  -0.076766  -0.090393   0.057897   0.109559
     31      -0.019658   0.002526  -0.004047  -0.069523  -0.038653  -0.065108
     32       0.086992   0.067064  -0.068473  -0.264862  -0.064485  -0.086859
     33      -0.092950   0.024342   0.011809   0.028269  -0.031408  -0.092387
     34       0.008335  -0.000244  -0.007050  -0.171954  -0.059198  -0.052608
     35      -0.216377   0.033753   0.021633   0.018362  -0.086735  -0.243639
     36       0.156367   0.080878  -0.060580   0.102136   0.110364   0.149907
     37       0.048509   0.001073  -0.007772  -0.083800  -0.003799   0.044001
     38       0.068470   0.082119  -0.044378   0.267996   0.121969   0.071476
     39      -0.032880   0.182707  -0.282449   0.120783   0.166886  -0.223677
     40      -0.055724  -0.107707   0.277018   0.094044  -0.173177   0.235991
     41       0.024307  -0.121530   0.046227  -0.175046  -0.044615   0.017034
     42      -0.136057  -0.191951   0.148400  -0.144392  -0.240930   0.141815
     43       0.140907  -0.225969   0.003337   0.034202   0.230098  -0.080193
     44       0.003033   0.087105  -0.000061  -0.010866  -0.039794   0.028763
     45       0.423598  -0.023154   0.255842  -0.006149   0.086634  -0.011688
     46       0.050438   0.337175   0.030706   0.093704   0.009938   0.130391
     47      -0.029105   0.246381  -0.017421   0.058496  -0.006181   0.056415
     48      -0.047902  -0.167029  -0.214756  -0.160677   0.127818   0.163102
     49       0.046311  -0.147911  -0.335863   0.063099   0.207030   0.281081
     50      -0.018759  -0.097296  -0.012011  -0.155165   0.025374  -0.009728
     51      -0.098503   0.248799   0.144482   0.127551  -0.174118  -0.113844
     52      -0.169189  -0.173698   0.030510   0.063029  -0.279382  -0.109563
     53       0.013484   0.056519  -0.020036  -0.029056   0.068780   0.046321
     54       0.152304  -0.066984  -0.054199  -0.041405   0.089082  -0.144574
     55      -0.012047  -0.016422  -0.005814  -0.100460   0.028002   0.009350
     56      -0.089952   0.092626   0.052609   0.276404  -0.137887   0.091704
     57       0.150783  -0.062591  -0.065605   0.067610   0.055132  -0.102227
     58       0.057904  -0.013689  -0.012708  -0.050508   0.052487  -0.090106
     59      -0.109185   0.075910   0.078551  -0.275353   0.058810  -0.072267
     60      -0.058074  -0.018718   0.006684   0.014688  -0.032240   0.067926
     61      -0.025830  -0.005588   0.009126  -0.172918   0.053157  -0.033845
     62       0.226715   0.036584  -0.022578   0.020304   0.091092  -0.255007
     63      -0.236694   0.152730   0.178223  -0.154156   0.216489   0.202595
     64      -0.067899   0.223641  -0.061482   0.101303  -0.223899  -0.019782
     65       0.208068  -0.057828  -0.252797   0.254517  -0.361409  -0.210109
     66       0.161856  -0.193579  -0.245796   0.185788  -0.132440  -0.135428
     67      -0.007173  -0.076638   0.155504   0.091971   0.028396   0.154478
     68      -0.015367  -0.039323   0.231110   0.042609   0.059193   0.158130
     69       0.306546   0.026031   0.048040  -0.018847  -0.121395  -0.013258
     70       0.036074  -0.035407   0.005609   0.040179  -0.014454  -0.001799
     71      -0.021061   0.324281  -0.002869  -0.192568   0.009175  -0.190741
     72       0.156548   0.199736  -0.231661  -0.195546  -0.127564   0.115969
     73       0.044770  -0.029277  -0.212057   0.046594  -0.059638   0.184029
     74      -0.006692  -0.065358  -0.198182   0.068607  -0.041583   0.140500
     75      -0.272551  -0.207106   0.191325   0.161817   0.204872  -0.218697
     76       0.007693   0.180570   0.105824   0.141105   0.272680  -0.068809
     77      -0.173192  -0.033766   0.227044   0.236049   0.330305  -0.179941
                 42         43         44         45         46         47    
      0       0.002501   0.010326  -0.003445  -0.033160  -0.000640  -0.010670
      1      -0.018027   0.040003  -0.007411  -0.016202   0.007919   0.022668
      2      -0.022350  -0.013491   0.013805   0.002787  -0.007766  -0.003802
      3       0.020315  -0.011928   0.019629   0.117789   0.038726   0.012862
      4       0.043524  -0.150246   0.041507   0.046797  -0.017838  -0.076754
      5       0.096215   0.064438  -0.051353   0.017678   0.074326  -0.041137
      6      -0.023894  -0.005333  -0.004295  -0.025751  -0.030810  -0.048852
      7       0.026712   0.023394  -0.045100   0.007685   0.032954   0.081626
      8      -0.010834  -0.003967  -0.000045   0.018096  -0.013932  -0.004674
      9      -0.000430   0.038384  -0.002561   0.000106   0.028948   0.039748
     10      -0.000042   0.004474   0.042028  -0.034181   0.003397   0.004633
     11       0.000010  -0.002733   0.033600  -0.056439  -0.002043  -0.002793
     12      -0.015330   0.000776   0.014590   0.025528  -0.020132  -0.027502
     13      -0.031376  -0.023817  -0.042980   0.013814  -0.038963  -0.090532
     14       0.013597   0.004278  -0.001358   0.014522   0.017506   0.009996
     15       0.016345  -0.055014  -0.035728  -0.121950   0.022941   0.000192
     16      -0.039209   0.142207   0.035571   0.018535   0.025117   0.078316
     17      -0.098806  -0.059546  -0.047671   0.034331  -0.078624   0.040239
     18       0.001337   0.021039   0.006989   0.036080   0.002304  -0.004508
     19       0.018488  -0.036286  -0.006334  -0.008034  -0.007721  -0.024483
     20       0.022111   0.011225   0.013107  -0.002017   0.007641   0.004842
     21       0.001698   0.033553   0.009202   0.010505  -0.039929   0.017078
     22      -0.005283  -0.041987  -0.010119   0.012826   0.038767  -0.027942
     23       0.000914  -0.027722  -0.033933  -0.008650   0.071040  -0.033909
     24       0.016630  -0.023289   0.006020   0.006352   0.031085  -0.029045
     25       0.001949  -0.002702  -0.015042  -0.035534   0.003675  -0.003449
     26      -0.001182   0.001400   0.061616   0.030808  -0.002134   0.002021
     27       0.000253   0.026434  -0.011065  -0.014256  -0.039232   0.014619
     28       0.005533   0.049113  -0.012326   0.009916  -0.048119   0.031717
     29      -0.000985   0.023798  -0.032410  -0.006924  -0.065575   0.031735
     30      -0.034333  -0.091836   0.038658   0.084425  -0.044199   0.071121
     31       0.011953  -0.024607  -0.002489  -0.023692  -0.013926  -0.006170
     32       0.009825  -0.142661   0.029357   0.009325  -0.058905  -0.019147
     33      -0.005600   0.024841  -0.008782  -0.055158  -0.007122   0.017232
     34       0.039770  -0.103108   0.026498   0.035243  -0.016202  -0.090757
     35      -0.018639   0.004801  -0.011747  -0.113097  -0.050825   0.064468
     36      -0.082651  -0.047793   0.040080   0.049936  -0.047136   0.049008
     37       0.020326  -0.059250   0.025803   0.068782  -0.004567  -0.026384
     38      -0.114102   0.075804  -0.005531  -0.066641  -0.019112   0.086254
     39       0.243930  -0.037580  -0.213052   0.216733   0.074682   0.094366
     40      -0.450892   0.123859   0.240541  -0.354857  -0.172562  -0.180377
     41       0.114181  -0.067541   0.015906   0.038172   0.063513   0.064678
     42      -0.109479  -0.153700   0.158221  -0.201548   0.067679   0.230664
     43       0.210311   0.296140  -0.229391   0.294464  -0.062691  -0.477023
     44      -0.044429  -0.067531   0.054713  -0.050333   0.014678   0.109093
     45      -0.143546   0.107960  -0.001669  -0.005093  -0.226570  -0.366853
     46      -0.016836   0.012772   0.012345   0.082966  -0.026643  -0.043260
     47       0.010023  -0.007483  -0.003529   0.062177   0.015774   0.025476
     48       0.115059   0.001189   0.151857  -0.121594   0.023268   0.040207
     49       0.493272  -0.129115   0.283198  -0.395402   0.183955   0.195661
     50      -0.139212   0.070113  -0.009189   0.061895  -0.070332  -0.073846
     51      -0.050607  -0.070062  -0.092047   0.118981   0.048834   0.097160
     52      -0.229115  -0.321755  -0.259966   0.331784   0.076691   0.515866
     53       0.055557   0.082903   0.072367  -0.072473  -0.022817  -0.131943
     54      -0.059500  -0.069904  -0.045546  -0.073037  -0.043950   0.029297
     55      -0.037031   0.045247   0.015900   0.054299  -0.006196   0.035582
     56       0.124028  -0.067558   0.000118  -0.058136   0.025524  -0.091651
     57      -0.031763  -0.074540  -0.032904  -0.074594  -0.037843   0.069746
     58      -0.019828   0.005093  -0.010831  -0.042450   0.004263   0.022867
     59      -0.005281   0.154189   0.034918   0.020377   0.064680   0.009511
     60       0.006409  -0.000566   0.000707   0.029559  -0.003658  -0.013202
     61      -0.039732   0.105796   0.028015   0.045128   0.014913   0.091395
     62       0.018420  -0.006541  -0.012423  -0.119172   0.051596  -0.064770
     63      -0.037234  -0.144303  -0.198691  -0.095899   0.078866  -0.031588
     64       0.123481   0.277031   0.193514   0.076075  -0.145133   0.078713
     65       0.090692   0.306385   0.333127   0.169572  -0.154827   0.064326
     66      -0.115822   0.043971   0.152503   0.127059   0.185470  -0.031627
     67       0.158687  -0.160946  -0.176134  -0.148275  -0.317578   0.060531
     68       0.201793  -0.195790  -0.237995  -0.205909  -0.392633   0.082139
     69       0.163766   0.151081  -0.001333  -0.008894  -0.329205   0.201800
     70       0.019299   0.017783   0.011890   0.006184  -0.038821   0.023795
     71      -0.011481  -0.010550  -0.004348  -0.118358   0.022974  -0.014135
     72      -0.102239   0.032930  -0.138576  -0.116250   0.158598  -0.027678
     73      -0.184359   0.171233  -0.209975  -0.177019   0.358063  -0.067715
     74      -0.186584   0.191835  -0.217215  -0.189063   0.368536  -0.078225
     75      -0.019937  -0.118014   0.191613   0.097769   0.063691  -0.020973
     76      -0.130116  -0.309163   0.238422   0.098690   0.162091  -0.085009
     77      -0.086868  -0.290097   0.304857   0.155824   0.145212  -0.060691
                 48         49         50         51         52         53    
      0       0.051568   0.052967  -0.001632   0.004571  -0.029218   0.017357
      1       0.002904   0.000218   0.007026   0.003656   0.016449   0.029642
      2       0.093491   0.083060  -0.003807   0.031915   0.011986  -0.013635
      3      -0.010165  -0.027147  -0.006224   0.041194  -0.004066   0.006658
      4      -0.004175   0.000601  -0.026633  -0.005163  -0.001675   0.005256
      5      -0.032490  -0.015172  -0.022105   0.009297   0.008575  -0.000652
      6      -0.002598   0.009487  -0.024000  -0.038681  -0.000214   0.006700
      7       0.006043  -0.020486   0.074002   0.078731   0.002035   0.016702
      8       0.006129   0.011999  -0.025839  -0.030442  -0.004633  -0.020072
      9       0.002663  -0.001373   0.004517   0.005274  -0.014496  -0.049606
     10       0.000320   0.005783  -0.019564  -0.024308  -0.001707  -0.005826
     11      -0.000213  -0.009783   0.031966   0.034801   0.001020   0.003450
     12      -0.001953  -0.002743   0.002474   0.014891   0.000914   0.013076
     13      -0.006658  -0.021888   0.077123   0.085015  -0.001920  -0.014436
     14      -0.005758   0.012889  -0.027648  -0.034137   0.004572   0.018706
     15      -0.006219   0.023983   0.009151  -0.037210  -0.005519   0.007661
     16       0.002275   0.006580  -0.024855  -0.014416   0.000520  -0.003525
     17       0.033542  -0.018966  -0.023244   0.014726  -0.007889  -0.000316
     18       0.037365  -0.039985  -0.000581  -0.000886  -0.025951   0.025446
     19       0.007623  -0.010857   0.007159   0.002989  -0.022946  -0.024549
     20      -0.099136   0.090092  -0.003828   0.032324  -0.008242   0.010569
     21       0.002564  -0.009232  -0.019731   0.029840  -0.004498  -0.000988
     22      -0.006763   0.019519   0.074795  -0.046300  -0.027857  -0.009463
     23      -0.009558   0.021871   0.066533  -0.049533  -0.006147  -0.001809
     24       0.002720   0.001087   0.005189  -0.003681   0.061524   0.024133
     25       0.000278  -0.010400  -0.046310   0.033314   0.007266   0.002848
     26      -0.000200  -0.001938  -0.004062   0.003662  -0.004275  -0.001676
     27       0.002256   0.007349   0.010778  -0.024823  -0.009951  -0.002883
     28       0.007476   0.021430   0.078397  -0.052765   0.026114   0.008974
     29       0.009376   0.020654   0.064384  -0.045757   0.007112   0.002055
     30      -0.218627  -0.227153   0.047613  -0.032331   0.351087   0.060468
     31      -0.160464  -0.152174   0.005275  -0.085654  -0.165478   0.139287
     32      -0.282826  -0.277768   0.009373  -0.137654  -0.195983   0.212894
     33      -0.046324  -0.036763   0.014577  -0.022241   0.042365   0.015734
     34      -0.006942   0.005103  -0.047860  -0.024712  -0.235122  -0.316330
     35      -0.402537  -0.347043   0.045913  -0.142333   0.204435  -0.181213
     36      -0.277334  -0.276387   0.008887  -0.077955   0.022942  -0.340644
     37       0.135061   0.132618  -0.011794   0.076869   0.187916  -0.239766
     38      -0.256581  -0.266170   0.025596  -0.109909  -0.197286   0.147213
     39       0.015196  -0.027825   0.082317   0.135052   0.015053   0.029170
     40       0.006449   0.080390  -0.177542  -0.250010  -0.007995  -0.058927
     41      -0.024251  -0.045523   0.099601   0.080606  -0.019956   0.038385
     42       0.033862  -0.044163   0.143718   0.207309   0.030860   0.039077
     43      -0.063856   0.079594  -0.345407  -0.318684   0.009137  -0.075337
     44       0.019436  -0.010008   0.058991   0.060071  -0.001287  -0.005522
     45      -0.044904  -0.002866   0.010880   0.012267   0.102799   0.358382
     46      -0.005240   0.034907  -0.126712  -0.142837   0.012072   0.042244
     47       0.003137   0.016296  -0.062445  -0.068876  -0.007169  -0.024923
     48       0.019446   0.001859  -0.024729  -0.061316   0.015305   0.009225
     49      -0.002060   0.083931  -0.190058  -0.273003   0.011452   0.063543
     50       0.021667  -0.047756   0.106866   0.094058   0.017787  -0.041166
     51       0.015349   0.022664  -0.050588  -0.117897   0.031835   0.020854
     52       0.070025   0.087035  -0.368459  -0.356973  -0.001882   0.082628
     53      -0.022922  -0.014516   0.072587   0.082723  -0.003029   0.001326
     54      -0.199448   0.200053  -0.002330   0.042183   0.092350  -0.403321
     55      -0.190311   0.189785  -0.012987   0.091190  -0.174613   0.151716
     56       0.288048  -0.300853   0.026227  -0.118443   0.189740  -0.095200
     57      -0.208319   0.218127  -0.045773   0.032280   0.326561   0.060928
     58       0.109208  -0.100219  -0.005874  -0.078118   0.245617  -0.124776
     59       0.310605  -0.310363   0.015642  -0.142276   0.149196  -0.220715
     60       0.008821  -0.013411   0.003276   0.007674  -0.041458  -0.033152
     61       0.001752   0.008975  -0.049233  -0.020977   0.235357   0.313639
     62       0.402844  -0.351056   0.046589  -0.144423  -0.204298   0.182414
     63      -0.003644   0.024623   0.084720  -0.089016  -0.049792  -0.020234
     64       0.019451  -0.076465  -0.212814   0.121622   0.032241  -0.017235
     65       0.007156  -0.051242  -0.158280   0.166589   0.072030   0.028393
     66      -0.003808   0.028745   0.127634  -0.159930  -0.074195  -0.052474
     67       0.033145  -0.081336  -0.230454   0.168100   0.023781   0.009473
     68       0.040967  -0.102850  -0.327366   0.220621   0.059097   0.022475
     69      -0.030988  -0.002618  -0.012256   0.008113  -0.459414  -0.181277
     70      -0.003652  -0.001847  -0.004315   0.005817  -0.054152  -0.021370
     71       0.002009  -0.040464  -0.179288   0.123715   0.032004   0.012636
     72      -0.001685  -0.022810  -0.114205   0.145449  -0.074030  -0.051537
     73      -0.034390  -0.087183  -0.258872   0.204123  -0.041101  -0.021687
     74      -0.041289  -0.098963  -0.310424   0.199318  -0.048588  -0.015137
     75      -0.000065  -0.013013  -0.053952   0.080536  -0.050342  -0.027400
     76      -0.020453  -0.080783  -0.229160   0.141516  -0.043897   0.011787
     77      -0.007221  -0.048565  -0.148623   0.154999  -0.065032  -0.025088
                 54         55         56         57         58         59    
      0       0.003216   0.006418   0.033546   0.005480   0.000680  -0.000496
      1       0.005286  -0.018891   0.004920  -0.036565  -0.002270  -0.006449
      2      -0.004294  -0.006389  -0.015854  -0.001085  -0.000387   0.005655
      3       0.012454   0.010280   0.026751   0.000285   0.003734  -0.002151
      4       0.007836  -0.033593   0.002295  -0.016978  -0.011699  -0.008993
      5      -0.018179  -0.004050  -0.004928  -0.002765  -0.004392   0.008616
      6       0.001156  -0.013770  -0.002534  -0.011843   0.029597   0.036093
      7      -0.031557   0.015757   0.005444   0.003946   0.016045   0.030696
      8       0.029669  -0.004663  -0.002923   0.004583  -0.020009  -0.036559
      9       0.093304  -0.034518   0.000142   0.000430   0.003044  -0.027342
     10       0.010971  -0.004065  -0.000733  -0.001318   0.000389  -0.003207
     11      -0.006493   0.002406   0.000518   0.003142  -0.000252   0.001918
     12      -0.010256  -0.008948   0.000756   0.011666   0.034711   0.046863
     13       0.030545  -0.018443   0.005872   0.006554  -0.008621  -0.020924
     14      -0.029050   0.006251  -0.003175   0.003211   0.015475   0.030766
     15       0.016288   0.002687  -0.026969   0.003303   0.001408  -0.005326
     16      -0.004436   0.035117  -0.004095  -0.016520   0.012589   0.008117
     17       0.016190   0.003139  -0.001204  -0.002885   0.004071  -0.008075
     18       0.004916   0.002632  -0.035623   0.003128   0.000082  -0.002720
     19      -0.004300   0.019882  -0.003202  -0.036852   0.002945   0.006054
     20       0.003735   0.005854  -0.011065  -0.001003   0.000323  -0.005385
     21       0.007924  -0.000248   0.000134   0.007598  -0.037594   0.030831
     22      -0.012927  -0.038905  -0.001802   0.010121  -0.044024   0.027548
     23      -0.013370  -0.011843  -0.000948   0.002113  -0.001292   0.002342
     24       0.049276   0.072778   0.000405   0.000159   0.021838  -0.006019
     25       0.005816   0.008586  -0.002651  -0.000568   0.002588  -0.000730
     26      -0.003424  -0.005067   0.001885  -0.000627  -0.001519   0.000428
     27       0.006505  -0.007633   0.000235  -0.010016  -0.046214   0.036051
     28       0.014584   0.037964  -0.001883   0.008564   0.034049  -0.019790
     29       0.012346   0.012385  -0.000975   0.003388   0.007065  -0.006983
     30      -0.013648  -0.269719  -0.269292  -0.350938  -0.051061  -0.034888
     31       0.066449   0.053070   0.215439   0.013381   0.011821  -0.039570
     32       0.101767   0.030669   0.279830  -0.035028   0.004469  -0.066607
     33      -0.006116  -0.038631  -0.033059  -0.047731  -0.007509  -0.004251
     34      -0.057495   0.319339   0.008377   0.475865   0.059543   0.080974
     35      -0.074627  -0.038300  -0.299508   0.012052  -0.009793   0.023518
     36      -0.080174   0.185042  -0.230581   0.320924   0.039791   0.067947
     37      -0.093044  -0.025695  -0.295520   0.059437  -0.005358   0.060975
     38       0.080626   0.103474   0.248529   0.049661   0.027236  -0.043708
     39      -0.128263   0.093284   0.004704   0.053385  -0.126353  -0.110921
     40       0.107530  -0.053170  -0.030526  -0.010187   0.000829  -0.041789
     41       0.080720  -0.112239   0.031873  -0.097054   0.294223   0.340880
     42      -0.210606   0.171691  -0.007080   0.106151  -0.285566  -0.258288
     43       0.062689  -0.017993  -0.030805   0.018538  -0.138848  -0.212690
     44      -0.007969   0.022785   0.000753   0.019697  -0.039184  -0.046677
     45      -0.669282   0.213214   0.000100   0.000724   0.042201   0.247194
     46      -0.078877   0.025114  -0.003120  -0.003564   0.005075   0.029111
     47       0.046551  -0.014837  -0.001459   0.002238  -0.002929  -0.017210
     48      -0.109619   0.092740   0.006931  -0.064935  -0.160358  -0.163046
     49      -0.135696   0.075088  -0.030336  -0.024491  -0.034152   0.009471
     50      -0.063920   0.099077   0.031853  -0.093357  -0.272392  -0.321853
     51      -0.187113   0.157897   0.014159  -0.108764  -0.299752  -0.291938
     52      -0.109779   0.056893  -0.028470  -0.005189   0.069913   0.147774
     53       0.035611  -0.045655  -0.000736   0.035592   0.079287   0.084948
     54      -0.109614   0.158057   0.324553  -0.316668   0.038820   0.085271
     55       0.070735   0.066283  -0.230204  -0.015509   0.013893  -0.042583
     56      -0.067574  -0.127496   0.210134   0.093813  -0.033497   0.032698
     57      -0.011977  -0.250747   0.247633   0.329458  -0.051897  -0.033727
     58      -0.069591  -0.114382   0.276452   0.093324  -0.024439   0.031193
     59      -0.099988   0.005182   0.243939  -0.082340   0.004028   0.070971
     60      -0.008946   0.041720  -0.010959  -0.062334   0.008838   0.011424
     61       0.055350  -0.318138   0.010829   0.473982  -0.066929  -0.080037
     62       0.075691   0.037631  -0.301028   0.013773   0.009160  -0.023926
     63      -0.087678  -0.076374   0.003434  -0.014823   0.102993  -0.094600
     64      -0.102471   0.004520   0.050870  -0.065987   0.317717  -0.252787
     65       0.117067   0.111231   0.000740   0.024714  -0.154108   0.148107
     66      -0.202733  -0.143591   0.040445  -0.060388   0.308371  -0.273474
     67       0.033287   0.021187   0.002307  -0.004514   0.047300  -0.050864
     68       0.040273   0.065602   0.004814  -0.024136   0.149324  -0.127241
     69      -0.340719  -0.534038  -0.000023  -0.002341  -0.223887   0.090083
     70      -0.040164  -0.062936  -0.000352   0.002106  -0.026394   0.010588
     71       0.023753   0.037184  -0.006250  -0.009234   0.015664  -0.006249
     72      -0.193377  -0.142269  -0.039211   0.060031   0.287793  -0.260062
     73      -0.079913  -0.054821  -0.007034   0.009498   0.022951  -0.012103
     74      -0.012527  -0.045703   0.010641  -0.034901  -0.190692   0.165182
     75      -0.124297  -0.087661  -0.015214   0.035671   0.193855  -0.171161
     76       0.077773  -0.023933   0.049157  -0.064265  -0.282557   0.223303
     77      -0.102465  -0.099800   0.001887   0.023336   0.133640  -0.130780
                 60         61         62         63         64         65    
      0      -0.000677   0.000366   0.001281  -0.001075  -0.000788   0.000765
      1      -0.000990   0.010890  -0.002341   0.002145   0.000522  -0.000698
      2       0.001237  -0.005605   0.001351  -0.001745  -0.000686   0.000452
      3      -0.000497  -0.005865   0.000601  -0.000312  -0.000607   0.000104
      4       0.004938   0.005270  -0.000255   0.000149  -0.001108   0.001032
      5       0.000327  -0.003951  -0.001255   0.001094   0.000250   0.000013
      6      -0.036477  -0.039272   0.002986  -0.000316   0.020292  -0.015738
      7      -0.004672  -0.018710   0.000543  -0.000510   0.003334  -0.001410
      8       0.013794   0.024427  -0.004972  -0.003682  -0.053779   0.044907
      9       0.000864   0.000130   0.000175   0.000076   0.001412  -0.000574
     10      -0.001217   0.000970   0.000035  -0.000283  -0.000385   0.005283
     11       0.009417   0.003482   0.000002  -0.000077   0.000047  -0.001320
     12       0.037994   0.045572   0.003321   0.001684   0.022532   0.026731
     13       0.004156  -0.008764   0.000321  -0.000332   0.001729   0.003455
     14       0.008522   0.018573   0.004725  -0.000848   0.040957   0.051850
     15      -0.000607   0.003892   0.000577   0.000525  -0.000809  -0.000511
     16       0.004941   0.006429   0.000337   0.000354   0.000700   0.001152
     17       0.000384  -0.004645   0.000901   0.001276  -0.000201   0.000016
     18       0.001059  -0.003668   0.000409   0.000352  -0.000432  -0.000604
     19      -0.000796   0.010442   0.001962   0.002787  -0.000589  -0.000961
     20       0.001128  -0.005321  -0.001026  -0.002093   0.000733   0.000687
     21      -0.044338   0.030248  -0.012772  -0.014340  -0.000802  -0.003644
     22      -0.024401   0.019929  -0.039290  -0.049838   0.007300   0.000848
     23       0.008595  -0.000706   0.020653   0.028030  -0.005763  -0.002206
     24       0.001034  -0.000609  -0.001374  -0.000301   0.000005  -0.000035
     25      -0.007335   0.003734  -0.000578   0.003569  -0.000079   0.000078
     26       0.002240  -0.002252  -0.000369   0.004128  -0.000051  -0.000292
     27       0.049281  -0.033697  -0.030065   0.022863   0.000024   0.003036
     28      -0.013188   0.012287   0.044197  -0.035992  -0.005862   0.000558
     29       0.002108   0.003738  -0.023400   0.020637   0.005297  -0.001697
     30       0.017389   0.085036   0.005808  -0.007242  -0.003613   0.002940
     31      -0.012593   0.028536   0.032718  -0.036538  -0.016345   0.013283
     32      -0.011361   0.056025  -0.016092   0.017974   0.008325  -0.006979
     33       0.001007   0.014731  -0.023337   0.022501   0.017978  -0.014122
     34      -0.011815  -0.133990  -0.001750   0.002312   0.001920  -0.001892
     35       0.005630  -0.002178   0.005633  -0.005797  -0.004083   0.003423
     36      -0.006586  -0.097052   0.002905  -0.004718  -0.003578   0.001823
     37       0.012556  -0.056534  -0.006490   0.011229   0.007972  -0.004603
     38      -0.021649   0.027284  -0.001218   0.004780   0.006029  -0.004260
     39       0.127398   0.135193  -0.026004   0.009643  -0.145347   0.101229
     40      -0.022835   0.014005  -0.017338   0.005799  -0.101610   0.069859
     41      -0.272541  -0.351963  -0.015029   0.003731  -0.091677   0.064423
     42       0.301061   0.322468  -0.011098  -0.006072  -0.110357   0.098764
     43       0.086675   0.168594   0.009316   0.005756   0.095584  -0.081600
     44       0.048896   0.053449   0.075272   0.037299   0.724950  -0.597765
     45       0.001580   0.000367   0.001002   0.000320   0.012287   0.006610
     46      -0.018968   0.003457   0.000222   0.000159   0.004716  -0.030162
     47      -0.003169   0.010180  -0.000128  -0.000415  -0.003541   0.024789
     48      -0.154320  -0.181823  -0.022460  -0.020960  -0.124455  -0.132347
     49      -0.056138  -0.023314   0.009330   0.008103   0.055182   0.057738
     50      -0.252288  -0.330571   0.015933   0.012945   0.092667   0.099328
     51      -0.303018  -0.343093  -0.018606  -0.001126  -0.147361  -0.192100
     52       0.015100   0.090529  -0.012899   0.000065  -0.104853  -0.136223
     53       0.090753   0.099837  -0.072405  -0.005375  -0.572492  -0.712388
     54       0.000353   0.110676   0.000849   0.002751  -0.002228  -0.001741
     55       0.013542  -0.032192   0.004157   0.012983  -0.008023  -0.006643
     56      -0.022333   0.012897  -0.000020   0.004142  -0.004870  -0.005121
     57      -0.015443  -0.080910   0.010958   0.020538  -0.007580  -0.008409
     58      -0.016604   0.009059  -0.021909  -0.038888   0.013586   0.014871
     59      -0.009255   0.067693   0.010613   0.018802  -0.006756  -0.007674
     60       0.002524   0.016527  -0.017691  -0.026556   0.015856   0.017802
     61      -0.011589  -0.134077  -0.002978  -0.003662   0.002128   0.001906
     62       0.005615  -0.002491  -0.001720  -0.003025   0.001339   0.001715
     63       0.127782  -0.091625   0.124523   0.128438   0.018021   0.043398
     64       0.308403  -0.243708  -0.027246  -0.029636  -0.001741  -0.007513
     65      -0.200405   0.142599   0.084991   0.087360   0.009463   0.025885
     66       0.379410  -0.276981   0.035906   0.055709  -0.009521  -0.002841
     67       0.009449  -0.031719   0.478930   0.606732  -0.083977  -0.003521
     68       0.093751  -0.098576  -0.352354  -0.452258   0.060616  -0.000642
     69      -0.000263  -0.001051  -0.013068   0.001717   0.001939   0.000110
     70      -0.007493   0.007019   0.002592  -0.035749   0.000971  -0.000316
     71      -0.012266  -0.006143   0.002628  -0.015248   0.000330  -0.001477
     72      -0.353035   0.259680   0.246479  -0.206930  -0.028070  -0.001734
     73      -0.076886   0.031526  -0.569298   0.456243   0.058010   0.007875
     74       0.143733  -0.135349   0.425272  -0.345724  -0.041273  -0.008699
     75      -0.220566   0.163410   0.121581  -0.076674   0.026736  -0.031731
     76       0.265627  -0.212659   0.064966  -0.042582   0.011115  -0.014917
     77      -0.175200   0.124321  -0.120254   0.076091  -0.021802   0.027511
                 66         67         68         69         70         71    
      0       0.020276  -0.022725  -0.002651  -0.001081   0.000161  -0.000421
      1       0.000445  -0.001807  -0.003905   0.001738  -0.001617   0.001849
      2       0.029289  -0.026176   0.005680  -0.004703   0.000689  -0.000677
      3      -0.000803   0.000043  -0.000082  -0.000507  -0.000196  -0.000191
      4      -0.000147  -0.000002  -0.000244   0.000448   0.000649  -0.001177
      5      -0.001063   0.000852   0.000650  -0.000812  -0.000324   0.000071
      6      -0.001908   0.004993   0.046472  -0.033744  -0.006829   0.006377
      7      -0.001579   0.003674   0.036463  -0.025301  -0.006209   0.005167
      8      -0.003597   0.005855   0.038719  -0.025110  -0.010888   0.008858
      9      -0.000058  -0.000055   0.000487   0.000173  -0.000246  -0.000126
     10      -0.000014   0.000371   0.000090  -0.000136  -0.000066   0.000428
     11       0.000008  -0.000184  -0.000214   0.000965   0.000069  -0.000746
     12      -0.001483  -0.004610   0.032658   0.049464  -0.006294  -0.007569
     13       0.001032   0.002383  -0.017692  -0.024905   0.004388   0.004616
     14       0.003556   0.006343  -0.031851  -0.043507   0.010783   0.011839
     15      -0.000668   0.000046  -0.000307   0.000170  -0.000075   0.000465
     16      -0.000026  -0.000002   0.000003   0.000569  -0.000501  -0.001193
     17       0.001138   0.000885  -0.000287  -0.001025   0.000348   0.000083
     18       0.014912   0.019041  -0.004109  -0.001612  -0.000308  -0.000178
     19       0.003552   0.003010   0.002259   0.002872   0.001255   0.002088
     20      -0.030947  -0.030172  -0.002987  -0.006236  -0.000514  -0.000813
     21      -0.000459  -0.001599   0.007677   0.011531   0.042174   0.051399
     22       0.002799   0.003693  -0.001852  -0.001001  -0.013231  -0.013947
     23      -0.002028  -0.003140   0.005841   0.007242   0.033796   0.038589
     24      -0.000064   0.000040   0.000034   0.000013   0.000505  -0.000115
     25       0.000003  -0.000524   0.000033  -0.000103  -0.000014   0.001024
     26       0.000009  -0.000308   0.000022  -0.000127   0.000005  -0.000390
     27       0.000497   0.000284   0.008794  -0.006504   0.039219  -0.035473
     28      -0.002927   0.003845   0.004125  -0.001659   0.025598  -0.020994
     29       0.002123  -0.003235  -0.008849   0.005069  -0.045635   0.038353
     30       0.060313  -0.056468   0.010223  -0.008775   0.002799  -0.003596
     31       0.347625  -0.314103   0.073717  -0.060246   0.017710  -0.020046
     32      -0.193487   0.174117  -0.041887   0.034333  -0.008559   0.009700
     33      -0.419323   0.432224   0.007776   0.036445  -0.002409   0.006143
     34      -0.046449   0.047293   0.000740   0.003766  -0.000566   0.001061
     35       0.086221  -0.086397  -0.002519  -0.005676  -0.000091  -0.000440
     36       0.124304  -0.118204   0.011141  -0.014297  -0.001200   0.001221
     37      -0.306241   0.286801  -0.030171   0.036839   0.000316  -0.000526
     38      -0.231806   0.216816  -0.024442   0.029098   0.001474  -0.001203
     39       0.028880  -0.064508  -0.592285   0.412828   0.094145  -0.082045
     40       0.019237  -0.043148  -0.407909   0.284898   0.063705  -0.054915
     41       0.014512  -0.032916  -0.296480   0.207298   0.046575  -0.040739
     42      -0.005413   0.007644   0.037254  -0.023186  -0.014704   0.011984
     43       0.002057  -0.002606  -0.014906   0.007424   0.007351  -0.005103
     44       0.029669  -0.038062  -0.172991   0.095668   0.084391  -0.064661
     45       0.000741   0.000349   0.003450  -0.000841   0.000665   0.000810
     46       0.000126  -0.001568  -0.000876   0.006797   0.000341  -0.003794
     47      -0.000102   0.002054   0.001473  -0.009246  -0.000355   0.004706
     48       0.027163   0.064547  -0.432248  -0.625039   0.094308   0.106825
     49      -0.010971  -0.026254   0.182927   0.265330  -0.039168  -0.043694
     50      -0.016709  -0.040246   0.263601   0.382096  -0.057161  -0.064986
     51      -0.008276  -0.011793   0.040398   0.050252  -0.021286  -0.023039
     52      -0.003505  -0.004815   0.019126   0.021755  -0.010608  -0.010645
     53      -0.027106  -0.036228   0.122790   0.140909  -0.072442  -0.075339
     54       0.078330   0.080013   0.002793   0.010826  -0.001161  -0.001342
     55       0.321931   0.322092   0.013931   0.047366  -0.000786  -0.000590
     56       0.212108   0.211431   0.010460   0.033138  -0.001377  -0.001049
     57       0.160112   0.155948   0.020094   0.036604   0.006121   0.010586
     58      -0.311826  -0.299647  -0.042818  -0.076207  -0.012772  -0.020905
     59       0.172696   0.165206   0.024256   0.043269   0.005996   0.009919
     60      -0.411137  -0.450574   0.023635  -0.029610  -0.000867  -0.006406
     61      -0.051274  -0.056815   0.003178  -0.003883   0.000134  -0.000381
     62      -0.026517  -0.026579   0.001720   0.000058   0.000355   0.000470
     63       0.009495   0.021610  -0.094465  -0.135679  -0.522757  -0.617608
     64      -0.000937  -0.002876   0.010119   0.014553   0.054283   0.064628
     65       0.005308   0.012204  -0.058498  -0.084506  -0.321553  -0.380702
     66      -0.002484  -0.003847   0.003341   0.002616   0.017216   0.019704
     67      -0.030089  -0.038694   0.014003  -0.001317   0.113828   0.111718
     68       0.020679   0.026667  -0.009359   0.001592  -0.077186  -0.074671
     69       0.001396  -0.000358   0.000691   0.000222   0.002896   0.001397
     70       0.000096   0.003368   0.000008  -0.000074   0.001150  -0.010932
     71      -0.000102   0.000321  -0.000231   0.000867  -0.000110  -0.001681
     72      -0.012759   0.016010   0.006902   0.001898   0.060593  -0.045495
     73       0.029667  -0.035620  -0.009105  -0.008337  -0.118315   0.083897
     74      -0.020567   0.024780   0.005875   0.006282   0.080751  -0.056389
     75       0.008575  -0.018455  -0.109893   0.072031  -0.526470   0.452505
     76       0.003174  -0.007576  -0.041940   0.027541  -0.198597   0.171158
     77      -0.006818   0.014984   0.096509  -0.063666   0.458218  -0.394664
                 72         73         74         75         76         77    
      0       0.054958  -0.053027  -0.011599   0.008337  -0.000019   0.000046
      1       0.013547  -0.008765   0.064872  -0.064938  -0.000078  -0.000273
      2      -0.034437   0.035462   0.007247  -0.004707   0.000027   0.000037
      3       0.000714  -0.001042  -0.000105   0.000038   0.000088  -0.000018
      4       0.000294  -0.000277   0.001229  -0.001090  -0.000373   0.000437
      5      -0.000072   0.000619   0.000071  -0.000073   0.000290   0.000199
      6       0.003274  -0.002110   0.001331  -0.000940   0.001695  -0.000083
      7       0.002390  -0.001595   0.000714  -0.000609  -0.001333   0.000102
      8       0.002701  -0.001623   0.001256  -0.001362  -0.004262   0.000254
      9      -0.000181   0.000012  -0.000021   0.000007  -0.009340   0.000381
     10      -0.000019  -0.000072  -0.000002   0.000011   0.049048  -0.001983
     11       0.000012   0.000082   0.000001   0.000107  -0.051284   0.002122
     12       0.003321   0.002270   0.001275   0.000878  -0.001902   0.000090
     13      -0.001602  -0.001130  -0.000404  -0.000403  -0.001768   0.000121
     14      -0.003132  -0.001996  -0.001432  -0.001504  -0.003993   0.000238
     15       0.000740   0.001165   0.000156   0.000207   0.000040  -0.000056
     16      -0.000124  -0.000034  -0.001213  -0.001082  -0.000374   0.000429
     17      -0.000034   0.000474  -0.000079  -0.000088   0.000290   0.000199
     18       0.059577   0.059320   0.002071   0.006055   0.000039   0.000025
     19      -0.000289   0.003575  -0.065427  -0.065706  -0.000069  -0.000276
     20       0.025666   0.028146  -0.006827  -0.004680   0.000022   0.000039
     21       0.001081   0.000620   0.000589   0.001085  -0.000083  -0.001191
     22      -0.000466  -0.000707  -0.001464  -0.001790  -0.000055  -0.003038
     23       0.000736   0.000785   0.001794   0.002131  -0.000032   0.003329
     24      -0.000088  -0.000008   0.000110  -0.000060   0.000269   0.006664
     25      -0.000008   0.000059   0.000011   0.000524  -0.002760  -0.068426
     26       0.000006  -0.000004  -0.000008   0.000020  -0.000817  -0.020245
     27       0.000802  -0.000284  -0.000010  -0.000336   0.000087   0.002296
     28       0.000655  -0.000753   0.001545  -0.001941  -0.000034  -0.002635
     29      -0.000815   0.000767  -0.001853   0.002209  -0.000045   0.003078
     30      -0.040116   0.036650  -0.069875   0.073151   0.000103   0.000250
     31      -0.302598   0.288127  -0.399081   0.417364   0.000311   0.001444
     32       0.165767  -0.156467   0.231708  -0.242071  -0.000188  -0.001061
     33      -0.552412   0.520128   0.049669  -0.019520   0.000214  -0.000358
     34      -0.057328   0.055202   0.019797  -0.014225  -0.000023  -0.000171
     35       0.100387  -0.095850  -0.008977   0.003485  -0.000046  -0.000094
     36      -0.065926   0.080889   0.159068  -0.152301   0.000077  -0.000478
     37       0.196987  -0.236764  -0.395096   0.375607  -0.000034   0.000924
     38       0.142486  -0.172622  -0.309670   0.295660   0.000122   0.000335
     39      -0.042197   0.026411  -0.015445   0.012272  -0.000945  -0.000116
     40      -0.030161   0.019430  -0.011176   0.009566   0.004770  -0.000297
     41      -0.020422   0.013157  -0.006141   0.004483   0.001044  -0.000056
     42       0.001706  -0.000966   0.000166  -0.000887  -0.002723   0.000272
     43      -0.000899   0.000990  -0.000654   0.001265  -0.000543   0.000123
     44      -0.010673   0.004880  -0.007141   0.009513   0.028631  -0.001578
     45      -0.000366  -0.000108  -0.000133  -0.000138   0.128043  -0.005220
     46      -0.000041   0.000281  -0.000028   0.000860  -0.645687   0.026340
     47       0.000038  -0.001048   0.000016  -0.000540   0.747105  -0.030377
     48      -0.044552  -0.029273  -0.016575  -0.013644  -0.000105   0.000174
     49       0.019778   0.013517   0.007350   0.006629   0.004896  -0.000263
     50       0.026292   0.017598   0.008357   0.006389   0.001022  -0.000075
     51       0.002850   0.001411   0.000987   0.001878   0.006605  -0.000497
     52       0.001413   0.001295   0.000775   0.001599   0.000545   0.000035
     53       0.010203   0.004916   0.007042   0.009398   0.027794  -0.001495
     54      -0.035683  -0.046123   0.103497   0.100955  -0.000050   0.000291
     55      -0.200869  -0.250554   0.424674   0.409093  -0.000055   0.001014
     56      -0.129838  -0.162764   0.290302   0.280613   0.000125   0.000282
     57      -0.128972  -0.127818  -0.188731  -0.201336  -0.000196  -0.000710
     58       0.277350   0.278654   0.362990   0.387425   0.000270   0.001326
     59      -0.151196  -0.150615  -0.210611  -0.224468  -0.000164  -0.000993
     60      -0.548635  -0.539352   0.060979   0.026538  -0.000210   0.000356
     61      -0.072348  -0.069976  -0.006592  -0.008880  -0.000078  -0.000073
     62      -0.022636  -0.023566   0.002185   0.000797  -0.000020  -0.000158
     63      -0.015107  -0.009675  -0.010474  -0.014789   0.000709   0.000311
     64       0.001252   0.000669   0.000845   0.001690   0.000147  -0.001227
     65      -0.010192  -0.007395  -0.007132  -0.009605   0.000178  -0.004602
     66       0.000937   0.001373   0.001905   0.002430   0.000136   0.000745
     67       0.002913   0.007111   0.019750   0.022436   0.000851   0.024870
     68      -0.002120  -0.005289  -0.012448  -0.013999   0.000117  -0.013022
     69      -0.000243   0.000110  -0.000416   0.000473  -0.003962  -0.097235
     70      -0.000049  -0.000869  -0.000025  -0.004483   0.039310   0.963024
     71       0.000009   0.000182   0.000029  -0.000764   0.009613   0.233795
     72       0.001751  -0.003449   0.008172  -0.009366  -0.000307  -0.008244
     73      -0.002299   0.006000  -0.018699   0.020858   0.000793   0.023821
     74       0.001738  -0.004591   0.011828  -0.013057   0.000154  -0.012402
     75      -0.012418   0.007379  -0.009070   0.012424  -0.000700  -0.000658
     76      -0.004380   0.002492  -0.003181   0.004868  -0.000017  -0.001337
     77       0.011773  -0.007933   0.008633  -0.011400   0.000282  -0.004528
# -----------------------------------------------------------
$ THERMOCHEMISTRY_Energies
   description: The Thermochemistry energies
   geom. index: 1
   prop. index: 1
        Temperature (Kelvin)           :        298.1500000000
        Pressure (atm)                 :          1.0000000000
        Total Mass (AMU)               :        140.2300000000
        Spin Degeneracy                :          1.0000000000
        Electronic Energy (Hartree)    :       -424.2282468192
        Translational Energy (Hartree) :          0.0014162714
        Rotational Energy (Hartree)    :          0.0014162714
        Vibrational Energy (Hartree)   :          0.0059418266
        Number of frequencies          :     78      
        Scaling Factor for frequencies :          1.0000000000
        Vibrational frequencies        :     
                  0    
      0       0.000000
      1       0.000000
      2       0.000000
      3       0.000000
      4       0.000000
      5       0.000000
      6      54.649714
      7     159.234393
      8     214.380764
      9     308.075104
     10     329.052125
     11     332.629354
     12     391.698546
     13     402.499559
     14     441.536784
     15     486.877778
     16     488.282368
     17     532.562869
     18     591.262768
     19     617.153195
     20     691.420283
     21     719.252070
     22     899.040582
     23     954.260668
     24     978.795699
     25     985.724111
     26     1000.654693
     27     1003.068024
     28     1014.605865
     29     1028.628881
     30     1034.756858
     31     1052.292226
     32     1113.552116
     33     1127.547741
     34     1146.704837
     35     1185.973207
     36     1205.049049
     37     1219.081364
     38     1235.470688
     39     1243.389690
     40     1249.131349
     41     1280.284999
     42     1302.137925
     43     1318.837962
     44     1323.526301
     45     1341.761389
     46     1391.055078
     47     1396.540685
     48     1440.577125
     49     1449.431556
     50     1455.148804
     51     1480.534997
     52     1510.083338
     53     1514.057487
     54     1522.134685
     55     1523.822218
     56     1535.714881
     57     1539.943927
     58     1541.079145
     59     1549.068027
     60     1554.331215
     61     1559.212333
     62     2897.413348
     63     2899.592136
     64     2901.793770
     65     2903.664293
     66     2941.296742
     67     2946.675462
     68     2963.370410
     69     2965.753298
     70     2970.037772
     71     2972.052712
     72     3009.855020
     73     3014.734466
     74     3021.933388
     75     3031.894848
     76     3225.235656
     77     3227.708055
        Zero Point Energy (Hartree)    :          0.2411681711
        Inner Energy (Hartree)         :       -423.9783042786
        Enthalpy (Hartree)             :       -423.9773600696
        Electronic entropy             :          0.0000000000
        Rotational entropy             :          0.0138311492
        Vibrational entropy            :          0.0094592091
        Translational entropy          :          0.0138311492
        Entropy                        :          0.0426404613
        Gibbs Energy (Hartree)         :       -424.0200005309
        Is Linear                      :                 false
# -----------------------------------------------------------
$ PAL_Flags
   description: The PAL Flags
   geom. index: 2
   prop. index: 1
        Diskflag:     2
# -----------------------------------------------------------
$ SCF_Energy
   description: The SCF energy
   geom. index: 2
   prop. index: 1
        SCF Energy:     -424.1870040197
# -----------------------------------------------------------
$ DFT_Energy
   description: The DFT energy
   geom. index: 2
   prop. index: 1
   Number of Alpha Electrons                 39.0001167073 
   Number of Beta  Electrons                 39.0001167073 
   Total number of  Electrons                78.0002334146 
   Exchange energy                          -40.1078019105 
   Correlation energy                        -3.1824391390 
   Correlation energy NL                      0.0000000000 
   Exchange-Correlation energy              -43.2902410496 
   Embedding correction                       0.0000000000 
   Total DFT Energy (No VdW correction)    -424.1870040197 
# -----------------------------------------------------------
$ VdW_Correction
   description: The Van der Waals Correction
   geom. index: 2
   prop. index: 1
        Van der Waals Correction:       -0.0492758673
# -----------------------------------------------------------
$ PAL_Flags
   description: The PAL Flags
   geom. index: 3
   prop. index: 1
        Diskflag:     2
# -----------------------------------------------------------
$ SCF_Energy
   description: The SCF energy
   geom. index: 3
   prop. index: 1
        SCF Energy:     -424.1889476385
# -----------------------------------------------------------
$ DFT_Energy
   description: The DFT energy
   geom. index: 3
   prop. index: 1
   Number of Alpha Electrons                 39.0000715527 
   Number of Beta  Electrons                 39.0000715527 
   Total number of  Electrons                78.0001431055 
   Exchange energy                          -40.1085116337 
   Correlation energy                        -3.1827583091 
   Correlation energy NL                      0.0000000000 
   Exchange-Correlation energy              -43.2912699428 
   Embedding correction                       0.0000000000 
   Total DFT Energy (No VdW correction)    -424.1889476385 
# -----------------------------------------------------------
$ VdW_Correction
   description: The Van der Waals Correction
   geom. index: 3
   prop. index: 1
        Van der Waals Correction:       -0.0493908624
# -----------------------------------------------------------
$ PAL_Flags
   description: The PAL Flags
   geom. index: 4
   prop. index: 1
        Diskflag:     2
# -----------------------------------------------------------
$ SCF_Energy
   description: The SCF energy
   geom. index: 4
   prop. index: 1
        SCF Energy:     -424.1903421778
# -----------------------------------------------------------
$ DFT_Energy
   description: The DFT energy
   geom. index: 4
   prop. index: 1
   Number of Alpha Electrons                 39.0000288445 
   Number of Beta  Electrons                 39.0000288445 
   Total number of  Electrons                78.0000576890 
   Exchange energy                          -40.1071308316 
   Correlation energy                        -3.1829433994 
   Correlation energy NL                      0.0000000000 
   Exchange-Correlation energy              -43.2900742310 
   Embedding correction                       0.0000000000 
   Total DFT Energy (No VdW correction)    -424.1903421778 
# -----------------------------------------------------------
$ VdW_Correction
   description: The Van der Waals Correction
   geom. index: 4
   prop. index: 1
        Van der Waals Correction:       -0.0494825490
# -----------------------------------------------------------
$ PAL_Flags
   description: The PAL Flags
   geom. index: 5
   prop. index: 1
        Diskflag:     2
# -----------------------------------------------------------
$ SCF_Energy
   description: The SCF energy
   geom. index: 5
   prop. index: 1
        SCF Energy:     -424.1912151744
# -----------------------------------------------------------
$ DFT_Energy
   description: The DFT energy
   geom. index: 5
   prop. index: 1
   Number of Alpha Electrons                 38.9999961494 
   Number of Beta  Electrons                 38.9999961494 
   Total number of  Electrons                77.9999922988 
   Exchange energy                          -40.1073032666 
   Correlation energy                        -3.1832672820 
   Correlation energy NL                      0.0000000000 
   Exchange-Correlation energy              -43.2905705486 
   Embedding correction                       0.0000000000 
   Total DFT Energy (No VdW correction)    -424.1912151744 
# -----------------------------------------------------------
$ VdW_Correction
   description: The Van der Waals Correction
   geom. index: 5
   prop. index: 1
        Van der Waals Correction:       -0.0495826683
# -----------------------------------------------------------
$ PAL_Flags
   description: The PAL Flags
   geom. index: 6
   prop. index: 1
        Diskflag:     2
# -----------------------------------------------------------
$ SCF_Energy
   description: The SCF energy
   geom. index: 6
   prop. index: 1
        SCF Energy:     -424.1915166104
# -----------------------------------------------------------
$ DFT_Energy
   description: The DFT energy
   geom. index: 6
   prop. index: 1
   Number of Alpha Electrons                 38.9999843798 
   Number of Beta  Electrons                 38.9999843798 
   Total number of  Electrons                77.9999687597 
   Exchange energy                          -40.1075803266 
   Correlation energy                        -3.1836128526 
   Correlation energy NL                      0.0000000000 
   Exchange-Correlation energy              -43.2911931793 
   Embedding correction                       0.0000000000 
   Total DFT Energy (No VdW correction)    -424.1915166104 
# -----------------------------------------------------------
$ VdW_Correction
   description: The Van der Waals Correction
   geom. index: 6
   prop. index: 1
        Van der Waals Correction:       -0.0496832571
# -----------------------------------------------------------
$ PAL_Flags
   description: The PAL Flags
   geom. index: 7
   prop. index: 1
        Diskflag:     2
# -----------------------------------------------------------
$ SCF_Energy
   description: The SCF energy
   geom. index: 7
   prop. index: 1
        SCF Energy:     -424.1915273385
# -----------------------------------------------------------
$ DFT_Energy
   description: The DFT energy
   geom. index: 7
   prop. index: 1
   Number of Alpha Electrons                 38.9999832617 
   Number of Beta  Electrons                 38.9999832617 
   Total number of  Electrons                77.9999665234 
   Exchange energy                          -40.1072307150 
   Correlation energy                        -3.1835979694 
   Correlation energy NL                      0.0000000000 
   Exchange-Correlation energy              -43.2908286844 
   Embedding correction                       0.0000000000 
   Total DFT Energy (No VdW correction)    -424.1915273385 
# -----------------------------------------------------------
$ VdW_Correction
   description: The Van der Waals Correction
   geom. index: 7
   prop. index: 1
        Van der Waals Correction:       -0.0496810752
# -----------------------------------------------------------
$ PAL_Flags
   description: The PAL Flags
   geom. index: 8
   prop. index: 1
        Diskflag:     2
# -----------------------------------------------------------
$ SCF_Energy
   description: The SCF energy
   geom. index: 8
   prop. index: 1
        SCF Energy:     -424.1915228199
# -----------------------------------------------------------
$ DFT_Energy
   description: The DFT energy
   geom. index: 8
   prop. index: 1
   Number of Alpha Electrons                 39.0000043634 
   Number of Beta  Electrons                 39.0000043634 
   Total number of  Electrons                78.0000087267 
   Exchange energy                          -40.1071349933 
   Correlation energy                        -3.1835969346 
   Correlation energy NL                      0.0000000000 
   Exchange-Correlation energy              -43.2907319279 
   Embedding correction                       0.0000000000 
   Total DFT Energy (No VdW correction)    -424.1915228199 
# -----------------------------------------------------------
$ VdW_Correction
   description: The Van der Waals Correction
   geom. index: 8
   prop. index: 1
        Van der Waals Correction:       -0.0496814970
# -----------------------------------------------------------
$ PAL_Flags
   description: The PAL Flags
   geom. index: 9
   prop. index: 1
        Diskflag:     2
# -----------------------------------------------------------
$ SCF_Energy
   description: The SCF energy
   geom. index: 9
   prop. index: 1
        SCF Energy:     -424.1915275861
# -----------------------------------------------------------
$ DFT_Energy
   description: The DFT energy
   geom. index: 9
   prop. index: 1
   Number of Alpha Electrons                 38.9999866088 
   Number of Beta  Electrons                 38.9999866088 
   Total number of  Electrons                77.9999732175 
   Exchange energy                          -40.1072409466 
   Correlation energy                        -3.1836009366 
   Correlation energy NL                      0.0000000000 
   Exchange-Correlation energy              -43.2908418832 
   Embedding correction                       0.0000000000 
   Total DFT Energy (No VdW correction)    -424.1915275861 
# -----------------------------------------------------------
$ Mayer_Pop
   description: The Mayer population analysis
   geom. index: 9
   prop. index: 1
     Number of atoms                     : 26
     Threshold for printing              : 0.1000000
     Number of bond orders printed       : 41
  NA   - Mulliken gross atomic population
  ZA   - Total nuclear charge
  QA   - Mulliken gross atomic charge
  VA   - Mayer's total valence
  BVA  - Mayer's bonded valence
  FA   - Mayer's free valence
  ATOM       NA         ZA         QA         VA         BVA        FA
  0   0     6.5790     6.0000    -0.5790     3.8181     3.8181     0.0000
  1   0     5.6787     6.0000     0.3213     2.8465     2.8465     0.0000
  2   0     6.3771     6.0000    -0.3771     3.6173     3.6173     0.0000
  3   0     7.3959     7.0000    -0.3959     2.6409     2.6409    -0.0000
  4   0     6.3762     6.0000    -0.3762     3.6142     3.6142     0.0000
  5   0     5.6838     6.0000     0.3162     2.8584     2.8584    -0.0000
  6   0     6.5790     6.0000    -0.5790     3.8156     3.8156    -0.0000
  7   0     6.3769     6.0000    -0.3769     3.6917     3.6917     0.0000
  8   0     7.3870     7.0000    -0.3870     2.7113     2.7113     0.0000
  9   0     6.3794     6.0000    -0.3794     3.6908     3.6908     0.0000
 10   0     0.8532     1.0000     0.1468     0.9570     0.9570    -0.0000
 11   0     0.8470     1.0000     0.1530     0.9495     0.9495     0.0000
 12   0     0.8156     1.0000     0.1844     0.9400     0.9400     0.0000
 13   0     0.8512     1.0000     0.1488     0.9265     0.9265    -0.0000
 14   0     0.8341     1.0000     0.1659     0.9076     0.9076    -0.0000
 15   0     0.6896     1.0000     0.3104     0.8539     0.8539     0.0000
 16   0     0.8509     1.0000     0.1491     0.9260     0.9260     0.0000
 17   0     0.8339     1.0000     0.1661     0.9075     0.9075    -0.0000
 18   0     0.8153     1.0000     0.1847     0.9397     0.9397     0.0000
 19   0     0.8534     1.0000     0.1466     0.9573     0.9573     0.0000
 20   0     0.8471     1.0000     0.1529     0.9497     0.9497     0.0000
 21   0     0.8492     1.0000     0.1508     0.9417     0.9417    -0.0000
 22   0     0.8570     1.0000     0.1430     0.9203     0.9203     0.0000
 23   0     0.6828     1.0000     0.3172     0.8481     0.8481     0.0000
 24   0     0.8573     1.0000     0.1427     0.9207     0.9207     0.0000
 25   0     0.8494     1.0000     0.1506     0.9418     0.9418     0.0000
      Bond orders larger than 0.1000000
           Atom A     A.N. of A          Atom B    A.N. of B              Bond order
                0             6               1            6                0.783811
                0             6              10            1                0.989165
                0             6              11            1                0.994401
                0             6              12            1                1.044573
                1             6               2            6                0.555585
                1             6               4            6                0.203749
                1             6               5            6                0.720368
                1             6               7            6                0.123166
                1             6               8            7                0.111505
                1             6               9            6                0.663628
                1             6              14            1               -0.111308
                1             6              25            1               -0.104026
                2             6               3            7                0.935672
                2             6               4            6               -0.120378
                2             6               5            6                0.203158
                2             6               9            6                0.118753
                2             6              13            1                1.019024
                2             6              14            1                1.026505
                3             7               4            6                0.938589
                3             7              15            1                0.856330
                4             6               5            6                0.558901
                4             6               7            6                0.116413
                4             6              16            1                1.018876
                4             6              17            1                1.026433
                5             6               6            6                0.782922
                5             6               7            6                0.668395
                5             6               8            7                0.114725
                5             6               9            6                0.126014
                5             6              17            1               -0.110672
                5             6              21            1               -0.102850
                6             6              18            1                1.045080
                6             6              19            1                0.989857
                6             6              20            1                0.994505
                7             6               8            7                0.888076
                7             6               9            6               -0.150013
                7             6              21            1                1.056888
                7             6              22            1                0.984992
                8             7               9            6                0.886756
                8             7              23            1                0.836259
                9             6              24            1                0.984721
                9             6              25            1                1.057901
# -----------------------------------------------------------
$ VdW_Correction
   description: The Van der Waals Correction
   geom. index: 9
   prop. index: 1
        Van der Waals Correction:       -0.0496816612
# -----------------------------------------------------------
$ SCF_Electric_Properties
   description: The SCF Calculated Electric Properties
   geom. index: 9
   prop. index: 1
       Filename                          : file.scfp 
       Do Dipole Moment Calculation      : true 
       Do Quadrupole Moment Calculation  : false 
       Do Polarizability Calculation     : false 
** Dipole moment part of electric properties **
        Magnitude of dipole moment (Debye) :        1.1403804366
        Electronic Contribution:
                  0    
      0      -0.368797
      1       0.993143
      2      -3.584310
        Nuclear Contribution:
                  0    
      0       0.405650
      1      -1.402917
      2       3.405381
        Total Dipole moment:
                  0    
      0       0.036854
      1      -0.409773
      2      -0.178929
# -------------------------------------------------------------
----------------------- !GEOMETRIES! ------------------------
# -------------------------------------------------------------
------------------------ !GEOMETRY! -------------------------
    Number of atoms:    26 
    Geometry Index:     1 
    Coordinates:
               0 C      1.552300000000    0.079900000000    1.396200000000
               1 C      0.775000000000    0.085300000000    0.057900000000
               2 C      0.949400000000    1.447600000000   -0.647400000000
               3 N     -0.289400000000    2.188300000000   -0.453000000000
               4 C     -1.337800000000    1.178000000000   -0.488300000000
               5 C     -0.758300000000   -0.095400000000    0.164500000000
               6 C     -1.323100000000   -0.259000000000    1.596100000000
               7 C     -1.055200000000   -1.350500000000   -0.677200000000
               8 N      0.069300000000   -1.526100000000   -1.589700000000
               9 C      1.236400000000   -1.080400000000   -0.836600000000
              10 H      1.408700000000   -0.875900000000    1.942300000000
              11 H      2.640400000000    0.194800000000    1.201700000000
              12 H      1.230200000000    0.921700000000    2.045100000000
              13 H      1.800000000000    2.034100000000   -0.236700000000
              14 H      1.131700000000    1.320700000000   -1.740300000000
              15 H     -0.423300000000    2.853800000000   -1.250600000000
              16 H     -2.236700000000    1.558300000000    0.044000000000
              17 H     -1.633200000000    0.994800000000   -1.548000000000
              18 H     -1.119100000000    0.644800000000    2.208500000000
              19 H     -0.889100000000   -1.146700000000    2.102100000000
              20 H     -2.424300000000   -0.402100000000    1.553900000000
              21 H     -2.003100000000   -1.261400000000   -1.250600000000
              22 H     -1.143000000000   -2.251700000000   -0.026000000000
              23 H      0.173300000000   -2.543000000000   -1.817500000000
              24 H      1.618400000000   -1.926200000000   -0.218000000000
              25 H      2.050600000000   -0.783700000000   -1.532500000000
------------------------ !GEOMETRY! -------------------------
    Number of atoms:    26 
    Geometry Index:     2 
    Coordinates:
               0 C      1.545326230756    0.086900346040    1.387606751817
               1 C      0.786123654541    0.081871568387    0.055819404058
               2 C      0.962559494594    1.439010782544   -0.661431257756
               3 N     -0.286329405154    2.174330974437   -0.433870863673
               4 C     -1.350496577628    1.166531590889   -0.500277212136
               5 C     -0.768573729976   -0.101485179683    0.164049114344
               6 C     -1.319288311444   -0.250839411776    1.586965157400
               7 C     -1.065509059801   -1.360827751081   -0.669638782938
               8 N      0.065579390807   -1.496590166866   -1.595842993573
               9 C      1.250009164373   -1.088043515030   -0.830474644180
              10 H      1.399037532013   -0.847095966715    1.941619421887
              11 H      2.620948236832    0.195662127227    1.199453967357
              12 H      1.228665770607    0.923433157502    2.020124519012
              13 H      1.809423091262    2.004661450756   -0.252646489935
              14 H      1.149287774227    1.283875503169   -1.737728697206
              15 H     -0.417887304358    2.851404193140   -1.176340848949
              16 H     -2.241144203520    1.527348928995    0.029634659458
              17 H     -1.641779327189    0.955279654145   -1.543288382552
              18 H     -1.121170640149    0.646346928341    2.183499642614
              19 H     -0.886891091800   -1.116687565358    2.100927686567
              20 H     -2.406275586709   -0.396521404722    1.549003103446
              21 H     -2.006630212683   -1.267085868322   -1.226313495410
              22 H     -1.156789434236   -2.242356051672   -0.009561766802
              23 H      0.160939784815   -2.467289308816   -1.869588338233
              24 H      1.631945541561   -1.913658654522   -0.203116274814
              25 H      2.059019218259   -0.788176361011   -1.508683379802
------------------------ !GEOMETRY! -------------------------
    Number of atoms:    26 
    Geometry Index:     3 
    Coordinates:
               0 C      1.544279041434    0.093809081825    1.387853297072
               1 C      0.789339387978    0.078717568638    0.056164374392
               2 C      0.959882419969    1.431005535521   -0.672250360879
               3 N     -0.283077123633    2.163882471205   -0.406838657971
               4 C     -1.347555839677    1.159397547724   -0.511146353813
               5 C     -0.770868122961   -0.105391830726    0.164777698373
               6 C     -1.319962632989   -0.244058364051    1.587081588163
               7 C     -1.060999195236   -1.370290944040   -0.663226627101
               8 N      0.062014281885   -1.469601383464   -1.602629707385
               9 C      1.248888629069   -1.098074274033   -0.823593841549
              10 H      1.392375344808   -0.831398404842    1.952989988429
              11 H      2.620093329970    0.195470124221    1.201924036021
              12 H      1.230542503275    0.937684617402    2.010220655606
              13 H      1.816585689986    1.990719364114   -0.279122793005
              14 H      1.124676283098    1.261944228280   -1.749401792079
              15 H     -0.416874971034    2.881387521682   -1.111853140566
              16 H     -2.248196426394    1.511917402020    0.004938723819
              17 H     -1.615160887526    0.939750651880   -1.558097890638
              18 H     -1.127429477473    0.659404709723    2.174027331292
              19 H     -0.883029002421   -1.100003090939    2.111536321058
              20 H     -2.405241233841   -0.396233432627    1.551024847536
              21 H     -2.008408552456   -1.286814117098   -1.209019116770
              22 H     -1.133833576527   -2.248818595414    0.002305003464
              23 H      0.151139394654   -2.422950381617   -1.937497461423
              24 H      1.613096373908   -1.924951686049   -0.188250154133
              25 H      2.067824362135   -0.806504319334   -1.492015967914
------------------------ !GEOMETRY! -------------------------
    Number of atoms:    26 
    Geometry Index:     4 
    Coordinates:
               0 C      1.544987205301    0.100841609055    1.389001740014
               1 C      0.791546764195    0.074799598023    0.057179218715
               2 C      0.955722889209    1.423068136540   -0.680330718051
               3 N     -0.280001347745    2.153160267763   -0.381846415665
               4 C     -1.342680615281    1.152468730651   -0.519725913466
               5 C     -0.771742058901   -0.109763757825    0.166008803791
               6 C     -1.322258846894   -0.237324565441    1.588244166790
               7 C     -1.055827787752   -1.378809492277   -0.657898615173
               8 N      0.059184334707   -1.449183031833   -1.606596522406
               9 C      1.246661651753   -1.107234537987   -0.818214269141
              10 H      1.387233653606   -0.816354781356    1.965884724444
              11 H      2.621960265177    0.194912290244    1.204127616785
              12 H      1.233854904429    0.954137840053    2.000146301324
              13 H      1.823820542907    1.980037454507   -0.308470525719
              14 H      1.092279308438    1.245013797663   -1.760373532791
              15 H     -0.415524078457    2.910305348979   -1.043864544412
              16 H     -2.256491103606    1.499244716301   -0.022969894473
              17 H     -1.581402277525    0.930485916326   -1.573541773189
              18 H     -1.135901232924    0.674571630660    2.164489230531
              19 H     -0.880485724809   -1.083994028810    2.123995580876
              20 H     -2.406799329274   -0.396769110207    1.552727107811
              21 H     -2.010927621914   -1.309546003169   -1.192734148696
              22 H     -1.105571556504   -2.257372793708    0.010447009740
              23 H      0.141545574283   -2.379913388193   -2.001273359120
              24 H      1.589437899486   -1.939492397553   -0.177184669497
              25 H      2.077478588095   -0.827289448407   -1.477326599019
------------------------ !GEOMETRY! -------------------------
    Number of atoms:    26 
    Geometry Index:     5 
    Coordinates:
               0 C      1.546555608137    0.107120292037    1.389431410027
               1 C      0.793328381324    0.071094480932    0.058397271570
               2 C      0.950273365476    1.416366715946   -0.686101421966
               3 N     -0.277168902322    2.143479668036   -0.354973765844
               4 C     -1.336503340185    1.146657755881   -0.526846403467
               5 C     -0.772200858146   -0.113754015376    0.167424573631
               6 C     -1.325283323243   -0.230861006243    1.588910655414
               7 C     -1.050717591015   -1.385937584706   -0.653305565896
               8 N      0.056623786821   -1.432188912824   -1.609442990997
               9 C      1.243928951705   -1.114944113241   -0.813996869291
              10 H      1.382806443483   -0.802208677097    1.977134802862
              11 H      2.624363468764    0.192571143999    1.204424570892
              12 H      1.239196628672    0.969519394257    1.989656200753
              13 H      1.830416941723    1.971637431435   -0.341264412556
              14 H      1.052347160852    1.231649537363   -1.769114586549
              15 H     -0.413938933308    2.936724951900   -0.973549045245
              16 H     -2.265611733288    1.488251055282   -0.055749946377
              17 H     -1.539875037700    0.925685394459   -1.588548356682
              18 H     -1.146256195799    0.689090283362    2.154631842728
              19 H     -0.878563267919   -1.068168767452    2.135290866461
              20 H     -2.408675812149   -0.398681703005    1.552742049990
              21 H     -2.013598327298   -1.334694188441   -1.176133018928
              22 H     -1.073086736997   -2.264566626229    0.017072603489
              23 H      0.132760154329   -2.340189678010   -2.055311193125
              24 H      1.561577626003   -1.953570890474   -0.167668611706
              25 H      2.087401542079   -0.850081941793   -1.463210659192
------------------------ !GEOMETRY! -------------------------
    Number of atoms:    26 
    Geometry Index:     6 
    Coordinates:
               0 C      1.548529493267    0.111043507973    1.389156872615
               1 C      0.795122759997    0.067632363584    0.059076384087
               2 C      0.944864890868    1.412016793245   -0.688911069824
               3 N     -0.275726006258    2.134273190829   -0.328096433048
               4 C     -1.330116716002    1.140782690168   -0.534982793437
               5 C     -0.772854086350   -0.117469626361    0.168478046944
               6 C     -1.328465623248   -0.222779656485    1.589233897081
               7 C     -1.045788160366   -1.393160045591   -0.648020239923
               8 N      0.052780948116   -1.416385742025   -1.612769509335
               9 C      1.240651770056   -1.121179550430   -0.812233512236
              10 H      1.376925178285   -0.790149902512    1.987197453607
              11 H      2.627244573929    0.185112337263    1.203639756341
              12 H      1.247398508511    0.982794802580    1.978992170611
              13 H      1.835953943740    1.965888892448   -0.371356586344
              14 H      1.012546651089    1.222101251969   -1.773985811313
              15 H     -0.413168930712    2.960004410574   -0.902040343804
              16 H     -2.276182578243    1.476210759991   -0.094431264755
              17 H     -1.493000859333    0.920743037717   -1.604107624456
              18 H     -1.159040611502    0.706240293174    2.143024592272
              19 H     -0.875106834732   -1.048695993868    2.147463376265
              20 H     -2.410181683062   -0.401828884699    1.552500202050
              21 H     -2.017062497627   -1.363133484538   -1.156645154049
              22 H     -1.037119993009   -2.270564183725    0.025004052181
              23 H      0.122901574232   -2.301104246222   -2.103403706569
              24 H      1.532810347285   -1.965835842881   -0.161009510680
              25 H      2.096183941070   -0.872557172176   -1.451873244281
------------------------ !GEOMETRY! -------------------------
    Number of atoms:    26 
    Geometry Index:     7 
    Coordinates:
               0 C      1.548264922241    0.114209310089    1.389331553896
               1 C      0.795364781841    0.067268368397    0.059214827907
               2 C      0.944866980085    1.410042026456   -0.691649924591
               3 N     -0.273882797715    2.133771192529   -0.329175594194
               4 C     -1.331123570430    1.142578211285   -0.531882567788
               5 C     -0.773553610997   -0.117919670235    0.168376556577
               6 C     -1.328601492588   -0.225141050116    1.589145623547
               7 C     -1.045103502667   -1.392857282514   -0.650637212102
               8 N      0.054612533067   -1.413445467676   -1.613989592109
               9 C      1.240546379059   -1.123355678403   -0.809461587710
              10 H      1.373514700676   -0.783616671510    1.991435060761
              11 H      2.627303898732    0.183716167348    1.203820508713
              12 H      1.249768551621    0.989613118573    1.975091981796
              13 H      1.838091101004    1.963231935225   -0.378976565804
              14 H      1.007757675978    1.217038525434   -1.776380007145
              15 H     -0.410961910597    2.963649292933   -0.897028641841
              16 H     -2.276096946107    1.479086198424   -0.089817216444
              17 H     -1.496082875386    0.922926553271   -1.600656470398
              18 H     -1.163470453027    0.705396252684    2.141686239606
              19 H     -0.871347484887   -1.048086031160    2.148560896927
              20 H     -2.409454880294   -0.409478936690    1.552639098466
              21 H     -2.016760200996   -1.365923996065   -1.158450246630
              22 H     -1.032892311439   -2.270417930181    0.022252215323
              23 H      0.124195444093   -2.293441216435   -2.113095144226
              24 H      1.524488235750   -1.968914492885   -0.155616155430
              25 H      2.100656832984   -0.879928728780   -1.444837637109
------------------------ !GEOMETRY! -------------------------
    Number of atoms:    26 
    Geometry Index:     8 
    Coordinates:
               0 C      1.549571626223    0.106072241535    1.388373802926
               1 C      0.795747229204    0.067130295293    0.058402716534
               2 C      0.945070197008    1.415466316444   -0.683775959236
               3 N     -0.278808453404    2.132760401013   -0.324757105598
               4 C     -1.329106847589    1.137585763612   -0.540450064723
               5 C     -0.773263704351   -0.118089996515    0.168361001997
               6 C     -1.329335624485   -0.216545551875    1.589285647632
               7 C     -1.045377688548   -1.396565925916   -0.643608012141
               8 N      0.048988812389   -1.417008171930   -1.612648879932
               9 C      1.239610247162   -1.119935363512   -0.817069289268
              10 H      1.372010002119   -0.793041211414    1.987788672579
              11 H      2.628791987656    0.172457101517    1.202648444423
              12 H      1.254234510108    0.980630905780    1.977026649843
              13 H      1.834753911298    1.970354815644   -0.364177457659
              14 H      1.014268466365    1.228600601258   -1.769264716207
              15 H     -0.416496229268    2.965256877618   -0.888663737771
              16 H     -2.280806907795    1.470230890013   -0.110123984071
              17 H     -1.479768155459    0.915993932626   -1.611047289339
              18 H     -1.166039414583    0.717566803135    2.136336801712
              19 H     -0.871309485876   -1.035425423484    2.153928977420
              20 H     -2.409846562615   -0.402950778865    1.552948219756
              21 H     -2.019828605815   -1.374001879602   -1.146382081749
              22 H     -1.027038185332   -2.271784287880    0.032183470447
              23 H      0.117645516670   -2.297576035955   -2.110730925847
              24 H      1.532316330929   -1.964880499952   -0.166390889600
              25 H      2.094117027987   -0.872301818589   -1.458294012130
------------------------ !GEOMETRY! -------------------------
    Number of atoms:    26 
    Geometry Index:     9 
    Coordinates:
               0 C      1.548586876150    0.112607950595    1.388834249742
               1 C      0.795292988904    0.067211066472    0.058798494349
               2 C      0.944076347599    1.411061567866   -0.690321980897
               3 N     -0.274548275864    2.133567771428   -0.324926839581
               4 C     -1.329984930951    1.141869963994   -0.533778190533
               5 C     -0.773459945380   -0.117945510468    0.168078581383
               6 C     -1.328885352820   -0.223510368503    1.588877941949
               7 C     -1.045793569279   -1.393385419157   -0.649540723804
               8 N      0.053943744319   -1.416889875680   -1.612872464844
               9 C      1.240890754898   -1.122374321261   -0.811200185438
              10 H      1.372461525593   -0.785042964546    1.990837469589
              11 H      2.627726355429    0.180227138049    1.203079093132
              12 H      1.251663132958    0.988456204828    1.974784703266
              13 H      1.837379615618    1.964332723305   -0.378058130737
              14 H      1.005751149481    1.220029290869   -1.775601217714
              15 H     -0.411698784914    2.964820985227   -0.890822554401
              16 H     -2.277125524983    1.477271534201   -0.095559009662
              17 H     -1.490197047147    0.923217348347   -1.603616259028
              18 H     -1.165455619547    0.708243656270    2.139932104614
              19 H     -0.870446255752   -1.044796443173    2.149764088992
              20 H     -2.409414245889   -0.409843830364    1.552287002962
              21 H     -2.017328538394   -1.365858425238   -1.157671651707
              22 H     -1.034978608367   -2.270428872301    0.024018304358
              23 H      0.123856434936   -2.298822755191   -2.108363112963
              24 H      1.529005246522   -1.967165567553   -0.158230680910
              25 H      2.098782526881   -0.876852848015   -1.448829032117
