-------------------------------------------------------------
----------------------- !PROPERTIES! ------------------------
-------------------------------------------------------------
# -----------------------------------------------------------
$ PAL_Flags
   description: The PAL Flags
   geom. index: 1
   prop. index: 1
        Diskflag:     2
# -----------------------------------------------------------
$ SCF_Energy
   description: The SCF energy
   geom. index: 1
   prop. index: 1
        SCF Energy:     -420.6922373039
# -----------------------------------------------------------
$ DFT_Energy
   description: The DFT energy
   geom. index: 1
   prop. index: 1
   Number of Alpha Electrons                 34.9999632688 
   Number of Beta  Electrons                 34.9999632688 
   Total number of  Electrons                69.9999265376 
   Exchange energy                          -38.1163170986 
   Correlation energy                        -2.9015428056 
   Correlation energy NL                      0.0000000000 
   Exchange-Correlation energy              -41.0178599042 
   Embedding correction                       0.0000000000 
   Total DFT Energy (No VdW correction)    -420.6922373039 
# -----------------------------------------------------------
$ Mayer_Pop
   description: The Mayer population analysis
   geom. index: 1
   prop. index: 1
     Number of atoms                     : 21
     Threshold for printing              : 0.1000000
     Number of bond orders printed       : 25
  NA   - Mulliken gross atomic population
  ZA   - Total nuclear charge
  QA   - Mulliken gross atomic charge
  VA   - Mayer's total valence
  BVA  - Mayer's bonded valence
  FA   - Mayer's free valence
  ATOM       NA         ZA         QA         VA         BVA        FA
  0   0     6.3698     6.0000    -0.3698     3.8222     3.8222    -0.0000
  1   0     5.8899     6.0000     0.1101     3.3708     3.3708    -0.0000
  2   0     8.3110     8.0000    -0.3110     1.6334     1.6334     0.0000
  3   0     6.1298     6.0000    -0.1298     4.2745     4.2745     0.0000
  4   0     6.2196     6.0000    -0.2196     3.5454     3.5454     0.0000
  5   0     7.3248     7.0000    -0.3248     2.5680     2.5680     0.0000
  6   0     6.2854     6.0000    -0.2854     3.8351     3.8351     0.0000
  7   0     7.3473     7.0000    -0.3473     2.6490     2.6490    -0.0000
  8   0     6.3100     6.0000    -0.3100     3.7289     3.7289    -0.0000
  9   0     0.8572     1.0000     0.1428     0.9514     0.9514    -0.0000
 10   0     0.8393     1.0000     0.1607     0.9335     0.9335    -0.0000
 11   0     0.8778     1.0000     0.1222     0.9544     0.9544     0.0000
 12   0     0.8247     1.0000     0.1753     0.9159     0.9159    -0.0000
 13   0     0.8204     1.0000     0.1796     0.9020     0.9020     0.0000
 14   0     0.8209     1.0000     0.1791     0.9226     0.9226     0.0000
 15   0     0.6820     1.0000     0.3180     0.8370     0.8370    -0.0000
 16   0     0.8457     1.0000     0.1543     0.9094     0.9094     0.0000
 17   0     0.8467     1.0000     0.1533     0.9472     0.9472     0.0000
 18   0     0.7002     1.0000     0.2998     0.8508     0.8508    -0.0000
 19   0     0.8417     1.0000     0.1583     0.9356     0.9356    -0.0000
 20   0     0.8556     1.0000     0.1444     0.9214     0.9214    -0.0000
      Bond orders larger than 0.1000000
           Atom A     A.N. of A          Atom B    A.N. of B              Bond order
                0             6               1            6                0.918008
                0             6               5            7                0.918638
                0             6               9            1                1.016777
                0             6              10            1                0.969044
                1             6               2            8                0.706910
                1             6              11            1                0.940129
                1             6              12            1                0.964009
                2             8               3            6                1.410065
                2             8               6            6               -0.139574
                2             8               8            6               -0.177597
                3             6               4            6                0.860059
                3             6               6            6                1.015075
                3             6               7            7               -0.151258
                3             6               8            6                0.970720
                4             6               5            7                0.916065
                4             6              13            1                0.931602
                4             6              14            1                1.006596
                5             7              15            1                0.868719
                6             6               7            7                0.993807
                6             6              16            1                0.944649
                6             6              17            1                0.971772
                7             7               8            6                1.029961
                7             7              18            1                0.868994
                8             6              19            1                0.947378
                8             6              20            1                0.970953
# -----------------------------------------------------------
$ VdW_Correction
   description: The Van der Waals Correction
   geom. index: 1
   prop. index: 1
        Van der Waals Correction:       -0.0353784121
# -----------------------------------------------------------
$ Hessian
   description: Details about the Hessian
   geom. index: 1
   prop. index: 1
Normal modes:
Number of Rows: 63 Number of Columns: 63
                  0          1          2          3          4          5    
      0       0.000000   0.000000   0.000000   0.000000   0.000000   0.000000
      1       0.000000   0.000000   0.000000   0.000000   0.000000   0.000000
      2       0.000000   0.000000   0.000000   0.000000   0.000000   0.000000
      3       0.000000   0.000000   0.000000   0.000000   0.000000   0.000000
      4       0.000000   0.000000   0.000000   0.000000   0.000000   0.000000
      5       0.000000   0.000000   0.000000   0.000000   0.000000   0.000000
      6       0.000000   0.000000   0.000000   0.000000   0.000000   0.000000
      7       0.000000   0.000000   0.000000   0.000000   0.000000   0.000000
      8       0.000000   0.000000   0.000000   0.000000   0.000000   0.000000
      9       0.000000   0.000000   0.000000   0.000000   0.000000   0.000000
     10       0.000000   0.000000   0.000000   0.000000   0.000000   0.000000
     11       0.000000   0.000000   0.000000   0.000000   0.000000   0.000000
     12       0.000000   0.000000   0.000000   0.000000   0.000000   0.000000
     13       0.000000   0.000000   0.000000   0.000000   0.000000   0.000000
     14       0.000000   0.000000   0.000000   0.000000   0.000000   0.000000
     15       0.000000   0.000000   0.000000   0.000000   0.000000   0.000000
     16       0.000000   0.000000   0.000000   0.000000   0.000000   0.000000
     17       0.000000   0.000000   0.000000   0.000000   0.000000   0.000000
     18       0.000000   0.000000   0.000000   0.000000   0.000000   0.000000
     19       0.000000   0.000000   0.000000   0.000000   0.000000   0.000000
     20       0.000000   0.000000   0.000000   0.000000   0.000000   0.000000
     21       0.000000   0.000000   0.000000   0.000000   0.000000   0.000000
     22       0.000000   0.000000   0.000000   0.000000   0.000000   0.000000
     23       0.000000   0.000000   0.000000   0.000000   0.000000   0.000000
     24       0.000000   0.000000   0.000000   0.000000   0.000000   0.000000
     25       0.000000   0.000000   0.000000   0.000000   0.000000   0.000000
     26       0.000000   0.000000   0.000000   0.000000   0.000000   0.000000
     27       0.000000   0.000000   0.000000   0.000000   0.000000   0.000000
     28       0.000000   0.000000   0.000000   0.000000   0.000000   0.000000
     29       0.000000   0.000000   0.000000   0.000000   0.000000   0.000000
     30       0.000000   0.000000   0.000000   0.000000   0.000000   0.000000
     31       0.000000   0.000000   0.000000   0.000000   0.000000   0.000000
     32       0.000000   0.000000   0.000000   0.000000   0.000000   0.000000
     33       0.000000   0.000000   0.000000   0.000000   0.000000   0.000000
     34       0.000000   0.000000   0.000000   0.000000   0.000000   0.000000
     35       0.000000   0.000000   0.000000   0.000000   0.000000   0.000000
     36       0.000000   0.000000   0.000000   0.000000   0.000000   0.000000
     37       0.000000   0.000000   0.000000   0.000000   0.000000   0.000000
     38       0.000000   0.000000   0.000000   0.000000   0.000000   0.000000
     39       0.000000   0.000000   0.000000   0.000000   0.000000   0.000000
     40       0.000000   0.000000   0.000000   0.000000   0.000000   0.000000
     41       0.000000   0.000000   0.000000   0.000000   0.000000   0.000000
     42       0.000000   0.000000   0.000000   0.000000   0.000000   0.000000
     43       0.000000   0.000000   0.000000   0.000000   0.000000   0.000000
     44       0.000000   0.000000   0.000000   0.000000   0.000000   0.000000
     45       0.000000   0.000000   0.000000   0.000000   0.000000   0.000000
     46       0.000000   0.000000   0.000000   0.000000   0.000000   0.000000
     47       0.000000   0.000000   0.000000   0.000000   0.000000   0.000000
     48       0.000000   0.000000   0.000000   0.000000   0.000000   0.000000
     49       0.000000   0.000000   0.000000   0.000000   0.000000   0.000000
     50       0.000000   0.000000   0.000000   0.000000   0.000000   0.000000
     51       0.000000   0.000000   0.000000   0.000000   0.000000   0.000000
     52       0.000000   0.000000   0.000000   0.000000   0.000000   0.000000
     53       0.000000   0.000000   0.000000   0.000000   0.000000   0.000000
     54       0.000000   0.000000   0.000000   0.000000   0.000000   0.000000
     55       0.000000   0.000000   0.000000   0.000000   0.000000   0.000000
     56       0.000000   0.000000   0.000000   0.000000   0.000000   0.000000
     57       0.000000   0.000000   0.000000   0.000000   0.000000   0.000000
     58       0.000000   0.000000   0.000000   0.000000   0.000000   0.000000
     59       0.000000   0.000000   0.000000   0.000000   0.000000   0.000000
     60       0.000000   0.000000   0.000000   0.000000   0.000000   0.000000
     61       0.000000   0.000000   0.000000   0.000000   0.000000   0.000000
     62       0.000000   0.000000   0.000000   0.000000   0.000000   0.000000
                  6          7          8          9         10         11    
      0       0.008647  -0.000901  -0.014716  -0.011627  -0.137639   0.120714
      1      -0.018039   0.069375   0.052811  -0.110223  -0.066482  -0.066298
      2      -0.149313  -0.132742  -0.049271   0.101652   0.011360   0.003587
      3       0.116611   0.017924  -0.057693   0.036919  -0.092836   0.122436
      4      -0.009401   0.003687  -0.147933   0.060742  -0.032686  -0.050579
      5      -0.017182  -0.015266   0.136924  -0.022270   0.050054   0.004533
      6       0.035364  -0.058825   0.035156   0.009411  -0.019011   0.042096
      7       0.055248  -0.031280  -0.020372  -0.017218   0.128633   0.120387
      8       0.134014   0.120092  -0.018760   0.012116  -0.057783   0.072552
      9      -0.000089   0.007918   0.004088   0.012951   0.053597  -0.043439
     10       0.072902  -0.076546  -0.002219  -0.018886   0.089918   0.131099
     11       0.090257   0.076038  -0.008021   0.062045  -0.056567  -0.072452
     12      -0.039588   0.064253   0.022647   0.014793  -0.020751  -0.002655
     13       0.045852  -0.021700   0.003015   0.003985   0.074731   0.151045
     14       0.125746   0.093530  -0.000316  -0.021722   0.120701  -0.017552
     15      -0.099796  -0.012558  -0.014085  -0.096428  -0.119664   0.064575
     16      -0.031414   0.009950   0.051540   0.132161  -0.040862  -0.022365
     17      -0.023843  -0.031965  -0.055138  -0.142223  -0.038075   0.014055
     18       0.096700   0.072863   0.004553   0.055889   0.070448  -0.160453
     19       0.061876  -0.084135  -0.115718  -0.112351  -0.014065  -0.154862
     20      -0.027409  -0.008960  -0.005716   0.016097  -0.041629  -0.011597
     21      -0.008713  -0.015300   0.012930   0.009461   0.125190  -0.120000
     22      -0.218224   0.228428   0.005051  -0.001915  -0.004937  -0.017857
     23      -0.118595  -0.083909   0.003071  -0.025067   0.008921   0.033062
     24      -0.100072  -0.085544   0.014603  -0.031147   0.152082  -0.041890
     25       0.045806  -0.099264   0.174611   0.053715  -0.111920  -0.042743
     26      -0.002479  -0.006407   0.003439   0.027267  -0.033331  -0.059524
     27      -0.086535  -0.114226  -0.169731   0.271295  -0.102253   0.169104
     28      -0.029984   0.102939   0.198101  -0.195707  -0.048487  -0.092631
     29      -0.242308  -0.207146  -0.075675   0.287323   0.058077   0.025654
     30       0.110624   0.112626   0.126883  -0.285600  -0.178601   0.076037
     31      -0.005134   0.122565   0.060033  -0.359944  -0.121231  -0.088467
     32      -0.231500  -0.201786  -0.168998   0.197501   0.016410   0.032573
     33       0.229782   0.141423  -0.175908   0.064583  -0.222646   0.135451
     34      -0.031386  -0.032052  -0.418375   0.248422  -0.115752  -0.090885
     35      -0.005365  -0.005376   0.041630   0.034810   0.005979  -0.007527
     36       0.147628  -0.025705  -0.062432   0.051831   0.024585   0.171458
     37      -0.022690   0.023596  -0.150565   0.056188  -0.087997  -0.073745
     38      -0.036933  -0.030367   0.438020  -0.213575   0.187333   0.049095
     39       0.042555   0.159507   0.066817   0.165143   0.085179  -0.048882
     40       0.115752   0.042521   0.010653  -0.009297   0.298545   0.216752
     41       0.131385   0.094545  -0.009354  -0.061897   0.178351   0.018474
     42      -0.110136   0.064428   0.034132  -0.011365  -0.120703  -0.003634
     43       0.019073  -0.074212  -0.011739  -0.001865  -0.028375   0.114814
     44       0.232850   0.175441   0.014734   0.012901   0.372773   0.042467
     45      -0.173760  -0.098402  -0.061843  -0.191301  -0.197726   0.143904
     46      -0.074459  -0.035526   0.070022   0.353207  -0.000789  -0.045215
     47      -0.020377  -0.026253  -0.035859  -0.044245  -0.008108  -0.013488
     48       0.246736   0.020409   0.013515   0.088746   0.098642  -0.076768
     49       0.158071  -0.199289  -0.186991  -0.178621  -0.056021  -0.344858
     50      -0.188839   0.166263   0.098832   0.109815   0.017340   0.256155
     51       0.068594   0.200600  -0.013322   0.069971  -0.006269  -0.367996
     52       0.155326  -0.194162  -0.187155  -0.178209  -0.056691  -0.351348
     53       0.115017  -0.189293  -0.110707  -0.083868  -0.091212  -0.273417
     54      -0.211372   0.222922  -0.021455   0.025170   0.192025   0.000453
     55      -0.322317   0.354856  -0.007554   0.010734   0.026974   0.049179
     56      -0.139505  -0.128093  -0.101001  -0.107658   0.058683   0.010254
     57      -0.260443  -0.021940   0.026256  -0.055056   0.119434  -0.089939
     58       0.131568  -0.224822   0.296373   0.093554  -0.253182  -0.134983
     59      -0.117904   0.165249  -0.166692  -0.028590   0.161956   0.067668
     60      -0.036703  -0.252555   0.011117  -0.061076   0.236572   0.055830
     61       0.127057  -0.216996   0.286361   0.090787  -0.241276  -0.125164
     62       0.121925  -0.182924   0.178382   0.086719  -0.238130  -0.191019
                 12         13         14         15         16         17    
      0       0.102049   0.004874  -0.003586  -0.192057  -0.072783   0.077589
      1       0.011350  -0.075993   0.047003   0.022205   0.005702   0.016952
      2       0.014101   0.006051   0.007643   0.017726   0.017384   0.010633
      3       0.029331  -0.081050   0.094798   0.036224  -0.036668   0.028304
      4      -0.080435  -0.057157   0.076990   0.174681   0.025237   0.058714
      5       0.004443  -0.046936   0.061798   0.193252   0.080656   0.053738
      6       0.118032  -0.152453   0.035518   0.176319   0.049811   0.001444
      7      -0.137489   0.028082  -0.103954   0.085694  -0.198916   0.055247
      8      -0.183603   0.106814   0.144320  -0.047340   0.018271  -0.029037
      9      -0.043525  -0.016155  -0.015688   0.090041  -0.042398  -0.103409
     10      -0.021894  -0.049424  -0.105102   0.007906   0.038484   0.034123
     11       0.003745  -0.047051  -0.160533  -0.009853   0.004606   0.007179
     12       0.071793   0.174600  -0.057200   0.130522  -0.057981  -0.006377
     13       0.073610   0.027781  -0.058844  -0.182715   0.225973  -0.133278
     14       0.156146   0.058189   0.068952  -0.005749  -0.080129   0.022176
     15      -0.028817   0.131274  -0.122234   0.048207   0.048444   0.039440
     16       0.136380  -0.070090   0.086165  -0.139686  -0.085368  -0.050533
     17      -0.024614  -0.107415   0.058423  -0.135097  -0.063033  -0.064012
     18      -0.075671  -0.059592  -0.133498  -0.069467   0.025176  -0.136247
     19       0.103770   0.076190  -0.005721   0.011072   0.003315   0.011053
     20       0.016213  -0.025544  -0.126874   0.068783  -0.020991  -0.225475
     21      -0.094008  -0.016902   0.035754  -0.160456   0.061167   0.236849
     22       0.000262   0.010533   0.005672  -0.009516   0.002709   0.020474
     23       0.006767   0.015579   0.033079   0.012129  -0.009525  -0.017489
     24      -0.085216   0.014361   0.155378  -0.069234  -0.011398  -0.095721
     25      -0.085922   0.069880   0.018987   0.004009  -0.002766   0.004017
     26      -0.002450  -0.025468  -0.132205  -0.073668   0.068035   0.237160
     27       0.115362   0.180519  -0.082989  -0.340380  -0.203724   0.060793
     28       0.041012  -0.072832   0.018004   0.165889   0.165149   0.036746
     29       0.047687   0.164409  -0.084175   0.000183   0.026331   0.006680
     30       0.078867  -0.176595   0.087077  -0.036488   0.048464   0.099381
     31      -0.080556  -0.128148   0.015440  -0.000115   0.019669  -0.019003
     32      -0.018252   0.137873  -0.092976  -0.138796  -0.084703  -0.033320
     33      -0.092137  -0.011279   0.271733  -0.031826   0.073853  -0.033064
     34      -0.163547  -0.040443   0.238555   0.396935   0.364883   0.024240
     35      -0.042606  -0.028748   0.137702   0.245177   0.194151   0.031998
     36      -0.049609  -0.059181  -0.001698   0.202983  -0.109663   0.007786
     37      -0.047977  -0.067818   0.124626   0.110364   0.063867   0.070249
     38       0.124586  -0.071824  -0.174524  -0.001044  -0.306863   0.108598
     39       0.232516   0.340722  -0.054794   0.298230   0.027315   0.051440
     40       0.333603   0.332489   0.136530  -0.047942   0.438715  -0.059333
     41       0.213475   0.131173   0.140038   0.006555  -0.021200   0.032282
     42       0.136575   0.170291   0.050022   0.045068  -0.134124   0.020721
     43      -0.115870  -0.161885  -0.192419  -0.249556   0.107761  -0.188105
     44       0.387670   0.355891   0.173273   0.167206   0.185151   0.073378
     45      -0.160287   0.093165  -0.202084  -0.059881   0.292365  -0.136000
     46       0.249435  -0.043946   0.120532  -0.093110  -0.255865   0.155554
     47       0.047924  -0.094613   0.092395  -0.100984  -0.182937   0.038935
     48      -0.111639  -0.140646  -0.255742  -0.064254   0.097067  -0.208623
     49       0.196523   0.163256   0.003944   0.004122  -0.063113  -0.033123
     50      -0.116873  -0.144844  -0.129520   0.079008   0.066494  -0.170948
     51      -0.027723  -0.005006  -0.189970  -0.114798  -0.032896  -0.358792
     52       0.200186   0.169329   0.009302  -0.003785  -0.062419  -0.047177
     53       0.152369   0.102031  -0.097757   0.053252  -0.109851  -0.291729
     54      -0.087303  -0.101110   0.015025  -0.089156   0.021727  -0.072286
     55       0.001016  -0.035719  -0.009878   0.034078  -0.021059  -0.162855
     56       0.077338   0.043000   0.096487   0.014388  -0.014785   0.005382
     57      -0.112235   0.122126   0.347393  -0.118863  -0.034710  -0.314669
     58      -0.172728   0.192780   0.119300  -0.029137   0.013023  -0.080581
     59       0.120825  -0.196834  -0.278388  -0.026469   0.050322   0.371690
     60      -0.074274  -0.023890   0.174939  -0.047982  -0.023337  -0.168432
     61      -0.163337   0.178729   0.107860  -0.017355   0.008827  -0.055466
     62      -0.122145   0.145559   0.006215  -0.108156   0.087287   0.164390
                 18         19         20         21         22         23    
      0       0.124396   0.161302  -0.028488   0.003526  -0.078614   0.059148
      1       0.101597  -0.066911   0.063490   0.029705   0.030321  -0.093741
      2      -0.031303   0.044418   0.003830   0.051529  -0.004071  -0.074133
      3      -0.009546  -0.043334  -0.058023   0.006588   0.027790  -0.060731
      4       0.131567   0.016904  -0.054604  -0.042615  -0.004154   0.072150
      5       0.041172   0.072977  -0.068684  -0.055870  -0.021313   0.076317
      6       0.005525  -0.082287   0.018378   0.004122   0.036310  -0.033921
      7      -0.025927   0.024391  -0.108310   0.016656   0.007611  -0.036835
      8       0.004711  -0.033720   0.058092   0.006923  -0.011346  -0.022213
      9       0.005822  -0.005337   0.025879  -0.015047   0.032476   0.028686
     10      -0.024534  -0.000859   0.132427   0.020264  -0.045536   0.034270
     11      -0.003607   0.002332   0.036714  -0.047022   0.024686   0.028229
     12      -0.122503  -0.046744   0.008114  -0.054220   0.011941   0.109528
     13      -0.013097   0.012134  -0.057386  -0.076374   0.104265   0.016292
     14       0.012596   0.027264   0.082699  -0.052977   0.065334   0.033533
     15       0.000359   0.024169   0.063538   0.011919   0.056380  -0.060576
     16      -0.098994  -0.059652  -0.038620   0.004299  -0.059915   0.024679
     17      -0.085248  -0.060092  -0.047623  -0.003638  -0.020317   0.038166
     18       0.026307   0.028501  -0.013491   0.054246  -0.040991  -0.015826
     19      -0.007742  -0.017279   0.054681   0.104954  -0.004157   0.108649
     20       0.032452   0.027214  -0.011950   0.047748  -0.026638  -0.008335
     21      -0.028302  -0.026108  -0.010114  -0.015227   0.020213   0.009862
     22      -0.003339  -0.000857  -0.016551  -0.005844   0.012417  -0.001582
     23       0.003033   0.002153   0.006324  -0.017689  -0.008638  -0.012984
     24       0.015214   0.023490   0.038299  -0.012463  -0.024811  -0.000258
     25      -0.013910   0.005699   0.088595  -0.072138  -0.100711  -0.047259
     26      -0.027447  -0.035995  -0.062861   0.025970  -0.001770  -0.026942
     27       0.485732  -0.217909   0.080045  -0.090419  -0.009222   0.083249
     28      -0.091068   0.152445   0.067852   0.055496   0.006321  -0.145796
     29       0.137010  -0.131344   0.102178  -0.013254   0.040040  -0.093145
     30      -0.231813   0.526255  -0.152349   0.088636  -0.150898   0.050863
     31      -0.100235   0.014148   0.083512   0.157763   0.063162  -0.254258
     32       0.161814  -0.241021   0.116456   0.047744   0.070839  -0.153656
     33      -0.036856  -0.111175   0.052330  -0.007549   0.017188  -0.101415
     34      -0.289326   0.307527  -0.006551  -0.030076  -0.065561   0.052134
     35      -0.077519   0.139178  -0.034268  -0.055193  -0.040767   0.065350
     36      -0.270638  -0.058125  -0.166868   0.045953   0.109328  -0.189220
     37       0.245242   0.026593  -0.008057  -0.060746  -0.040795   0.129087
     38       0.443548  -0.184213  -0.165202  -0.048565   0.049604   0.082692
     39      -0.079754  -0.074730  -0.065351   0.013136  -0.147626   0.032621
     40       0.095721  -0.056875  -0.294145   0.276930  -0.216954  -0.265009
     41       0.041507   0.002283   0.011086   0.058899  -0.020508  -0.048165
     42      -0.220679  -0.142565  -0.084190   0.034601  -0.133475   0.112055
     43      -0.053631   0.086914   0.127644  -0.309399   0.360477   0.177433
     44       0.162430  -0.002797  -0.118878   0.217649  -0.188797  -0.218035
     45      -0.040663  -0.261484  -0.276555  -0.040888  -0.319269   0.029909
     46      -0.108280   0.423331   0.282811   0.229529   0.342886  -0.297462
     47      -0.091134   0.159155   0.127277   0.079754   0.187093  -0.077760
     48       0.039952   0.015226   0.140899   0.281723  -0.145502   0.101429
     49      -0.007296   0.031795  -0.083777  -0.166020   0.000601  -0.144064
     50       0.033938  -0.037616   0.171335   0.416441  -0.024924   0.339652
     51       0.067221   0.118215  -0.241941  -0.134146  -0.047176  -0.245553
     52      -0.006006   0.036776  -0.090225  -0.170964  -0.000736  -0.145916
     53       0.033362   0.095321  -0.194599  -0.324622  -0.021934  -0.350416
     54       0.031671   0.022823  -0.089537  -0.000847   0.091128  -0.089565
     55       0.030887   0.028717  -0.056861  -0.003701   0.041025  -0.065712
     56       0.002927  -0.019053   0.010188   0.118406   0.091257   0.161224
     57       0.077263   0.065714  -0.145288   0.058888   0.126660   0.028737
     58       0.026155   0.002958  -0.134265   0.113944   0.154216   0.078321
     59      -0.086586  -0.035405   0.247340  -0.229706  -0.354385  -0.197236
     60       0.006252   0.046158   0.244925  -0.061588  -0.171346  -0.006395
     61       0.019436  -0.001133  -0.109473   0.095743   0.132541   0.068220
     62       0.022034  -0.051051  -0.379773   0.283796   0.363236   0.150514
                 24         25         26         27         28         29    
      0      -0.016350  -0.052018  -0.026391   0.011550   0.031981   0.100242
      1      -0.012608  -0.061173   0.017686  -0.024772   0.020583   0.005084
      2       0.002695  -0.041456  -0.010634   0.122585   0.033267  -0.012501
      3       0.016100   0.017077   0.053960   0.002436  -0.036679  -0.266518
      4       0.022169   0.089040  -0.006670   0.057862  -0.012874  -0.034021
      5      -0.003764   0.016778   0.032979  -0.103316  -0.033768  -0.102420
      6      -0.005542  -0.011821  -0.012873   0.019062   0.034038   0.226434
      7       0.001557  -0.047619   0.022495  -0.019111   0.011405   0.073827
      8       0.001430   0.011147  -0.035123   0.026357   0.022017   0.122271
      9       0.040908  -0.027084  -0.106519   0.033342   0.034930   0.097228
     10      -0.053445   0.015804  -0.038002  -0.009583  -0.008650  -0.033507
     11      -0.029800  -0.059587   0.042370   0.136760  -0.009027  -0.137596
     12      -0.001260   0.074908  -0.008359   0.037609   0.030604   0.044395
     13       0.038589   0.042999   0.011726   0.025346   0.007873   0.020681
     14      -0.029314  -0.084273   0.032804  -0.054672   0.011821  -0.013212
     15      -0.002318   0.007071   0.032696  -0.073086  -0.050497  -0.087346
     16      -0.018627  -0.051446  -0.002794  -0.034914  -0.016994  -0.023744
     17       0.016095   0.069009  -0.016518  -0.010821  -0.009702   0.011781
     18      -0.024340   0.033728   0.062642  -0.025121  -0.167713   0.066076
     19       0.001912  -0.004425   0.027682   0.004767   0.002340  -0.037845
     20       0.096294  -0.012074  -0.127786  -0.089895   0.162490  -0.094431
     21       0.106761  -0.057090  -0.126146  -0.025695  -0.058368  -0.075917
     22       0.035584  -0.016465   0.000794  -0.001594   0.004563   0.006949
     23      -0.010369  -0.002892   0.016562   0.018875  -0.317488   0.086905
     24      -0.050419   0.019605   0.084266   0.019894   0.207101  -0.054476
     25       0.027732   0.040428   0.005865   0.005885  -0.011178  -0.017660
     26      -0.060028   0.074987   0.080070  -0.035846   0.199943   0.094768
     27      -0.036163  -0.039652   0.034282  -0.283384  -0.015934   0.083715
     28      -0.074831  -0.325885   0.058879  -0.077148   0.066757   0.032774
     29      -0.062024  -0.231165   0.074977  -0.176529   0.026452  -0.011287
     30       0.008211  -0.035617  -0.076963   0.289258   0.055832   0.050564
     31       0.030062  -0.008495  -0.047604   0.300941   0.048909   0.027370
     32       0.004177  -0.029388  -0.002784   0.065387   0.026648   0.036739
     33       0.005542   0.036699   0.068489  -0.122856  -0.042770  -0.267848
     34      -0.076869  -0.203369   0.033108  -0.257968   0.019476   0.200867
     35      -0.032536  -0.059262   0.042996  -0.206877  -0.020038  -0.013350
     36       0.018735  -0.126366   0.157954  -0.053586  -0.062801  -0.403285
     37       0.020292   0.149886  -0.050630   0.079371  -0.000889   0.032137
     38       0.091806   0.251385   0.005299   0.280901  -0.037941  -0.277392
     39      -0.034795  -0.049451  -0.018421   0.431637   0.068310  -0.152243
     40       0.111668   0.217786  -0.103000  -0.037281  -0.081658   0.041280
     41       0.003824   0.007156  -0.006591  -0.168883  -0.028214   0.034644
     42       0.011798   0.304145   0.021690  -0.271118  -0.099959   0.068584
     43       0.003504  -0.099230   0.055057   0.068355   0.095773   0.054190
     44       0.015710  -0.074421  -0.061244   0.161710  -0.004658  -0.087607
     45      -0.078565  -0.319520   0.009330   0.183562  -0.020946  -0.183327
     46       0.139220   0.419145  -0.036558   0.052441  -0.090959  -0.071180
     47       0.082893   0.291672  -0.024352  -0.037517  -0.038333   0.020573
     48      -0.144900   0.148076   0.061699  -0.124867  -0.064416  -0.100874
     49      -0.074900   0.023022  -0.100468  -0.011956   0.059517   0.004743
     50       0.214352  -0.061129   0.064571  -0.056906   0.037152  -0.131660
     51       0.135855   0.024542   0.422395  -0.041795  -0.320749   0.253352
     52      -0.043504   0.018647  -0.064024  -0.013598  -0.018046   0.005888
     53       0.003556   0.023694  -0.318970  -0.119508   0.147382  -0.064135
     54      -0.703381   0.140907  -0.479453  -0.037023  -0.127997  -0.250876
     55      -0.416466   0.104076  -0.174991  -0.007783  -0.016170  -0.075417
     56       0.011098  -0.103727   0.084924   0.088861  -0.543267   0.063044
     57       0.084910  -0.048709   0.490067   0.060617   0.435471   0.044213
     58      -0.074448  -0.033148  -0.047492  -0.000144  -0.004546  -0.035621
     59       0.080608   0.179413   0.147098  -0.030307   0.185658   0.132304
     60      -0.209279   0.058634   0.101652   0.089866  -0.025766  -0.311718
     61      -0.094211  -0.024665  -0.069439   0.006355  -0.063728   0.003592
     62      -0.230719  -0.031297  -0.042503  -0.040017   0.100327   0.148454
                 30         31         32         33         34         35    
      0       0.084818   0.014131  -0.019079  -0.019220   0.023091  -0.010822
      1       0.219506   0.011009  -0.014865  -0.036475   0.009454   0.009459
      2       0.115808  -0.039525   0.040324   0.092865  -0.011851   0.005660
      3       0.118009  -0.052419   0.058572   0.028435  -0.038280   0.037964
      4      -0.107651  -0.018391   0.019588   0.061894   0.021730  -0.004359
      5       0.034483   0.012889  -0.012594  -0.097599  -0.028260  -0.039587
      6      -0.094242   0.048724  -0.058068   0.043456   0.028035  -0.037407
      7      -0.002948   0.021801  -0.026457  -0.006687   0.034598  -0.021630
      8      -0.047771   0.007164   0.005246   0.040145   0.012122  -0.002160
      9      -0.012233  -0.072806   0.120649  -0.147298  -0.004934   0.134278
     10       0.019716   0.020031  -0.034932   0.017010  -0.202008   0.077571
     11      -0.056914   0.086964  -0.137150  -0.055612   0.094840   0.109909
     12       0.189426  -0.004723  -0.004693   0.024198  -0.022395  -0.019418
     13       0.058406  -0.001852   0.005278   0.009275   0.064069  -0.020490
     14      -0.090923  -0.042291   0.047501   0.072852  -0.019438  -0.059012
     15      -0.252287  -0.000366   0.006903  -0.003780  -0.003824   0.014947
     16      -0.187827  -0.019262   0.026624  -0.013492  -0.023311  -0.001426
     17       0.011856   0.026794  -0.028116  -0.068575  -0.004261   0.034945
     18       0.028500  -0.048741   0.010571  -0.005575  -0.012709   0.004819
     19       0.011320  -0.009257   0.043598  -0.017657   0.087947  -0.036320
     20       0.007130   0.024953   0.001410   0.050425  -0.007411  -0.051920
     21       0.008488   0.024888  -0.048623   0.043099   0.010010  -0.039547
     22      -0.000277   0.016227  -0.027078   0.020099  -0.077272   0.029147
     23       0.027911  -0.064513  -0.020724  -0.003646  -0.010426  -0.005221
     24      -0.028496   0.033031   0.018201  -0.019007   0.013242   0.028477
     25       0.011003  -0.035253   0.022005  -0.018665   0.093011  -0.029490
     26      -0.001075  -0.026076   0.076072  -0.014492  -0.031056  -0.000655
     27       0.174541   0.104331  -0.115167  -0.272213   0.028830  -0.068807
     28       0.266888  -0.077853   0.069563   0.329775   0.163240   0.362234
     29       0.239526  -0.029544   0.022184   0.149877   0.106437   0.225668
     30      -0.072747  -0.071756   0.073273   0.179256  -0.010429  -0.011146
     31       0.053478   0.012463  -0.014080  -0.160221  -0.088800  -0.472689
     32       0.144652   0.038128  -0.041848  -0.164719  -0.042825  -0.289066
     33       0.226155   0.004168   0.010536  -0.112894  -0.266959  -0.130695
     34       0.089021   0.087766  -0.105659  -0.171475   0.104379  -0.033693
     35       0.089842   0.054907  -0.058730  -0.180593  -0.037070  -0.082485
     36       0.092944  -0.061524   0.043228  -0.096859   0.380282  -0.109361
     37      -0.097470  -0.011357   0.022451   0.116461  -0.157708   0.053425
     38      -0.198138  -0.097001   0.098090   0.226730   0.082477   0.033448
     39       0.176548   0.095461  -0.129007  -0.232929  -0.237857  -0.269855
     40      -0.037288   0.081333  -0.052696  -0.117040   0.172020   0.276745
     41      -0.119019  -0.031107   0.051809   0.088730   0.069500   0.114970
     42       0.228671   0.162276  -0.227622   0.387572   0.252271   0.174074
     43       0.070821  -0.130989   0.169879  -0.002915  -0.048720  -0.185018
     44      -0.158745   0.002241   0.006729  -0.245386  -0.090437   0.022672
     45      -0.457719  -0.068158   0.072632  -0.032854  -0.113814  -0.156136
     46      -0.246339   0.085712  -0.075820  -0.209390  -0.037029  -0.041816
     47       0.031762   0.074273  -0.073754  -0.126182   0.012411   0.058221
     48       0.051465  -0.378615  -0.400027   0.222901  -0.115666  -0.219852
     49      -0.003391  -0.043364  -0.055810  -0.012583  -0.065907   0.045070
     50       0.027164   0.123195   0.205583   0.019821   0.234850  -0.151014
     51       0.048752   0.456077   0.355141   0.163534  -0.197617  -0.135930
     52       0.010456   0.007214  -0.047688   0.034620  -0.067272   0.007509
     53       0.001486  -0.029933  -0.192948   0.111773  -0.202996   0.021832
     54       0.025302  -0.009712   0.056939   0.003014   0.363027  -0.198625
     55       0.007854  -0.020882   0.031410  -0.010011   0.120442  -0.056842
     56       0.032945   0.168880   0.117264  -0.003174  -0.012511   0.042160
     57      -0.138163  -0.323866  -0.564418  -0.001134  -0.047015   0.009852
     58       0.006354   0.056373  -0.034570   0.033466  -0.075463   0.014146
     59       0.011114  -0.156337   0.170777  -0.094297   0.194109  -0.053486
     60      -0.000385   0.544463   0.130754   0.206424  -0.065682  -0.036726
     61       0.010582   0.051423   0.034612   0.000339  -0.054809   0.032283
     62       0.001648   0.091178   0.104822   0.006620  -0.264420   0.102576
                 36         37         38         39         40         41    
      0       0.024678  -0.015797   0.001436  -0.002506   0.000426   0.019731
      1      -0.001860   0.023057  -0.032892  -0.014339   0.046885  -0.105474
      2      -0.026785   0.015687   0.030307   0.010177   0.051312  -0.090442
      3      -0.011236  -0.014458  -0.005848  -0.002359  -0.029496   0.034985
      4       0.029484  -0.019430  -0.013290  -0.013647   0.000837   0.008965
      5       0.003236  -0.009365   0.031303   0.012967  -0.003752   0.008258
      6      -0.016819   0.019265  -0.007505   0.000320   0.006969  -0.001135
      7      -0.039889   0.054523   0.022541   0.022902  -0.009451   0.003439
      8       0.019702  -0.013979  -0.028341  -0.018346   0.000745  -0.003961
      9       0.038924  -0.003031   0.044425   0.027234  -0.045311   0.008939
     10      -0.011767  -0.141457  -0.029207  -0.028634   0.020969  -0.013837
     11      -0.015365  -0.008542   0.040037   0.059376   0.038137   0.009773
     12      -0.005384   0.003271  -0.006287  -0.021612   0.118582   0.061918
     13       0.008517   0.023176   0.010751   0.016468  -0.052419  -0.025546
     14       0.004889  -0.016899   0.024866   0.007936  -0.044424  -0.042286
     15      -0.014365   0.019695  -0.016239  -0.004042   0.006957  -0.023405
     16       0.000841  -0.002823   0.005907  -0.003401   0.029922   0.013804
     17      -0.011784   0.035491  -0.067430  -0.022665  -0.022060   0.033566
     18      -0.003846   0.009438   0.055885  -0.109045  -0.031373  -0.051267
     19      -0.031214   0.007188  -0.004372   0.003752  -0.004742   0.007538
     20      -0.013766  -0.002197  -0.014059  -0.020275   0.003180   0.001330
     21      -0.021345  -0.007604  -0.017532  -0.009192   0.013937   0.015068
     22       0.067456   0.044886   0.017636   0.011726  -0.005275  -0.008173
     23       0.004663  -0.000394  -0.013699   0.019462  -0.000155   0.001332
     24       0.010481  -0.020137  -0.026660   0.131258   0.001175  -0.044002
     25      -0.028274   0.006355  -0.002976  -0.007171  -0.001379   0.009803
     26       0.015271   0.011283   0.009147  -0.032815  -0.013837   0.004207
     27       0.080605  -0.030745  -0.055939  -0.031588   0.013908  -0.069769
     28      -0.054007   0.055358  -0.134879  -0.017800  -0.321213   0.537438
     29      -0.022120   0.029479  -0.094829  -0.016414  -0.217157   0.328786
     30      -0.014185  -0.007411   0.054229   0.014138   0.065266  -0.138617
     31       0.199800  -0.359008   0.394601   0.122302  -0.110190   0.334793
     32       0.132522  -0.224259   0.241027   0.076924  -0.100405   0.310665
     33      -0.385499   0.307207   0.374063   0.218418   0.038376  -0.015999
     34       0.145946  -0.110396  -0.107275  -0.067317  -0.019659   0.055263
     35      -0.027274   0.021190   0.072900   0.036774   0.000017   0.020189
     36       0.502385  -0.229400  -0.191076  -0.167509   0.154879  -0.182092
     37      -0.192859   0.073512   0.067894   0.058448  -0.080965   0.110206
     38       0.108773  -0.081967  -0.068940  -0.058916  -0.008314   0.076691
     39      -0.071786   0.099477  -0.381200  -0.102338  -0.594459  -0.186545
     40       0.010888  -0.026071   0.106615   0.028450   0.210222   0.108523
     41       0.020469  -0.058168   0.150750   0.031718   0.226475   0.065468
     42       0.053592  -0.281066   0.296303   0.186607  -0.438123  -0.299541
     43      -0.007909   0.106617  -0.060761  -0.067696   0.148464   0.084165
     44      -0.023718   0.114323  -0.136708  -0.051939   0.149763   0.119004
     45      -0.013462  -0.004379   0.038782   0.035006  -0.120714  -0.040846
     46      -0.021917   0.052496  -0.088215  -0.006178  -0.149500   0.049045
     47      -0.019071   0.058074  -0.110698  -0.033525  -0.047504   0.058925
     48       0.334078   0.352949  -0.202321   0.499250   0.076338   0.177536
     49       0.034943   0.017990   0.027490  -0.016940  -0.006296  -0.006821
     50      -0.167317  -0.075333  -0.027517  -0.083134  -0.012837  -0.015949
     51      -0.159259  -0.289641  -0.315704   0.265569   0.148839   0.162197
     52       0.016206  -0.022122  -0.011086   0.008171   0.003811  -0.006264
     53       0.081424   0.007039   0.031715  -0.075335  -0.013918  -0.055559
     54      -0.276453  -0.141863  -0.088112  -0.062861   0.043142   0.074482
     55      -0.077355  -0.035096  -0.023607  -0.017303   0.009001   0.022441
     56       0.013675   0.016789   0.042917   0.018996  -0.001401  -0.015306
     57      -0.246715  -0.216595   0.060048  -0.474915   0.055721   0.135630
     58       0.014476  -0.009445  -0.001670  -0.022370   0.006913   0.001560
     59      -0.039021   0.029728   0.006421  -0.005983  -0.027047   0.013802
     60       0.321012   0.452813   0.249245  -0.474641  -0.010990   0.156322
     61       0.034277   0.011085   0.003743   0.038234  -0.004026  -0.010553
     62       0.115416   0.016836   0.021193   0.051275  -0.015635  -0.028076
                 42         43         44         45         46         47    
      0       0.031582  -0.011469   0.000901   0.008225   0.066731  -0.046793
      1      -0.027370   0.041765   0.000388  -0.000165   0.008706  -0.010601
      2      -0.001008   0.034745  -0.002394  -0.001063   0.006253  -0.007328
      3      -0.131787   0.014596   0.000624   0.001029  -0.003538   0.014709
      4       0.085308  -0.028455   0.002836   0.000949  -0.003504   0.015098
      5       0.004947   0.004895  -0.001262   0.002617  -0.002975   0.023280
      6       0.002486  -0.022652   0.000341  -0.000197  -0.002639   0.003181
      7      -0.027626   0.000541  -0.001881   0.000041  -0.002311   0.003145
      8      -0.010983  -0.002797   0.001215   0.000028  -0.000278   0.003797
      9       0.028743   0.159065  -0.004642  -0.002866   0.005470  -0.000001
     10       0.041167   0.000978   0.001958   0.002830   0.003580  -0.005209
     11      -0.010531   0.003596  -0.012003   0.004105  -0.006113  -0.002667
     12      -0.009840  -0.053384   0.004595   0.010730   0.002357   0.019838
     13      -0.003381   0.024015   0.002205   0.032497   0.036696   0.048815
     14      -0.004919   0.015007  -0.000378  -0.014300  -0.010911  -0.023008
     15      -0.009900   0.003745  -0.002131   0.000423   0.008084  -0.003828
     16      -0.002614  -0.002357  -0.002386   0.001649   0.005250   0.001997
     17       0.016166  -0.019140   0.003544  -0.000337  -0.004293   0.001339
     18      -0.019619  -0.145685   0.002725  -0.004381   0.005124   0.006286
     19      -0.005568   0.016846  -0.046087   0.009167  -0.002091  -0.001141
     20      -0.001325  -0.013172   0.001522  -0.048004   0.003214  -0.006601
     21       0.003241   0.024838  -0.006738   0.000851  -0.002269  -0.002830
     22      -0.005188  -0.026795   0.000999  -0.000222   0.000126   0.000524
     23       0.000632  -0.003822  -0.089600   0.009149  -0.001248  -0.001171
     24      -0.019802  -0.134676  -0.001604   0.000656   0.002646   0.005481
     25      -0.004908   0.016675   0.045524  -0.008209   0.000988   0.002191
     26       0.007072   0.030092  -0.001684  -0.060983   0.036850   0.038268
     27      -0.007133   0.027019  -0.002175  -0.057453  -0.433997   0.290598
     28       0.226199  -0.229127   0.008995   0.019959   0.095322  -0.055106
     29       0.149863  -0.139080   0.001482  -0.041148  -0.348512   0.242418
     30       0.057412   0.045526  -0.009008  -0.059215  -0.411757   0.269670
     31      -0.061690  -0.079132  -0.004614  -0.028934  -0.221146   0.170541
     32      -0.037391  -0.088049   0.002791   0.037720   0.275659  -0.170687
     33       0.610723  -0.084042  -0.012236  -0.007942   0.032560  -0.155221
     34      -0.394770   0.020024   0.003462  -0.015203   0.058488  -0.214322
     35      -0.009890  -0.001872  -0.002863  -0.005321   0.021916  -0.079787
     36       0.525449  -0.077058   0.007792   0.001196   0.028477  -0.032611
     37      -0.209080   0.007696  -0.000088   0.000944  -0.014295   0.031084
     38      -0.076014  -0.071415  -0.002913  -0.018866   0.058430  -0.262418
     39       0.075855   0.009032  -0.011916  -0.143891  -0.137756  -0.223390
     40      -0.025045  -0.047032  -0.027627  -0.269640  -0.300851  -0.382425
     41      -0.032488  -0.019402  -0.008662  -0.079875  -0.087862  -0.109885
     42       0.034113   0.242174  -0.014044   0.027792   0.052737   0.029979
     43      -0.042393  -0.122514  -0.011047  -0.166789  -0.188067  -0.237914
     44       0.012677  -0.031684   0.033834   0.260007   0.270917   0.387018
     45      -0.025091   0.022960   0.018999   0.007055  -0.012751  -0.014721
     46       0.018528  -0.030058   0.015434   0.010812  -0.012865   0.002166
     47       0.028537  -0.037144   0.004686   0.001813  -0.005065   0.005266
     48       0.005501   0.381361   0.121853  -0.004700  -0.021132  -0.018128
     49       0.001730  -0.018060  -0.054518  -0.232529   0.028924  -0.014753
     50      -0.013546  -0.043071   0.000246   0.326623  -0.038712   0.019106
     51       0.104227   0.428919  -0.067545  -0.003749  -0.008327  -0.022207
     52       0.003502   0.001546   0.065081   0.236493  -0.024543   0.017957
     53      -0.010779  -0.139996   0.191698   0.301931  -0.031269   0.025799
     54       0.027881   0.190953   0.073688  -0.019723   0.002949   0.000124
     55       0.008381   0.059336  -0.011107   0.002014   0.000008  -0.000200
     56      -0.001629   0.001636   0.915860  -0.229927   0.054989   0.041664
     57       0.085407   0.453403   0.103143   0.046771  -0.041271  -0.054355
     58       0.006971  -0.005695  -0.085576  -0.287725   0.163134   0.171024
     59      -0.009771   0.065624   0.192282   0.339291  -0.194515  -0.202725
     60      -0.002747   0.366270  -0.121687   0.039672  -0.027479  -0.021991
     61      -0.001217  -0.016322   0.069433   0.268420  -0.150890  -0.158690
     62       0.010008  -0.027693   0.041102   0.386500  -0.208169  -0.219857
                 48         49         50         51         52         53    
      0      -0.004252  -0.025165   0.001203   0.001891   0.008192  -0.003043
      1      -0.000905  -0.001899   0.034310  -0.001141  -0.004377   0.001163
      2      -0.001299  -0.000564  -0.024550   0.002757   0.009889  -0.002779
      3       0.000660  -0.030714  -0.002949   0.002250   0.005941  -0.001383
      4       0.001647  -0.037167   0.001667   0.000557   0.000808  -0.000707
      5      -0.002306  -0.063168   0.002284  -0.021673  -0.066624   0.017659
      6       0.002086  -0.003743   0.000999  -0.000844  -0.002256   0.000180
      7      -0.001236  -0.005519  -0.001491  -0.000255  -0.000460  -0.000141
      8       0.001405  -0.005800   0.000801  -0.000457  -0.001220   0.000269
      9      -0.024169   0.013757  -0.001350   0.000923   0.000995   0.003297
     10       0.004141   0.010335   0.004891   0.000526   0.001626  -0.000033
     11      -0.002683  -0.004706   0.001300  -0.001543   0.000772   0.000066
     12       0.009485   0.004203   0.043327  -0.000188   0.001391   0.001010
     13       0.025896   0.016024  -0.014083   0.000052  -0.003354   0.006004
     14      -0.007801  -0.005777   0.030761  -0.000776   0.006172  -0.004452
     15      -0.000709  -0.004524  -0.074554  -0.000166  -0.000269  -0.000122
     16      -0.001352  -0.001523  -0.053709   0.000065   0.000377  -0.000048
     17      -0.001054   0.002350  -0.006284  -0.000113  -0.000004   0.000145
     18       0.014855  -0.001633  -0.002114   0.005472  -0.004610  -0.010151
     19       0.000116  -0.001756   0.000402  -0.005518   0.004513   0.012760
     20       0.085483  -0.006598   0.000447   0.028321  -0.023977  -0.053555
     21       0.005344  -0.001202   0.000644   0.000538   0.000371   0.002148
     22      -0.003014  -0.000242  -0.000473  -0.000050  -0.000250  -0.001135
     23       0.000235   0.000498   0.001643   0.000667  -0.000118  -0.000269
     24      -0.001176  -0.002007  -0.000704  -0.001027  -0.000120  -0.000629
     25       0.002778  -0.000840  -0.002003   0.004106  -0.000419   0.004206
     26      -0.055357   0.014234   0.003131   0.055406  -0.008065   0.035801
     27       0.019569   0.162532   0.033043   0.003313   0.002302   0.003944
     28      -0.003812  -0.044088   0.051433   0.001519  -0.001780   0.004623
     29       0.015919   0.123877   0.007334  -0.002461   0.001940  -0.005779
     30       0.015788   0.158089  -0.067752  -0.025349  -0.098302   0.032409
     31       0.009490   0.046595  -0.142931   0.016096   0.063648  -0.020942
     32      -0.013771  -0.134694  -0.075351  -0.030445  -0.117228   0.038459
     33      -0.005025   0.345622  -0.032142  -0.046976  -0.140414   0.036709
     34       0.014569   0.523319  -0.012793  -0.079203  -0.242928   0.064334
     35       0.000364   0.176030  -0.009308   0.267660   0.818735  -0.215220
     36       0.007211  -0.003779   0.025456   0.031808   0.102537  -0.027010
     37      -0.000797  -0.042416  -0.010888   0.066987   0.216403  -0.054465
     38       0.020740   0.637106  -0.042176  -0.004993  -0.014334   0.003115
     39      -0.096726  -0.073251  -0.221431   0.000536  -0.019199   0.018586
     40      -0.206998  -0.141496   0.008632  -0.002766   0.029012  -0.026586
     41      -0.062497  -0.042959   0.108678   0.008786  -0.084075   0.084701
     42       0.043010   0.029611   0.054133   0.001242   0.006694  -0.028462
     43      -0.122710  -0.092458   0.034905   0.001642   0.009510  -0.043403
     44       0.185118   0.130691  -0.047503   0.001976   0.009421  -0.031939
     45       0.008837   0.031429   0.762508   0.001130   0.001294  -0.000944
     46       0.014288   0.033627   0.545931   0.000031  -0.002426   0.000456
     47       0.002251   0.005923  -0.000664   0.000523   0.004926  -0.001776
     48      -0.081679  -0.004174  -0.008985  -0.020795   0.015855   0.035043
     49       0.353512  -0.022039  -0.000107  -0.233400   0.187994   0.394360
     50      -0.433070   0.026551   0.004153  -0.150569   0.122069   0.256454
     51       0.005284   0.009072   0.005049  -0.030114   0.025789   0.056131
     52      -0.355968   0.026081  -0.000487   0.296734  -0.243376  -0.548478
     53      -0.456091   0.032102  -0.003096  -0.190731   0.158727   0.358580
     54       0.000557   0.002441  -0.000791  -0.004203  -0.004086  -0.019197
     55      -0.005858   0.001383  -0.000205   0.003509   0.004762   0.020841
     56       0.022813   0.009747  -0.019386   0.005261  -0.001790   0.000511
     57       0.043748  -0.010115   0.007331  -0.005283   0.000743  -0.003622
     58      -0.218789   0.051472   0.015202  -0.520045   0.075573  -0.329118
     59       0.256257  -0.059884  -0.020739  -0.361144   0.050770  -0.230829
     60      -0.003321  -0.013314   0.008964  -0.008142   0.000720  -0.004708
     61       0.202153  -0.045505  -0.012200   0.469630  -0.076551   0.278319
     62       0.259966  -0.058675  -0.009515  -0.288924   0.046993  -0.172307
                 54         55         56         57         58         59    
      0      -0.062729  -0.026056   0.001014   0.008102  -0.000552   0.001931
      1      -0.005918  -0.004849  -0.007582  -0.043195   0.001229   0.022947
      2       0.002732   0.003457   0.010910   0.062331  -0.001960  -0.033257
      3       0.005552   0.002356   0.002515   0.019691   0.000597   0.021099
      4       0.008044   0.002397   0.006024   0.043891   0.001051   0.046633
      5      -0.007803  -0.011464  -0.000597  -0.000375   0.000592  -0.014140
      6      -0.000046  -0.000204  -0.000004   0.000130   0.000032   0.000085
      7      -0.000061  -0.000074  -0.000374   0.000089   0.000002  -0.000445
      8      -0.000068  -0.000022  -0.000023  -0.000092   0.000039   0.000042
      9       0.000024   0.000052  -0.000244  -0.000588   0.000476  -0.000148
     10       0.000398  -0.001025   0.001511  -0.000728  -0.000863  -0.000133
     11       0.000344  -0.000769  -0.000113   0.000059   0.000578   0.000458
     12       0.000362  -0.000285  -0.001309   0.001862   0.011953   0.027281
     13      -0.020658   0.048282   0.003747   0.000473   0.011576   0.030371
     14       0.017570  -0.043656  -0.006599   0.003672   0.021150   0.045920
     15      -0.000403   0.001220   0.000256  -0.000505  -0.000194  -0.000138
     16      -0.000607  -0.000826   0.000008   0.001834   0.000272  -0.000886
     17      -0.000983   0.001295   0.000018  -0.002162  -0.000475  -0.000176
     18      -0.000402   0.001233   0.000512  -0.000158  -0.001779   0.000516
     19       0.001973  -0.004995   0.025526  -0.004049  -0.088118   0.020057
     20      -0.000860   0.002871   0.004372  -0.000811  -0.008519   0.003163
     21       0.000049  -0.000351   0.001451  -0.000185  -0.000808   0.000227
     22      -0.000171   0.000422  -0.004843   0.000763   0.002557  -0.000839
     23      -0.000054   0.000203  -0.000822   0.000105  -0.001185   0.000197
     24      -0.000078   0.000116   0.000048  -0.000015   0.000422  -0.000085
     25       0.002714  -0.007928   0.091579  -0.014445   0.026168  -0.002744
     26       0.000821  -0.004653  -0.002808   0.000790   0.001071  -0.000555
     27       0.373219   0.168612   0.052026   0.284092  -0.007611  -0.185573
     28       0.338761   0.152475   0.044363   0.244204  -0.006168  -0.159016
     29      -0.444935  -0.197309  -0.059040  -0.322237   0.008602   0.210472
     30       0.360210   0.136452  -0.064649  -0.387181   0.011532   0.162405
     31      -0.255723  -0.092349   0.043806   0.261030  -0.008551  -0.109753
     32       0.424853   0.158183  -0.072338  -0.428612   0.013659   0.181766
     33      -0.014919  -0.023308  -0.001684  -0.001930   0.000139  -0.029694
     34      -0.023276  -0.037804  -0.001321   0.000127   0.002089  -0.042612
     35       0.088871   0.135298   0.009029   0.017560  -0.007301   0.171975
     36      -0.037714   0.001875  -0.030800  -0.226240  -0.006572  -0.220355
     37      -0.073595   0.006662  -0.070826  -0.516734  -0.014314  -0.504605
     38      -0.000985  -0.000229   0.000183  -0.000712   0.000029  -0.001894
     39      -0.078394   0.181377   0.023910  -0.005980  -0.030367  -0.061564
     40       0.108630  -0.258346  -0.032506   0.013739   0.051224   0.095156
     41      -0.312558   0.737392   0.086169  -0.033222  -0.131035  -0.251509
     42       0.083205  -0.188430  -0.007023  -0.011469  -0.111291  -0.266079
     43       0.135129  -0.300814  -0.013348  -0.018128  -0.182645  -0.447883
     44       0.097099  -0.214092  -0.010298  -0.012686  -0.121713  -0.293625
     45      -0.000114  -0.009455  -0.001318   0.007656   0.002583   0.004302
     46      -0.003799   0.009005  -0.000661  -0.017155  -0.003129   0.004149
     47       0.011935  -0.018394   0.000333   0.029854   0.007318  -0.001285
     48      -0.000168  -0.000057  -0.017924   0.003149   0.059773  -0.016313
     49      -0.004130   0.004288  -0.186958   0.030859   0.605413  -0.148991
     50      -0.002779   0.002933  -0.126316   0.020903   0.409293  -0.101597
     51       0.002422  -0.006743   0.013232  -0.002101  -0.051048   0.011153
     52      -0.018405   0.052891  -0.112929   0.016859   0.447579  -0.094217
     53       0.012975  -0.036260   0.076456  -0.011616  -0.304825   0.062435
     54      -0.001110   0.003745  -0.024905   0.003893   0.013042  -0.004215
     55       0.002537  -0.006996   0.057223  -0.009332  -0.030230   0.009270
     56      -0.000105   0.000076   0.005054  -0.000803   0.001760  -0.000842
     57       0.000294  -0.001038  -0.000909   0.000039  -0.000765  -0.000155
     58      -0.022970   0.086303  -0.484120   0.072959  -0.154107   0.019159
     59      -0.017560   0.063841  -0.350794   0.053038  -0.112152   0.013759
     60       0.001139  -0.002755   0.006166  -0.000685   0.001543   0.000648
     61      -0.011140   0.011583  -0.609084   0.099180  -0.163152   0.014659
     62       0.006117  -0.005903   0.391560  -0.063857   0.104943  -0.009560
                 60         61         62    
      0       0.004211   0.000006  -0.000494
      1       0.020304  -0.000055   0.004494
      2      -0.028742  -0.000007  -0.002422
      3       0.021350   0.000064   0.000230
      4       0.047363   0.000014   0.000411
      5      -0.015575   0.000040  -0.000251
      6       0.000234  -0.000012  -0.000064
      7       0.000166  -0.000003  -0.000032
      8       0.000003  -0.000011   0.000142
      9      -0.001109  -0.000575   0.000005
     10      -0.000359  -0.000312  -0.000014
     11      -0.000601   0.000048   0.000054
     12      -0.028544  -0.000133  -0.002869
     13      -0.030240  -0.000109   0.001412
     14      -0.049470  -0.000073  -0.003044
     15       0.000440  -0.000041  -0.013354
     16      -0.001354   0.000025   0.018401
     17       0.002248  -0.000112  -0.067647
     18      -0.000524  -0.001691   0.000194
     19      -0.017426  -0.006169   0.000070
     20      -0.003098   0.002293  -0.000019
     21      -0.000128   0.038241  -0.000060
     22       0.000663  -0.060795   0.000084
     23      -0.000072  -0.003806   0.000033
     24      -0.000063  -0.002042  -0.000012
     25       0.003582  -0.006062   0.000246
     26      -0.000035  -0.002132  -0.000075
     27      -0.170369  -0.000002  -0.014446
     28      -0.146541  -0.000031  -0.016378
     29       0.194415   0.000057   0.019039
     30       0.134308  -0.000115   0.014879
     31      -0.086801   0.000038  -0.012858
     32       0.148172  -0.000044   0.018848
     33      -0.033047   0.000016  -0.000589
     34      -0.046986   0.000009  -0.000590
     35       0.189641  -0.000284   0.003081
     36      -0.220440  -0.000141  -0.000850
     37      -0.506604  -0.000343  -0.000469
     38      -0.001330  -0.000018   0.000231
     39       0.068509  -0.000238   0.008556
     40      -0.110549   0.000148  -0.009744
     41       0.288768   0.000144   0.032611
     42       0.271232   0.000516   0.008270
     43       0.456930   0.001519   0.008168
     44       0.300947   0.000889   0.003990
     45      -0.011012   0.000395   0.206404
     46       0.013154  -0.000608  -0.298150
     47      -0.031596   0.001504   0.927566
     48       0.014934   0.005281   0.000051
     49       0.132666   0.022739  -0.001436
     50       0.090831   0.014836  -0.000995
     51      -0.008988  -0.007597  -0.000197
     52       0.077856   0.039324  -0.000275
     53      -0.051420  -0.022000   0.000297
     54       0.003452  -0.475639   0.000792
     55      -0.007874   0.872090  -0.001323
     56       0.000859   0.048552  -0.000029
     57      -0.000123  -0.003771  -0.000200
     58      -0.019298   0.038033  -0.000349
     59      -0.014113   0.023382  -0.000047
     60      -0.000756   0.002741  -0.000139
     61      -0.025701   0.022838  -0.001839
     62       0.016607  -0.014426   0.001300
# -----------------------------------------------------------
$ THERMOCHEMISTRY_Energies
   description: The Thermochemistry energies
   geom. index: 1
   prop. index: 1
        Temperature (Kelvin)           :        298.1500000000
        Pressure (atm)                 :          1.0000000000
        Total Mass (AMU)               :        128.1750000000
        Spin Degeneracy                :          1.0000000000
        Electronic Energy (Hartree)    :       -420.7276157160
        Translational Energy (Hartree) :          0.0014162714
        Rotational Energy (Hartree)    :          0.0014162714
        Vibrational Energy (Hartree)   :          0.0047498651
        Number of frequencies          :     63      
        Scaling Factor for frequencies :          1.0000000000
        Vibrational frequencies        :     
                  0    
      0       0.000000
      1       0.000000
      2       0.000000
      3       0.000000
      4       0.000000
      5       0.000000
      6      61.997098
      7     103.433388
      8     253.052502
      9     281.464582
     10     377.541536
     11     384.939184
     12     408.627686
     13     488.449692
     14     518.592405
     15     666.104812
     16     749.198116
     17     857.606394
     18     891.705919
     19     909.407694
     20     930.469875
     21     971.281339
     22     985.340871
     23     996.355264
     24     1056.141644
     25     1075.887509
     26     1089.489916
     27     1121.552229
     28     1149.870561
     29     1160.528340
     30     1184.277038
     31     1212.195922
     32     1221.168151
     33     1253.098512
     34     1264.543472
     35     1302.216492
     36     1318.055508
     37     1340.987600
     38     1359.418902
     39     1368.373338
     40     1393.305677
     41     1431.979533
     42     1446.959869
     43     1451.082855
     44     1494.857679
     45     1515.952971
     46     1523.089273
     47     1525.160014
     48     1540.999183
     49     1545.712527
     50     1572.564251
     51     2913.758568
     52     2919.901432
     53     2922.989043
     54     2946.968949
     55     2949.946224
     56     2983.292594
     57     2984.340313
     58     2985.566764
     59     3001.479409
     60     3003.499549
     61     3212.281142
     62     3223.204476
        Zero Point Energy (Hartree)    :          0.1886374416
        Inner Energy (Hartree)         :       -420.5313958666
        Enthalpy (Hartree)             :       -420.5304516575
        Electronic entropy             :          0.0000000000
        Rotational entropy             :          0.0135676918
        Vibrational entropy            :          0.0078013903
        Translational entropy          :          0.0135676918
        Entropy                        :          0.0405918800
        Gibbs Energy (Hartree)         :       -420.5710435375
        Is Linear                      :                 false
# -----------------------------------------------------------
$ PAL_Flags
   description: The PAL Flags
   geom. index: 2
   prop. index: 1
        Diskflag:     2
# -----------------------------------------------------------
$ SCF_Energy
   description: The SCF energy
   geom. index: 2
   prop. index: 1
        SCF Energy:     -420.7018425046
# -----------------------------------------------------------
$ DFT_Energy
   description: The DFT energy
   geom. index: 2
   prop. index: 1
   Number of Alpha Electrons                 34.9999772174 
   Number of Beta  Electrons                 34.9999772174 
   Total number of  Electrons                69.9999544349 
   Exchange energy                          -38.1523393327 
   Correlation energy                        -2.9028349390 
   Correlation energy NL                      0.0000000000 
   Exchange-Correlation energy              -41.0551742716 
   Embedding correction                       0.0000000000 
   Total DFT Energy (No VdW correction)    -420.7018425046 
# -----------------------------------------------------------
$ VdW_Correction
   description: The Van der Waals Correction
   geom. index: 2
   prop. index: 1
        Van der Waals Correction:       -0.0352584742
# -----------------------------------------------------------
$ PAL_Flags
   description: The PAL Flags
   geom. index: 3
   prop. index: 1
        Diskflag:     2
# -----------------------------------------------------------
$ SCF_Energy
   description: The SCF energy
   geom. index: 3
   prop. index: 1
        SCF Energy:     -420.7027984532
# -----------------------------------------------------------
$ DFT_Energy
   description: The DFT energy
   geom. index: 3
   prop. index: 1
   Number of Alpha Electrons                 34.9999417380 
   Number of Beta  Electrons                 34.9999417380 
   Total number of  Electrons                69.9998834759 
   Exchange energy                          -38.1483435285 
   Correlation energy                        -2.9024736785 
   Correlation energy NL                      0.0000000000 
   Exchange-Correlation energy              -41.0508172069 
   Embedding correction                       0.0000000000 
   Total DFT Energy (No VdW correction)    -420.7027984532 
# -----------------------------------------------------------
$ VdW_Correction
   description: The Van der Waals Correction
   geom. index: 3
   prop. index: 1
        Van der Waals Correction:       -0.0352231490
# -----------------------------------------------------------
$ PAL_Flags
   description: The PAL Flags
   geom. index: 4
   prop. index: 1
        Diskflag:     2
# -----------------------------------------------------------
$ SCF_Energy
   description: The SCF energy
   geom. index: 4
   prop. index: 1
        SCF Energy:     -420.7032028480
# -----------------------------------------------------------
$ DFT_Energy
   description: The DFT energy
   geom. index: 4
   prop. index: 1
   Number of Alpha Electrons                 34.9999120150 
   Number of Beta  Electrons                 34.9999120150 
   Total number of  Electrons                69.9998240300 
   Exchange energy                          -38.1467299758 
   Correlation energy                        -2.9023557958 
   Correlation energy NL                      0.0000000000 
   Exchange-Correlation energy              -41.0490857716 
   Embedding correction                       0.0000000000 
   Total DFT Energy (No VdW correction)    -420.7032028480 
# -----------------------------------------------------------
$ VdW_Correction
   description: The Van der Waals Correction
   geom. index: 4
   prop. index: 1
        Van der Waals Correction:       -0.0352130701
# -----------------------------------------------------------
$ PAL_Flags
   description: The PAL Flags
   geom. index: 5
   prop. index: 1
        Diskflag:     2
# -----------------------------------------------------------
$ SCF_Energy
   description: The SCF energy
   geom. index: 5
   prop. index: 1
        SCF Energy:     -420.7035781098
# -----------------------------------------------------------
$ DFT_Energy
   description: The DFT energy
   geom. index: 5
   prop. index: 1
   Number of Alpha Electrons                 34.9999338346 
   Number of Beta  Electrons                 34.9999338346 
   Total number of  Electrons                69.9998676692 
   Exchange energy                          -38.1464618743 
   Correlation energy                        -2.9023806649 
   Correlation energy NL                      0.0000000000 
   Exchange-Correlation energy              -41.0488425393 
   Embedding correction                       0.0000000000 
   Total DFT Energy (No VdW correction)    -420.7035781098 
# -----------------------------------------------------------
$ VdW_Correction
   description: The Van der Waals Correction
   geom. index: 5
   prop. index: 1
        Van der Waals Correction:       -0.0352143806
# -----------------------------------------------------------
$ PAL_Flags
   description: The PAL Flags
   geom. index: 6
   prop. index: 1
        Diskflag:     2
# -----------------------------------------------------------
$ SCF_Energy
   description: The SCF energy
   geom. index: 6
   prop. index: 1
        SCF Energy:     -420.7039554566
# -----------------------------------------------------------
$ DFT_Energy
   description: The DFT energy
   geom. index: 6
   prop. index: 1
   Number of Alpha Electrons                 34.9999365310 
   Number of Beta  Electrons                 34.9999365310 
   Total number of  Electrons                69.9998730620 
   Exchange energy                          -38.1472171763 
   Correlation energy                        -2.9025097701 
   Correlation energy NL                      0.0000000000 
   Exchange-Correlation energy              -41.0497269464 
   Embedding correction                       0.0000000000 
   Total DFT Energy (No VdW correction)    -420.7039554566 
# -----------------------------------------------------------
$ VdW_Correction
   description: The Van der Waals Correction
   geom. index: 6
   prop. index: 1
        Van der Waals Correction:       -0.0352270765
# -----------------------------------------------------------
$ PAL_Flags
   description: The PAL Flags
   geom. index: 7
   prop. index: 1
        Diskflag:     2
# -----------------------------------------------------------
$ SCF_Energy
   description: The SCF energy
   geom. index: 7
   prop. index: 1
        SCF Energy:     -420.7043286570
# -----------------------------------------------------------
$ DFT_Energy
   description: The DFT energy
   geom. index: 7
   prop. index: 1
   Number of Alpha Electrons                 34.9999619881 
   Number of Beta  Electrons                 34.9999619881 
   Total number of  Electrons                69.9999239761 
   Exchange energy                          -38.1485235176 
   Correlation energy                        -2.9026934299 
   Correlation energy NL                      0.0000000000 
   Exchange-Correlation energy              -41.0512169475 
   Embedding correction                       0.0000000000 
   Total DFT Energy (No VdW correction)    -420.7043286570 
# -----------------------------------------------------------
$ VdW_Correction
   description: The Van der Waals Correction
   geom. index: 7
   prop. index: 1
        Van der Waals Correction:       -0.0352521009
# -----------------------------------------------------------
$ PAL_Flags
   description: The PAL Flags
   geom. index: 8
   prop. index: 1
        Diskflag:     2
# -----------------------------------------------------------
$ SCF_Energy
   description: The SCF energy
   geom. index: 8
   prop. index: 1
        SCF Energy:     -420.7046956540
# -----------------------------------------------------------
$ DFT_Energy
   description: The DFT energy
   geom. index: 8
   prop. index: 1
   Number of Alpha Electrons                 34.9999972873 
   Number of Beta  Electrons                 34.9999972873 
   Total number of  Electrons                69.9999945746 
   Exchange energy                          -38.1494925856 
   Correlation energy                        -2.9028592646 
   Correlation energy NL                      0.0000000000 
   Exchange-Correlation energy              -41.0523518502 
   Embedding correction                       0.0000000000 
   Total DFT Energy (No VdW correction)    -420.7046956540 
# -----------------------------------------------------------
$ VdW_Correction
   description: The Van der Waals Correction
   geom. index: 8
   prop. index: 1
        Van der Waals Correction:       -0.0352870711
# -----------------------------------------------------------
$ PAL_Flags
   description: The PAL Flags
   geom. index: 9
   prop. index: 1
        Diskflag:     2
# -----------------------------------------------------------
$ SCF_Energy
   description: The SCF energy
   geom. index: 9
   prop. index: 1
        SCF Energy:     -420.7049762355
# -----------------------------------------------------------
$ DFT_Energy
   description: The DFT energy
   geom. index: 9
   prop. index: 1
   Number of Alpha Electrons                 35.0000332616 
   Number of Beta  Electrons                 35.0000332616 
   Total number of  Electrons                70.0000665232 
   Exchange energy                          -38.1516528475 
   Correlation energy                        -2.9031604440 
   Correlation energy NL                      0.0000000000 
   Exchange-Correlation energy              -41.0548132915 
   Embedding correction                       0.0000000000 
   Total DFT Energy (No VdW correction)    -420.7049762355 
# -----------------------------------------------------------
$ VdW_Correction
   description: The Van der Waals Correction
   geom. index: 9
   prop. index: 1
        Van der Waals Correction:       -0.0353507356
# -----------------------------------------------------------
$ PAL_Flags
   description: The PAL Flags
   geom. index: 10
   prop. index: 1
        Diskflag:     2
# -----------------------------------------------------------
$ SCF_Energy
   description: The SCF energy
   geom. index: 10
   prop. index: 1
        SCF Energy:     -420.7051579337
# -----------------------------------------------------------
$ DFT_Energy
   description: The DFT energy
   geom. index: 10
   prop. index: 1
   Number of Alpha Electrons                 35.0000160621 
   Number of Beta  Electrons                 35.0000160621 
   Total number of  Electrons                70.0000321242 
   Exchange energy                          -38.1483360052 
   Correlation energy                        -2.9029633887 
   Correlation energy NL                      0.0000000000 
   Exchange-Correlation energy              -41.0512993938 
   Embedding correction                       0.0000000000 
   Total DFT Energy (No VdW correction)    -420.7051579337 
# -----------------------------------------------------------
$ VdW_Correction
   description: The Van der Waals Correction
   geom. index: 10
   prop. index: 1
        Van der Waals Correction:       -0.0353575636
# -----------------------------------------------------------
$ PAL_Flags
   description: The PAL Flags
   geom. index: 11
   prop. index: 1
        Diskflag:     2
# -----------------------------------------------------------
$ SCF_Energy
   description: The SCF energy
   geom. index: 11
   prop. index: 1
        SCF Energy:     -420.7050860980
# -----------------------------------------------------------
$ DFT_Energy
   description: The DFT energy
   geom. index: 11
   prop. index: 1
   Number of Alpha Electrons                 35.0000339229 
   Number of Beta  Electrons                 35.0000339229 
   Total number of  Electrons                70.0000678459 
   Exchange energy                          -38.1519223870 
   Correlation energy                        -2.9035279124 
   Correlation energy NL                      0.0000000000 
   Exchange-Correlation energy              -41.0554502994 
   Embedding correction                       0.0000000000 
   Total DFT Energy (No VdW correction)    -420.7050860980 
# -----------------------------------------------------------
$ VdW_Correction
   description: The Van der Waals Correction
   geom. index: 11
   prop. index: 1
        Van der Waals Correction:       -0.0354469413
# -----------------------------------------------------------
$ PAL_Flags
   description: The PAL Flags
   geom. index: 12
   prop. index: 1
        Diskflag:     2
# -----------------------------------------------------------
$ SCF_Energy
   description: The SCF energy
   geom. index: 12
   prop. index: 1
        SCF Energy:     -420.7052155014
# -----------------------------------------------------------
$ DFT_Energy
   description: The DFT energy
   geom. index: 12
   prop. index: 1
   Number of Alpha Electrons                 35.0000259510 
   Number of Beta  Electrons                 35.0000259510 
   Total number of  Electrons                70.0000519019 
   Exchange energy                          -38.1494594695 
   Correlation energy                        -2.9031005085 
   Correlation energy NL                      0.0000000000 
   Exchange-Correlation energy              -41.0525599780 
   Embedding correction                       0.0000000000 
   Total DFT Energy (No VdW correction)    -420.7052155014 
# -----------------------------------------------------------
$ VdW_Correction
   description: The Van der Waals Correction
   geom. index: 12
   prop. index: 1
        Van der Waals Correction:       -0.0353804360
# -----------------------------------------------------------
$ PAL_Flags
   description: The PAL Flags
   geom. index: 13
   prop. index: 1
        Diskflag:     2
# -----------------------------------------------------------
$ SCF_Energy
   description: The SCF energy
   geom. index: 13
   prop. index: 1
        SCF Energy:     -420.7052232812
# -----------------------------------------------------------
$ DFT_Energy
   description: The DFT energy
   geom. index: 13
   prop. index: 1
   Number of Alpha Electrons                 35.0000185935 
   Number of Beta  Electrons                 35.0000185935 
   Total number of  Electrons                70.0000371869 
   Exchange energy                          -38.1493117964 
   Correlation energy                        -2.9031108264 
   Correlation energy NL                      0.0000000000 
   Exchange-Correlation energy              -41.0524226228 
   Embedding correction                       0.0000000000 
   Total DFT Energy (No VdW correction)    -420.7052232812 
# -----------------------------------------------------------
$ VdW_Correction
   description: The Van der Waals Correction
   geom. index: 13
   prop. index: 1
        Van der Waals Correction:       -0.0353814654
# -----------------------------------------------------------
$ PAL_Flags
   description: The PAL Flags
   geom. index: 14
   prop. index: 1
        Diskflag:     2
# -----------------------------------------------------------
$ SCF_Energy
   description: The SCF energy
   geom. index: 14
   prop. index: 1
        SCF Energy:     -420.7052252919
# -----------------------------------------------------------
$ DFT_Energy
   description: The DFT energy
   geom. index: 14
   prop. index: 1
   Number of Alpha Electrons                 35.0000199727 
   Number of Beta  Electrons                 35.0000199727 
   Total number of  Electrons                70.0000399453 
   Exchange energy                          -38.1495716858 
   Correlation energy                        -2.9031407135 
   Correlation energy NL                      0.0000000000 
   Exchange-Correlation energy              -41.0527123993 
   Embedding correction                       0.0000000000 
   Total DFT Energy (No VdW correction)    -420.7052252919 
# -----------------------------------------------------------
$ VdW_Correction
   description: The Van der Waals Correction
   geom. index: 14
   prop. index: 1
        Van der Waals Correction:       -0.0353839024
# -----------------------------------------------------------
$ PAL_Flags
   description: The PAL Flags
   geom. index: 15
   prop. index: 1
        Diskflag:     2
# -----------------------------------------------------------
$ SCF_Energy
   description: The SCF energy
   geom. index: 15
   prop. index: 1
        SCF Energy:     -420.7052280919
# -----------------------------------------------------------
$ DFT_Energy
   description: The DFT energy
   geom. index: 15
   prop. index: 1
   Number of Alpha Electrons                 35.0000209197 
   Number of Beta  Electrons                 35.0000209197 
   Total number of  Electrons                70.0000418394 
   Exchange energy                          -38.1497593346 
   Correlation energy                        -2.9031499158 
   Correlation energy NL                      0.0000000000 
   Exchange-Correlation energy              -41.0529092504 
   Embedding correction                       0.0000000000 
   Total DFT Energy (No VdW correction)    -420.7052280919 
# -----------------------------------------------------------
$ Mayer_Pop
   description: The Mayer population analysis
   geom. index: 15
   prop. index: 1
     Number of atoms                     : 21
     Threshold for printing              : 0.1000000
     Number of bond orders printed       : 26
  NA   - Mulliken gross atomic population
  ZA   - Total nuclear charge
  QA   - Mulliken gross atomic charge
  VA   - Mayer's total valence
  BVA  - Mayer's bonded valence
  FA   - Mayer's free valence
  ATOM       NA         ZA         QA         VA         BVA        FA
  0   0     6.3297     6.0000    -0.3297     3.7919     3.7919     0.0000
  1   0     5.9499     6.0000     0.0501     3.4706     3.4706    -0.0000
  2   0     8.2940     8.0000    -0.2940     1.5567     1.5567    -0.0000
  3   0     6.4694     6.0000    -0.4694     4.7247     4.7247     0.0000
  4   0     6.1751     6.0000    -0.1751     3.3427     3.3427    -0.0000
  5   0     7.3353     7.0000    -0.3353     2.6125     2.6125     0.0000
  6   0     6.1214     6.0000    -0.1214     3.5308     3.5308     0.0000
  7   0     7.3606     7.0000    -0.3606     2.6064     2.6064     0.0000
  8   0     6.1792     6.0000    -0.1792     3.5029     3.5029     0.0000
  9   0     0.8608     1.0000     0.1392     0.9517     0.9517    -0.0000
 10   0     0.8366     1.0000     0.1634     0.9222     0.9222    -0.0000
 11   0     0.8707     1.0000     0.1293     0.9492     0.9492    -0.0000
 12   0     0.8272     1.0000     0.1728     0.9273     0.9273     0.0000
 13   0     0.8157     1.0000     0.1843     0.8914     0.8914     0.0000
 14   0     0.8064     1.0000     0.1936     0.9238     0.9238    -0.0000
 15   0     0.6764     1.0000     0.3236     0.8275     0.8275     0.0000
 16   0     0.8530     1.0000     0.1470     0.9269     0.9269     0.0000
 17   0     0.8416     1.0000     0.1584     0.9361     0.9361     0.0000
 18   0     0.6928     1.0000     0.3072     0.8556     0.8556     0.0000
 19   0     0.8381     1.0000     0.1619     0.9264     0.9264     0.0000
 20   0     0.8662     1.0000     0.1338     0.9534     0.9534     0.0000
      Bond orders larger than 0.1000000
           Atom A     A.N. of A          Atom B    A.N. of B              Bond order
                0             6               1            6                0.935471
                0             6               5            7                0.926180
                0             6               9            1                1.011204
                0             6              10            1                0.960095
                1             6               2            8                0.720210
                1             6              11            1                0.952664
                1             6              12            1                0.963799
                2             8               3            6                1.297576
                2             8               6            6               -0.115051
                2             8               8            6               -0.156670
                3             6               4            6                0.801268
                3             6               6            6                1.129578
                3             6               7            7                0.176643
                3             6               8            6                1.023926
                3             6              14            1               -0.102922
                4             6               5            7                0.936492
                4             6              13            1                0.922727
                4             6              14            1                1.025268
                5             7              15            1                0.869089
                6             6               7            7                0.747152
                6             6              16            1                0.957350
                6             6              17            1                0.964714
                7             7               8            6                0.876933
                7             7              18            1                0.863164
                8             6              19            1                0.954268
                8             6              20            1                0.959536
# -----------------------------------------------------------
$ VdW_Correction
   description: The Van der Waals Correction
   geom. index: 15
   prop. index: 1
        Van der Waals Correction:       -0.0353826648
# -----------------------------------------------------------
$ SCF_Electric_Properties
   description: The SCF Calculated Electric Properties
   geom. index: 15
   prop. index: 1
       Filename                          : file.scfp 
       Do Dipole Moment Calculation      : true 
       Do Quadrupole Moment Calculation  : false 
       Do Polarizability Calculation     : false 
** Dipole moment part of electric properties **
        Magnitude of dipole moment (Debye) :        1.4444814649
        Electronic Contribution:
                  0    
      0       1.111416
      1      -0.918702
      2       0.922673
        Nuclear Contribution:
                  0    
      0      -1.152307
      1       0.392736
      2      -1.133962
        Total Dipole moment:
                  0    
      0      -0.040891
      1      -0.525966
      2      -0.211289
# -------------------------------------------------------------
----------------------- !GEOMETRIES! ------------------------
# -------------------------------------------------------------
------------------------ !GEOMETRY! -------------------------
    Number of atoms:    21 
    Geometry Index:     1 
    Coordinates:
               0 C     -2.322500000000   -0.174500000000    0.130500000000
               1 C     -1.354000000000   -1.160900000000   -0.557100000000
               2 O     -0.125800000000   -1.229900000000    0.136400000000
               3 C      0.548400000000    0.018500000000    0.062100000000
               4 C     -0.373500000000    1.267100000000    0.159200000000
               5 N     -1.621200000000    0.910400000000    0.840300000000
               6 C      1.753800000000    0.039200000000    0.995200000000
               7 N      2.711800000000    0.070300000000   -0.111100000000
               8 C      1.588700000000    0.062900000000   -1.049900000000
               9 H     -2.961400000000   -0.729900000000    0.852600000000
              10 H     -2.998000000000    0.267200000000   -0.633200000000
              11 H     -1.186900000000   -0.864300000000   -1.618400000000
              12 H     -1.812900000000   -2.171900000000   -0.574200000000
              13 H     -0.616600000000    1.640200000000   -0.860600000000
              14 H      0.116000000000    2.106900000000    0.697300000000
              15 H     -1.382500000000    0.579600000000    1.805400000000
              16 H      1.843300000000    0.958200000000    1.613900000000
              17 H      1.850200000000   -0.886600000000    1.608700000000
              18 H      3.191200000000   -0.860200000000   -0.161000000000
              19 H      1.581400000000   -0.846600000000   -1.694000000000
              20 H      1.570500000000    1.004200000000   -1.641900000000
------------------------ !GEOMETRY! -------------------------
    Number of atoms:    21 
    Geometry Index:     2 
    Coordinates:
               0 C     -2.339982788787   -0.166541211159    0.135093938477
               1 C     -1.367182655524   -1.151595097959   -0.550809786523
               2 O     -0.136417748593   -1.203621243479    0.154019224689
               3 C      0.565389782875    0.029319401651    0.062891219865
               4 C     -0.389131427399    1.238392670200    0.151269764937
               5 N     -1.633829629791    0.908113421249    0.838576409568
               6 C      1.771716734564    0.018727492875    1.023236215637
               7 N      2.734851512488    0.057521627974   -0.110233034895
               8 C      1.607963613106    0.074463852184   -1.081272077075
               9 H     -2.969466771161   -0.696206386768    0.858071533191
              10 H     -3.008540420126    0.270136625098   -0.620748869071
              11 H     -1.186611862387   -0.862954900735   -1.599391842232
              12 H     -1.781236851688   -2.164167457564   -0.558755781765
              13 H     -0.641067273556    1.596059826420   -0.857266838950
              14 H      0.103849500886    2.067496173061    0.669414318361
              15 H     -1.410004452864    0.597485384491    1.777073132943
              16 H      1.853923138491    0.908019983301    1.659175225845
              17 H      1.835471805985   -0.888919230328    1.632729575719
              18 H      3.224143439068   -0.827252572242   -0.168989191822
              19 H      1.575891957736   -0.801402623876   -1.738841915036
              20 H      1.590270396677    0.996824265606   -1.675041221866
------------------------ !GEOMETRY! -------------------------
    Number of atoms:    21 
    Geometry Index:     3 
    Coordinates:
               0 C     -2.346344856258   -0.163351514872    0.147804088876
               1 C     -1.376994482680   -1.139638634955   -0.554879845706
               2 O     -0.147088219007   -1.191131976869    0.154826244872
               3 C      0.571081391566    0.034951026380    0.055060943918
               4 C     -0.394871299649    1.233868004003    0.134096510699
               5 N     -1.627070056203    0.909289926597    0.842868388883
               6 C      1.763881782971    0.001095142152    1.031742687493
               7 N      2.734227346602    0.084364783973   -0.096713256980
               8 C      1.620336352038    0.067704157196   -1.086300445046
               9 H     -2.961869059683   -0.694408949915    0.880729896012
              10 H     -3.026227002121    0.276887232282   -0.594625888062
              11 H     -1.193265836458   -0.836616997348   -1.597630717961
              12 H     -1.773881857682   -2.158343522951   -0.569015200605
              13 H     -0.664326155540    1.569432303505   -0.876637168070
              14 H      0.104077628748    2.076778112200    0.623388774846
              15 H     -1.397937267201    0.603541199302    1.783200407705
              16 H      1.835694249398    0.860214264542    1.708626345888
              17 H      1.805277492413   -0.927019120161    1.611511209508
              18 H      3.289424250984   -0.761750292336   -0.159681595558
              19 H      1.583292754196   -0.817717494138   -1.731229861366
              20 H      1.602582843566    0.971752351412   -1.706941519348
------------------------ !GEOMETRY! -------------------------
    Number of atoms:    21 
    Geometry Index:     4 
    Coordinates:
               0 C     -2.349864541011   -0.157015903171    0.156702043360
               1 C     -1.388181263013   -1.131660205737   -0.558670493190
               2 O     -0.156809271801   -1.191953894007    0.149085228668
               3 C      0.571570001508    0.029846603306    0.051823097066
               4 C     -0.392918937963    1.230737789292    0.123111623794
               5 N     -1.620648330251    0.915342686671    0.843533289998
               6 C      1.757334856039   -0.015086328007    1.036770346427
               7 N      2.726997613936    0.123464332072   -0.086089029818
               8 C      1.624846181236    0.057143731160   -1.085687842937
               9 H     -2.954923311079   -0.689524306860    0.897320962578
              10 H     -3.039541841667    0.284607213981   -0.575946985428
              11 H     -1.205320789058   -0.819540605274   -1.598889099959
              12 H     -1.784923896796   -2.150501055857   -0.579901629777
              13 H     -0.669881993486    1.551254089580   -0.890468490112
              14 H      0.110391987610    2.081479312626    0.594426928336
              15 H     -1.387215864878    0.613571198274    1.783596558955
              16 H      1.814080187311    0.814279924753    1.751714853282
              17 H      1.798249473222   -0.966714373361    1.578211987154
              18 H      3.350977789246   -0.672258189087   -0.151120716365
              19 H      1.599563458875   -0.848177929050   -1.703952245204
              20 H      1.596218492024    0.940605908695   -1.735370386826
------------------------ !GEOMETRY! -------------------------
    Number of atoms:    21 
    Geometry Index:     5 
    Coordinates:
               0 C     -2.352988141571   -0.149380641849    0.164807544781
               1 C     -1.401461649951   -1.125435498667   -0.561979181136
               2 O     -0.167151842346   -1.197380380078    0.140073691489
               3 C      0.569975245380    0.019791429760    0.047659376886
               4 C     -0.388015126609    1.226082116854    0.113448085324
               5 N     -1.613171322335    0.921836317681    0.843092042793
               6 C      1.749887681942   -0.030885985746    1.039773131730
               7 N      2.715262117313    0.164020667105   -0.075332984779
               8 C      1.629087424024    0.045821933433   -1.084241764868
               9 H     -2.949266048144   -0.681959239775    0.912575879400
              10 H     -3.051146101997    0.293786409580   -0.559024868561
              11 H     -1.221774314789   -0.807012912529   -1.600895250817
              12 H     -1.803899833533   -2.142014082260   -0.588434062011
              13 H     -0.669322043134    1.536420862272   -0.902093909991
              14 H      0.121372506183    2.080420079513    0.571642963803
              15 H     -1.375466069375    0.623197152473    1.783065440562
              16 H      1.788031859536    0.769930317224    1.788377711362
              17 H      1.800651253411   -1.003598284187    1.542188163478
              18 H      3.407720570468   -0.572954106928   -0.140124583631
              19 H      1.625097189611   -0.879391109278   -1.673329842747
              20 H      1.586576645918    0.908604955401   -1.761047583067
------------------------ !GEOMETRY! -------------------------
    Number of atoms:    21 
    Geometry Index:     6 
    Coordinates:
               0 C     -2.355587097725   -0.140711886336    0.173614263452
               1 C     -1.417651100589   -1.120614521907   -0.565316985709
               2 O     -0.178440193823   -1.207436245541    0.126459112526
               3 C      0.566758283249    0.004431881771    0.041323332364
               4 C     -0.380215581235    1.219097382933    0.103273755951
               5 N     -1.603168228106    0.928237212834    0.842187756067
               6 C      1.740563805239   -0.046876353636    1.041145403064
               7 N      2.699495103489    0.206361834208   -0.063079974256
               8 C      1.634737744354    0.034370450528   -1.082298599315
               9 H     -2.943729979437   -0.671943905120    0.928921791237
              10 H     -3.061853062030    0.304687157391   -0.541166345235
              11 H     -1.244117375884   -0.797700268068   -1.603957611802
              12 H     -1.830416152109   -2.133033677868   -0.594954956161
              13 H     -0.664644465802    1.523052162159   -0.913338319026
              14 H      0.138294960778    2.073388202840    0.551188699562
              15 H     -1.360515067553    0.632159583694    1.781724380984
              16 H      1.755700753957    0.726559784342    1.819377012656
              17 H      1.810240831112   -1.037642744014    1.505427805889
              18 H      3.456850844158   -0.464335413006   -0.124627502504
              19 H      1.661298880658   -0.908930035816   -1.641922752544
              20 H      1.576397097300    0.876779398612   -1.783780267202
------------------------ !GEOMETRY! -------------------------
    Number of atoms:    21 
    Geometry Index:     7 
    Coordinates:
               0 C     -2.357579840566   -0.131228930422    0.183027752353
               1 C     -1.436116108917   -1.116437457835   -0.568772079564
               2 O     -0.190881941224   -1.220466749611    0.109401521172
               3 C      0.562865772451   -0.015187421260    0.032885180132
               4 C     -0.369691052135    1.209994145462    0.092505974101
               5 N     -1.590635075980    0.934376876395    0.840756122428
               6 C      1.729592888408   -0.063219076075    1.041103486755
               7 N      2.680498517332    0.253034820965   -0.049473137032
               8 C      1.641937238794    0.022799238529   -1.080324299261
               9 H     -2.937795563764   -0.659775297266    0.946427041624
              10 H     -3.071799141025    0.316709252441   -0.522334836979
              11 H     -1.270698861980   -0.790505381591   -1.607754802573
              12 H     -1.861730410971   -2.123489755380   -0.599455095932
              13 H     -0.656677035078    1.511425930376   -0.924109050696
              14 H      0.161048849155    2.060597470034    0.532875183956
              15 H     -1.343083034081    0.640361050141    1.779755363397
              16 H      1.717406184386    0.682112963087    1.846613649610
              17 H      1.826299373399   -1.068808862412    1.468169194802
              18 H      3.494113969529   -0.348836235273   -0.105277391470
              19 H      1.706705094001   -0.936508798600   -1.609546123233
              20 H      1.566220178264    0.842952218294   -1.806273653591
------------------------ !GEOMETRY! -------------------------
    Number of atoms:    21 
    Geometry Index:     8 
    Coordinates:
               0 C     -2.359096325114   -0.121519924501    0.191937002960
               1 C     -1.454347005175   -1.111660124296   -0.572486454917
               2 O     -0.203862158215   -1.233013932843    0.092695428815
               3 C      0.559578363226   -0.035348218510    0.024028082453
               4 C     -0.358306107003    1.200417076335    0.082636707401
               5 N     -1.577390877056    0.939868716383    0.839422654316
               6 C      1.718897256470   -0.078960222232    1.040016055723
               7 N      2.658919524117    0.304201755702   -0.036567735022
               8 C      1.649381677937    0.010171587865   -1.078655445496
               9 H     -2.931810527556   -0.647151580486    0.962979610821
              10 H     -3.080559656175    0.329318317982   -0.504123176137
              11 H     -1.296019254495   -0.782831301870   -1.611518550144
              12 H     -1.891811185662   -2.113533629146   -0.603734601421
              13 H     -0.647774217468    1.502121093336   -0.933085749311
              14 H      0.185849268234    2.045169440842    0.517602174806
              15 H     -1.326374007804    0.647641291774    1.778104684673
              16 H      1.678690699597    0.634961202671    1.872600251073
              17 H      1.846961458578   -1.096765815241    1.429345386185
              18 H      3.517353085250   -0.232377592664   -0.085216384344
              19 H      1.754917215459   -0.964047473209   -1.573783520012
              20 H      1.556802772855    0.803239332106   -1.831996422421
------------------------ !GEOMETRY! -------------------------
    Number of atoms:    21 
    Geometry Index:     9 
    Coordinates:
               0 C     -2.360016508329   -0.110736336712    0.198551399242
               1 C     -1.474376552446   -1.108901239484   -0.576378401915
               2 O     -0.218365613245   -1.251008860565    0.073504685889
               3 C      0.553643008111   -0.062339248810    0.013894887683
               4 C     -0.342433238597    1.188130933646    0.076674288205
               5 N     -1.562448848248    0.943833891666    0.837581261219
               6 C      1.707339085804   -0.090060553713    1.035315527874
               7 N      2.631880277552    0.362518483198   -0.026229150017
               8 C      1.655475543797   -0.002652920757   -1.076882256128
               9 H     -2.928863623568   -0.631082934786    0.975956691582
              10 H     -3.085660706254    0.344253583791   -0.490289477710
              11 H     -1.323612912932   -0.779907676787   -1.616200223884
              12 H     -1.928199718365   -2.103316280986   -0.605343070648
              13 H     -0.629933243001    1.501170896546   -0.935997217945
              14 H      0.220311652206    2.017942532737    0.516073459397
              15 H     -1.311300710691    0.651564045423    1.776337054528
              16 H      1.632559391384    0.595430189619    1.888814992515
              17 H      1.884709987061   -1.113170729478    1.391629833231
              18 H      3.521273218602   -0.122560860593   -0.066183992447
              19 H      1.816839209269   -0.988722681761   -1.532706600402
              20 H      1.541180301890    0.759515767804   -1.857923690267
------------------------ !GEOMETRY! -------------------------
    Number of atoms:    21 
    Geometry Index:     10 
    Coordinates:
               0 C     -2.361261435229   -0.104747617457    0.210819865219
               1 C     -1.487051982145   -1.099316680840   -0.580760483952
               2 O     -0.226944928602   -1.250514189863    0.060489421709
               3 C      0.557241364524   -0.067432153735    0.005571119206
               4 C     -0.339921734449    1.183718622978    0.062807638844
               5 N     -1.552080759042    0.948407222274    0.838501360006
               6 C      1.700099988362   -0.107263345281    1.036387955375
               7 N      2.613091147443    0.408946601902   -0.012393990045
               8 C      1.667358444122   -0.013619119056   -1.074713397694
               9 H     -2.917171186706   -0.627373494950    0.995957766815
              10 H     -3.097644984631    0.352667530096   -0.464866750634
              11 H     -1.340888600826   -0.760949810743   -1.618169744999
              12 H     -1.939053980248   -2.094573347772   -0.615400041353
              13 H     -0.638430839601    1.484120294056   -0.950392218615
              14 H      0.227524821039    2.019540957573    0.484376159044
              15 H     -1.295772360970    0.662039863843    1.777419718399
              16 H      1.612400497935    0.533277676816    1.922835814610
              17 H      1.887516007919   -1.143897741644    1.346467363004
              18 H      3.529543810478   -0.022829111707   -0.044222427008
              19 H      1.847224779735   -1.013873058056   -1.492055865789
              20 H      1.554221930892    0.713570901568   -1.888459262140
------------------------ !GEOMETRY! -------------------------
    Number of atoms:    21 
    Geometry Index:     11 
    Coordinates:
               0 C     -2.359440494154   -0.096606517650    0.226095746847
               1 C     -1.510563579234   -1.094142105869   -0.587865621766
               2 O     -0.241374266388   -1.271521713092    0.027554601561
               3 C      0.548728086062   -0.096415615968   -0.010566419748
               4 C     -0.323740536850    1.169156971050    0.047289324718
               5 N     -1.531339134997    0.952812610211    0.836040664166
               6 C      1.682530903487   -0.119919258911    1.031296665185
               7 N      2.579673862608    0.451464493983    0.005149419929
               8 C      1.680300523085   -0.023380290327   -1.069412910735
               9 H     -2.898634788883   -0.618651890233    1.023340949797
              10 H     -3.110738322706    0.362206979295   -0.432149098923
              11 H     -1.380046172550   -0.748352676733   -1.624646141601
              12 H     -1.982122904208   -2.080067092937   -0.623666154904
              13 H     -0.626574017927    1.471713187769   -0.963935641573
              14 H      0.263279891688    1.994542205512    0.461845184996
              15 H     -1.267690941960    0.669243384707    1.773935068823
              16 H      1.559854360754    0.494510067068    1.932092797510
              17 H      1.917913571243   -1.155905168288    1.311555574455
              18 H      3.526367163826    0.087639795766   -0.011034492939
              19 H      1.916720773051   -1.027241151869   -1.449362129117
              20 H      1.556896024053    0.678813786517   -1.903357386681
------------------------ !GEOMETRY! -------------------------
    Number of atoms:    21 
    Geometry Index:     12 
    Coordinates:
               0 C     -2.362375794981   -0.101650308152    0.210784434781
               1 C     -1.494549319772   -1.099615359425   -0.582868468371
               2 O     -0.232773833078   -1.260166272020    0.053122584569
               3 C      0.552613976976   -0.080569624192    0.004272356598
               4 C     -0.331971167206    1.179474676803    0.064257717123
               5 N     -1.549879932901    0.951813520773    0.833540625831
               6 C      1.698618635984   -0.108522158520    1.032966886472
               7 N      2.602508851491    0.429106542902   -0.011569968611
               8 C      1.666381063243   -0.016275726688   -1.071960667341
               9 H     -2.914632787258   -0.622827500597    0.999502720195
              10 H     -3.102537674923    0.353949002017   -0.462194801652
              11 H     -1.350787415707   -0.761464043843   -1.620539365140
              12 H     -1.955085039373   -2.090890314091   -0.616587604062
              13 H     -0.622576607846    1.488714754362   -0.948584096245
              14 H      0.242511475220    2.005687726779    0.494172718618
              15 H     -1.298064174888    0.670310639938    1.775124953670
              16 H      1.597877368923    0.522712433877    1.924684538867
              17 H      1.914122868495   -1.143957107916    1.329685327682
              18 H      3.523083582463    0.004716711520   -0.042019197927
              19 H      1.875531819579   -1.018739023226   -1.470624134069
              20 H      1.541984105559    0.698091429700   -1.894966560988
------------------------ !GEOMETRY! -------------------------
    Number of atoms:    21 
    Geometry Index:     13 
    Coordinates:
               0 C     -2.359148594476   -0.105541263544    0.227111288382
               1 C     -1.501294458565   -1.094866992927   -0.587146659290
               2 O     -0.231051035599   -1.260025227873    0.030217704271
               3 C      0.554073913588   -0.078895684298   -0.009118078808
               4 C     -0.333856664025    1.177447126998    0.046549279666
               5 N     -1.540269189507    0.952571383610    0.834375787409
               6 C      1.685464391697   -0.113058827422    1.034593510751
               7 N      2.603426597950    0.428699180546    0.003870751155
               8 C      1.681434100202   -0.012148764112   -1.070953075300
               9 H     -2.892395660908   -0.632224406065    1.025306079451
              10 H     -3.115404543398    0.346200230398   -0.430375812107
              11 H     -1.371812530534   -0.747084376235   -1.623534099900
              12 H     -1.960013951416   -2.086991448830   -0.624339518414
              13 H     -0.638318321669    1.474589669171   -0.965864787005
              14 H      0.242765012595    2.011002468628    0.459274218620
              15 H     -1.278220142755    0.678449713280    1.775314485218
              16 H      1.576089302449    0.513846759592    1.928369673295
              17 H      1.893202439311   -1.150621036645    1.328539648556
              18 H      3.525907099780    0.008118673600   -0.016772814033
              19 H      1.890204756902   -1.014060799012   -1.471013417171
              20 H      1.569217478376    0.704493621139   -1.894204164748
------------------------ !GEOMETRY! -------------------------
    Number of atoms:    21 
    Geometry Index:     14 
    Coordinates:
               0 C     -2.361023633555   -0.103342673115    0.219654605738
               1 C     -1.498862327727   -1.095939796090   -0.585998962729
               2 O     -0.233283324971   -1.260561132359    0.041051478532
               3 C      0.553225066460   -0.080913530964   -0.002154395041
               4 C     -0.331873006564    1.178004349870    0.054501881832
               5 N     -1.544973748704    0.953776688872    0.832191810453
               6 C      1.692023955648   -0.112904082791    1.033815769526
               7 N      2.599894857044    0.432853249425   -0.002961911749
               8 C      1.674016907505   -0.016306785605   -1.070668603045
               9 H     -2.899984231566   -0.628330382062    1.015058328271
              10 H     -3.112392543476    0.348522823593   -0.443362001812
              11 H     -1.362007841970   -0.751219333372   -1.622426861645
              12 H     -1.959421545318   -2.087120050501   -0.623128498914
              13 H     -0.628188507792    1.480379396248   -0.958720584159
              14 H      0.244059653726    2.007939666960    0.475491066876
              15 H     -1.288819237109    0.679135181140    1.774581238382
              16 H      1.586320159976    0.511205787941    1.930013420671
              17 H      1.905472414517   -1.150484523891    1.324162516001
              18 H      3.525288025257    0.018854634221   -0.028179406112
              19 H      1.885471687703   -1.019490898362   -1.466060504007
              20 H      1.555057220918    0.695841410842   -1.896660387067
------------------------ !GEOMETRY! -------------------------
    Number of atoms:    21 
    Geometry Index:     15 
    Coordinates:
               0 C     -2.360535586268   -0.104531239419    0.221775910672
               1 C     -1.499721646032   -1.095779022845   -0.586741746085
               2 O     -0.232763163980   -1.261277832880    0.037187981934
               3 C      0.552942918738   -0.081258548730   -0.004015018272
               4 C     -0.331764421443    1.177744387042    0.052378299382
               5 N     -1.544201230497    0.954185657948    0.831281414439
               6 C      1.690181950143   -0.112605500197    1.033833968591
               7 N      2.601087978553    0.431115624089   -0.001118600506
               8 C      1.675787716275   -0.014815273099   -1.070470874123
               9 H     -2.895780122369   -0.630511971810    1.019059204702
              10 H     -3.115096954082    0.345634624792   -0.438792799180
              11 H     -1.365300735400   -0.749727872968   -1.623037897002
              12 H     -1.960547630704   -2.086826395147   -0.624234392901
              13 H     -0.628581005861    1.479789173901   -0.960809365569
              14 H      0.244725590191    2.007604991130    0.472634084827
              15 H     -1.287510717753    0.682130079543    1.774252786490
              16 H      1.582761773888    0.513255062136    1.928602017094
              17 H      1.903498765883   -1.149698579323    1.325997561399
              18 H      3.524827021687    0.013251724705   -0.025176132157
              19 H      1.888057216469   -1.017169703785   -1.467569290311
              20 H      1.557932282561    0.699390614916   -1.894837113422
