-------------------------------------------------------------
----------------------- !PROPERTIES! ------------------------
-------------------------------------------------------------
# -----------------------------------------------------------
$ PAL_Flags
   description: The PAL Flags
   geom. index: 1
   prop. index: 1
        Diskflag:     2
# -----------------------------------------------------------
$ SCF_Energy
   description: The SCF energy
   geom. index: 1
   prop. index: 1
        SCF Energy:     -424.1761031630
# -----------------------------------------------------------
$ DFT_Energy
   description: The DFT energy
   geom. index: 1
   prop. index: 1
   Number of Alpha Electrons                 38.9999627497 
   Number of Beta  Electrons                 38.9999627497 
   Total number of  Electrons                77.9999254994 
   Exchange energy                          -40.0470743949 
   Correlation energy                        -3.1783402321 
   Correlation energy NL                      0.0000000000 
   Exchange-Correlation energy              -43.2254146270 
   Embedding correction                       0.0000000000 
   Total DFT Energy (No VdW correction)    -424.1761031630 
# -----------------------------------------------------------
$ Mayer_Pop
   description: The Mayer population analysis
   geom. index: 1
   prop. index: 1
     Number of atoms                     : 26
     Threshold for printing              : 0.1000000
     Number of bond orders printed       : 32
  NA   - Mulliken gross atomic population
  ZA   - Total nuclear charge
  QA   - Mulliken gross atomic charge
  VA   - Mayer's total valence
  BVA  - Mayer's bonded valence
  FA   - Mayer's free valence
  ATOM       NA         ZA         QA         VA         BVA        FA
  0   0     6.3408     6.0000    -0.3408     3.6594     3.6594     0.0000
  1   0     6.3425     6.0000    -0.3425     3.6988     3.6988     0.0000
  2   0     6.5201     6.0000    -0.5201     3.6797     3.6797     0.0000
  3   0     6.0359     6.0000    -0.0359     3.9613     3.9613     0.0000
  4   0     6.2596     6.0000    -0.2596     3.4387     3.4387     0.0000
  5   0     6.3793     6.0000    -0.3793     3.5719     3.5719     0.0000
  6   0     7.2864     7.0000    -0.2864     2.5972     2.5972     0.0000
  7   0     6.3427     6.0000    -0.3427     3.7820     3.7820     0.0000
  8   0     6.0728     6.0000    -0.0728     3.5091     3.5091     0.0000
  9   0     7.2327     7.0000    -0.2327     2.6596     2.6596     0.0000
 10   0     0.8411     1.0000     0.1589     0.9494     0.9494     0.0000
 11   0     0.8466     1.0000     0.1534     0.9576     0.9576     0.0000
 12   0     0.8423     1.0000     0.1577     0.9431     0.9431     0.0000
 13   0     0.8545     1.0000     0.1455     0.9716     0.9716     0.0000
 14   0     0.8407     1.0000     0.1593     0.9459     0.9459     0.0000
 15   0     0.8570     1.0000     0.1430     0.9837     0.9837     0.0000
 16   0     0.8447     1.0000     0.1553     0.9426     0.9426     0.0000
 17   0     0.8278     1.0000     0.1722     0.9502     0.9502     0.0000
 18   0     0.8148     1.0000     0.1852     0.8742     0.8742     0.0000
 19   0     0.8481     1.0000     0.1519     0.9485     0.9485    -0.0000
 20   0     0.6788     1.0000     0.3212     0.8262     0.8262    -0.0000
 21   0     0.8574     1.0000     0.1426     0.9462     0.9462     0.0000
 22   0     0.8423     1.0000     0.1577     0.9345     0.9345     0.0000
 23   0     0.8638     1.0000     0.1362     0.9228     0.9228     0.0000
 24   0     0.8563     1.0000     0.1437     0.9483     0.9483     0.0000
 25   0     0.6711     1.0000     0.3289     0.8169     0.8169     0.0000
      Bond orders larger than 0.1000000
           Atom A     A.N. of A          Atom B    A.N. of B              Bond order
                0             6               1            6                0.881846
                0             6               4            6                0.986562
                0             6              10            1                0.990821
                0             6              11            1                0.978710
                1             6               2            6                0.953946
                1             6               3            6               -0.109060
                1             6              12            1                1.000941
                1             6              13            1                0.997918
                2             6               3            6                0.745753
                2             6               4            6                0.180603
                2             6              14            1                0.990499
                2             6              15            1                0.972764
                3             6               4            6                0.883665
                3             6               5            6                0.782800
                3             6               9            7                1.468503
                3             6              25            1                0.117176
                4             6               6            7               -0.106967
                4             6               9            7               -0.188477
                4             6              16            1                0.949559
                4             6              17            1                0.970515
                5             6               6            7                1.013784
                5             6              18            1                0.961776
                5             6              19            1                1.047856
                6             7               7            6                0.900793
                6             7              20            1                0.848362
                7             6               8            6                0.905485
                7             6              21            1                1.015451
                7             6              22            1                0.978529
                8             6               9            7                0.893505
                8             6              23            1                0.970783
                8             6              24            1                0.977361
                9             7              25            1                0.785614
# -----------------------------------------------------------
$ VdW_Correction
   description: The Van der Waals Correction
   geom. index: 1
   prop. index: 1
        Van der Waals Correction:       -0.0474821088
# -----------------------------------------------------------
$ Hessian
   description: Details about the Hessian
   geom. index: 1
   prop. index: 1
Normal modes:
Number of Rows: 78 Number of Columns: 78
                  0          1          2          3          4          5    
      0       0.000000   0.000000   0.000000   0.000000   0.000000   0.000000
      1       0.000000   0.000000   0.000000   0.000000   0.000000   0.000000
      2       0.000000   0.000000   0.000000   0.000000   0.000000   0.000000
      3       0.000000   0.000000   0.000000   0.000000   0.000000   0.000000
      4       0.000000   0.000000   0.000000   0.000000   0.000000   0.000000
      5       0.000000   0.000000   0.000000   0.000000   0.000000   0.000000
      6       0.000000   0.000000   0.000000   0.000000   0.000000   0.000000
      7       0.000000   0.000000   0.000000   0.000000   0.000000   0.000000
      8       0.000000   0.000000   0.000000   0.000000   0.000000   0.000000
      9       0.000000   0.000000   0.000000   0.000000   0.000000   0.000000
     10       0.000000   0.000000   0.000000   0.000000   0.000000   0.000000
     11       0.000000   0.000000   0.000000   0.000000   0.000000   0.000000
     12       0.000000   0.000000   0.000000   0.000000   0.000000   0.000000
     13       0.000000   0.000000   0.000000   0.000000   0.000000   0.000000
     14       0.000000   0.000000   0.000000   0.000000   0.000000   0.000000
     15       0.000000   0.000000   0.000000   0.000000   0.000000   0.000000
     16       0.000000   0.000000   0.000000   0.000000   0.000000   0.000000
     17       0.000000   0.000000   0.000000   0.000000   0.000000   0.000000
     18       0.000000   0.000000   0.000000   0.000000   0.000000   0.000000
     19       0.000000   0.000000   0.000000   0.000000   0.000000   0.000000
     20       0.000000   0.000000   0.000000   0.000000   0.000000   0.000000
     21       0.000000   0.000000   0.000000   0.000000   0.000000   0.000000
     22       0.000000   0.000000   0.000000   0.000000   0.000000   0.000000
     23       0.000000   0.000000   0.000000   0.000000   0.000000   0.000000
     24       0.000000   0.000000   0.000000   0.000000   0.000000   0.000000
     25       0.000000   0.000000   0.000000   0.000000   0.000000   0.000000
     26       0.000000   0.000000   0.000000   0.000000   0.000000   0.000000
     27       0.000000   0.000000   0.000000   0.000000   0.000000   0.000000
     28       0.000000   0.000000   0.000000   0.000000   0.000000   0.000000
     29       0.000000   0.000000   0.000000   0.000000   0.000000   0.000000
     30       0.000000   0.000000   0.000000   0.000000   0.000000   0.000000
     31       0.000000   0.000000   0.000000   0.000000   0.000000   0.000000
     32       0.000000   0.000000   0.000000   0.000000   0.000000   0.000000
     33       0.000000   0.000000   0.000000   0.000000   0.000000   0.000000
     34       0.000000   0.000000   0.000000   0.000000   0.000000   0.000000
     35       0.000000   0.000000   0.000000   0.000000   0.000000   0.000000
     36       0.000000   0.000000   0.000000   0.000000   0.000000   0.000000
     37       0.000000   0.000000   0.000000   0.000000   0.000000   0.000000
     38       0.000000   0.000000   0.000000   0.000000   0.000000   0.000000
     39       0.000000   0.000000   0.000000   0.000000   0.000000   0.000000
     40       0.000000   0.000000   0.000000   0.000000   0.000000   0.000000
     41       0.000000   0.000000   0.000000   0.000000   0.000000   0.000000
     42       0.000000   0.000000   0.000000   0.000000   0.000000   0.000000
     43       0.000000   0.000000   0.000000   0.000000   0.000000   0.000000
     44       0.000000   0.000000   0.000000   0.000000   0.000000   0.000000
     45       0.000000   0.000000   0.000000   0.000000   0.000000   0.000000
     46       0.000000   0.000000   0.000000   0.000000   0.000000   0.000000
     47       0.000000   0.000000   0.000000   0.000000   0.000000   0.000000
     48       0.000000   0.000000   0.000000   0.000000   0.000000   0.000000
     49       0.000000   0.000000   0.000000   0.000000   0.000000   0.000000
     50       0.000000   0.000000   0.000000   0.000000   0.000000   0.000000
     51       0.000000   0.000000   0.000000   0.000000   0.000000   0.000000
     52       0.000000   0.000000   0.000000   0.000000   0.000000   0.000000
     53       0.000000   0.000000   0.000000   0.000000   0.000000   0.000000
     54       0.000000   0.000000   0.000000   0.000000   0.000000   0.000000
     55       0.000000   0.000000   0.000000   0.000000   0.000000   0.000000
     56       0.000000   0.000000   0.000000   0.000000   0.000000   0.000000
     57       0.000000   0.000000   0.000000   0.000000   0.000000   0.000000
     58       0.000000   0.000000   0.000000   0.000000   0.000000   0.000000
     59       0.000000   0.000000   0.000000   0.000000   0.000000   0.000000
     60       0.000000   0.000000   0.000000   0.000000   0.000000   0.000000
     61       0.000000   0.000000   0.000000   0.000000   0.000000   0.000000
     62       0.000000   0.000000   0.000000   0.000000   0.000000   0.000000
     63       0.000000   0.000000   0.000000   0.000000   0.000000   0.000000
     64       0.000000   0.000000   0.000000   0.000000   0.000000   0.000000
     65       0.000000   0.000000   0.000000   0.000000   0.000000   0.000000
     66       0.000000   0.000000   0.000000   0.000000   0.000000   0.000000
     67       0.000000   0.000000   0.000000   0.000000   0.000000   0.000000
     68       0.000000   0.000000   0.000000   0.000000   0.000000   0.000000
     69       0.000000   0.000000   0.000000   0.000000   0.000000   0.000000
     70       0.000000   0.000000   0.000000   0.000000   0.000000   0.000000
     71       0.000000   0.000000   0.000000   0.000000   0.000000   0.000000
     72       0.000000   0.000000   0.000000   0.000000   0.000000   0.000000
     73       0.000000   0.000000   0.000000   0.000000   0.000000   0.000000
     74       0.000000   0.000000   0.000000   0.000000   0.000000   0.000000
     75       0.000000   0.000000   0.000000   0.000000   0.000000   0.000000
     76       0.000000   0.000000   0.000000   0.000000   0.000000   0.000000
     77       0.000000   0.000000   0.000000   0.000000   0.000000   0.000000
                  6          7          8          9         10         11    
      0       0.067087   0.012124   0.145981   0.020146  -0.032966   0.146873
      1      -0.034594  -0.051838  -0.068793  -0.018330   0.012365   0.021287
      2       0.116831  -0.120029   0.151287  -0.051076   0.041853  -0.024751
      3      -0.086351  -0.059075   0.057814  -0.011586   0.008614   0.172268
      4       0.027056  -0.077067  -0.059631  -0.039893   0.024469   0.033760
      5      -0.184053  -0.030323   0.106419   0.023266  -0.001529  -0.032082
      6      -0.001621  -0.094322  -0.041213   0.026208   0.026264   0.165718
      7       0.017674   0.017174   0.038697   0.007445  -0.036904   0.018560
      8       0.055379  -0.000067  -0.099110   0.181854  -0.012301   0.026630
      9       0.000180   0.000593  -0.003860   0.005669  -0.003870   0.045752
     10       0.015729   0.084687   0.075918   0.014743  -0.060438  -0.015300
     11       0.022534   0.066709  -0.089692   0.005537  -0.005329   0.009218
     12       0.003362   0.109975   0.019198  -0.003726  -0.034278   0.167109
     13       0.022381   0.001493   0.078326   0.074372  -0.059117  -0.092731
     14       0.008515   0.043276  -0.107016  -0.093959   0.038186   0.057540
     15      -0.010877  -0.013825   0.051324   0.023515   0.000927  -0.066763
     16       0.032356   0.091464   0.040813  -0.055152   0.051084   0.069809
     17       0.016679   0.066005  -0.029783  -0.012126   0.017235  -0.011539
     18      -0.017225  -0.088622  -0.004765  -0.025598   0.086843  -0.150444
     19       0.012577  -0.054836  -0.037571  -0.122961   0.151234  -0.012735
     20      -0.020622  -0.035170   0.027388   0.050081  -0.059717  -0.068258
     21       0.005579   0.010016  -0.045964  -0.016394  -0.000129  -0.210950
     22      -0.025298  -0.185893  -0.095700  -0.012569  -0.134704   0.017737
     23      -0.021932  -0.047733   0.062021   0.017146   0.074234  -0.046540
     24       0.025442   0.110369  -0.070537  -0.051361  -0.051674  -0.158205
     25      -0.045614   0.019059  -0.022251   0.177353   0.078246   0.011973
     26       0.004271  -0.022355   0.011129  -0.096161  -0.079328   0.019193
     27       0.012384   0.006174  -0.100116   0.042128   0.002083  -0.085647
     28      -0.022497   0.167325   0.063803  -0.024713  -0.035225  -0.058756
     29       0.004732   0.093079  -0.046282  -0.023700  -0.002748   0.056167
     30       0.264903  -0.099082   0.391876   0.076144  -0.049536   0.060062
     31       0.132202  -0.103754  -0.047413  -0.061353   0.039078   0.038384
     32       0.235943  -0.158843   0.171809  -0.078011   0.059550  -0.016136
     33       0.031650   0.095744   0.060435   0.009077  -0.044348   0.159076
     34      -0.265979  -0.022894  -0.177406  -0.018192   0.018038   0.059582
     35       0.271996  -0.244166   0.315714  -0.036647   0.054200  -0.057602
     36      -0.374518  -0.044799   0.172319  -0.121753   0.004341   0.137308
     37       0.208897  -0.153923  -0.028852  -0.094760   0.061132   0.029675
     38      -0.254103  -0.019171   0.122814   0.009789  -0.006298  -0.037658
     39       0.033642  -0.092141  -0.044233   0.037342   0.028129   0.189177
     40      -0.104674  -0.081264  -0.149746  -0.020799   0.034386   0.039242
     41      -0.487863   0.016165   0.179266  -0.033745  -0.021984  -0.051470
     42       0.124719  -0.105317  -0.177337   0.060547   0.042922   0.214183
     43       0.142061  -0.016054  -0.046393   0.190747  -0.043159   0.086761
     44       0.115837  -0.019441  -0.132938   0.289322  -0.017996   0.062788
     45      -0.058894  -0.169473  -0.014236   0.011490   0.055826   0.213088
     46      -0.087786   0.061589   0.120282  -0.142090  -0.038590  -0.057821
     47       0.176619  -0.004892  -0.185224   0.322803  -0.024375   0.073045
     48      -0.076965   0.214826  -0.153744  -0.020531  -0.035688   0.234353
     49       0.086854  -0.066200   0.205215   0.197308  -0.104618  -0.291467
     50       0.024627   0.021801  -0.071021  -0.081172   0.034544   0.033910
     51       0.032215   0.146138   0.101107   0.005137  -0.062236   0.194162
     52       0.017035   0.037574   0.076517   0.050962  -0.061806  -0.033878
     53      -0.073534   0.136031  -0.280389  -0.215957   0.081769   0.269528
     54       0.002394   0.086430   0.103894   0.084473  -0.109119  -0.005757
     55       0.027999   0.063672   0.027409  -0.068186   0.073487   0.051755
     56       0.035960   0.136211  -0.013342  -0.059840   0.061710   0.060665
     57      -0.028535  -0.067899   0.088030   0.028505   0.021464  -0.159058
     58       0.058302   0.202297   0.062109  -0.081179   0.063676   0.172713
     59       0.018284   0.066983  -0.046640  -0.008122   0.007571   0.003034
     60      -0.028099  -0.179185  -0.057159  -0.075931   0.160006  -0.220395
     61       0.015381  -0.031300  -0.023918  -0.110261   0.135907   0.002291
     62      -0.037128  -0.080775   0.001241   0.136753  -0.267845  -0.044725
     63       0.005434  -0.136236  -0.121998  -0.097516  -0.309131  -0.185867
     64      -0.037142  -0.293450  -0.140282  -0.017771  -0.338367   0.041032
     65      -0.052040  -0.062256   0.083623   0.148489   0.106371  -0.035575
     66       0.008880   0.158880   0.021243   0.046535   0.270141  -0.237018
     67      -0.026480  -0.308205  -0.144278  -0.075672  -0.323044   0.035405
     68      -0.011702  -0.056144   0.102677  -0.063745   0.274092  -0.065349
     69       0.036968   0.256125   0.000970  -0.168070  -0.096936  -0.220032
     70      -0.044684   0.041175  -0.011830   0.167638   0.078787   0.006081
     71       0.034962  -0.089948   0.000078  -0.358584  -0.338066   0.002612
     72       0.035901   0.125252  -0.132474  -0.052814  -0.070045  -0.066724
     73      -0.074666   0.037860  -0.041647   0.438018   0.316341   0.055675
     74      -0.008738  -0.022092   0.029244  -0.016529   0.000699  -0.002958
     75       0.024210   0.052567  -0.124696   0.037373  -0.003489  -0.145405
     76      -0.024920   0.272295   0.106111  -0.065517  -0.033845  -0.017665
     77       0.014542   0.106303  -0.076984  -0.017318  -0.006023   0.001684
                 12         13         14         15         16         17    
      0      -0.006615  -0.019959  -0.044765   0.053665  -0.119058   0.137247
      1       0.013562   0.011848  -0.008818   0.028793  -0.023301   0.197447
      2       0.016587   0.037370   0.025076  -0.007501   0.046282  -0.044440
      3       0.018563  -0.048713  -0.014239  -0.094097  -0.061840  -0.182878
      4       0.024081   0.013009  -0.006980   0.012895  -0.037591   0.129634
      5      -0.020572   0.019085   0.021798   0.017618   0.005507   0.113405
      6       0.007233  -0.063470   0.009928  -0.125579   0.011801  -0.112596
      7      -0.055388   0.044385  -0.008518   0.094061  -0.116987  -0.136729
      8      -0.120372   0.006097   0.062682  -0.037153  -0.007127   0.057484
      9       0.001365  -0.017045  -0.018994   0.018683   0.135828   0.015080
     10      -0.065514   0.071767  -0.024584   0.094818   0.003331  -0.095693
     11       0.056262  -0.113043  -0.039930   0.118648  -0.013845  -0.047571
     12      -0.041482   0.035721  -0.037872   0.115099  -0.046435   0.083312
     13       0.015385  -0.080473  -0.064116   0.120182   0.071557  -0.093967
     14      -0.059255   0.112451   0.010655   0.106616   0.065583  -0.147797
     15       0.007007   0.061350   0.153090   0.061739   0.163673   0.018474
     16       0.087813   0.120442   0.035570  -0.060133   0.090514   0.016064
     17       0.171595  -0.010054   0.087484   0.011505  -0.162472  -0.062734
     18      -0.072031  -0.051619   0.138651   0.110671   0.041639   0.000390
     19      -0.049591  -0.057882  -0.073024  -0.032530  -0.079633  -0.010705
     20       0.031030   0.100925  -0.081934  -0.089708  -0.144909  -0.004364
     21       0.017910   0.034012   0.030459  -0.013826  -0.190476  -0.010038
     22       0.029954  -0.012033   0.034579   0.004337   0.001634   0.001717
     23      -0.045771   0.045046  -0.069754  -0.037630   0.002727   0.003672
     24       0.018055  -0.007414  -0.072163  -0.096030  -0.019093   0.028715
     25       0.053933  -0.003064  -0.034190  -0.046355   0.098206   0.015400
     26      -0.049402  -0.024384  -0.091466  -0.077355   0.179969   0.037731
     27       0.054895   0.082485  -0.159949  -0.026543   0.115237   0.010053
     28      -0.091280  -0.062138   0.087941  -0.185891   0.001175  -0.013961
     29       0.029286  -0.221796   0.033554   0.042101   0.049206   0.066689
     30       0.069103  -0.124265  -0.056688  -0.004938  -0.212641   0.431390
     31       0.037491   0.022333  -0.004624   0.004695  -0.065124   0.261715
     32       0.035423   0.041742   0.026815  -0.025197   0.016007   0.008036
     33      -0.044360   0.019099  -0.058575   0.145461  -0.050725   0.030674
     34      -0.016829   0.026238   0.014092  -0.019792   0.009357  -0.010231
     35       0.080876  -0.020564   0.032310  -0.104892  -0.061187   0.195824
     36       0.096028  -0.045682  -0.062825  -0.039691  -0.108106  -0.258064
     37       0.060445   0.021870   0.001426  -0.017525   0.043690   0.047997
     38      -0.011104   0.018331   0.012629   0.030717  -0.011200   0.109974
     39      -0.001715  -0.065202   0.016276  -0.161004   0.011169  -0.133842
     40       0.028369  -0.014368   0.004705  -0.043810   0.002084   0.144668
     41       0.014128   0.018615  -0.013286   0.066001  -0.070119   0.049782
     42       0.020018  -0.099131   0.010247  -0.148613  -0.014207  -0.179173
     43      -0.264068   0.120073   0.155679  -0.126456  -0.187585  -0.228989
     44      -0.249913   0.055914   0.163219  -0.168866  -0.047835   0.008353
     45       0.001671  -0.048612   0.059333  -0.265789  -0.053220   0.029612
     46       0.109819  -0.009683  -0.151048   0.308296  -0.022894  -0.055413
     47      -0.267602   0.048694   0.169326  -0.163464  -0.061688  -0.081783
     48      -0.068313   0.069727  -0.033269   0.170884  -0.116877   0.219814
     49       0.180675  -0.428800  -0.169306   0.072043   0.219283  -0.311892
     50      -0.043362   0.080612   0.000363   0.096306   0.085799  -0.183925
     51      -0.103993   0.097433  -0.045675   0.181203  -0.113721  -0.104675
     52      -0.043474   0.016085  -0.046284   0.163942   0.002125  -0.116121
     53      -0.206007   0.429879   0.112128   0.165616  -0.115229   0.141976
     54       0.099093   0.162701   0.270246   0.099185   0.307452   0.007940
     55       0.051143   0.087287  -0.008650  -0.060115   0.050006   0.017407
     56       0.445247   0.147838   0.395192  -0.141517  -0.000476  -0.049792
     57      -0.012455   0.160304   0.163347  -0.046919   0.099291   0.052105
     58       0.386714   0.266592   0.368709  -0.159207   0.276767   0.007490
     59       0.127187  -0.072644   0.026977   0.069145  -0.175320  -0.073688
     60      -0.169358  -0.198110   0.114827   0.162854  -0.106843  -0.035070
     61      -0.027123  -0.021238  -0.072229  -0.047991  -0.050308  -0.003506
     62       0.120229   0.207778  -0.060496  -0.116933  -0.092842   0.020294
     63       0.067671   0.016373   0.217016   0.057330  -0.276862  -0.014640
     64       0.077143  -0.016114   0.187960   0.073822  -0.018249  -0.002876
     65      -0.014714   0.067123  -0.011117   0.014293   0.095938  -0.000383
     66      -0.031722   0.046674  -0.157001  -0.099826  -0.109024   0.000239
     67       0.056455  -0.033052   0.186053   0.083178  -0.077058  -0.009898
     68      -0.142314  -0.018299  -0.089555   0.009158  -0.044335  -0.012596
     69      -0.088763  -0.042677  -0.010071  -0.260806  -0.030293   0.017043
     70       0.038659  -0.008489  -0.024135  -0.067534   0.094396   0.012905
     71      -0.157449  -0.006036  -0.080679  -0.233457   0.360820   0.028129
     72       0.060030  -0.125175  -0.062878  -0.006953   0.109622   0.068279
     73       0.186419  -0.030930  -0.038476   0.154348  -0.062138   0.030255
     74      -0.026065   0.011817  -0.097164  -0.051408   0.084312   0.028651
     75       0.082600   0.051689  -0.133221   0.005983  -0.018334  -0.006412
     76      -0.141467  -0.306600   0.307041  -0.244976  -0.165112   0.155631
     77       0.064145  -0.195891   0.007619   0.087043  -0.022440   0.020498
                 18         19         20         21         22         23    
      0      -0.057914   0.026179   0.025703   0.059881   0.013558   0.015604
      1      -0.019194   0.046943   0.032899  -0.007134  -0.016598   0.006570
      2       0.025401   0.021374   0.008912   0.053120   0.026699   0.004770
      3       0.002948  -0.045399  -0.058140  -0.015404  -0.017543   0.000445
      4      -0.025714   0.008953   0.023327   0.035425   0.015181   0.011551
      5      -0.002166   0.047581  -0.048453   0.052137   0.032315  -0.014482
      6       0.036420   0.051803  -0.036751  -0.036448  -0.016566  -0.008969
      7      -0.075897  -0.222966  -0.040592   0.059571   0.064568  -0.021701
      8       0.002346   0.035208  -0.072165  -0.026645  -0.006373  -0.005387
      9       0.050838   0.054425   0.021425  -0.022712   0.004323  -0.017796
     10       0.030796  -0.030728  -0.054189  -0.040663  -0.019094  -0.013179
     11      -0.030273   0.024927  -0.036364  -0.057957  -0.020455   0.036617
     12      -0.012343   0.091307   0.045597   0.045756   0.012689   0.016339
     13       0.035537   0.128642   0.031158  -0.053533  -0.043528  -0.015159
     14       0.029623   0.096593   0.075602   0.000667  -0.016150   0.014723
     15       0.059318  -0.036953   0.000575  -0.053668   0.099824  -0.005774
     16       0.137908  -0.032290  -0.017838  -0.008248  -0.053672   0.043715
     17      -0.145406   0.062910  -0.010769  -0.027149   0.032738  -0.009479
     18      -0.059911  -0.016861  -0.018871  -0.001782  -0.025599   0.039607
     19       0.033568   0.016446   0.014460  -0.017927   0.057424  -0.031754
     20       0.106162   0.036459   0.026720  -0.039612   0.122789  -0.048966
     21       0.067995  -0.003779  -0.022182   0.062443  -0.138089   0.107985
     22      -0.006475  -0.002454  -0.001376  -0.009517   0.059975   0.058720
     23       0.000714   0.003273   0.004168   0.021987  -0.080574  -0.037536
     24       0.019637  -0.067331   0.005181   0.018454   0.033305  -0.036132
     25      -0.085396  -0.041764  -0.015959   0.018620  -0.002491   0.044514
     26      -0.070533  -0.093188  -0.013400   0.068556  -0.115609  -0.009126
     27      -0.068626  -0.030677   0.010495  -0.011744   0.016836  -0.074833
     28      -0.082489   0.113146  -0.003303  -0.030192  -0.040704  -0.020364
     29       0.117482  -0.149531   0.006228   0.024882   0.030180   0.008110
     30      -0.131588  -0.179068  -0.032350  -0.378419  -0.168654  -0.042760
     31      -0.050015  -0.073856   0.116289  -0.233603  -0.123890   0.021725
     32       0.000474  -0.066659   0.062702  -0.114652  -0.052069   0.013300
     33      -0.017051   0.175112   0.132587   0.194388   0.057207   0.044398
     34       0.033434   0.129179  -0.107599   0.339267   0.151967   0.004918
     35      -0.054166  -0.212415  -0.065266  -0.291377  -0.113534  -0.031866
     36      -0.057350  -0.299323   0.385193  -0.227459  -0.138580   0.090548
     37       0.041760   0.153444  -0.137223   0.234540   0.110406  -0.015519
     38      -0.019868  -0.012924   0.045981  -0.006993   0.001366   0.003985
     39       0.071092   0.152936  -0.275402   0.024978  -0.000703  -0.039467
     40       0.004832   0.025506   0.096963  -0.175178  -0.099508   0.029031
     41      -0.077980  -0.237354   0.352988  -0.204786  -0.101672   0.064060
     42       0.018192  -0.005778   0.158842  -0.095358  -0.053640   0.054779
     43      -0.124841  -0.414485   0.352813   0.148927   0.071141   0.027569
     44      -0.024841  -0.072177   0.144206   0.035110   0.001471   0.017987
     45       0.016650   0.142717  -0.030404   0.088614   0.009187  -0.011403
     46      -0.009860  -0.067276  -0.391057  -0.021098   0.070483  -0.078885
     47      -0.046284  -0.151326   0.243539  -0.010955  -0.020741   0.046098
     48      -0.064535   0.051934  -0.044585  -0.150922  -0.065520  -0.023434
     49       0.017297   0.323817   0.266238   0.191300   0.033176   0.083514
     50       0.035121   0.119603   0.106063   0.048141  -0.000134   0.028985
     51      -0.007209   0.082000  -0.015853   0.073385   0.021124  -0.005346
     52       0.035404   0.087899  -0.042511  -0.102617  -0.062106  -0.045194
     53       0.017873  -0.089585  -0.154530  -0.294421  -0.116400  -0.080962
     54       0.014492  -0.086518  -0.020819  -0.043107   0.087341  -0.035183
     55       0.159659  -0.019794  -0.018779  -0.020721  -0.049143   0.052833
     56      -0.353929   0.041695   0.095836   0.134453   0.041588  -0.132877
     57       0.122455  -0.052684   0.051519  -0.025944   0.223788  -0.090869
     58      -0.117816  -0.069562   0.060064   0.150325  -0.077013  -0.079620
     59      -0.128192   0.078455  -0.043017  -0.066836  -0.006454   0.040946
     60      -0.260068   0.042511   0.047090   0.005407   0.157311  -0.333799
     61       0.083770   0.004995   0.002675  -0.023012   0.029778   0.038666
     62       0.240934  -0.010021  -0.047351  -0.027133  -0.013924   0.487901
     63       0.196328   0.012853   0.013120   0.128713  -0.449845  -0.260117
     64       0.033331   0.010938   0.012681   0.022137  -0.122555  -0.156722
     65      -0.120496   0.006570  -0.025309  -0.010604  -0.003041   0.081160
     66      -0.041011  -0.032217  -0.053197   0.009263   0.150929   0.440176
     67       0.086635   0.025784   0.026841   0.024535  -0.149912  -0.210846
     68       0.011220   0.036653   0.014059  -0.032691   0.051775   0.020261
     69      -0.077862   0.058296   0.002040  -0.021812   0.010364  -0.080613
     70      -0.091996  -0.022015  -0.014483   0.015711  -0.019594   0.025275
     71      -0.385074   0.019901  -0.065434  -0.077666   0.233551   0.313098
     72       0.049886  -0.197930   0.015031  -0.033301   0.299290  -0.006784
     73       0.239814  -0.190088   0.034310   0.155541  -0.279172  -0.228566
     74       0.017158  -0.092237  -0.002014   0.132980  -0.304567  -0.103632
     75      -0.035021  -0.041347   0.005117  -0.055168   0.083431  -0.065013
     76       0.438890   0.030407   0.094988   0.027884   0.231867  -0.114643
     77       0.047820  -0.154314  -0.018462  -0.017312   0.033626   0.036409
                 24         25         26         27         28         29    
      0       0.008185   0.033826  -0.125199   0.032929  -0.031013  -0.054208
      1      -0.005298   0.014786  -0.196009   0.014890   0.013224  -0.009434
      2       0.009564  -0.031674  -0.017236  -0.043342   0.035467   0.053928
      3      -0.004135   0.020013  -0.158248   0.015109   0.001324   0.093285
      4       0.048720  -0.017179   0.156514   0.000790   0.001790   0.058610
      5      -0.005906  -0.024832   0.069185  -0.038793  -0.026166  -0.050179
      6      -0.028889  -0.011862   0.125482   0.005908  -0.026851  -0.083538
      7       0.039821   0.062453   0.069942   0.044597  -0.009025  -0.107409
      8       0.018706   0.052141   0.001403   0.090523   0.022357   0.033879
      9       0.024072   0.014568   0.006185  -0.000828   0.101675  -0.096723
     10      -0.018601  -0.037295  -0.005724  -0.037252   0.043722   0.074362
     11       0.100148   0.022159   0.007182   0.040922  -0.004376   0.034341
     12       0.019007  -0.025901   0.105399  -0.011945   0.023158   0.080631
     13      -0.148290  -0.026625  -0.029975  -0.057656  -0.060813  -0.032579
     14      -0.025216   0.039922  -0.037789   0.074821  -0.037138  -0.066979
     15       0.065195  -0.094141  -0.023420   0.040187   0.014158  -0.049368
     16       0.073343   0.014541  -0.004824  -0.016666   0.024657   0.027067
     17       0.000094  -0.056344  -0.013128  -0.092435   0.114298  -0.070774
     18       0.024159   0.060648  -0.007035  -0.075501  -0.020858   0.006450
     19       0.008298  -0.043441  -0.006867   0.014351  -0.011349  -0.051795
     20       0.012005  -0.050586  -0.012670   0.058976  -0.030862   0.022048
     21      -0.060351  -0.053925   0.016679   0.091115   0.013822   0.015038
     22      -0.046643   0.039683   0.010784   0.003191  -0.011629   0.021116
     23       0.006424   0.127169   0.019994  -0.056177  -0.013643   0.053355
     24      -0.038341   0.008987  -0.005201  -0.042338  -0.010040   0.008184
     25      -0.049080  -0.063864  -0.003695   0.028490   0.038664   0.002160
     26      -0.055096  -0.084810  -0.000113   0.035636   0.053804  -0.056439
     27       0.031922   0.073762   0.002296  -0.049302   0.007310   0.006084
     28       0.103216  -0.002321  -0.006566   0.002279  -0.057690  -0.008633
     29      -0.017917  -0.023319  -0.014194  -0.020205  -0.068685   0.030428
     30      -0.123871   0.053002   0.034838   0.044478  -0.144437  -0.193841
     31       0.022858   0.083014  -0.112704   0.179499   0.064111   0.062302
     32       0.027783   0.013160   0.052306   0.068948   0.064623   0.097333
     33      -0.001937   0.041198  -0.082179   0.059948  -0.042799  -0.138712
     34       0.060415  -0.045269  -0.454912  -0.149653   0.082539   0.168586
     35      -0.012168  -0.011236   0.033515  -0.000254   0.015847   0.080194
     36       0.052654  -0.003952  -0.039562   0.010701   0.098378   0.251923
     37       0.019129  -0.147364   0.101571  -0.239781  -0.017072   0.183004
     38       0.008089  -0.014871   0.104414  -0.012661  -0.006125  -0.037704
     39      -0.050479  -0.003278  -0.142088   0.004605  -0.026725   0.138197
     40       0.039215  -0.002311   0.330602   0.111792   0.060092   0.197343
     41       0.054199   0.025090   0.187902   0.079416   0.070351   0.014305
     42       0.026087  -0.051410   0.201018  -0.063022   0.004625   0.018800
     43      -0.004119  -0.118043  -0.047319  -0.256378  -0.019755  -0.115799
     44      -0.015380  -0.053268  -0.083929  -0.086996   0.012593   0.019042
     45      -0.071537  -0.109474   0.361594  -0.103414  -0.217296  -0.235298
     46       0.064311   0.249695   0.123931   0.323329   0.067649  -0.093164
     47       0.015660  -0.067986  -0.147704  -0.110841   0.047513   0.083811
     48      -0.090793  -0.038482   0.143945  -0.082651  -0.114923   0.013649
     49       0.182468   0.134296   0.062809   0.235904  -0.023587  -0.006496
     50       0.012863   0.053463  -0.038661   0.104528  -0.016912  -0.055835
     51      -0.100032  -0.138617   0.357700  -0.122940  -0.000520   0.413508
     52      -0.274071  -0.104590   0.049424  -0.162389  -0.092348   0.100074
     53      -0.353590  -0.102295  -0.149546  -0.199667  -0.122568  -0.126991
     54      -0.005864  -0.063231   0.000046   0.116050   0.011569   0.118815
     55       0.107249  -0.008796  -0.013063  -0.043079   0.045338  -0.013625
     56      -0.321331   0.194149   0.044301   0.136348  -0.262790   0.014068
     57      -0.005434  -0.114441  -0.037036   0.168728  -0.172052  -0.045778
     58      -0.264241   0.261278   0.067090   0.195077  -0.290194   0.174255
     59       0.084635  -0.092324  -0.021051  -0.179898   0.240059  -0.100091
     60      -0.194328  -0.134534   0.002533   0.264321   0.022169   0.307466
     61       0.055340  -0.017319  -0.010431  -0.042724  -0.017683  -0.110577
     62       0.111102   0.298492   0.012826  -0.340530  -0.214449  -0.273191
     63       0.148416  -0.071420  -0.008211   0.018233   0.028640  -0.016069
     64       0.078669   0.058865  -0.003036  -0.060701   0.024249   0.056843
     65      -0.046636   0.207486   0.029976  -0.087543   0.047423   0.201006
     66      -0.262799  -0.070816   0.036179   0.175751   0.004456   0.025620
     67       0.120710   0.062340  -0.006257  -0.069690  -0.027293   0.015894
     68       0.022251   0.244928   0.022866  -0.128745  -0.151940   0.054492
     69       0.094941  -0.012546  -0.016183  -0.062378  -0.122623   0.014371
     70      -0.020172  -0.067314  -0.005214   0.025169   0.017618  -0.002689
     71      -0.149874  -0.026805   0.010518   0.073373   0.096279   0.104861
     72      -0.066117  -0.009579  -0.046639  -0.151392  -0.117334   0.070204
     73      -0.001414  -0.103936  -0.010041  -0.019002  -0.012373  -0.119942
     74      -0.033415  -0.090273   0.014069   0.063746   0.080478  -0.116908
     75       0.053592   0.151912  -0.005149  -0.093440  -0.050387   0.116045
     76      -0.472536   0.562204   0.149806  -0.024717   0.614395  -0.060182
     77       0.097467  -0.071812  -0.049986  -0.050904  -0.240138   0.132993
                 30         31         32         33         34         35    
      0       0.076185   0.079927   0.071326   0.000081  -0.082538   0.010665
      1      -0.007988  -0.027201  -0.006986  -0.040099   0.102460  -0.016044
      2      -0.011499  -0.020770   0.077707   0.030290   0.078648  -0.001551
      3      -0.059604   0.011698  -0.078835   0.029047  -0.065134   0.017413
      4      -0.006827   0.051291   0.009020   0.039834  -0.119909   0.020934
      5       0.015808  -0.054048  -0.059158  -0.016523  -0.047161  -0.020474
      6       0.060608   0.004587   0.058243  -0.040657   0.081227  -0.025787
      7       0.010424  -0.043606  -0.018343   0.022350   0.064481  -0.006034
      8      -0.038869   0.080816   0.051214   0.028311   0.022887   0.014968
      9      -0.037835  -0.146127   0.027765  -0.025809   0.088156   0.013730
     10      -0.003782   0.030790   0.027501  -0.115823  -0.047186   0.021377
     11       0.031027  -0.075584   0.027406   0.044939  -0.066976  -0.134283
     12      -0.075898  -0.043586  -0.057776   0.001079   0.094956  -0.019952
     13       0.011813   0.001866   0.009921   0.058065   0.011638   0.020288
     14       0.013152   0.046978  -0.083406  -0.026930  -0.052375  -0.012712
     15      -0.022126   0.005509   0.011545   0.016540  -0.083252   0.012186
     16       0.107382   0.024375  -0.045594  -0.006748   0.018150  -0.033364
     17      -0.018381   0.051329  -0.012390  -0.034289  -0.008644   0.053857
     18      -0.004143   0.086084  -0.028386   0.024722   0.047925  -0.036111
     19      -0.056537   0.003766   0.014201   0.037649  -0.009880   0.017476
     20       0.022811  -0.002437  -0.014929   0.015517   0.048389  -0.023961
     21       0.039521  -0.086227   0.003863   0.003044   0.003710   0.067504
     22      -0.028847  -0.054289   0.042835  -0.089157  -0.058527  -0.016803
     23       0.048856  -0.019428   0.004397  -0.034462  -0.012906  -0.025140
     24      -0.028496   0.100254  -0.000286  -0.051549  -0.007201  -0.180197
     25       0.051179   0.064630  -0.044696   0.063010   0.050630  -0.045366
     26      -0.066145   0.039785   0.010945   0.001872  -0.036085  -0.029083
     27       0.016261  -0.048625   0.002285   0.032714  -0.032718   0.163196
     28      -0.020240  -0.052324   0.041033  -0.008638  -0.004750   0.047121
     29       0.026892  -0.020516  -0.003914  -0.007185   0.039215   0.128343
     30       0.048595  -0.124022  -0.239039   0.025707  -0.248394  -0.144063
     31      -0.146924   0.108467  -0.166689  -0.203842   0.249035   0.139500
     32      -0.107568   0.059784  -0.043279  -0.079200   0.171074   0.095626
     33       0.167603   0.267734   0.202855  -0.018790  -0.150669   0.155610
     34       0.000631  -0.159650   0.188593   0.103069   0.179589  -0.160799
     35      -0.135200  -0.202297  -0.188386  -0.012180   0.132340  -0.125162
     36      -0.027639   0.078775   0.226973   0.173558  -0.070682  -0.058182
     37      -0.020446  -0.212630  -0.052524   0.216508  -0.374109  -0.173173
     38       0.023361  -0.015569   0.003701  -0.008985  -0.019854  -0.014941
     39      -0.151187   0.037743  -0.283690  -0.062945  -0.188184   0.133034
     40      -0.146394   0.261735  -0.056355  -0.074514  -0.164449   0.244562
     41       0.024529   0.103883   0.190538   0.017992   0.098669   0.009935
     42       0.192518  -0.073785   0.333150   0.158180  -0.072029  -0.352006
     43       0.040037  -0.268998  -0.215751  -0.042401  -0.048807   0.026080
     44      -0.038909  -0.047224  -0.106893  -0.036426  -0.033298   0.073878
     45       0.213673   0.170565  -0.173009  -0.294383   0.052853   0.134478
     46      -0.073897   0.094114   0.143879   0.097505   0.194625   0.017256
     47      -0.032465  -0.128862   0.013132   0.081026  -0.077616  -0.081741
     48      -0.093911  -0.325532  -0.232686   0.235286  -0.014787  -0.311362
     49      -0.091029   0.010226  -0.329900  -0.039252  -0.048108  -0.144996
     50       0.009739   0.091999  -0.079308  -0.063961  -0.039654   0.018985
     51      -0.186090   0.215473   0.047265   0.058462   0.244912   0.164665
     52      -0.012643   0.099404   0.101757   0.119815   0.071652   0.101395
     53       0.112551  -0.055066   0.143433   0.151920  -0.060466  -0.008123
     54       0.000111  -0.139411   0.146520  -0.252653  -0.271013  -0.089451
     55       0.116924   0.063682  -0.081251   0.046919   0.052060  -0.012230
     56      -0.234080  -0.054717   0.072855   0.132512   0.109883   0.031291
     57      -0.106269   0.176636  -0.069463   0.340638  -0.025394   0.093461
     58      -0.080363  -0.173872   0.106004  -0.037448   0.042118  -0.101327
     59       0.042454   0.025619  -0.010373  -0.145930  -0.030094   0.037661
     60       0.186802  -0.138846   0.030382  -0.226663   0.012713  -0.108544
     61      -0.085786   0.046047  -0.001180   0.090952  -0.001698   0.033570
     62      -0.433126   0.129750   0.091778   0.094395   0.030447   0.015282
     63       0.126815   0.074118  -0.093995   0.199345   0.129519   0.048355
     64       0.132962   0.063233  -0.068421   0.031527   0.059379  -0.035088
     65       0.306770  -0.009097  -0.106002  -0.075484   0.068756  -0.029929
     66      -0.065661  -0.200413   0.090709  -0.157442  -0.108966   0.043627
     67       0.033761   0.022081  -0.008352   0.013414   0.029431   0.004773
     68      -0.117816  -0.130184   0.135289  -0.206829  -0.061840   0.011772
     69       0.016956   0.154506  -0.005522   0.036796   0.105825  -0.193630
     70       0.046198   0.064239  -0.037400   0.070573   0.058842  -0.031075
     71       0.280676   0.014330  -0.142225   0.177721   0.135489   0.136054
     72      -0.016732   0.247930  -0.051574  -0.224494   0.189434  -0.309907
     73      -0.263349   0.068823   0.097657  -0.182456  -0.116991  -0.145725
     74      -0.167069  -0.014610   0.074027  -0.007693  -0.165171  -0.005668
     75       0.093749  -0.060645   0.006714   0.024197  -0.153027   0.272401
     76       0.028199   0.017625  -0.073698   0.203544  -0.238278  -0.004834
     77       0.085927  -0.033616   0.014391  -0.053727  -0.014985   0.224598
                 36         37         38         39         40         41    
      0      -0.012792  -0.010817  -0.021307  -0.006217  -0.002254   0.009190
      1       0.079862  -0.028789  -0.012130  -0.018604  -0.030880  -0.000536
      2       0.010658   0.011263   0.044253   0.040658   0.035596  -0.075614
      3      -0.032682   0.023645   0.034436   0.026357  -0.010775   0.011978
      4      -0.083971   0.030529   0.017369   0.011720   0.020336   0.043396
      5      -0.007902  -0.004593  -0.058635  -0.043757  -0.082033   0.002403
      6       0.048634  -0.026780  -0.039075  -0.046488  -0.020466  -0.009617
      7       0.001050   0.016173   0.048792   0.018477  -0.019453  -0.001550
      8      -0.016137   0.023209   0.054660   0.012433   0.073449   0.032594
      9      -0.171086   0.086106  -0.036558  -0.007842  -0.002229   0.007925
     10       0.029473  -0.064722  -0.192245  -0.069192   0.085466  -0.063595
     11       0.049910  -0.043071  -0.035356   0.040025  -0.066438  -0.073554
     12       0.036590   0.007944   0.013446   0.010646   0.026949  -0.046723
     13      -0.034612   0.034939   0.070581   0.039731  -0.006265  -0.012306
     14       0.004578  -0.005156  -0.008784  -0.029139   0.016040   0.072217
     15       0.102988   0.109894   0.042477   0.016697  -0.018505   0.020822
     16      -0.048741  -0.088880   0.090816   0.011683  -0.025129   0.023263
     17       0.010098   0.023063   0.031766  -0.022681   0.024455   0.019495
     18      -0.071749  -0.174304  -0.019233   0.006562  -0.007849  -0.019105
     19       0.042782   0.057920  -0.072640   0.007987   0.006602  -0.016077
     20      -0.085165  -0.126031  -0.021182   0.023355  -0.011654  -0.000447
     21       0.009126   0.058129  -0.012951  -0.018568   0.024285   0.019770
     22       0.013372   0.011649   0.108365  -0.011338  -0.021247  -0.007595
     23       0.061702   0.200208   0.002357  -0.003948  -0.000621  -0.001047
     24       0.006247   0.080929   0.047280   0.007823  -0.039025  -0.036700
     25       0.003069   0.059861  -0.102211   0.054970   0.000436   0.017063
     26       0.002508  -0.093667   0.031079  -0.009598   0.003445   0.004525
     27       0.031578  -0.093322  -0.001118  -0.004651   0.013396   0.017441
     28      -0.018860  -0.026376   0.057435  -0.034080   0.001254   0.009684
     29      -0.017430   0.010809  -0.015870  -0.007725   0.013419   0.012450
     30      -0.026879  -0.055313  -0.057475  -0.122393   0.088214   0.246095
     31       0.149230  -0.008299  -0.055081   0.004251  -0.255182  -0.071573
     32       0.053163   0.026017   0.013677   0.052353  -0.110077  -0.117828
     33      -0.183878   0.110706   0.013990   0.060916  -0.125677  -0.220790
     34       0.253377  -0.159831   0.036614  -0.006845   0.216161   0.148343
     35       0.159774  -0.090290  -0.024102  -0.054401   0.081124   0.162491
     36      -0.073144   0.008501   0.090636   0.020192   0.272730   0.055639
     37      -0.203706   0.027135  -0.083956  -0.128753   0.099808   0.114015
     38      -0.004468  -0.005342  -0.039195  -0.031559  -0.042368   0.002784
     39      -0.138094   0.096195  -0.101292  -0.000783  -0.170954  -0.198426
     40      -0.251690   0.163015  -0.092599   0.044472  -0.061962  -0.310822
     41       0.002426   0.004482   0.049088   0.030422   0.088687  -0.004321
     42       0.194839  -0.205526  -0.216542  -0.275814  -0.136398   0.080710
     43      -0.047757   0.015015  -0.045184   0.047913  -0.135942  -0.078223
     44      -0.062177   0.042381   0.016652   0.060552   0.017389  -0.027760
     45       0.340527  -0.233309   0.168904   0.340825   0.353585  -0.105854
     46      -0.084763   0.102899   0.092196  -0.057893   0.028911   0.071874
     47      -0.077452   0.041929  -0.082046  -0.098678  -0.146342   0.008985
     48       0.107367  -0.044100   0.236919   0.102939   0.330637  -0.153505
     49       0.160965  -0.081807   0.047373  -0.048415   0.142538   0.084571
     50       0.007723  -0.005541  -0.038532  -0.047155  -0.022340   0.097367
     51       0.261865  -0.076538   0.100963  -0.081928  -0.434151   0.450982
     52       0.043239   0.010286   0.141306   0.025104  -0.207950   0.173680
     53      -0.106089   0.067720   0.133463   0.093555   0.001805  -0.082743
     54       0.188166   0.063747  -0.207443   0.335233   0.001602   0.115476
     55      -0.060429  -0.078779   0.157253  -0.056125  -0.030048   0.004366
     56      -0.056036   0.027604  -0.174908  -0.143400   0.014564  -0.109068
     57       0.254890   0.032972   0.086603  -0.380795   0.101275  -0.224521
     58      -0.090151  -0.061270  -0.228556   0.103615  -0.011186  -0.029232
     59      -0.043296   0.041316   0.070386   0.101841  -0.020390   0.115643
     60      -0.217549  -0.332964   0.036121   0.133571  -0.015775   0.067719
     61       0.070230   0.089944  -0.075770  -0.020780   0.005943  -0.033156
     62      -0.003591  -0.159675  -0.294491   0.117600   0.016559   0.020037
     63       0.029626   0.178059  -0.300745   0.069813   0.066449   0.076568
     64       0.004966   0.121607   0.027700  -0.077457   0.006196  -0.057152
     65      -0.002975   0.256077   0.305916  -0.336199   0.001247  -0.224962
     66      -0.017321  -0.104154   0.202702  -0.046472  -0.024741  -0.016940
     67       0.015861   0.125118  -0.092165   0.048485   0.037179   0.081776
     68      -0.014822   0.125490  -0.110459   0.194161   0.097698   0.327892
     69       0.017161   0.245892  -0.116349   0.289213  -0.122050   0.014508
     70       0.004869   0.062086  -0.113188   0.091923  -0.009483   0.026375
     71       0.017120   0.119763  -0.216223   0.006316   0.073917   0.045346
     72      -0.240635   0.251931  -0.018565  -0.270814   0.275384   0.194854
     73      -0.035918  -0.166384   0.204711  -0.126842   0.045093  -0.004062
     74       0.087497  -0.232308   0.152346   0.039430  -0.100995  -0.088964
     75       0.215888  -0.138064   0.033720   0.009351  -0.036510  -0.081084
     76       0.221819  -0.250657  -0.058945   0.073730  -0.018154  -0.009764
     77       0.093603   0.015798   0.022398  -0.011287  -0.021407  -0.065529
                 42         43         44         45         46         47    
      0       0.063422   0.004366  -0.001396  -0.024477   0.007932  -0.005916
      1      -0.050631   0.007585   0.018654   0.038242  -0.034731  -0.022620
      2       0.005040   0.046439   0.050656   0.031029  -0.015802   0.008179
      3      -0.018913   0.004369  -0.039221  -0.005530   0.005068   0.061266
      4       0.051471  -0.016554  -0.021591  -0.003284  -0.040523   0.084032
      5      -0.038893   0.014177  -0.006618  -0.008563   0.017330   0.015543
      6      -0.013059   0.003788   0.067118   0.051287  -0.109448  -0.044395
      7      -0.014858   0.014677   0.003299  -0.005966   0.048811  -0.012009
      8      -0.038812  -0.036849  -0.019387   0.004389   0.022743  -0.001903
      9       0.060970  -0.050534  -0.052766  -0.049146  -0.019975   0.040936
     10       0.006844  -0.047724   0.002770  -0.026910  -0.046901   0.003852
     11       0.067772   0.043457  -0.097229  -0.047629  -0.063436  -0.035102
     12      -0.055044  -0.008501   0.013978  -0.011566   0.074790  -0.033773
     13      -0.009686   0.008454  -0.016943  -0.017126   0.052894  -0.001039
     14       0.019247  -0.032187   0.028468   0.006574   0.012536   0.000951
     15       0.009947  -0.003732  -0.010517   0.020627   0.024011  -0.086755
     16      -0.016428   0.021995   0.028169  -0.025921  -0.007974   0.002953
     17      -0.026025   0.003905   0.035164  -0.015130  -0.005454   0.035926
     18       0.001498  -0.018512   0.000558   0.021916   0.006251  -0.001320
     19       0.015842  -0.016919  -0.032607   0.062710   0.017856   0.035599
     20       0.010402  -0.009284  -0.011995   0.025339   0.011497  -0.013385
     21      -0.000365   0.030286  -0.010948  -0.008339   0.001218   0.007690
     22      -0.009009  -0.031796   0.035046  -0.039357  -0.002520  -0.014784
     23       0.005835  -0.014111  -0.004006   0.025318   0.015818  -0.030064
     24       0.011588  -0.034124   0.001225   0.004599  -0.018244  -0.012805
     25      -0.006033   0.006594   0.013228  -0.019774  -0.013593  -0.013614
     26      -0.005227   0.030437  -0.007191  -0.000142   0.002605  -0.000851
     27      -0.012007   0.021807   0.006160   0.000476   0.009403   0.011566
     28       0.004366   0.032836  -0.023665   0.023755   0.013039  -0.004503
     29      -0.015415  -0.037301   0.034531  -0.002782   0.009276   0.024884
     30       0.097205  -0.115729   0.178713   0.109213  -0.024648  -0.095799
     31      -0.243847   0.031616  -0.298466  -0.128647   0.039674   0.043456
     32      -0.123197   0.058219  -0.155954  -0.078445   0.034339   0.053172
     33      -0.269326   0.136384  -0.014816   0.122566  -0.168924   0.024713
     34       0.457980  -0.058826   0.134706  -0.095466   0.162734  -0.072089
     35       0.207791  -0.095727   0.016352  -0.098800   0.126124  -0.012328
     36      -0.194202  -0.169339  -0.098860   0.027280  -0.068368  -0.235135
     37      -0.434306  -0.228532  -0.191380  -0.002093  -0.053444  -0.353691
     38      -0.016179   0.006764   0.002889  -0.003361   0.004802   0.011022
     39       0.069759   0.165132   0.172588  -0.017077   0.217471  -0.121257
     40       0.318900   0.219483   0.369158  -0.010156   0.257398  -0.248382
     41       0.066561  -0.012448   0.026503   0.003384  -0.030834  -0.009201
     42      -0.203209   0.092093   0.084455  -0.133419   0.662246   0.233023
     43       0.116967   0.060072  -0.007054   0.002722  -0.119856  -0.056548
     44       0.066825  -0.019587  -0.033126   0.032115  -0.186433  -0.061027
     45       0.107953  -0.084972  -0.419835  -0.202100   0.143483  -0.035705
     46      -0.093071  -0.024391   0.125368   0.090354  -0.018318  -0.051637
     47      -0.021209   0.040409   0.093220   0.031908  -0.033720   0.024868
     48      -0.060928   0.185881   0.243582   0.204893  -0.230493   0.215376
     49      -0.013394   0.028961   0.155606   0.106225  -0.079837   0.059305
     50       0.022642  -0.058330   0.005401  -0.020236   0.053126  -0.033643
     51       0.214055  -0.000667  -0.096613   0.081753  -0.225999   0.015702
     52       0.106495   0.034302  -0.076307   0.016594  -0.068439   0.019508
     53       0.021806   0.069437  -0.034595  -0.030679   0.038712   0.000361
     54      -0.084862   0.115186  -0.004071   0.300474   0.058692   0.474208
     55       0.001318  -0.001716   0.031036  -0.089437  -0.015506  -0.117199
     56       0.087195  -0.090236  -0.092173  -0.086159  -0.011938  -0.168035
     57      -0.031443   0.116355   0.042660  -0.451490  -0.263194   0.271138
     58       0.051786  -0.042585  -0.078298   0.139794   0.028002  -0.012027
     59      -0.021597  -0.030255   0.032929   0.121471   0.089268  -0.089215
     60      -0.065763   0.031219   0.087376  -0.041768  -0.025053   0.066494
     61       0.032279  -0.027550  -0.052852   0.075944   0.026034   0.013950
     62      -0.004222  -0.008440  -0.020646   0.111627   0.009087   0.140105
     63      -0.002684   0.121819  -0.051921   0.053756   0.009817  -0.046953
     64       0.032512  -0.033424  -0.039760   0.034241   0.001416   0.086936
     65       0.114970  -0.169222  -0.125985   0.106826   0.012166   0.330408
     66      -0.007553  -0.044105   0.035293  -0.025951   0.014548  -0.018445
     67      -0.034088   0.104362   0.026543  -0.114726  -0.050919  -0.004144
     68      -0.167664   0.396988   0.166695  -0.493428  -0.202475  -0.092187
     69      -0.109328  -0.395339   0.344969  -0.306107  -0.002627   0.180288
     70      -0.027972  -0.045834   0.067662  -0.067810  -0.008855   0.016769
     71       0.007262   0.129354  -0.080024   0.062083  -0.007638  -0.075461
     72       0.020291   0.478896  -0.239129   0.112126   0.095131  -0.043264
     73       0.011785   0.110521  -0.074132   0.041234   0.024356  -0.025307
     74      -0.005246  -0.129990   0.058866  -0.021240  -0.028674   0.005452
     75      -0.031544  -0.034168   0.029851   0.123318   0.003264  -0.147948
     76       0.011731   0.090489  -0.056174  -0.007588  -0.023056  -0.049985
     77      -0.034255  -0.098163   0.066508   0.098962   0.008181  -0.096827
                 48         49         50         51         52         53    
      0      -0.019500   0.106026  -0.032624  -0.000688   0.001421   0.016675
      1       0.040834  -0.067677   0.086579   0.009977   0.016062   0.025961
      2      -0.004529  -0.049854   0.046051   0.011503   0.010091  -0.005521
      3      -0.042851  -0.070921  -0.001670   0.002705  -0.001321  -0.021062
      4      -0.078147  -0.069759  -0.063379  -0.007182  -0.020492   0.017439
      5      -0.022119   0.019814  -0.013936   0.003157   0.001433   0.013626
      6       0.005392   0.028483  -0.076639  -0.022846  -0.067618  -0.011860
      7       0.027938   0.009374   0.026044   0.002617   0.011600  -0.047066
      8       0.008524   0.000956   0.011192   0.010166   0.023771   0.007910
      9       0.007259   0.009376   0.046912  -0.003768   0.095841  -0.000695
     10      -0.057527  -0.015712   0.023992   0.021418   0.015348   0.002411
     11       0.028029  -0.022920   0.034987  -0.022716  -0.046583   0.000555
     12       0.040846  -0.088955  -0.081784  -0.026769  -0.071042   0.013106
     13       0.007636  -0.004658  -0.059325  -0.015582  -0.032324  -0.033765
     14       0.009511   0.005716  -0.005687   0.002834   0.012957  -0.035793
     15      -0.069898  -0.012514   0.013163   0.068093  -0.041864   0.001430
     16       0.018104   0.005481  -0.012849  -0.028181   0.010159  -0.003191
     17       0.018838   0.012515  -0.008418  -0.028392   0.023553  -0.000493
     18      -0.006791  -0.002002  -0.003467  -0.023480   0.009441   0.001456
     19       0.026114   0.012119  -0.000637   0.021766  -0.021296   0.000178
     20      -0.011660  -0.000402   0.002925   0.019967  -0.009786   0.001586
     21       0.002553   0.005557   0.016844   0.022589  -0.037749  -0.000027
     22      -0.029390  -0.000127   0.022483  -0.053704   0.004279   0.001089
     23      -0.043702  -0.003737   0.013174  -0.123631   0.052491  -0.002191
     24       0.032272  -0.021797  -0.079885   0.053906   0.117699  -0.001444
     25      -0.000062  -0.008793  -0.016532   0.009464   0.028180   0.000857
     26      -0.000227   0.004462   0.018554   0.004375  -0.065830   0.002261
     27      -0.001843   0.011265   0.023519  -0.006589  -0.049084   0.000529
     28       0.009212  -0.000994  -0.010859  -0.004907   0.009152  -0.000127
     29      -0.001110   0.010381  -0.000273   0.005424   0.018381   0.000766
     30       0.229082  -0.338271   0.205975   0.000493   0.026918  -0.227263
     31      -0.174874   0.416604  -0.185264   0.006237   0.002380  -0.148142
     32      -0.144217   0.256187  -0.134144   0.007398  -0.001313  -0.120690
     33      -0.026144  -0.115157   0.248374   0.056597   0.073836  -0.066385
     34       0.039204   0.228907  -0.181831  -0.028658  -0.032190  -0.211717
     35       0.009580   0.110784  -0.191399  -0.044481  -0.059011   0.199866
     36       0.202441   0.164382   0.106736   0.004542   0.045542   0.240672
     37       0.283918   0.379974   0.081982  -0.014450   0.015659  -0.161331
     38      -0.019178   0.016672  -0.015948   0.002751   0.002678   0.068844
     39       0.131453   0.106999   0.157982   0.032749   0.072477   0.113212
     40       0.247056   0.233448   0.170753   0.019372   0.058707  -0.080337
     41       0.011152   0.020550  -0.030694  -0.015446  -0.033060  -0.262292
     42      -0.140476  -0.066549   0.174732   0.133168   0.272987   0.133145
     43       0.044186   0.051853  -0.008223  -0.034310  -0.022393   0.314555
     44       0.037673   0.034785  -0.043082  -0.036597  -0.046090   0.197027
     45       0.095667  -0.036991   0.306045   0.043013   0.173689  -0.005384
     46       0.041604   0.069982  -0.067035  -0.005235   0.013524   0.288538
     47      -0.042116  -0.018401  -0.077537  -0.013259  -0.083751  -0.282812
     48      -0.364365   0.378529   0.199450   0.169595   0.255575  -0.151924
     49      -0.096615   0.179301   0.042658   0.053718   0.088499   0.364251
     50       0.069900  -0.049979  -0.047132  -0.027715  -0.033380   0.029229
     51       0.070547   0.083349   0.356063   0.054831   0.181536  -0.001832
     52       0.019462   0.086725   0.104366   0.009777   0.059532   0.060618
     53      -0.000074   0.065347  -0.096107  -0.035403  -0.052951   0.397286
     54       0.449191   0.133058  -0.120332  -0.219916   0.003435  -0.010491
     55      -0.097761  -0.023540   0.021273   0.029841   0.004739   0.000315
     56      -0.131557  -0.100260   0.032198   0.106787  -0.032105  -0.002803
     57       0.285740  -0.013130  -0.018538  -0.326699   0.166899  -0.009991
     58      -0.054998   0.034058   0.045438   0.065932  -0.027135   0.013615
     59      -0.092272   0.004584  -0.009092   0.095757  -0.043512   0.000580
     60       0.061774   0.021349  -0.046992  -0.034827   0.053341  -0.015636
     61       0.005651   0.006285   0.011608   0.032484  -0.035650   0.004323
     62       0.121818   0.039798  -0.038529   0.053757  -0.022016  -0.008583
     63      -0.019109  -0.015503  -0.023793  -0.103494   0.066395   0.000418
     64       0.082662   0.022195  -0.003662   0.134219  -0.081237   0.005390
     65       0.281705   0.093458   0.025010   0.560945  -0.358915   0.008215
     66      -0.061396   0.009167   0.065237  -0.177738  -0.011407   0.004735
     67       0.049455  -0.015433  -0.042789   0.205553  -0.028859  -0.000888
     68       0.109651  -0.076812  -0.143588   0.456275  -0.000534   0.007051
     69      -0.111915   0.127103   0.381455  -0.095491  -0.509715   0.018408
     70      -0.022255   0.014334   0.054591  -0.008157  -0.072501   0.003717
     71       0.030175  -0.060815  -0.159182   0.091841   0.239636  -0.021419
     72      -0.096247   0.041200   0.213480  -0.230105  -0.362548   0.001509
     73       0.003211  -0.016372  -0.013492   0.038924  -0.029536  -0.015401
     74       0.050411  -0.023144  -0.096970   0.128968   0.101159  -0.004486
     75      -0.062840  -0.075094  -0.152810   0.000302   0.097125  -0.004570
     76      -0.019381  -0.013273   0.045819  -0.010629  -0.135760  -0.006082
     77      -0.047562  -0.057620  -0.153562   0.016007   0.162136  -0.003598
                 54         55         56         57         58         59    
      0       0.009771   0.001125   0.006538  -0.040529  -0.004931   0.016720
      1       0.017079   0.000230   0.005469  -0.037386  -0.006440   0.021649
      2      -0.002282  -0.000622   0.000307   0.011756  -0.001778  -0.002876
      3       0.022255  -0.003076   0.004609   0.039152  -0.007165   0.024114
      4      -0.014447   0.001426  -0.005336  -0.015403   0.004994  -0.013909
      5      -0.012904   0.001601  -0.003161  -0.015737   0.004213  -0.012336
      6       0.004801   0.001454  -0.000469  -0.009419  -0.003631   0.005074
      7       0.048125  -0.004084   0.015854  -0.043583   0.008115  -0.025936
      8      -0.003833  -0.001446  -0.000769   0.004480   0.000424  -0.002513
      9       0.005350  -0.001021   0.017021   0.001856   0.033094  -0.054562
     10       0.009000  -0.003968   0.003942   0.005838  -0.012752   0.009563
     11      -0.005873   0.005609  -0.005084   0.000824   0.001253   0.014270
     12       0.009124  -0.000233  -0.007472   0.010398  -0.000146   0.003653
     13      -0.043477   0.004896  -0.017978  -0.025665  -0.001474   0.015339
     14      -0.038545   0.003388  -0.012961  -0.025337  -0.001422   0.008961
     15       0.003770  -0.008909  -0.015627  -0.001310  -0.000582   0.019680
     16      -0.017890   0.005829   0.046814  -0.001835  -0.024511  -0.009623
     17       0.015285  -0.000441  -0.050077  -0.001452   0.030248   0.003242
     18       0.003363   0.008584  -0.002607   0.002084  -0.006199   0.004014
     19      -0.001908  -0.004004   0.005319  -0.000255   0.002945  -0.001169
     20       0.003270   0.002139  -0.003025   0.001389  -0.001643   0.002583
     21       0.008053   0.073109  -0.015067   0.002470  -0.025438  -0.027925
     22       0.001612   0.001622  -0.001927   0.001010  -0.008561   0.010178
     23       0.005617   0.021092  -0.002486  -0.001278  -0.016804   0.011638
     24       0.010344  -0.009838  -0.017548  -0.002502  -0.034924   0.020697
     25       0.001679  -0.018449  -0.017552   0.000333  -0.026207  -0.037256
     26      -0.009527  -0.029408  -0.018593   0.001334  -0.015428  -0.071924
     27       0.010695  -0.002696  -0.010913  -0.002609  -0.033999   0.055052
     28       0.001420  -0.003472  -0.006759  -0.000505  -0.010313   0.007732
     29       0.013706  -0.004029  -0.010080  -0.001919  -0.035969   0.047276
     30      -0.113364  -0.005590  -0.057375   0.354205   0.040826  -0.136908
     31      -0.097192  -0.001014  -0.027182   0.196238   0.019998  -0.087742
     32      -0.077364  -0.001364  -0.022183   0.167371   0.015505  -0.074580
     33      -0.025315  -0.003748  -0.004329   0.117632  -0.000063  -0.030530
     34      -0.123218  -0.001610  -0.046111   0.272205   0.038222  -0.128872
     35       0.099956   0.006822   0.035139  -0.325155  -0.028692   0.127065
     36      -0.191489   0.024928  -0.048629  -0.316826   0.046831  -0.171191
     37       0.136400  -0.014309   0.041663   0.156912  -0.030210   0.104265
     38      -0.059057   0.007499  -0.015733  -0.084821   0.015351  -0.052233
     39      -0.086105   0.012265  -0.018738  -0.158876   0.023467  -0.078751
     40       0.064488  -0.005349   0.023836   0.046515  -0.011332   0.044597
     41       0.209119  -0.026187   0.054480   0.324326  -0.056302   0.191859
     42      -0.109581  -0.001200  -0.030700   0.122763  -0.008038   0.028662
     43      -0.324233   0.035437  -0.095573   0.251644  -0.023322   0.131331
     44      -0.204927   0.022552  -0.061994   0.156819  -0.017386   0.087708
     45       0.023012  -0.010821   0.009898  -0.005076  -0.009628  -0.018522
     46      -0.289856   0.027875  -0.084340   0.225105  -0.020876   0.107852
     47       0.277309  -0.023517   0.081838  -0.230091   0.026962  -0.109580
     48      -0.155913   0.008045   0.003914  -0.104759  -0.035422   0.031867
     49       0.418297  -0.042833   0.152145   0.229195   0.019587  -0.129684
     50       0.031554  -0.001669  -0.002024   0.018532   0.009312  -0.008443
     51       0.010010   0.000335   0.019639  -0.010513   0.013717  -0.019119
     52       0.067963  -0.004998   0.028409   0.028467   0.011438  -0.024958
     53       0.439951  -0.040251   0.139610   0.257472   0.034083  -0.133987
     54      -0.077241   0.031170   0.218147  -0.002212  -0.112484  -0.041443
     55       0.017587  -0.001939  -0.060724  -0.002325   0.029088   0.009583
     56      -0.163649   0.001476   0.549349   0.013699  -0.327041  -0.059705
     57       0.004831   0.019778  -0.081008  -0.001545   0.087382  -0.048025
     58       0.181825  -0.023456  -0.562066  -0.004166   0.325548   0.069282
     59      -0.027329  -0.005706   0.095750  -0.000254  -0.070188   0.010771
     60      -0.020069   0.002781   0.017251  -0.015755   0.041541  -0.048215
     61       0.004113  -0.002987  -0.000944   0.003955  -0.008606   0.012032
     62      -0.015487  -0.008085   0.011417  -0.010841   0.054072  -0.040807
     63      -0.065485  -0.484229   0.112141  -0.015824   0.177482   0.132257
     64      -0.058215  -0.402705   0.086353  -0.009492   0.147322   0.095817
     65      -0.024946  -0.071181   0.008279   0.002943   0.043689  -0.046913
     66      -0.061874  -0.449319   0.103121  -0.011050   0.149205   0.141361
     67       0.049285   0.374560  -0.088310   0.012367  -0.134573  -0.131857
     68      -0.026871  -0.190408   0.024327   0.001177   0.066267  -0.002036
     69      -0.059667   0.127282   0.150159   0.027815   0.272729   0.007467
     70      -0.010575   0.004098   0.011634   0.004989   0.023057  -0.040237
     71      -0.003228   0.300023   0.242332  -0.001077   0.397690   0.340141
     72      -0.046786   0.024157   0.020508   0.006098   0.071353  -0.146883
     73      -0.040024   0.299965   0.274687   0.006650   0.466713   0.284794
     74      -0.001783   0.068544   0.065831   0.000234   0.112644   0.096320
     75      -0.095714  -0.004550   0.107678   0.019831   0.320683  -0.511574
     76      -0.009896   0.012054   0.017541  -0.017258   0.046723  -0.049980
     77      -0.068782  -0.009583   0.081770   0.019798   0.238292  -0.404303
                 60         61         62         63         64         65    
      0       0.035428  -0.004258   0.000028  -0.021458   0.025007   0.006553
      1       0.039620  -0.002237  -0.000202  -0.023093   0.031063   0.000130
      2      -0.011230   0.001392   0.000439   0.009062  -0.015477   0.012198
      3       0.043551  -0.002080  -0.000758   0.034449  -0.003047   0.018338
      4      -0.027998   0.001934   0.000532  -0.020911  -0.000340  -0.010871
      5      -0.024466   0.002015   0.000204  -0.018476   0.015095  -0.019053
      6      -0.012164   0.000788  -0.000445   0.002995   0.003149  -0.000249
      7      -0.021975   0.001180  -0.004232   0.034912   0.043726  -0.008925
      8       0.005833  -0.001445   0.001623  -0.014001  -0.024296   0.009349
      9       0.020118  -0.009560  -0.000141   0.000261   0.000993   0.001153
     10      -0.008489   0.002619  -0.000089  -0.000639  -0.000699   0.001608
     11      -0.005143   0.008113  -0.001343  -0.000503  -0.001029  -0.000031
     12      -0.011143   0.002106   0.000334  -0.001664   0.001712   0.004331
     13       0.015329  -0.002839  -0.000523   0.009195  -0.008225  -0.029724
     14       0.018008  -0.004972   0.000733   0.010718  -0.005141  -0.053003
     15      -0.002337   0.048739  -0.001541  -0.001210  -0.001564   0.001198
     16       0.004580   0.032011  -0.008461  -0.007256  -0.017943  -0.009642
     17       0.002984   0.000251   0.001497   0.001192   0.007528   0.010051
     18      -0.008813  -0.070534   0.000250  -0.000008   0.000147   0.000229
     19       0.001677   0.012000   0.000136   0.000043   0.000354   0.000414
     20      -0.007045  -0.059482  -0.000281  -0.000014   0.000117   0.000200
     21       0.008502  -0.002803  -0.008280  -0.000712   0.000371   0.003092
     22      -0.009295  -0.031870  -0.010412  -0.000459  -0.000445   0.000033
     23      -0.006744   0.028266   0.000314  -0.000066  -0.000086   0.000177
     24      -0.013571   0.000812  -0.006675  -0.000070  -0.000146  -0.000215
     25       0.014281  -0.002075   0.067770   0.001926   0.001077  -0.000755
     26       0.034778  -0.006679   0.021767   0.000827  -0.000089  -0.001253
     27      -0.031463   0.009868   0.002845   0.000110  -0.000255  -0.000116
     28      -0.004709   0.002024   0.001844   0.000068   0.000080  -0.000028
     29      -0.029408   0.006093  -0.000212   0.000043   0.000430   0.000037
     30      -0.301935   0.031730  -0.000273   0.002629  -0.004786   0.003937
     31      -0.192540   0.013989   0.002784   0.193168  -0.266606   0.045084
     32      -0.167562   0.013112  -0.004558  -0.297807   0.409776  -0.066347
     33      -0.087557   0.012433  -0.001084   0.245084  -0.285526  -0.091963
     34      -0.265805   0.022177  -0.000669   0.081534  -0.094265  -0.036687
     35       0.282415  -0.031404  -0.000639   0.192602  -0.226245  -0.072763
     36      -0.344460   0.023794   0.001264  -0.068057   0.030533  -0.052182
     37       0.221296  -0.020210  -0.000603   0.041184  -0.016863   0.031486
     38      -0.109054   0.008374  -0.009616   0.452149  -0.176709   0.335377
     39      -0.154200   0.013480   0.008555  -0.335883  -0.006705  -0.157644
     40       0.103350  -0.006744  -0.005409   0.203820   0.007193   0.094216
     41       0.378055  -0.028096   0.006134  -0.235411  -0.001200  -0.113013
     42       0.082369  -0.003371  -0.004352   0.053449   0.072452  -0.018907
     43       0.131335   0.001186   0.023243  -0.225184  -0.311180   0.082171
     44       0.081444  -0.002420  -0.041009   0.385824   0.528579  -0.137388
     45       0.015067   0.008813   0.013178  -0.095316  -0.106528   0.013564
     46       0.121764  -0.008565   0.024610  -0.181702  -0.195653   0.019952
     47      -0.134057   0.005537   0.028594  -0.216624  -0.237029   0.027708
     48       0.066995  -0.023306   0.000111  -0.025514   0.014748   0.118224
     49      -0.136363   0.025344   0.000667   0.014701  -0.008714  -0.062842
     50      -0.008072   0.002159  -0.005162  -0.155544   0.084763   0.723820
     51       0.020633  -0.013018  -0.003121   0.050779  -0.042509  -0.173559
     52      -0.008683   0.001409   0.005335  -0.119798   0.105120   0.398226
     53      -0.159241   0.034712  -0.001983   0.029475  -0.024116  -0.101042
     54      -0.016311  -0.235946   0.025574   0.020816   0.055948   0.033763
     55       0.010114   0.102966   0.109638   0.093013   0.238890   0.139007
     56      -0.019669   0.027331   0.008301   0.006849   0.018686   0.013654
     57       0.038221   0.037063  -0.010045  -0.008244  -0.040268  -0.048168
     58       0.006892  -0.061097  -0.008068  -0.005201  -0.023735  -0.027527
     59      -0.010401   0.023545  -0.025369  -0.019640  -0.102845  -0.127691
     60       0.090172   0.712898  -0.001916  -0.000020  -0.002061  -0.002194
     61      -0.022708  -0.181250  -0.005461  -0.002522  -0.006321  -0.003626
     62       0.075656   0.560925   0.000336   0.000399   0.000206  -0.000764
     63      -0.031627   0.036566  -0.001104   0.002240  -0.003161  -0.016023
     64      -0.021549  -0.005303  -0.004445  -0.003249   0.005538   0.024906
     65       0.034939   0.045156   0.001904   0.001451  -0.001470  -0.009123
     66      -0.048624  -0.047021   0.101904   0.006638  -0.000373  -0.020127
     67       0.039803  -0.035398   0.129654   0.008203  -0.001282  -0.026137
     68       0.002301  -0.171163  -0.016407  -0.000964   0.001429   0.005335
     69       0.023569  -0.036673   0.137074   0.003693   0.001395  -0.002658
     70       0.021677  -0.009954  -0.924613  -0.026732  -0.012522   0.013992
     71      -0.114374   0.013787  -0.008914  -0.000305  -0.000092  -0.000121
     72       0.085683   0.005242  -0.098966  -0.004023  -0.000122   0.005149
     73      -0.076728  -0.014590   0.095880   0.003431  -0.000088  -0.004869
     74      -0.031223  -0.013263  -0.237564  -0.009468   0.000980   0.013715
     75       0.306828  -0.081778  -0.001572   0.000291   0.002994  -0.000313
     76       0.038134  -0.003618   0.001102  -0.000848  -0.000032   0.000145
     77       0.238316  -0.067423   0.012120   0.000630  -0.002362   0.000628
                 66         67         68         69         70         71    
      0       0.011304   0.005874  -0.016882  -0.031624   0.000464  -0.027568
      1       0.014573   0.009212  -0.027963   0.001744   0.000302   0.000270
      2      -0.006346  -0.006107   0.020319  -0.043072   0.000185  -0.036182
      3       0.014601   0.009348  -0.027790   0.027241  -0.000133  -0.016774
      4      -0.009502  -0.005939   0.017238  -0.015648   0.000056   0.009952
      5      -0.006570  -0.004853   0.020876   0.055874  -0.001555  -0.021298
      6       0.001076   0.000030   0.001133  -0.011022   0.000195   0.016056
      7       0.007866  -0.002116   0.023921  -0.016379   0.000106   0.018049
      8       0.000141   0.002980  -0.018478  -0.028000   0.000682   0.045288
      9      -0.000475  -0.000413   0.001042  -0.000021   0.000372   0.001684
     10       0.000513  -0.000043   0.000509   0.000344   0.000021  -0.000472
     11       0.000780   0.000251   0.000043  -0.000062   0.000520   0.001038
     12       0.001705   0.000451   0.000040   0.008614   0.000245   0.020097
     13      -0.007533   0.000547  -0.008208  -0.019781  -0.000507  -0.041692
     14      -0.002785   0.007432  -0.027567   0.003134   0.000422   0.024577
     15       0.006808   0.000968   0.003882   0.000186  -0.001763  -0.005614
     16       0.057619   0.014511   0.022074  -0.000115  -0.001488  -0.008669
     17      -0.022834  -0.005550  -0.005113   0.000413  -0.004513  -0.011780
     18      -0.001015  -0.000335  -0.000680   0.000053   0.000400  -0.000027
     19      -0.001507  -0.000273  -0.000584   0.000040   0.001562   0.000386
     20      -0.000375   0.000849   0.000248   0.000066  -0.000601   0.000020
     21      -0.019160   0.062543   0.011602  -0.000577  -0.015740   0.000679
     22      -0.000081  -0.008100  -0.003203   0.000357  -0.043927   0.002540
     23      -0.001875   0.010391   0.002640  -0.000196   0.011675  -0.000657
     24       0.002494  -0.007126  -0.001444  -0.000416  -0.025893   0.000009
     25       0.001963   0.016348   0.006194   0.000167   0.030720   0.000133
     26       0.007313  -0.008128  -0.000831  -0.001328  -0.062788   0.000333
     27       0.000385   0.000242   0.000204  -0.000268   0.000142  -0.000014
     28      -0.000125   0.000234   0.000077   0.000219   0.000603  -0.000034
     29      -0.000036  -0.000074   0.000068   0.000379   0.000824  -0.000131
     30      -0.002090  -0.001992   0.006562  -0.009688   0.000035  -0.006936
     31      -0.119140  -0.082389   0.255512  -0.155791  -0.001510  -0.128715
     32       0.181989   0.124945  -0.387521   0.230160   0.002413   0.189473
     33      -0.129414  -0.064360   0.181892   0.380810  -0.005735   0.327096
     34      -0.044325  -0.021303   0.059012   0.132855  -0.001929   0.115352
     35      -0.103771  -0.051682   0.145217   0.287871  -0.004378   0.247645
     36      -0.026150  -0.017638   0.063353   0.072007  -0.002633  -0.021120
     37       0.016231   0.011254  -0.040677  -0.044975   0.001627   0.014481
     38       0.175446   0.117431  -0.415177  -0.410118   0.015819   0.121399
     39      -0.142132  -0.088509   0.250378  -0.392241   0.004254   0.210910
     40       0.086735   0.053659  -0.150181   0.235021  -0.002662  -0.127601
     41      -0.099458  -0.061770   0.175495  -0.257728   0.002723   0.139311
     42       0.011868  -0.003997   0.044577   0.008785  -0.000417  -0.023856
     43      -0.037769   0.021767  -0.190448  -0.046736   0.002181   0.117558
     44       0.063756  -0.036166   0.318625   0.069960  -0.003407  -0.184864
     45      -0.027360   0.001961  -0.046166   0.121942  -0.001372  -0.165452
     46      -0.058591   0.000742  -0.083045   0.236664  -0.003946  -0.321187
     47      -0.067689   0.001392  -0.101030   0.266534  -0.004066  -0.359023
     48       0.009468  -0.014423   0.056865   0.001580  -0.000613  -0.031397
     49      -0.005219   0.007333  -0.028228  -0.001902   0.000228   0.012572
     50       0.054318  -0.090398   0.350324   0.006405  -0.003759  -0.203867
     51      -0.037412   0.006149  -0.052069  -0.101930  -0.002581  -0.207098
     52       0.089998  -0.012171   0.113265   0.234362   0.006168   0.479610
     53      -0.020825   0.003844  -0.029501  -0.051962  -0.001253  -0.102666
     54      -0.184029  -0.042620  -0.068679   0.000127  -0.000163   0.017681
     55      -0.758118  -0.182818  -0.279236   0.000129   0.007724   0.078298
     56      -0.054769  -0.013185  -0.017624  -0.000244  -0.000589   0.003834
     57       0.116963   0.029308   0.026987  -0.001978   0.019887   0.048187
     58       0.071153   0.015805   0.017547  -0.000646   0.010586   0.023353
     59       0.315237   0.073957   0.074941  -0.004483   0.055083   0.132055
     60       0.006810   0.005341   0.004642  -0.000656  -0.005533  -0.003006
     61       0.022640   0.001619   0.008301  -0.000197  -0.019097  -0.004495
     62      -0.000832  -0.000563  -0.000988  -0.000140   0.003715  -0.000408
     63       0.100391  -0.367981  -0.075797   0.004266  -0.115579   0.008137
     64      -0.154803   0.554541   0.113018  -0.006316   0.163250  -0.011433
     65       0.058748  -0.216514  -0.044470   0.002673  -0.063883   0.004071
     66       0.121959  -0.362712  -0.059616   0.002236   0.300492  -0.014514
     67       0.159296  -0.464066  -0.075530   0.002890   0.365726  -0.018003
     68      -0.029811   0.079710   0.012283  -0.000339  -0.064998   0.003520
     69       0.008396   0.023711   0.010371   0.000087   0.018630   0.000074
     70      -0.053981  -0.161726  -0.072153   0.004597  -0.141063  -0.001470
     71       0.000734  -0.006437  -0.001700   0.000042  -0.012787   0.000159
     72      -0.035308   0.045067   0.004031   0.006003   0.284634  -0.002262
     73       0.027348  -0.032261  -0.003453  -0.004904  -0.238698   0.001418
     74      -0.085835   0.105438   0.011108   0.015819   0.746144  -0.005000
     75      -0.001895  -0.000064  -0.002112   0.002430   0.002620   0.000340
     76       0.001694  -0.000437  -0.000829  -0.001071  -0.003319   0.002362
     77       0.001877   0.001938   0.002270  -0.002904  -0.010053   0.000175
                 72         73         74         75         76         77    
      0      -0.013189  -0.005111   0.001680   0.024759   0.000011  -0.000082
      1       0.004324   0.002212   0.000380  -0.009374   0.000077   0.000169
      2      -0.024211  -0.010240   0.001439   0.046984  -0.000047  -0.000346
      3       0.003586   0.004079   0.011332   0.018245  -0.000040  -0.000106
      4      -0.002298  -0.002580  -0.006943  -0.010977   0.000042   0.000141
      5       0.013079   0.011643   0.028950   0.046037   0.000014   0.000002
      6       0.012270   0.007760   0.010212   0.010159  -0.000045  -0.000266
      7       0.009935   0.006508   0.006688   0.005730  -0.000113  -0.000057
      8       0.038034   0.023730   0.032225   0.033875   0.000137  -0.000098
      9       0.000571   0.000381  -0.000944   0.000952   0.000363   0.001319
     10       0.000803   0.000447  -0.000212  -0.000428  -0.000374  -0.001655
     11       0.000342   0.000245  -0.000388   0.001231   0.000146   0.000537
     12      -0.014509  -0.010026  -0.013177   0.015109   0.000257  -0.000055
     13       0.028396   0.019187   0.023723  -0.027011  -0.000147   0.000130
     14      -0.023348  -0.016609  -0.024974   0.030812   0.000018  -0.000272
     15       0.018367   0.005342  -0.024536   0.005836  -0.002678   0.000582
     16       0.024620   0.008524  -0.033692   0.006944  -0.003087   0.000531
     17       0.042599   0.010752  -0.055977   0.014903   0.000259   0.000433
     18       0.000179  -0.000477   0.000065   0.000110  -0.013320   0.003764
     19       0.000291  -0.002672   0.001543  -0.000084  -0.066981   0.019514
     20      -0.000704   0.001112  -0.000083  -0.000121  -0.004756   0.001492
     21      -0.001806   0.000431   0.001853  -0.000715  -0.000898  -0.000093
     22      -0.036377   0.068681  -0.010272  -0.000616  -0.003465   0.001278
     23       0.010553  -0.020530   0.003589   0.000131   0.003368  -0.000644
     24       0.006001  -0.014352   0.003404  -0.000369   0.000065  -0.000684
     25      -0.010744   0.027501  -0.006485  -0.000082  -0.001060  -0.002449
     26       0.012927  -0.030506   0.007392  -0.000853  -0.000218  -0.001894
     27       0.000021   0.000115   0.000240   0.000197   0.012345   0.042935
     28      -0.000219   0.000146  -0.000307   0.000121  -0.002011  -0.006938
     29      -0.000520   0.000225   0.000046  -0.000528  -0.015502  -0.053447
     30      -0.006111  -0.003005  -0.001190   0.012397  -0.000026  -0.000166
     31      -0.109157  -0.048552   0.003295   0.219731  -0.000586  -0.002366
     32       0.162493   0.072797  -0.002620  -0.326715   0.001150   0.004362
     33       0.163352   0.064116  -0.016705  -0.309622   0.000252   0.001371
     34       0.057592   0.022375  -0.006679  -0.109905  -0.000032   0.000108
     35       0.123467   0.048346  -0.013365  -0.233446   0.000128   0.001206
     36       0.020305   0.017090   0.040958   0.063780   0.000292   0.000876
     37      -0.011392  -0.009838  -0.024248  -0.039061  -0.000064  -0.000222
     38      -0.112099  -0.095232  -0.229970  -0.363051   0.000193   0.000686
     39      -0.065120  -0.066519  -0.175769  -0.282824  -0.000389   0.000005
     40       0.038276   0.039556   0.105799   0.171212   0.000064  -0.000516
     41      -0.042518  -0.043548  -0.115345  -0.184755  -0.000259  -0.000246
     42      -0.024824  -0.014266  -0.022534  -0.024828   0.000065   0.001583
     43       0.120031   0.072360   0.109617   0.122329   0.000480  -0.002187
     44      -0.191048  -0.115709  -0.178667  -0.195508  -0.000528   0.004118
     45      -0.121818  -0.076659  -0.097497  -0.097257  -0.000340  -0.000457
     46      -0.237838  -0.150274  -0.187353  -0.188513   0.000972   0.003334
     47      -0.265583  -0.167865  -0.207363  -0.210188   0.000556   0.001903
     48       0.030553   0.023433   0.040390  -0.047134  -0.000370  -0.000759
     49      -0.015268  -0.011031  -0.016694   0.020863  -0.000074  -0.000440
     50       0.209356   0.154183   0.249258  -0.308228  -0.001621  -0.000434
     51       0.141429   0.095027   0.116158  -0.131653  -0.001895   0.000416
     52      -0.326236  -0.220177  -0.268596   0.303840   0.002128  -0.000233
     53       0.069309   0.046512   0.056378  -0.063686  -0.000254  -0.000431
     54      -0.048812  -0.016864   0.067816  -0.012486   0.007968  -0.001569
     55      -0.203914  -0.081211   0.288093  -0.053001   0.031552  -0.006890
     56      -0.007108  -0.001437   0.011737  -0.001977   0.003421  -0.001332
     57      -0.175738  -0.043595   0.229882  -0.060457   0.005610  -0.002122
     58      -0.089998  -0.023672   0.117106  -0.031920  -0.000572  -0.000020
     59      -0.492767  -0.122368   0.644227  -0.174202   0.007041  -0.003492
     60       0.002642   0.009047  -0.007677   0.000168   0.208609  -0.061099
     61      -0.004371   0.036157  -0.020180   0.001102   0.933145  -0.270846
     62       0.003620  -0.005049  -0.000624   0.000920   0.026036  -0.006915
     63      -0.153382   0.302220  -0.052734   0.000099  -0.012530   0.004671
     64       0.219814  -0.434076   0.076626  -0.000521   0.021610  -0.007507
     65      -0.085187   0.167851  -0.029785  -0.000123  -0.009704   0.003315
     66       0.173808  -0.318420   0.040682   0.006535   0.015581  -0.003582
     67       0.210992  -0.383504   0.047059   0.008004   0.020997  -0.006151
     68      -0.037620   0.065970  -0.007133  -0.001855  -0.005137   0.000443
     69      -0.012599   0.030510  -0.008060  -0.000216  -0.001714  -0.003937
     70       0.075200  -0.211249   0.048096   0.003664   0.004850   0.005130
     71       0.003667  -0.010280   0.002443   0.000139   0.000110  -0.000568
     72      -0.059690   0.139303  -0.033296   0.002648   0.001093   0.006452
     73       0.049286  -0.116297   0.028195  -0.002602   0.000028  -0.001355
     74      -0.156214   0.366618  -0.088320   0.007714   0.003122   0.011277
     75      -0.001310   0.000587  -0.003383  -0.004867  -0.173341  -0.597951
     76       0.003659  -0.000222   0.002185   0.001005   0.041048   0.138189
     77       0.001445  -0.003839   0.001966   0.001128   0.213433   0.735231
# -----------------------------------------------------------
$ THERMOCHEMISTRY_Energies
   description: The Thermochemistry energies
   geom. index: 1
   prop. index: 1
        Temperature (Kelvin)           :        298.1500000000
        Pressure (atm)                 :          1.0000000000
        Total Mass (AMU)               :        140.2300000000
        Spin Degeneracy                :          1.0000000000
        Electronic Energy (Hartree)    :       -424.2235852719
        Translational Energy (Hartree) :          0.0014162714
        Rotational Energy (Hartree)    :          0.0014162714
        Vibrational Energy (Hartree)   :          0.0057273478
        Number of frequencies          :     78      
        Scaling Factor for frequencies :          1.0000000000
        Vibrational frequencies        :     
                  0    
      0       0.000000
      1       0.000000
      2       0.000000
      3       0.000000
      4       0.000000
      5       0.000000
      6      97.672229
      7     123.085447
      8     145.711227
      9     246.326782
     10     279.007181
     11     348.599729
     12     390.550323
     13     431.204612
     14     490.578885
     15     502.472000
     16     619.974793
     17     679.943612
     18     712.218154
     19     765.503933
     20     872.356608
     21     878.241300
     22     891.036568
     23     908.139584
     24     913.315002
     25     957.648356
     26     971.154098
     27     995.717951
     28     1010.647558
     29     1029.291285
     30     1074.270436
     31     1085.050609
     32     1106.788639
     33     1130.491211
     34     1146.272323
     35     1166.817923
     36     1169.019353
     37     1187.040625
     38     1233.591358
     39     1270.285727
     40     1280.900567
     41     1295.658090
     42     1312.045862
     43     1320.128558
     44     1330.883103
     45     1355.700684
     46     1371.947661
     47     1388.937482
     48     1394.665564
     49     1407.718395
     50     1418.352560
     51     1431.871604
     52     1443.277540
     53     1505.836583
     54     1516.269745
     55     1521.872547
     56     1524.862530
     57     1527.185869
     58     1540.220029
     59     1547.664330
     60     1558.279176
     61     1572.843007
     62     2910.011926
     63     2927.009736
     64     2933.787711
     65     2937.710185
     66     2943.042874
     67     2946.970797
     68     2950.819041
     69     2968.314463
     70     2973.360941
     71     2983.867984
     72     2991.083709
     73     2993.307792
     74     2995.597765
     75     3005.831602
     76     3226.192943
     77     3226.996062
        Zero Point Energy (Hartree)    :          0.2421943983
        Inner Energy (Hartree)         :       -423.9728309829
        Enthalpy (Hartree)             :       -423.9718867738
        Electronic entropy             :          0.0000000000
        Rotational entropy             :          0.0139292877
        Vibrational entropy            :          0.0094173986
        Translational entropy          :          0.0139292877
        Entropy                        :          0.0426967892
        Gibbs Energy (Hartree)         :       -424.0145835631
        Is Linear                      :                 false
# -----------------------------------------------------------
$ PAL_Flags
   description: The PAL Flags
   geom. index: 2
   prop. index: 1
        Diskflag:     2
# -----------------------------------------------------------
$ SCF_Energy
   description: The SCF energy
   geom. index: 2
   prop. index: 1
        SCF Energy:     -424.1842534384
# -----------------------------------------------------------
$ DFT_Energy
   description: The DFT energy
   geom. index: 2
   prop. index: 1
   Number of Alpha Electrons                 38.9998696718 
   Number of Beta  Electrons                 38.9998696718 
   Total number of  Electrons                77.9997393437 
   Exchange energy                          -40.1123525553 
   Correlation energy                        -3.1823236076 
   Correlation energy NL                      0.0000000000 
   Exchange-Correlation energy              -43.2946761629 
   Embedding correction                       0.0000000000 
   Total DFT Energy (No VdW correction)    -424.1842534384 
# -----------------------------------------------------------
$ VdW_Correction
   description: The Van der Waals Correction
   geom. index: 2
   prop. index: 1
        Van der Waals Correction:       -0.0476169643
# -----------------------------------------------------------
$ PAL_Flags
   description: The PAL Flags
   geom. index: 3
   prop. index: 1
        Diskflag:     2
# -----------------------------------------------------------
$ SCF_Energy
   description: The SCF energy
   geom. index: 3
   prop. index: 1
        SCF Energy:     -424.1851966516
# -----------------------------------------------------------
$ DFT_Energy
   description: The DFT energy
   geom. index: 3
   prop. index: 1
   Number of Alpha Electrons                 38.9998532788 
   Number of Beta  Electrons                 38.9998532788 
   Total number of  Electrons                77.9997065577 
   Exchange energy                          -40.1103798000 
   Correlation energy                        -3.1824579312 
   Correlation energy NL                      0.0000000000 
   Exchange-Correlation energy              -43.2928377312 
   Embedding correction                       0.0000000000 
   Total DFT Energy (No VdW correction)    -424.1851966516 
# -----------------------------------------------------------
$ VdW_Correction
   description: The Van der Waals Correction
   geom. index: 3
   prop. index: 1
        Van der Waals Correction:       -0.0477632903
# -----------------------------------------------------------
$ PAL_Flags
   description: The PAL Flags
   geom. index: 4
   prop. index: 1
        Diskflag:     2
# -----------------------------------------------------------
$ SCF_Energy
   description: The SCF energy
   geom. index: 4
   prop. index: 1
        SCF Energy:     -424.1855975918
# -----------------------------------------------------------
$ DFT_Energy
   description: The DFT energy
   geom. index: 4
   prop. index: 1
   Number of Alpha Electrons                 38.9999136266 
   Number of Beta  Electrons                 38.9999136266 
   Total number of  Electrons                77.9998272533 
   Exchange energy                          -40.1092813668 
   Correlation energy                        -3.1826636129 
   Correlation energy NL                      0.0000000000 
   Exchange-Correlation energy              -43.2919449797 
   Embedding correction                       0.0000000000 
   Total DFT Energy (No VdW correction)    -424.1855975918 
# -----------------------------------------------------------
$ VdW_Correction
   description: The Van der Waals Correction
   geom. index: 4
   prop. index: 1
        Van der Waals Correction:       -0.0479054854
# -----------------------------------------------------------
$ PAL_Flags
   description: The PAL Flags
   geom. index: 5
   prop. index: 1
        Diskflag:     2
# -----------------------------------------------------------
$ SCF_Energy
   description: The SCF energy
   geom. index: 5
   prop. index: 1
        SCF Energy:     -424.1856294146
# -----------------------------------------------------------
$ DFT_Energy
   description: The DFT energy
   geom. index: 5
   prop. index: 1
   Number of Alpha Electrons                 38.9999807382 
   Number of Beta  Electrons                 38.9999807382 
   Total number of  Electrons                77.9999614765 
   Exchange energy                          -40.1094536016 
   Correlation energy                        -3.1828815922 
   Correlation energy NL                      0.0000000000 
   Exchange-Correlation energy              -43.2923351938 
   Embedding correction                       0.0000000000 
   Total DFT Energy (No VdW correction)    -424.1856294146 
# -----------------------------------------------------------
$ VdW_Correction
   description: The Van der Waals Correction
   geom. index: 5
   prop. index: 1
        Van der Waals Correction:       -0.0479914913
# -----------------------------------------------------------
$ PAL_Flags
   description: The PAL Flags
   geom. index: 6
   prop. index: 1
        Diskflag:     2
# -----------------------------------------------------------
$ SCF_Energy
   description: The SCF energy
   geom. index: 6
   prop. index: 1
        SCF Energy:     -424.1856634132
# -----------------------------------------------------------
$ DFT_Energy
   description: The DFT energy
   geom. index: 6
   prop. index: 1
   Number of Alpha Electrons                 38.9999768156 
   Number of Beta  Electrons                 38.9999768156 
   Total number of  Electrons                77.9999536312 
   Exchange energy                          -40.1092834199 
   Correlation energy                        -3.1828106832 
   Correlation energy NL                      0.0000000000 
   Exchange-Correlation energy              -43.2920941031 
   Embedding correction                       0.0000000000 
   Total DFT Energy (No VdW correction)    -424.1856634132 
# -----------------------------------------------------------
$ VdW_Correction
   description: The Van der Waals Correction
   geom. index: 6
   prop. index: 1
        Van der Waals Correction:       -0.0479634142
# -----------------------------------------------------------
$ PAL_Flags
   description: The PAL Flags
   geom. index: 7
   prop. index: 1
        Diskflag:     2
# -----------------------------------------------------------
$ SCF_Energy
   description: The SCF energy
   geom. index: 7
   prop. index: 1
        SCF Energy:     -424.1856744627
# -----------------------------------------------------------
$ DFT_Energy
   description: The DFT energy
   geom. index: 7
   prop. index: 1
   Number of Alpha Electrons                 38.9999770713 
   Number of Beta  Electrons                 38.9999770713 
   Total number of  Electrons                77.9999541425 
   Exchange energy                          -40.1093680028 
   Correlation energy                        -3.1828025770 
   Correlation energy NL                      0.0000000000 
   Exchange-Correlation energy              -43.2921705798 
   Embedding correction                       0.0000000000 
   Total DFT Energy (No VdW correction)    -424.1856744627 
# -----------------------------------------------------------
$ VdW_Correction
   description: The Van der Waals Correction
   geom. index: 7
   prop. index: 1
        Van der Waals Correction:       -0.0479531133
# -----------------------------------------------------------
$ PAL_Flags
   description: The PAL Flags
   geom. index: 8
   prop. index: 1
        Diskflag:     2
# -----------------------------------------------------------
$ SCF_Energy
   description: The SCF energy
   geom. index: 8
   prop. index: 1
        SCF Energy:     -424.1856699439
# -----------------------------------------------------------
$ DFT_Energy
   description: The DFT energy
   geom. index: 8
   prop. index: 1
   Number of Alpha Electrons                 38.9999795596 
   Number of Beta  Electrons                 38.9999795596 
   Total number of  Electrons                77.9999591192 
   Exchange energy                          -40.1094538271 
   Correlation energy                        -3.1828186423 
   Correlation energy NL                      0.0000000000 
   Exchange-Correlation energy              -43.2922724694 
   Embedding correction                       0.0000000000 
   Total DFT Energy (No VdW correction)    -424.1856699439 
# -----------------------------------------------------------
$ Mayer_Pop
   description: The Mayer population analysis
   geom. index: 8
   prop. index: 1
     Number of atoms                     : 26
     Threshold for printing              : 0.1000000
     Number of bond orders printed       : 34
  NA   - Mulliken gross atomic population
  ZA   - Total nuclear charge
  QA   - Mulliken gross atomic charge
  VA   - Mayer's total valence
  BVA  - Mayer's bonded valence
  FA   - Mayer's free valence
  ATOM       NA         ZA         QA         VA         BVA        FA
  0   0     6.3495     6.0000    -0.3495     3.6919     3.6919     0.0000
  1   0     6.3792     6.0000    -0.3792     3.7768     3.7768     0.0000
  2   0     6.3965     6.0000    -0.3965     3.6089     3.6089    -0.0000
  3   0     6.1617     6.0000    -0.1617     4.1319     4.1319    -0.0000
  4   0     6.3034     6.0000    -0.3034     3.5573     3.5573     0.0000
  5   0     6.2581     6.0000    -0.2581     3.3578     3.3578    -0.0000
  6   0     7.3039     7.0000    -0.3039     2.6291     2.6291     0.0000
  7   0     6.3353     6.0000    -0.3353     3.8154     3.8154    -0.0000
  8   0     6.0933     6.0000    -0.0933     3.5549     3.5549     0.0000
  9   0     7.2552     7.0000    -0.2552     2.6116     2.6116    -0.0000
 10   0     0.8380     1.0000     0.1620     0.9390     0.9390    -0.0000
 11   0     0.8446     1.0000     0.1554     0.9540     0.9540    -0.0000
 12   0     0.8366     1.0000     0.1634     0.9313     0.9313     0.0000
 13   0     0.8539     1.0000     0.1461     0.9706     0.9706     0.0000
 14   0     0.8333     1.0000     0.1667     0.9351     0.9351    -0.0000
 15   0     0.8661     1.0000     0.1339     0.9911     0.9911    -0.0000
 16   0     0.8421     1.0000     0.1579     0.9419     0.9419     0.0000
 17   0     0.8291     1.0000     0.1709     0.9422     0.9422     0.0000
 18   0     0.8106     1.0000     0.1894     0.8700     0.8700     0.0000
 19   0     0.8488     1.0000     0.1512     0.9489     0.9489    -0.0000
 20   0     0.6718     1.0000     0.3282     0.8212     0.8212     0.0000
 21   0     0.8604     1.0000     0.1396     0.9510     0.9510     0.0000
 22   0     0.8411     1.0000     0.1589     0.9300     0.9300    -0.0000
 23   0     0.8657     1.0000     0.1343     0.9269     0.9269    -0.0000
 24   0     0.8567     1.0000     0.1433     0.9509     0.9509    -0.0000
 25   0     0.6650     1.0000     0.3350     0.8122     0.8122    -0.0000
      Bond orders larger than 0.1000000
           Atom A     A.N. of A          Atom B    A.N. of B              Bond order
                0             6               1            6                0.914702
                0             6               3            6               -0.107261
                0             6               4            6                1.010544
                0             6              10            1                0.983076
                0             6              11            1                0.965594
                1             6               2            6                0.998899
                1             6               3            6               -0.136556
                1             6              12            1                0.991462
                1             6              13            1                0.982282
                2             6               3            6                0.877502
                2             6               4            6                0.162208
                2             6               5            6               -0.124021
                2             6              14            1                0.973378
                2             6              15            1                0.946382
                3             6               4            6                0.952640
                3             6               5            6                0.775975
                3             6               9            7                1.393807
                3             6              25            1                0.130256
                4             6               5            6               -0.109086
                4             6               9            7               -0.154385
                4             6              16            1                0.933893
                4             6              17            1                0.981889
                5             6               6            7                1.022685
                5             6              18            1                0.952071
                5             6              19            1                1.064039
                6             7               7            6                0.924303
                6             7              20            1                0.848447
                7             6               8            6                0.929398
                7             6              21            1                1.016852
                7             6              22            1                0.973773
                8             6               9            7                0.905426
                8             6              23            1                0.959602
                8             6              24            1                0.984656
                9             7              25            1                0.778904
# -----------------------------------------------------------
$ VdW_Correction
   description: The Van der Waals Correction
   geom. index: 8
   prop. index: 1
        Van der Waals Correction:       -0.0479549642
# -----------------------------------------------------------
$ SCF_Electric_Properties
   description: The SCF Calculated Electric Properties
   geom. index: 8
   prop. index: 1
       Filename                          : file.scfp 
       Do Dipole Moment Calculation      : true 
       Do Quadrupole Moment Calculation  : false 
       Do Polarizability Calculation     : false 
** Dipole moment part of electric properties **
        Magnitude of dipole moment (Debye) :        1.8924517090
        Electronic Contribution:
                  0    
      0       2.387870
      1      -1.205936
      2      -0.621937
        Nuclear Contribution:
                  0    
      0      -2.937373
      1       1.423376
      2       1.074810
        Total Dipole moment:
                  0    
      0      -0.549504
      1       0.217440
      2       0.452874
# -------------------------------------------------------------
----------------------- !GEOMETRIES! ------------------------
# -------------------------------------------------------------
------------------------ !GEOMETRY! -------------------------
    Number of atoms:    26 
    Geometry Index:     1 
    Coordinates:
               0 C     -2.368400000000   -0.918600000000   -0.011400000000
               1 C     -2.446000000000    0.562300000000    0.353700000000
               2 C     -1.103700000000    1.183500000000   -0.025200000000
               3 C     -0.129800000000    0.011500000000   -0.238100000000
               4 C     -1.040900000000   -1.118800000000   -0.729900000000
               5 C      0.960300000000    0.367300000000   -1.297800000000
               6 N      2.181000000000   -0.414700000000   -1.073100000000
               7 C      2.795400000000   -0.088700000000    0.226500000000
               8 C      1.758200000000    0.268000000000    1.309200000000
               9 N      0.489300000000   -0.416500000000    1.043500000000
              10 H     -2.389000000000   -1.536200000000    0.913700000000
              11 H     -3.219900000000   -1.217800000000   -0.660900000000
              12 H     -2.626200000000    0.676400000000    1.445200000000
              13 H     -3.273600000000    1.060200000000   -0.197700000000
              14 H     -1.232700000000    1.754700000000   -0.972200000000
              15 H     -0.747900000000    1.886200000000    0.759200000000
              16 H     -1.223100000000   -1.040400000000   -1.824800000000
              17 H     -0.612100000000   -2.122500000000   -0.515400000000
              18 H      1.215000000000    1.450100000000   -1.240500000000
              19 H      0.599200000000    0.194200000000   -2.334200000000
              20 H      1.931900000000   -1.432200000000   -1.085800000000
              21 H      3.400600000000   -0.956500000000    0.570700000000
              22 H      3.494300000000    0.764900000000    0.094300000000
              23 H      1.599900000000    1.369400000000    1.336600000000
              24 H      2.145600000000   -0.039800000000    2.304600000000
              25 H     -0.157300000000   -0.246100000000    1.849700000000
------------------------ !GEOMETRY! -------------------------
    Number of atoms:    26 
    Geometry Index:     2 
    Coordinates:
               0 C     -2.384623760593   -0.933976984446    0.010270738608
               1 C     -2.460152840464    0.571917698503    0.373607934582
               2 C     -1.107695682167    1.188886483797   -0.048569942320
               3 C     -0.132588870814    0.009042018990   -0.254068822209
               4 C     -1.057705339578   -1.119193111351   -0.748323696326
               5 C      0.980713112032    0.356525239763   -1.268127505555
               6 N      2.199879704937   -0.417271254380   -1.063235419304
               7 C      2.799129590173   -0.087492303274    0.233471862175
               8 C      1.745466319363    0.281190430463    1.300914067441
               9 N      0.499338912419   -0.428337042567    1.013109170569
              10 H     -2.393623067758   -1.549529142620    0.917318439852
              11 H     -3.237807198580   -1.243994535840   -0.601709038774
              12 H     -2.632026828861    0.700813206811    1.448491796844
              13 H     -3.288929251893    1.065116550232   -0.144312482870
              14 H     -1.220827293999    1.742721853852   -0.990139298730
              15 H     -0.724740458384    1.893412568502    0.699833759954
              16 H     -1.228730262322   -1.019153104104   -1.828386902812
              17 H     -0.612682579617   -2.101409135297   -0.560609345625
              18 H      1.244003658070    1.420866494397   -1.194554232874
              19 H      0.612008821443    0.194797572864   -2.287178288553
              20 H      1.962062713698   -1.401743612408   -1.077486738067
              21 H      3.391024822634   -0.947099184511    0.565597874511
              22 H      3.493092295097    0.754743284414    0.104327782222
              23 H      1.600814238698    1.377089352819    1.326552890661
              24 H      2.101741568808   -0.018860119574    2.292614641839
              25 H     -0.147042322343   -0.289163225032    1.780490754763
------------------------ !GEOMETRY! -------------------------
    Number of atoms:    26 
    Geometry Index:     3 
    Coordinates:
               0 C     -2.366342942253   -0.938297787905    0.038918886209
               1 C     -2.439631665433    0.572069862878    0.401041062171
               2 C     -1.104635822381    1.192046131799   -0.075167100775
               3 C     -0.135157527664    0.008662990533   -0.279306367529
               4 C     -1.072269887173   -1.105521873822   -0.779220561908
               5 C      0.997782073836    0.351516072676   -1.272374943642
               6 N      2.214159662796   -0.421673146628   -1.050369488124
               7 C      2.792261865810   -0.087230552747    0.256786582735
               8 C      1.714953777096    0.289444266946    1.298729546455
               9 N      0.490209622513   -0.443438824724    0.985632680446
              10 H     -2.331794904787   -1.554475583238    0.944736370698
              11 H     -3.242823180032   -1.263315916815   -0.530272965558
              12 H     -2.581305389568    0.708639470386    1.479194178249
              13 H     -3.289507739118    1.060229817427   -0.086045132834
              14 H     -1.239619184302    1.721235705639   -1.027801111338
              15 H     -0.698504594237    1.917901613245    0.639201896658
              16 H     -1.274821362177   -0.964066792010   -1.848992345857
              17 H     -0.616074251536   -2.090783803089   -0.642987109339
              18 H      1.262762478309    1.414164012447   -1.188979154389
              19 H      0.641176678381    0.196252374390   -2.296754001770
              20 H      1.976067028427   -1.408209449816   -1.061419457904
              21 H      3.372646787316   -0.949110205074    0.601556820493
              22 H      3.491644885272    0.750801673728    0.134471710206
              23 H      1.563580085815    1.384022030309    1.310201995190
              24 H      2.048544360932    0.002902910355    2.301754032856
              25 H     -0.173200855840   -0.343864996890    1.747363978604
------------------------ !GEOMETRY! -------------------------
    Number of atoms:    26 
    Geometry Index:     4 
    Coordinates:
               0 C     -2.345847776414   -0.939896045272    0.063307110396
               1 C     -2.417062700807    0.572457666505    0.424644113940
               2 C     -1.100474729822    1.195201528064   -0.098339914731
               3 C     -0.135953047281    0.008715035537   -0.302509866780
               4 C     -1.085239005700   -1.090679005326   -0.808100966090
               5 C      1.012619541222    0.345567272563   -1.281606389139
               6 N      2.226950867292   -0.424881514410   -1.036112756272
               7 C      2.783825181101   -0.085489575015    0.280299851171
               8 C      1.685881464459    0.292594993199    1.300559522554
               9 N      0.477603960309   -0.454941764786    0.962254346385
              10 H     -2.259738460336   -1.553093705227    0.968114048307
              11 H     -3.245036736698   -1.279977104662   -0.460355960824
              12 H     -2.522313362450    0.712869294442    1.506687388386
              13 H     -3.287395682880    1.054732976533   -0.031926314940
              14 H     -1.263611535462    1.697311208081   -1.061416473603
              15 H     -0.677953317941    1.942110841416    0.584388153628
              16 H     -1.325747799306   -0.905285122781   -1.863490065814
              17 H     -0.626394593344   -2.081230323792   -0.727174207366
              18 H      1.275432203578    1.408836888298   -1.198219429981
              19 H      0.673321518608    0.185863648668   -2.311428845761
              20 H      1.989150270112   -1.411146285384   -1.043312940864
              21 H      3.354309398732   -0.948676375154    0.638553620621
              22 H      3.487389276033    0.750403531655    0.167179208548
              23 H      1.525176522510    1.385799455760    1.298163211714
              24 H      1.999513499532    0.018574219715    2.313599357110
              25 H     -0.198304955047   -0.395841738624    1.716144199406
------------------------ !GEOMETRY! -------------------------
    Number of atoms:    26 
    Geometry Index:     5 
    Coordinates:
               0 C     -2.332275276455   -0.939133367427    0.080052825722
               1 C     -2.402555890798    0.574598435532    0.437403040503
               2 C     -1.095415033118    1.196749378578   -0.110308235743
               3 C     -0.134922487319    0.006826994231   -0.316678036909
               4 C     -1.097019765775   -1.078155787813   -0.827702070838
               5 C      1.022525973601    0.337642315504   -1.289251549304
               6 N      2.238464161160   -0.424451269088   -1.024760668911
               7 C      2.779327139746   -0.080303867427    0.297277391138
               8 C      1.666398327265    0.291580457677    1.303169398902
               9 N      0.470693225730   -0.466252430551    0.946300017703
              10 H     -2.204245484563   -1.545489486137    0.984562673427
              11 H     -3.245789066739   -1.293568157467   -0.407917877306
              12 H     -2.486008958589    0.716961939538    1.520990836388
              13 H     -3.282765048965    1.053568308895   -0.003517844150
              14 H     -1.277639047497    1.679396011848   -1.079849752679
              15 H     -0.666070615621    1.957240326634    0.552570115702
              16 H     -1.367139157145   -0.854554302042   -1.868549499471
              17 H     -0.643805397550   -2.074099693847   -0.793285878595
              18 H      1.278642522358    1.403357883731   -1.216281431784
              19 H      0.696066522072    0.163490890693   -2.320864549810
              20 H      2.003753253361   -1.411848869560   -1.029566770930
              21 H      3.347331960851   -0.941797029898    0.663513621641
              22 H      3.481587776787    0.757750397528    0.192248680159
              23 H      1.495077547875    1.383055871432    1.292236648336
              24 H      1.967430393393    0.025513741886    2.322067883122
              25 H     -0.211547574065   -0.438178692450    1.696041033687
------------------------ !GEOMETRY! -------------------------
    Number of atoms:    26 
    Geometry Index:     6 
    Coordinates:
               0 C     -2.338706261458   -0.936769976925    0.074355941211
               1 C     -2.402270965264    0.575286662599    0.439048387601
               2 C     -1.094253540254    1.195199827842   -0.107897588529
               3 C     -0.134246320933    0.004570899417   -0.314298544746
               4 C     -1.097410361560   -1.080470969710   -0.825022439113
               5 C      1.021561032411    0.335349760061   -1.289530224874
               6 N      2.239850677030   -0.422803151284   -1.024673529687
               7 C      2.781127599803   -0.076461430293    0.296455029561
               8 C      1.668367709051    0.292458895212    1.303468113754
               9 N      0.473706245794   -0.467473340659    0.947693871552
              10 H     -2.219945229718   -1.546919407179    0.977477362587
              11 H     -3.251222077949   -1.284378424081   -0.420594406041
              12 H     -2.482807451733    0.712803674690    1.523567893635
              13 H     -3.281286780759    1.059579253571    0.001610916084
              14 H     -1.276199095555    1.677163945557   -1.077880476565
              15 H     -0.665484900282    1.956222757257    0.554743142430
              16 H     -1.362510317581   -0.859014904839   -1.867561498673
              17 H     -0.646820280551   -2.077480579269   -0.786763785609
              18 H      1.274725509755    1.402106174469   -1.221094065352
              19 H      0.694417568585    0.156206974575   -2.320097271574
              20 H      2.008251410891   -1.410745005960   -1.029206392647
              21 H      3.352347678687   -0.936042468265    0.662329678752
              22 H      3.480622789840    0.763831757448    0.190565239903
              23 H      1.494388438581    1.383501560009    1.292565355741
              24 H      1.971002528507    0.027084164804    2.322108981483
              25 H     -0.207105605339   -0.442906649046    1.698530309117
------------------------ !GEOMETRY! -------------------------
    Number of atoms:    26 
    Geometry Index:     7 
    Coordinates:
               0 C     -2.339215787144   -0.935410260520    0.075396422208
               1 C     -2.403393524923    0.577178451778    0.436517420982
               2 C     -1.092323024830    1.195105180788   -0.105561341951
               3 C     -0.133861399235    0.003086610560   -0.313520531532
               4 C     -1.098864172387   -1.080120095585   -0.824592400586
               5 C      1.020882425329    0.332900969637   -1.290676645256
               6 N      2.240882600232   -0.421960678779   -1.024538101604
               7 C      2.781705282419   -0.072894020698    0.295805292807
               8 C      1.668442934753    0.290177559142    1.304511522203
               9 N      0.474821028459   -0.470781430678    0.947214586819
              10 H     -2.220025410105   -1.543933553206    0.979660373801
              11 H     -3.251735588570   -1.283880820316   -0.418887184633
              12 H     -2.488124767838    0.715968745348    1.520468369861
              13 H     -3.279983938677    1.061847180300   -0.005507853659
              14 H     -1.271316937122    1.680158873405   -1.074501731255
              15 H     -0.663840266280    1.953625967844    0.560139875991
              16 H     -1.364257640885   -0.857600830045   -1.866883627519
              17 H     -0.650418474087   -2.078139564853   -0.787321848044
              18 H      1.271890231860    1.400456304293   -1.226693298625
              19 H      0.693391071569    0.148888463714   -2.320290942195
              20 H      2.012156730671   -1.410484320986   -1.028371387174
              21 H      3.358177520349   -0.929345425107    0.660820830233
              22 H      3.476556298035    0.771140266866    0.189094343719
              23 H      1.491833460290    1.380805292877    1.296809783437
              24 H      1.972204314162    0.022655746532    2.322265599154
              25 H     -0.205482966045   -0.449544612308    1.698542472818
------------------------ !GEOMETRY! -------------------------
    Number of atoms:    26 
    Geometry Index:     8 
    Coordinates:
               0 C     -2.340481328871   -0.933883943559    0.074761052660
               1 C     -2.400993657361    0.578158333283    0.438886645465
               2 C     -1.090571330150    1.194618874578   -0.105985749553
               3 C     -0.133716240802    0.001548738279   -0.314423403754
               4 C     -1.100312303308   -1.080109011945   -0.825429004525
               5 C      1.021157434454    0.330218328215   -1.292008955090
               6 N      2.242259827084   -0.421892226297   -1.023394449173
               7 C      2.781437181712   -0.069167260897    0.296507123908
               8 C      1.666561300911    0.289579165233    1.305213387851
               9 N      0.474926920152   -0.473410421011    0.945735658829
              10 H     -2.223184771122   -1.544268681477    0.977996837244
              11 H     -3.253720101166   -1.279208252614   -0.420425860769
              12 H     -2.482631459189    0.715440485691    1.523303201336
              13 H     -3.277808267241    1.065093495877   -0.000104288525
              14 H     -1.270432289974    1.679212185208   -1.075045191566
              15 H     -0.660492863629    1.953191328282    0.558583149454
              16 H     -1.365466886293   -0.857000368632   -1.867637862645
              17 H     -0.653255333746   -2.078764553705   -0.788447294550
              18 H      1.270548889324    1.398337034876   -1.231007817969
              19 H      0.694410264377    0.142648889508   -2.321219493788
              20 H      2.015682909740   -1.410954712734   -1.025566898338
              21 H      3.362348874954   -0.922416556835    0.661974972054
              22 H      3.472078799660    0.778179260948    0.188816609271
              23 H      1.487411984536    1.379795465800    1.299376079156
              24 H      1.970234756291    0.020920755213    2.322685382052
              25 H     -0.205892310344   -0.455966351283    1.696756170963
