-------------------------------------------------------------
----------------------- !PROPERTIES! ------------------------
-------------------------------------------------------------
# -----------------------------------------------------------
$ PAL_Flags
   description: The PAL Flags
   geom. index: 1
   prop. index: 1
        Diskflag:     2
# -----------------------------------------------------------
$ SCF_Energy
   description: The SCF energy
   geom. index: 1
   prop. index: 1
        SCF Energy:     -420.6941416096
# -----------------------------------------------------------
$ DFT_Energy
   description: The DFT energy
   geom. index: 1
   prop. index: 1
   Number of Alpha Electrons                 35.0000706331 
   Number of Beta  Electrons                 35.0000706331 
   Total number of  Electrons                70.0001412661 
   Exchange energy                          -38.1189477686 
   Correlation energy                        -2.9015339685 
   Correlation energy NL                      0.0000000000 
   Exchange-Correlation energy              -41.0204817372 
   Embedding correction                       0.0000000000 
   Total DFT Energy (No VdW correction)    -420.6941416096 
# -----------------------------------------------------------
$ Mayer_Pop
   description: The Mayer population analysis
   geom. index: 1
   prop. index: 1
     Number of atoms                     : 21
     Threshold for printing              : 0.1000000
     Number of bond orders printed       : 29
  NA   - Mulliken gross atomic population
  ZA   - Total nuclear charge
  QA   - Mulliken gross atomic charge
  VA   - Mayer's total valence
  BVA  - Mayer's bonded valence
  FA   - Mayer's free valence
  ATOM       NA         ZA         QA         VA         BVA        FA
  0   0     6.5436     6.0000    -0.5436     3.9871     3.9871    -0.0000
  1   0     6.0361     6.0000    -0.0361     3.3591     3.3591     0.0000
  2   0     7.2735     7.0000    -0.2735     2.7019     2.7019    -0.0000
  3   0     6.3828     6.0000    -0.3828     4.8170     4.8170    -0.0000
  4   0     6.1182     6.0000    -0.1182     3.2650     3.2650     0.0000
  5   0     7.3603     7.0000    -0.3603     2.6107     2.6107     0.0000
  6   0     6.1931     6.0000    -0.1931     3.4813     3.4813    -0.0000
  7   0     8.3041     8.0000    -0.3041     1.7143     1.7143    -0.0000
  8   0     5.9355     6.0000     0.0645     3.3663     3.3663    -0.0000
  9   0     0.8465     1.0000     0.1535     0.9458     0.9458    -0.0000
 10   0     0.8463     1.0000     0.1537     0.9452     0.9452     0.0000
 11   0     0.8527     1.0000     0.1473     0.9199     0.9199     0.0000
 12   0     0.8524     1.0000     0.1476     0.9389     0.9389     0.0000
 13   0     0.6822     1.0000     0.3178     0.8249     0.8249    -0.0000
 14   0     0.8063     1.0000     0.1937     0.8802     0.8802     0.0000
 15   0     0.8655     1.0000     0.1345     0.9643     0.9643     0.0000
 16   0     0.7129     1.0000     0.2871     0.8572     0.8572     0.0000
 17   0     0.8184     1.0000     0.1816     0.8975     0.8975    -0.0000
 18   0     0.8747     1.0000     0.1253     0.9486     0.9486     0.0000
 19   0     0.8322     1.0000     0.1678     0.9178     0.9178    -0.0000
 20   0     0.8626     1.0000     0.1374     0.9472     0.9472    -0.0000
      Bond orders larger than 0.1000000
           Atom A     A.N. of A          Atom B    A.N. of B              Bond order
                0             6               1            6                0.893328
                0             6               3            6                0.181930
                0             6               8            6                0.893959
                0             6               9            1                0.986080
                0             6              10            1                1.002873
                1             6               2            7                0.821281
                1             6               3            6               -0.126991
                1             6               7            8               -0.144056
                1             6              11            1                0.999213
                1             6              12            1                0.972171
                2             7               3            6                1.600849
                2             7               4            6               -0.353058
                2             7              13            1                0.820204
                3             6               4            6                0.856529
                3             6               5            7               -0.424215
                3             6               6            6                0.863123
                3             6               7            8                1.778943
                4             6               5            7                1.120443
                4             6               7            8               -0.222404
                4             6              14            1                0.989993
                4             6              15            1                0.930329
                5             7               6            6                1.128619
                5             7              16            1                0.880959
                6             6               7            8               -0.314327
                6             6              17            1                0.971738
                6             6              18            1                0.965411
                7             8               8            6                0.649571
                8             6              19            1                0.967349
                8             6              20            1                0.987104
# -----------------------------------------------------------
$ VdW_Correction
   description: The Van der Waals Correction
   geom. index: 1
   prop. index: 1
        Van der Waals Correction:       -0.0349914420
# -----------------------------------------------------------
$ Hessian
   description: Details about the Hessian
   geom. index: 1
   prop. index: 1
Normal modes:
Number of Rows: 63 Number of Columns: 63
                  0          1          2          3          4          5    
      0       0.000000   0.000000   0.000000   0.000000   0.000000   0.000000
      1       0.000000   0.000000   0.000000   0.000000   0.000000   0.000000
      2       0.000000   0.000000   0.000000   0.000000   0.000000   0.000000
      3       0.000000   0.000000   0.000000   0.000000   0.000000   0.000000
      4       0.000000   0.000000   0.000000   0.000000   0.000000   0.000000
      5       0.000000   0.000000   0.000000   0.000000   0.000000   0.000000
      6       0.000000   0.000000   0.000000   0.000000   0.000000   0.000000
      7       0.000000   0.000000   0.000000   0.000000   0.000000   0.000000
      8       0.000000   0.000000   0.000000   0.000000   0.000000   0.000000
      9       0.000000   0.000000   0.000000   0.000000   0.000000   0.000000
     10       0.000000   0.000000   0.000000   0.000000   0.000000   0.000000
     11       0.000000   0.000000   0.000000   0.000000   0.000000   0.000000
     12       0.000000   0.000000   0.000000   0.000000   0.000000   0.000000
     13       0.000000   0.000000   0.000000   0.000000   0.000000   0.000000
     14       0.000000   0.000000   0.000000   0.000000   0.000000   0.000000
     15       0.000000   0.000000   0.000000   0.000000   0.000000   0.000000
     16       0.000000   0.000000   0.000000   0.000000   0.000000   0.000000
     17       0.000000   0.000000   0.000000   0.000000   0.000000   0.000000
     18       0.000000   0.000000   0.000000   0.000000   0.000000   0.000000
     19       0.000000   0.000000   0.000000   0.000000   0.000000   0.000000
     20       0.000000   0.000000   0.000000   0.000000   0.000000   0.000000
     21       0.000000   0.000000   0.000000   0.000000   0.000000   0.000000
     22       0.000000   0.000000   0.000000   0.000000   0.000000   0.000000
     23       0.000000   0.000000   0.000000   0.000000   0.000000   0.000000
     24       0.000000   0.000000   0.000000   0.000000   0.000000   0.000000
     25       0.000000   0.000000   0.000000   0.000000   0.000000   0.000000
     26       0.000000   0.000000   0.000000   0.000000   0.000000   0.000000
     27       0.000000   0.000000   0.000000   0.000000   0.000000   0.000000
     28       0.000000   0.000000   0.000000   0.000000   0.000000   0.000000
     29       0.000000   0.000000   0.000000   0.000000   0.000000   0.000000
     30       0.000000   0.000000   0.000000   0.000000   0.000000   0.000000
     31       0.000000   0.000000   0.000000   0.000000   0.000000   0.000000
     32       0.000000   0.000000   0.000000   0.000000   0.000000   0.000000
     33       0.000000   0.000000   0.000000   0.000000   0.000000   0.000000
     34       0.000000   0.000000   0.000000   0.000000   0.000000   0.000000
     35       0.000000   0.000000   0.000000   0.000000   0.000000   0.000000
     36       0.000000   0.000000   0.000000   0.000000   0.000000   0.000000
     37       0.000000   0.000000   0.000000   0.000000   0.000000   0.000000
     38       0.000000   0.000000   0.000000   0.000000   0.000000   0.000000
     39       0.000000   0.000000   0.000000   0.000000   0.000000   0.000000
     40       0.000000   0.000000   0.000000   0.000000   0.000000   0.000000
     41       0.000000   0.000000   0.000000   0.000000   0.000000   0.000000
     42       0.000000   0.000000   0.000000   0.000000   0.000000   0.000000
     43       0.000000   0.000000   0.000000   0.000000   0.000000   0.000000
     44       0.000000   0.000000   0.000000   0.000000   0.000000   0.000000
     45       0.000000   0.000000   0.000000   0.000000   0.000000   0.000000
     46       0.000000   0.000000   0.000000   0.000000   0.000000   0.000000
     47       0.000000   0.000000   0.000000   0.000000   0.000000   0.000000
     48       0.000000   0.000000   0.000000   0.000000   0.000000   0.000000
     49       0.000000   0.000000   0.000000   0.000000   0.000000   0.000000
     50       0.000000   0.000000   0.000000   0.000000   0.000000   0.000000
     51       0.000000   0.000000   0.000000   0.000000   0.000000   0.000000
     52       0.000000   0.000000   0.000000   0.000000   0.000000   0.000000
     53       0.000000   0.000000   0.000000   0.000000   0.000000   0.000000
     54       0.000000   0.000000   0.000000   0.000000   0.000000   0.000000
     55       0.000000   0.000000   0.000000   0.000000   0.000000   0.000000
     56       0.000000   0.000000   0.000000   0.000000   0.000000   0.000000
     57       0.000000   0.000000   0.000000   0.000000   0.000000   0.000000
     58       0.000000   0.000000   0.000000   0.000000   0.000000   0.000000
     59       0.000000   0.000000   0.000000   0.000000   0.000000   0.000000
     60       0.000000   0.000000   0.000000   0.000000   0.000000   0.000000
     61       0.000000   0.000000   0.000000   0.000000   0.000000   0.000000
     62       0.000000   0.000000   0.000000   0.000000   0.000000   0.000000
                  6          7          8          9         10         11    
      0      -0.020317  -0.017145   0.021613   0.007931   0.182647   0.050128
      1       0.210706   0.071826  -0.085835  -0.089459   0.024235  -0.020246
      2       0.019249  -0.059952   0.052793   0.069451  -0.033642   0.087447
      3       0.106588  -0.036429   0.051993   0.022347   0.150475   0.036280
      4       0.041234   0.011858   0.164748  -0.004755   0.027147  -0.000524
      5       0.004008  -0.006923  -0.142608  -0.007034  -0.000692   0.068032
      6       0.004605  -0.061509  -0.026283   0.014537   0.033000   0.004648
      7      -0.172943  -0.057377  -0.039813  -0.002323  -0.145328   0.058014
      8      -0.066219   0.045157   0.001268   0.006328   0.000882  -0.124400
      9       0.003207   0.018456  -0.001513   0.008590  -0.069982  -0.040703
     10      -0.105020  -0.044749  -0.036428  -0.032450   0.012174   0.080643
     11      -0.048668   0.090370   0.014039   0.003628  -0.008158  -0.130448
     12       0.124156   0.042810  -0.002333   0.053479  -0.137866  -0.063088
     13       0.036044  -0.014059   0.004543  -0.029289  -0.046148   0.010812
     14      -0.021145   0.100448  -0.086483   0.128756   0.132016   0.082154
     15       0.007131  -0.050513  -0.015283   0.007808  -0.168431  -0.031088
     16       0.134878   0.071319   0.016924   0.011473  -0.023332  -0.025528
     17       0.119421  -0.280265   0.003756   0.006021   0.027362   0.015023
     18      -0.124612  -0.018249  -0.014715  -0.028712  -0.155952   0.057022
     19       0.015608  -0.013213  -0.024511  -0.003786   0.020285   0.028755
     20       0.012403   0.100204   0.127661  -0.079622  -0.065883   0.160348
     21       0.008882   0.078896  -0.018713   0.026212  -0.008211  -0.006490
     22      -0.171969  -0.044401   0.013872  -0.005303   0.148418  -0.063763
     23      -0.064622   0.027401   0.032869  -0.012659  -0.026838  -0.209295
     24      -0.110601   0.023827  -0.003809  -0.105998   0.157142  -0.024338
     25       0.010344   0.017214  -0.020946   0.142522  -0.023710  -0.020750
     26       0.038576  -0.014116   0.002706  -0.110579  -0.026941   0.016931
     27      -0.168809  -0.084684   0.240821   0.226769   0.152104   0.133970
     28       0.312302   0.100229  -0.146255  -0.217101   0.054284  -0.066519
     29       0.041724  -0.085876   0.201217   0.080171  -0.010383   0.098579
     30       0.108855   0.037069  -0.146385  -0.172258   0.211677  -0.023504
     31       0.332566   0.110997  -0.237458  -0.194733   0.033782  -0.078378
     32       0.001808  -0.098939   0.091237   0.263557  -0.085043   0.130637
     33       0.277211   0.027014   0.174685   0.007819   0.283542  -0.046836
     34       0.037119   0.010386   0.115613  -0.013050   0.014747   0.019351
     35       0.034921   0.009215  -0.476624  -0.087119  -0.056143   0.158654
     36       0.114869  -0.088691   0.027905   0.033972   0.075403   0.126600
     37       0.071753   0.018521   0.498722   0.060515   0.114377  -0.111396
     38       0.012510  -0.026208  -0.091354   0.009858  -0.014767   0.083976
     39       0.071921  -0.074998  -0.019246   0.024166   0.117388   0.076373
     40      -0.288224  -0.101496  -0.063457   0.002211  -0.222827   0.001455
     41      -0.061141   0.078070   0.008353  -0.002941  -0.023500  -0.159844
     42       0.227325  -0.050188  -0.016553   0.101358  -0.079350   0.022857
     43       0.094423  -0.258358   0.095387  -0.170404  -0.221634  -0.169595
     44      -0.057436   0.221741  -0.125672   0.187898   0.206016   0.155876
     45       0.152358   0.192012   0.022070   0.057905  -0.197783  -0.197103
     46       0.000752   0.178231  -0.064494   0.081130   0.087927   0.139525
     47      -0.062107   0.246261  -0.159366   0.234709   0.277757   0.247110
     48      -0.059350   0.204836   0.005957   0.020090  -0.144392   0.092493
     49       0.175856   0.133312  -0.048245   0.105907   0.053714  -0.061797
     50       0.173365  -0.464685  -0.019316   0.006910   0.015544  -0.084022
     51      -0.140334  -0.171127  -0.020531  -0.056537  -0.178085   0.226765
     52      -0.027392   0.160457   0.073945  -0.081250  -0.083331   0.310471
     53      -0.021510   0.284938   0.214505  -0.140388  -0.149872   0.368818
     54      -0.251667   0.122611  -0.009436  -0.053170  -0.172908   0.020804
     55       0.059084  -0.222756  -0.138424   0.081429   0.129863  -0.278688
     56       0.009404   0.192690   0.188769  -0.121510  -0.123499   0.335626
     57      -0.124125   0.067856  -0.012008  -0.149975   0.112153  -0.127607
     58       0.028531   0.035878   0.013816   0.450367  -0.178256  -0.064791
     59       0.048871  -0.046404   0.010713  -0.068714   0.002510   0.093314
     60      -0.255191  -0.035423   0.016840  -0.261905   0.325602  -0.016718
     61      -0.027717   0.001497  -0.019958   0.057180   0.038735  -0.016643
     62       0.113288   0.018661  -0.053958  -0.387905   0.034207   0.023502
                 12         13         14         15         16         17    
      0       0.143764  -0.023436   0.002260  -0.185449   0.121262   0.021905
      1       0.019191   0.011375  -0.004152  -0.007892  -0.000782   0.052794
      2      -0.041912  -0.106157  -0.021391   0.028474  -0.020947  -0.054975
      3       0.026209   0.139370   0.051072   0.039801   0.013979   0.062806
      4       0.015199  -0.090011  -0.023566  -0.123767   0.098901  -0.013779
      5       0.086290  -0.131491  -0.045534  -0.164583   0.054327  -0.071860
      6       0.082251   0.219125   0.001301   0.120568  -0.082564   0.020483
      7       0.148310   0.080019  -0.138373   0.089447   0.089134   0.033552
      8       0.185498   0.040702   0.041185  -0.215847  -0.191271  -0.050527
      9      -0.034519   0.000803  -0.000270   0.105436   0.006853  -0.042589
     10      -0.055530   0.003399   0.156336   0.012703  -0.003694  -0.013207
     11       0.070636  -0.024340   0.113628   0.002622   0.008623   0.078818
     12      -0.088679   0.004186  -0.181268  -0.098400   0.002021  -0.069981
     13      -0.015666  -0.013243   0.136773  -0.088978  -0.017286   0.112258
     14      -0.127123   0.061705   0.036131  -0.011038  -0.000030   0.058633
     15      -0.114913  -0.017994   0.006078  -0.206706  -0.024791   0.127986
     16       0.007792   0.004105  -0.045186  -0.024125  -0.004277   0.012101
     17       0.012728   0.013994  -0.015214   0.037009   0.006064  -0.035354
     18      -0.126478   0.006730   0.150129  -0.091960  -0.007264  -0.052201
     19      -0.031887   0.004259   0.160152   0.086632   0.016358  -0.136089
     20       0.068164   0.078862  -0.037812   0.023993  -0.002225   0.025599
     21       0.110880  -0.172209   0.039505   0.221633  -0.022909  -0.022845
     22      -0.135054   0.023801  -0.153325  -0.083055  -0.044686  -0.016522
     23      -0.084203   0.118078   0.010552   0.130437   0.193023   0.005095
     24       0.020771  -0.144914  -0.061425   0.074087   0.010387  -0.033334
     25       0.025590  -0.090072  -0.042038   0.158130  -0.093818   0.035771
     26      -0.129997  -0.083455  -0.045934   0.157541  -0.068650   0.002622
     27       0.121843  -0.299367  -0.031446  -0.084324   0.092195   0.410521
     28       0.015721   0.197151   0.034717  -0.122229   0.085026  -0.137042
     29      -0.078470  -0.073780   0.015023  -0.078842   0.111235   0.046216
     30       0.143739   0.212826   0.034444  -0.236541   0.131546  -0.279628
     31       0.032328   0.240332   0.038734  -0.005983  -0.046902  -0.159990
     32      -0.006573  -0.126205   0.004808   0.172474  -0.163917   0.191215
     33      -0.059201   0.099498   0.188142  -0.083481  -0.128192   0.013477
     34       0.033180  -0.092336  -0.045685  -0.118716   0.152874   0.029314
     35       0.166768  -0.169747  -0.156395  -0.185550   0.390511   0.239727
     36      -0.079200   0.106167  -0.018820   0.279941   0.094756   0.042105
     37      -0.078593  -0.045768   0.123547  -0.132300  -0.272246  -0.318647
     38       0.029302  -0.138411  -0.047455  -0.077613   0.017874  -0.138237
     39       0.075078   0.132757  -0.024236   0.021347   0.050588   0.008565
     40       0.397805   0.378120  -0.257663   0.093937  -0.470092  -0.015870
     41       0.064813  -0.039869   0.130025  -0.152822  -0.038451  -0.023321
     42      -0.192195   0.099127  -0.391611  -0.155564  -0.030508  -0.239958
     43       0.229263  -0.158974   0.231733  -0.036203   0.029752   0.199180
     44      -0.226918   0.118396   0.015857  -0.030568  -0.020193   0.042480
     45       0.003421  -0.067515  -0.230090  -0.107327   0.036928  -0.078126
     46      -0.187049   0.100846   0.043159  -0.119589  -0.063360   0.054948
     47      -0.322987   0.193381  -0.043474  -0.040050  -0.051510  -0.000010
     48      -0.145916   0.064131  -0.026015  -0.124805  -0.008249  -0.013433
     49      -0.054295   0.012823  -0.124764  -0.016560   0.006269  -0.020516
     50       0.028902  -0.048561   0.001440  -0.032528  -0.006895   0.081173
     51      -0.182137   0.077719   0.205606  -0.098817   0.018995  -0.208228
     52      -0.017476   0.146248   0.074414   0.092072   0.053459  -0.234727
     53       0.093485   0.187823  -0.124526   0.029703   0.024090  -0.020153
     54      -0.115919  -0.028554   0.305391  -0.107320  -0.028064  -0.069479
     55      -0.051559  -0.146534   0.264281   0.068118  -0.035493  -0.061154
     56       0.075536   0.169288  -0.116845   0.037393   0.028972  -0.017843
     57      -0.034444  -0.099381  -0.040592   0.282148   0.005288   0.049646
     58       0.220599  -0.001405   0.142355   0.129943   0.273761  -0.243915
     59      -0.084781  -0.117713  -0.057337   0.009938  -0.056393  -0.066833
     60      -0.138857  -0.153322  -0.229628  -0.041443  -0.134337   0.015207
     61      -0.051932  -0.100430  -0.110259   0.139230  -0.179113   0.086476
     62      -0.276056  -0.147544  -0.138614   0.322297  -0.380988   0.315333
                 18         19         20         21         22         23    
      0       0.031726  -0.202908  -0.144341  -0.014350   0.015784   0.031661
      1      -0.055733  -0.044676   0.002295   0.017112  -0.036413  -0.010315
      2       0.078061   0.047165  -0.017265   0.027758  -0.053040  -0.058675
      3      -0.000701   0.077120  -0.019282  -0.007827   0.000088   0.002038
      4      -0.060097   0.054049   0.086955   0.020063   0.000351  -0.013099
      5      -0.019505   0.087486   0.125622  -0.009327   0.015341   0.108064
      6      -0.038475   0.052271   0.069692  -0.006759   0.028954  -0.003077
      7       0.035437   0.061810  -0.070961  -0.033682   0.065401   0.012363
      8      -0.058627  -0.038209   0.036502  -0.030931   0.033512  -0.057368
      9      -0.035534   0.035251  -0.031944   0.005047   0.024985  -0.091134
     10       0.001854  -0.003792   0.009306  -0.007104   0.019241  -0.023438
     11       0.012225   0.111506  -0.136296   0.016774  -0.004835  -0.006113
     12      -0.051014   0.009688  -0.073601  -0.006097  -0.014749   0.038291
     13       0.081133  -0.021336   0.084961   0.010881  -0.000205   0.063305
     14       0.027561   0.048106  -0.040225  -0.073722  -0.088069   0.024772
     15       0.093248  -0.008301   0.078917  -0.016574   0.024620  -0.074617
     16       0.013570  -0.000679   0.006764   0.010459   0.005952  -0.008664
     17      -0.025687  -0.006628  -0.008746   0.001163  -0.003162   0.027844
     18      -0.049380  -0.014641  -0.043669   0.023822  -0.020347   0.057937
     19      -0.105090  -0.016250  -0.054311  -0.002827  -0.003512  -0.048415
     20       0.009349   0.039276  -0.049917   0.113358   0.045885   0.029478
     21       0.035510   0.028258   0.055812   0.014312  -0.016554  -0.049103
     22       0.009711   0.066890  -0.041287   0.010308  -0.028174  -0.057360
     23      -0.011864  -0.091058   0.097007  -0.002984  -0.009298   0.045646
     24       0.042859  -0.012007   0.082283   0.004981  -0.021302   0.019119
     25       0.004243  -0.091115  -0.018081  -0.041106   0.046673   0.074746
     26       0.050273  -0.147127  -0.071656  -0.015109   0.037894  -0.030184
     27      -0.429767  -0.338852  -0.039403   0.013150  -0.029008   0.033608
     28       0.159167   0.063146  -0.050112   0.062825  -0.090950  -0.171243
     29      -0.069123   0.110871   0.013916   0.152744  -0.217805  -0.377857
     30       0.413168  -0.098816  -0.248019  -0.037212   0.048783   0.013676
     31       0.249262   0.051861  -0.120768  -0.030264   0.006609   0.014221
     32      -0.125580   0.002707  -0.083165  -0.033154  -0.030662   0.048008
     33      -0.048596   0.036548   0.108163   0.021479  -0.102421   0.048719
     34      -0.092391   0.051000   0.070815   0.035064  -0.007708  -0.058573
     35      -0.323574   0.021305   0.081246   0.143087  -0.116255  -0.272019
     36       0.115317   0.302847   0.023649   0.051760  -0.066094   0.086564
     37       0.208031   0.107377   0.170400  -0.116446   0.092056   0.334633
     38       0.072433   0.187033   0.162337  -0.010461   0.004930   0.205392
     39      -0.046470   0.175493   0.130817  -0.070794   0.135116   0.125749
     40       0.077865  -0.430600   0.172743   0.375062  -0.637298   0.093348
     41      -0.079652   0.096028  -0.120808  -0.176266   0.284308  -0.210336
     42      -0.132391  -0.169775   0.088357   0.122274   0.142376   0.073038
     43       0.110034   0.165232  -0.153538  -0.276432  -0.347202   0.179603
     44       0.026695  -0.019254   0.057056   0.047140   0.059042  -0.037574
     45      -0.091267   0.158900  -0.344702  -0.097878  -0.158827   0.078510
     46       0.068348  -0.166831   0.272096   0.231480   0.246364  -0.021827
     47       0.021539  -0.134835   0.214244   0.170975   0.198865  -0.067279
     48      -0.027390   0.039556  -0.097092   0.052044  -0.058978   0.351786
     49      -0.011831   0.025138  -0.046268  -0.154439  -0.135828   0.041449
     50       0.072564  -0.039272   0.126538  -0.069977   0.049296  -0.307400
     51      -0.146617  -0.163583   0.092541  -0.164499  -0.065089   0.115569
     52      -0.155061  -0.162740   0.141811  -0.393901  -0.150039  -0.191099
     53      -0.008945  -0.055295   0.096506  -0.193397  -0.071991  -0.114933
     54      -0.093380   0.050892  -0.228538   0.169557  -0.074859   0.105946
     55      -0.075985   0.130249  -0.292806   0.462815   0.135076   0.145190
     56      -0.004571  -0.053184   0.105857  -0.162926  -0.028215  -0.078599
     57      -0.083581   0.083858   0.287894  -0.007031  -0.030255   0.095137
     58       0.270294  -0.251748   0.101714   0.060400  -0.016168  -0.117477
     59       0.154834  -0.228915  -0.219909  -0.002903   0.041803  -0.094100
     60      -0.014463   0.144314   0.022655  -0.022221  -0.037275   0.040623
     61      -0.049850  -0.026164  -0.042821  -0.061560   0.049335   0.101007
     62      -0.258954  -0.040097  -0.098369  -0.115600   0.110456   0.190039
                 24         25         26         27         28         29    
      0       0.033376   0.007554  -0.057716  -0.001054  -0.098510  -0.034343
      1       0.039412  -0.023762  -0.030496   0.013925  -0.048990   0.163201
      2       0.080369  -0.057911  -0.013323  -0.018085  -0.018671  -0.005134
      3       0.053941  -0.014144   0.041601   0.010278   0.198861  -0.039236
      4      -0.089808   0.034378   0.032130  -0.015026  -0.001651  -0.119946
      5      -0.007534   0.061952  -0.059033   0.016222  -0.052634   0.018757
      6      -0.110008   0.033495   0.028318  -0.007264  -0.135985   0.032392
      7       0.054847  -0.024199   0.005346   0.003142   0.040200   0.030759
      8       0.000456  -0.057815   0.025620  -0.006173   0.078563  -0.020998
      9      -0.052413  -0.005161  -0.076507  -0.001115  -0.092033  -0.016902
     10      -0.009071  -0.028687   0.001632   0.060307  -0.020568   0.156750
     11       0.009714   0.059006   0.047043   0.010142   0.009782   0.027468
     12       0.014925  -0.002449   0.066792  -0.155830  -0.008168   0.056738
     13       0.011767  -0.043011   0.161435  -0.214498  -0.074832  -0.034616
     14      -0.060745   0.011007  -0.023602  -0.017610  -0.011484   0.001005
     15      -0.007912   0.041206  -0.171449  -0.018849   0.073818   0.002160
     16       0.003008   0.007628  -0.015707   0.309966   0.011823  -0.038830
     17      -0.002828  -0.036384   0.045635   0.048713  -0.015908  -0.013966
     18       0.021207  -0.002512   0.080623   0.181078  -0.007267  -0.042832
     19       0.010264   0.054399  -0.149752  -0.178642   0.075916  -0.036574
     20      -0.028082   0.015312  -0.071754  -0.046718   0.014254   0.023436
     21       0.030790  -0.042332   0.011730   0.004399  -0.125625  -0.071195
     22      -0.009203  -0.011557   0.004989  -0.006259  -0.088010  -0.017401
     23       0.044580  -0.011540  -0.036019   0.000168  -0.026038  -0.021555
     24      -0.010390  -0.002711   0.033406  -0.005914   0.160555   0.123303
     25      -0.013861   0.035825   0.009420  -0.017733   0.114045  -0.080266
     26      -0.119906   0.025867   0.066188   0.007459   0.035024   0.014130
     27       0.013679   0.006842  -0.071441   0.054661  -0.120951   0.358516
     28       0.056308  -0.109060   0.030699  -0.029849  -0.057674  -0.035447
     29       0.093619  -0.230560   0.089251  -0.034628  -0.068760   0.088393
     30       0.074000  -0.014324  -0.033326  -0.047612  -0.032621  -0.341937
     31       0.214269  -0.089849  -0.079454  -0.026948  -0.040148  -0.098134
     32       0.431895  -0.174057  -0.204037  -0.000214  -0.169099   0.124435
     33       0.040712   0.032997   0.006831   0.062135   0.191349   0.174658
     34      -0.098983   0.015718   0.062705  -0.025419   0.052706  -0.164383
     35      -0.170034  -0.043920   0.193477  -0.043678   0.253152  -0.261681
     36       0.078942   0.103797   0.051610   0.018432   0.490776  -0.056496
     37       0.084781   0.113401  -0.218398   0.060354  -0.250084   0.267811
     38       0.035430   0.121771  -0.104309   0.033559   0.015306   0.083540
     39      -0.159459   0.081367   0.050034  -0.028463  -0.224999  -0.057356
     40       0.036029   0.186316  -0.158243  -0.032961   0.074044  -0.110605
     41       0.040472  -0.200604   0.086742   0.028555   0.132646   0.117163
     42       0.121828  -0.146910   0.175065   0.063784   0.131159   0.090508
     43      -0.237871  -0.120871  -0.028367  -0.086563  -0.064728  -0.024156
     44       0.043655   0.064426   0.050406  -0.084767  -0.031778  -0.012351
     45       0.119104   0.269564   0.340169  -0.363680  -0.032947   0.218274
     46       0.198382   0.008464   0.328167  -0.213509  -0.117380  -0.054220
     47       0.092739  -0.019123   0.059197   0.043361  -0.039099  -0.062654
     48      -0.338056  -0.546799  -0.262771  -0.039349   0.137068  -0.065717
     49      -0.097365  -0.104489  -0.020638   0.562871   0.010917  -0.019967
     50       0.238598   0.413803   0.086032   0.091224  -0.052713   0.041507
     51       0.064893  -0.133790   0.131580  -0.078310   0.156317  -0.129051
     52       0.121263   0.118143  -0.003849  -0.112296   0.078017  -0.086420
     53       0.060120   0.102985   0.041696   0.049354  -0.020830   0.002272
     54       0.163657   0.298688   0.383369   0.388330  -0.059657  -0.058086
     55      -0.095306   0.017505  -0.305347  -0.150754   0.138943  -0.008385
     56       0.007444  -0.009783  -0.036325  -0.092636  -0.005111   0.004500
     57       0.169945  -0.085523  -0.033997   0.003394   0.222565   0.061495
     58      -0.278430  -0.001240   0.186977   0.035081   0.245950   0.340865
     59      -0.261805   0.083885   0.124745   0.002107  -0.006368   0.072412
     60       0.078010  -0.000617   0.014661  -0.067276   0.171424  -0.101731
     61       0.050290   0.032408  -0.019839  -0.041202   0.080104  -0.197107
     62       0.216820   0.010222  -0.156147  -0.007050  -0.181976  -0.318801
                 30         31         32         33         34         35    
      0      -0.011996   0.016359   0.015250  -0.024514  -0.005503  -0.002355
      1      -0.025658  -0.050508  -0.071755  -0.010747   0.015990   0.034931
      2      -0.143587   0.011198   0.012651  -0.011159  -0.003488   0.026697
      3       0.172519  -0.002747   0.000446   0.034272  -0.035832  -0.013923
      4      -0.035734   0.040745   0.049941  -0.018839  -0.020219   0.060411
      5       0.081955  -0.005292  -0.011145  -0.009342  -0.011290  -0.043799
      6      -0.140265   0.007262   0.020948   0.011705   0.053428   0.020163
      7       0.028806  -0.031556  -0.049890   0.035995   0.007680  -0.041161
      8       0.032532  -0.008778  -0.005408   0.034702  -0.051155   0.019257
      9      -0.006804  -0.001024  -0.057978  -0.157072  -0.207259  -0.018326
     10       0.106686   0.145747   0.204765  -0.049798  -0.014030   0.015618
     11      -0.052061   0.024446  -0.003332  -0.144837   0.200322   0.015111
     12       0.031828   0.058476   0.014006  -0.010668  -0.036323  -0.010545
     13      -0.003839  -0.011503  -0.076262  -0.016733  -0.050071  -0.003529
     14      -0.016565   0.000849  -0.008067   0.080372  -0.072965   0.024368
     15      -0.003709   0.005436   0.008372   0.030103   0.081828  -0.006981
     16      -0.036607  -0.079130   0.027646   0.006774  -0.006360   0.004158
     17      -0.005216  -0.008991  -0.012699  -0.064146   0.022813  -0.043957
     18      -0.036038  -0.055125  -0.008923  -0.004747  -0.045539  -0.004681
     19      -0.019259  -0.010371  -0.067647   0.030718   0.055464  -0.011687
     20      -0.006186  -0.007150   0.029649   0.077807  -0.055232   0.017906
     21       0.160425  -0.011673   0.010945   0.062459   0.078446   0.012678
     22       0.092422  -0.035213  -0.031527   0.023875   0.018381   0.013672
     23       0.020030   0.005436   0.014314   0.018068  -0.002355   0.004804
     24      -0.181074  -0.014839  -0.030184  -0.012516  -0.025862   0.024994
     25      -0.109126   0.039253   0.042753  -0.028145  -0.006043  -0.056620
     26       0.093643  -0.018155  -0.009545   0.049552  -0.001612  -0.011174
     27       0.126201  -0.112740  -0.153217  -0.009209   0.046891  -0.029687
     28      -0.183782   0.023186   0.059850   0.052084   0.071796  -0.203197
     29      -0.275962  -0.005158   0.061434   0.133460   0.171251  -0.476963
     30      -0.145055   0.121700   0.157961  -0.012944  -0.045842  -0.029084
     31      -0.209036   0.059166   0.071399   0.031199  -0.088389   0.139646
     32      -0.253565   0.016417   0.007745   0.070731  -0.165802   0.361146
     33       0.286711  -0.021263   0.004317   0.027746   0.080246  -0.389400
     34      -0.036454   0.050465   0.062739  -0.014740  -0.040428   0.084696
     35      -0.014654   0.082980   0.121551   0.000688  -0.051117  -0.011983
     36       0.344953  -0.031742  -0.175676  -0.422762  -0.037445   0.307947
     37       0.111281  -0.050417  -0.077351  -0.014559   0.008784  -0.150106
     38       0.180688  -0.033606  -0.104131  -0.188105  -0.014491   0.040658
     39      -0.244268  -0.032013   0.035390   0.293364   0.239386   0.003569
     40       0.197474   0.055881   0.081130  -0.224581  -0.031564   0.011796
     41       0.037630  -0.012520  -0.070233  -0.080593  -0.198251   0.016907
     42       0.097527   0.487977  -0.167411   0.217231   0.451670   0.301835
     43       0.004515   0.140702  -0.166726   0.220875  -0.220388   0.104023
     44      -0.030486  -0.109995   0.042797  -0.051045  -0.046543  -0.050189
     45       0.051635  -0.317155   0.573445   0.068377  -0.026801  -0.050539
     46      -0.004896  -0.132616  -0.013269  -0.224071   0.029284  -0.072161
     47      -0.022789  -0.001396  -0.109116  -0.141837   0.020606  -0.027738
     48       0.020219  -0.000333  -0.045152  -0.202922   0.319782  -0.145069
     49      -0.011561   0.184176  -0.101392   0.000156   0.064646  -0.006728
     50      -0.022129   0.023172   0.018619   0.129022  -0.144423   0.069042
     51      -0.066768  -0.542914   0.266206   0.072543   0.295066   0.264599
     52      -0.031307   0.040903  -0.163052  -0.087719   0.249571  -0.047978
     53      -0.008159   0.138308  -0.104436  -0.047314   0.040027  -0.064022
     54      -0.131166   0.339623  -0.433545   0.352163  -0.051565  -0.107801
     55      -0.035917  -0.106420   0.047579   0.289806  -0.061236   0.054553
     56       0.015349  -0.022727   0.033665  -0.117033   0.025882  -0.001028
     57      -0.224855   0.092946   0.155825   0.181709  -0.283538  -0.151006
     58       0.003901  -0.057083  -0.038151   0.151768  -0.111372   0.009826
     59       0.133880  -0.101452  -0.147201  -0.078161   0.187696   0.118912
     60      -0.284638   0.011661   0.003625  -0.049452   0.133327  -0.063825
     61      -0.126909   0.061616   0.072097  -0.038836   0.044523  -0.093372
     62       0.072712   0.116343   0.152063  -0.012581  -0.057741  -0.054619
                 36         37         38         39         40         41    
      0       0.020065  -0.038319   0.004082  -0.000522   0.020571   0.013771
      1       0.014816  -0.007894  -0.056924  -0.013469   0.057019  -0.039711
      2       0.011734   0.010814  -0.039155  -0.014272   0.170232  -0.016502
      3      -0.034118   0.032920  -0.000504   0.002499   0.004200  -0.100867
      4      -0.036542   0.005619   0.007471  -0.001428  -0.006811   0.005362
      5       0.005662   0.009100   0.031589   0.011392  -0.026934  -0.034985
      6       0.012900  -0.015529  -0.010020  -0.006192   0.021997   0.037632
      7       0.003502   0.024208   0.016283   0.008181   0.011755   0.014364
      8      -0.002010  -0.023372  -0.041980  -0.009243  -0.018918   0.000467
      9       0.032749   0.031121   0.049866   0.022339  -0.001344   0.015376
     10       0.009626   0.011136  -0.028659  -0.052763  -0.015933  -0.008232
     11      -0.010329  -0.000194   0.107401   0.017077   0.008400  -0.061531
     12       0.006358   0.012908   0.037602  -0.123337  -0.027233  -0.079494
     13       0.009260   0.002933   0.006981   0.021741   0.001752   0.005303
     14       0.041611   0.003091  -0.004858   0.023469   0.000376   0.016867
     15      -0.033245  -0.014849  -0.022977  -0.008549   0.009183   0.026767
     16       0.008888   0.001922   0.009694  -0.019033  -0.000215   0.000953
     17      -0.069251  -0.012471  -0.036740  -0.012317   0.003775   0.016857
     18       0.009464   0.012153  -0.026218   0.135205  -0.018582  -0.065148
     19      -0.025284  -0.008318  -0.012049   0.034037   0.002908  -0.005940
     20       0.038604   0.005884  -0.002227  -0.016025  -0.001928   0.012132
     21       0.000864   0.005133  -0.031472  -0.011879  -0.002190   0.004655
     22      -0.025926  -0.025194   0.031849   0.008183   0.012027   0.004834
     23       0.017807   0.024692  -0.047115  -0.013521  -0.008101   0.014276
     24      -0.030020   0.015506   0.019291   0.006972  -0.030205   0.037238
     25       0.052602   0.004843  -0.015245  -0.001479  -0.020323   0.003441
     26      -0.034190  -0.020408   0.036292   0.012280  -0.021724  -0.038976
     27       0.068810  -0.095578  -0.046880  -0.005298  -0.044759  -0.046916
     28       0.134455  -0.106458   0.016858   0.015451  -0.254434   0.025483
     29       0.303473  -0.242620   0.047200   0.037682  -0.525823   0.038112
     30      -0.004851  -0.037219   0.067744   0.013857  -0.009314   0.066713
     31      -0.174315   0.076301   0.090311   0.022696  -0.242109   0.076603
     32      -0.409214   0.206327   0.181472   0.043279  -0.516477   0.147035
     33       0.029020   0.421189   0.337359   0.075267   0.182235   0.482248
     34      -0.049261   0.006580  -0.005119  -0.004613  -0.012762   0.012607
     35      -0.055088   0.175091   0.096077   0.017486   0.059121   0.273037
     36       0.204300  -0.429081  -0.211313  -0.067306  -0.204987   0.277423
     37       0.064428   0.038932   0.057070   0.024322  -0.037147   0.100246
     38       0.117503  -0.160804  -0.039801  -0.010350  -0.116885   0.137154
     39      -0.147817  -0.034897  -0.015650   0.016316  -0.167731  -0.209239
     40      -0.014733   0.037985   0.082431   0.019540  -0.000969  -0.052685
     41       0.140733  -0.018302  -0.072603  -0.035917   0.138971   0.236993
     42       0.307576   0.009151   0.139648   0.537133   0.080984   0.134685
     43       0.206795   0.043302   0.085511   0.072597  -0.004350  -0.008380
     44      -0.069198  -0.013310  -0.042809  -0.052832  -0.005973   0.002448
     45      -0.176485  -0.085941  -0.339197   0.345764   0.079105   0.317381
     46      -0.097961  -0.004528  -0.027276   0.066038   0.020353   0.039003
     47      -0.010672   0.022790   0.074854  -0.074000  -0.013731  -0.074522
     48      -0.288447  -0.074067  -0.145910  -0.048501   0.045652   0.132724
     49      -0.038873  -0.022678  -0.021414  -0.020626   0.000296   0.003972
     50       0.130895   0.030693   0.059707   0.018750  -0.023335  -0.062786
     51       0.307013  -0.000003   0.419832  -0.459011   0.055496   0.094528
     52      -0.129955  -0.044458  -0.001216  -0.027708   0.011927   0.002033
     53      -0.104389  -0.019717  -0.073985   0.046667  -0.009385  -0.015620
     54      -0.170654  -0.086316  -0.121158  -0.512223   0.069190   0.312291
     55       0.078178  -0.003102  -0.013676  -0.009206  -0.008432   0.004719
     56       0.007988   0.017692   0.016498   0.112898  -0.010261  -0.060274
     57      -0.132483  -0.373401   0.277619   0.079414   0.244097  -0.199752
     58      -0.172485  -0.170042   0.185964   0.055121  -0.002390   0.019468
     59       0.031820   0.253605  -0.144903  -0.038609  -0.228262   0.142126
     60       0.219408   0.336924  -0.406390  -0.096250  -0.101795  -0.196446
     61       0.141388   0.085816  -0.143130  -0.033485  -0.042994  -0.038674
     62      -0.008871  -0.244025   0.202379   0.044961   0.060821   0.234541
                 42         43         44         45         46         47    
      0       0.007359  -0.029076   0.000126  -0.080684  -0.003586   0.013746
      1       0.004329   0.001672  -0.000456  -0.005185  -0.001602   0.013896
      2      -0.047902   0.010208   0.000501   0.016819  -0.000883   0.024329
      3       0.023424   0.110037   0.003572   0.005106   0.001514  -0.056841
      4       0.011072  -0.010421   0.001917  -0.019836   0.000847   0.000886
      5       0.043089   0.046072  -0.000102  -0.022924   0.002840  -0.022236
      6      -0.005740  -0.043903   0.000151  -0.013504   0.004124  -0.064895
      7      -0.010296  -0.008656  -0.001670  -0.000721  -0.000710   0.021021
      8      -0.022644  -0.001159   0.000188   0.010284  -0.002919   0.060545
      9       0.104831   0.088878  -0.005398   0.018635  -0.008012   0.072545
     10      -0.005381   0.015774   0.012701   0.008380  -0.008403   0.030350
     11       0.016999  -0.002517   0.002924   0.000395  -0.001534  -0.009476
     12      -0.101161  -0.062189   0.014887  -0.004841  -0.001450  -0.016238
     13       0.009200   0.006085  -0.010479   0.000390   0.061330   0.014742
     14       0.005186   0.002822   0.043086   0.001238   0.003782   0.004394
     15       0.020125   0.010363  -0.005904  -0.000627  -0.001362  -0.003922
     16       0.003575  -0.003902   0.088374   0.001433  -0.005626  -0.000070
     17       0.014245   0.006494   0.013702   0.000570  -0.003711   0.000978
     18      -0.091849  -0.059386  -0.008680  -0.006837   0.008121  -0.019507
     19      -0.012134  -0.013515   0.007964  -0.006494   0.062159  -0.019876
     20      -0.002879   0.004785  -0.044032  -0.001516   0.017491   0.000810
     21      -0.012280  -0.022739   0.000109   0.000016   0.001494  -0.007824
     22      -0.011133  -0.002162  -0.001321   0.002016   0.001226  -0.003277
     23      -0.019878   0.012340  -0.000205   0.003295   0.000103   0.004273
     24      -0.078709   0.085130   0.003824   0.010043   0.002033   0.000630
     25      -0.003100   0.024405  -0.002365   0.013397   0.001407   0.017530
     26       0.083025  -0.076705  -0.002943  -0.000692   0.001010   0.006316
     27       0.058482  -0.084846  -0.009771   0.528746   0.018662  -0.036102
     28       0.012568   0.078715   0.007019  -0.329992  -0.010911   0.008261
     29       0.023852   0.115439   0.004614   0.080770   0.006640  -0.052953
     30       0.005725  -0.107059  -0.009152   0.440365   0.017022  -0.036193
     31       0.084266  -0.133061  -0.011821   0.403397   0.017548  -0.060348
     32       0.168714  -0.165336  -0.006774  -0.221184  -0.003204  -0.037485
     33      -0.146473  -0.378786  -0.020324  -0.087905  -0.002533   0.371966
     34       0.004391  -0.010971   0.001079   0.021847   0.001011  -0.068200
     35      -0.096434  -0.198904  -0.012713   0.206094   0.000533  -0.250509
     36      -0.099431  -0.346518  -0.005974  -0.014328  -0.010791   0.212837
     37       0.015867  -0.044280  -0.002769   0.205815   0.000733  -0.379773
     38      -0.002315  -0.139368  -0.005042   0.019567  -0.001510  -0.003526
     39      -0.135623   0.058673  -0.000198   0.126525  -0.027459   0.552600
     40       0.070530   0.061583   0.007278  -0.006193   0.021749  -0.088223
     41       0.048810  -0.119152  -0.002588  -0.102809   0.012461  -0.396813
     42       0.279431   0.171565   0.117913   0.020951   0.023723   0.059737
     43       0.014243   0.018487   0.005990   0.007229  -0.429938  -0.056010
     44      -0.027053  -0.018581   0.026041  -0.002952   0.216185   0.031694
     45       0.269458   0.185489  -0.096943   0.012884  -0.079741   0.029018
     46       0.087125   0.060898  -0.175698   0.004865  -0.334842  -0.040932
     47      -0.035825  -0.024630  -0.071925  -0.000280  -0.346127  -0.064238
     48       0.125998   0.060218   0.062443   0.002282  -0.024890  -0.003413
     49      -0.014177   0.046343  -0.911408  -0.020076   0.208041  -0.005476
     50      -0.066392  -0.024722  -0.145695  -0.003778   0.037488   0.000390
     51       0.264989   0.167760  -0.129166   0.016193   0.001724   0.036023
     52      -0.005365  -0.014648  -0.024595   0.013660  -0.365930   0.010668
     53      -0.062426  -0.035751  -0.048764   0.012437  -0.343255   0.020142
     54       0.289351   0.181600   0.099327   0.010347   0.058233   0.023888
     55      -0.085897  -0.044605  -0.194604   0.008565  -0.396250   0.010094
     56      -0.031151  -0.023597   0.038808  -0.012533   0.246079  -0.022422
     57       0.314505  -0.343764  -0.013568  -0.020909  -0.000766   0.041309
     58      -0.051670  -0.026182   0.009255  -0.183370  -0.014658  -0.211614
     59      -0.217485   0.239181   0.011033   0.006448   0.002342  -0.039943
     60       0.390389  -0.326831  -0.015641  -0.141061  -0.018837  -0.103698
     61       0.090739  -0.069437  -0.004198  -0.056252  -0.007050  -0.043057
     62      -0.432074   0.308167   0.030015  -0.105296  -0.007690  -0.156365
                 48         49         50         51         52         53    
      0      -0.011477   0.018261   0.036383  -0.007951   0.002772  -0.000431
      1       0.001779   0.013260   0.003689   0.007796  -0.001122  -0.003079
      2       0.005107   0.011200   0.001404  -0.001498   0.000075   0.000930
      3      -0.012044   0.001885   0.007616   0.000409  -0.000316  -0.000172
      4       0.007487  -0.050844  -0.037491  -0.069352   0.017054   0.004857
      5       0.000374  -0.059422  -0.044765  -0.011671   0.003353   0.000554
      6      -0.006786  -0.040948  -0.006656   0.002678  -0.000699  -0.000296
      7       0.003356   0.004453  -0.001471  -0.001011   0.000094  -0.000174
      8       0.010269   0.028996   0.009230   0.000618  -0.000141  -0.000610
      9      -0.013291   0.055801  -0.011984   0.000063   0.000450  -0.004372
     10       0.002129   0.011675   0.004391  -0.000297  -0.001772  -0.000579
     11      -0.001276   0.014253  -0.001338   0.001169  -0.000423   0.000409
     12       0.003412  -0.012703   0.004527  -0.001772  -0.009126   0.008771
     13      -0.068656   0.016239  -0.025833   0.008735   0.048045  -0.042618
     14      -0.014208   0.000412  -0.005071  -0.001011  -0.001999   0.003687
     15       0.005284  -0.003512   0.001844  -0.000092   0.000100  -0.002625
     16      -0.002346   0.000567  -0.000463   0.000150   0.000345   0.000150
     17       0.000118   0.000385  -0.000369   0.000051   0.000282  -0.001104
     18      -0.002874  -0.012447   0.000534   0.001028   0.002917   0.004354
     19       0.069357  -0.013770   0.024876   0.013654   0.039177   0.047650
     20       0.010848  -0.002925   0.003456   0.003355   0.014791   0.019966
     21       0.000118  -0.009813   0.002637  -0.000167  -0.000209   0.000848
     22      -0.002095  -0.006600   0.005193   0.000213  -0.000243   0.000401
     23      -0.000011  -0.005004   0.002749  -0.000103  -0.000053   0.000109
     24      -0.008560  -0.033835   0.019902   0.000572   0.001567  -0.003517
     25      -0.020289  -0.043309   0.044736  -0.001824  -0.007535   0.017204
     26      -0.012907  -0.020903   0.030333   0.000276  -0.000994   0.002704
     27       0.080480  -0.068345  -0.225923   0.000092  -0.007502   0.015109
     28      -0.055622   0.018872   0.142539   0.006753  -0.014509   0.025240
     29      -0.000555  -0.074531  -0.036145  -0.002688   0.006226  -0.011416
     30       0.064067  -0.076380  -0.184879   0.093470  -0.024626  -0.011520
     31       0.059082  -0.094123  -0.189395  -0.098135   0.026309   0.010803
     32      -0.034085  -0.011773   0.062777   0.032533  -0.009074  -0.003981
     33       0.079991  -0.105757  -0.143383   0.057787  -0.013278  -0.003296
     34      -0.015308   0.026461   0.034036   0.901800  -0.223392  -0.062508
     35      -0.096154   0.410980   0.358830  -0.128247   0.031857   0.009183
     36       0.044753   0.056145   0.024570  -0.101622   0.027051   0.008519
     37      -0.130887   0.412178   0.379377  -0.066426   0.017226   0.004126
     38      -0.007459   0.057111   0.047930   0.250487  -0.067545  -0.018229
     39       0.097102   0.334644   0.095686  -0.000778   0.000739   0.005026
     40      -0.018125  -0.028225  -0.019738  -0.002788   0.003867   0.002050
     41      -0.063340  -0.269165  -0.068975  -0.011883   0.001234   0.002579
     42      -0.067149   0.051740  -0.024956  -0.006103  -0.037847   0.029416
     43       0.383246  -0.067765   0.137580  -0.029830  -0.169693   0.136163
     44      -0.210435   0.034734  -0.075476  -0.069976  -0.393266   0.313291
     45       0.076507  -0.006302   0.026120   0.022764   0.123027  -0.107528
     46       0.323864  -0.045177   0.112727  -0.074911  -0.396273   0.349290
     47       0.338067  -0.059518   0.120488   0.080434   0.420130  -0.366185
     48      -0.002443  -0.004003  -0.003200   0.001177  -0.002059   0.028271
     49       0.021880   0.009278   0.001143   0.001116   0.005579  -0.001944
     50       0.008709   0.002151   0.003791   0.001149  -0.001030   0.024570
     51      -0.016920   0.050350  -0.008843   0.020962   0.055291   0.060731
     52      -0.322354   0.024100  -0.115786  -0.083599  -0.226734  -0.252273
     53      -0.322828   0.022225  -0.115343   0.100474   0.274594   0.303990
     54       0.086335   0.003380   0.028429  -0.023375  -0.072705  -0.087082
     55      -0.383439   0.013771  -0.138125  -0.077204  -0.234250  -0.286607
     56       0.234415  -0.019424   0.084593  -0.146186  -0.450090  -0.543797
     57      -0.022968  -0.008035   0.075487   0.001420   0.017410  -0.040764
     58       0.202493   0.430645  -0.449614  -0.000588  -0.002602   0.006292
     59       0.010738  -0.012947  -0.038098   0.000757   0.021778  -0.052620
     60       0.133476   0.344014  -0.313037  -0.007926  -0.033187   0.075040
     61       0.052037   0.130344  -0.121496   0.024363   0.093979  -0.215896
     62       0.142469   0.275108  -0.320715  -0.002749  -0.012331   0.028099
                 54         55         56         57         58         59    
      0       0.008117  -0.066215   0.015101  -0.000150   0.000104  -0.004411
      1       0.010812  -0.005179  -0.030591  -0.004630  -0.000098  -0.048224
      2      -0.004035   0.007172   0.013640   0.002156   0.000016   0.022867
      3      -0.000534   0.006648   0.027489  -0.000529   0.000254  -0.010383
      4       0.000524   0.015144   0.028071   0.000530   0.000361  -0.016147
      5       0.001292  -0.011585  -0.069718   0.001085  -0.000439   0.027304
      6       0.000007  -0.000185  -0.000292   0.000583  -0.000018  -0.000142
      7       0.000152   0.000150   0.000591   0.000320   0.000190  -0.000207
      8      -0.000187  -0.000146   0.000423   0.000743   0.000049  -0.000300
      9      -0.000481   0.000059  -0.000448  -0.000834   0.000481   0.001498
     10      -0.000070  -0.000014   0.000164   0.000340  -0.000587   0.000035
     11       0.001683   0.000141   0.000826  -0.002207   0.000637   0.000420
     12       0.003001   0.000148   0.000050  -0.007001   0.012770   0.000556
     13      -0.016437  -0.000790   0.000063   0.000031  -0.003998  -0.000038
     14       0.001222   0.000259   0.000326  -0.044672   0.083906   0.003468
     15      -0.000758  -0.000101  -0.000012   0.002801  -0.000901  -0.000225
     16       0.000124   0.000013  -0.000012  -0.000337   0.001538   0.000016
     17      -0.000200  -0.000024  -0.000055   0.005220  -0.001478  -0.000243
     18       0.000620   0.000121   0.000196  -0.014381  -0.007127   0.000769
     19       0.007531   0.000545  -0.000083   0.021526   0.009413  -0.001207
     20       0.002353   0.000859   0.001401  -0.080545  -0.043515   0.003859
     21      -0.001902  -0.000252   0.000006   0.000179  -0.000052  -0.000229
     22      -0.001251  -0.000110  -0.000024   0.000038   0.000039   0.000178
     23      -0.000057   0.000001   0.000017   0.000385  -0.000254   0.000064
     24       0.012283   0.008949  -0.009437  -0.001314   0.000556  -0.039367
     25      -0.068288  -0.012817   0.001203   0.000497   0.000329   0.010212
     26      -0.010493   0.004832  -0.011479  -0.001948   0.000981  -0.050236
     27      -0.081556   0.312077   0.077322   0.021633   0.000042   0.241802
     28      -0.140113   0.534081   0.121528   0.035278   0.000019   0.390148
     29       0.063685  -0.269331  -0.063202  -0.017458  -0.000089  -0.199312
     30      -0.008331   0.455731  -0.251519  -0.020202  -0.000909  -0.195852
     31       0.014016  -0.473662   0.251055   0.020306   0.000925   0.192415
     32      -0.004791   0.186238  -0.099272  -0.007272  -0.000503  -0.074952
     33      -0.001121  -0.009035  -0.009432  -0.000433  -0.001385   0.008619
     34      -0.007566  -0.150748  -0.191315  -0.009157  -0.002395   0.137727
     35       0.001790   0.016756   0.015224   0.001134   0.000313  -0.013454
     36       0.006514  -0.054125  -0.310318   0.004591  -0.001894   0.115562
     37       0.002873  -0.023590  -0.156521   0.002256  -0.001151   0.058579
     38      -0.016338   0.129513   0.801068  -0.011597   0.004990  -0.301607
     39       0.001200  -0.000283   0.000134  -0.007400  -0.000905   0.001685
     40       0.002058  -0.000365  -0.003942  -0.004247  -0.003102   0.001965
     41       0.000375   0.001946  -0.006588  -0.002392  -0.000510   0.003177
     42       0.011565   0.000356  -0.000110   0.031109  -0.055335  -0.002238
     43       0.051746   0.001649  -0.001702   0.163021  -0.296996  -0.012383
     44       0.121045   0.004192  -0.003611   0.358263  -0.653234  -0.027279
     45      -0.042734  -0.002401  -0.000291   0.053152  -0.107528  -0.004614
     46       0.136215   0.007286   0.000659  -0.166808   0.342656   0.013665
     47      -0.143014  -0.007864  -0.000521   0.171258  -0.350905  -0.013974
     48       0.007122   0.000704   0.000571  -0.038437   0.012188   0.002350
     49      -0.000854  -0.000026  -0.000077   0.005189  -0.007312  -0.000422
     50       0.006036   0.000581   0.001070  -0.059923   0.017979   0.003490
     51       0.010336   0.000109  -0.001213   0.107002   0.054498  -0.005179
     52      -0.040804  -0.000228   0.006369  -0.480279  -0.248134   0.023991
     53       0.049313   0.000789  -0.007072   0.549048   0.283623  -0.027327
     54      -0.013458  -0.001867  -0.001769   0.069210   0.039463  -0.003352
     55      -0.042145  -0.005427  -0.004846   0.222813   0.129703  -0.010593
     56      -0.079466  -0.010541  -0.008958   0.409460   0.237607  -0.019013
     57       0.169618  -0.044141   0.106132   0.017164  -0.009022   0.426093
     58      -0.021952   0.000237  -0.006042  -0.000861   0.000793  -0.026122
     59       0.214330  -0.053949   0.141582   0.023267  -0.012217   0.578563
     60      -0.292670  -0.049903   0.002004   0.001219   0.000521   0.035582
     61       0.848141   0.147354  -0.008835  -0.005856  -0.004220  -0.109385
     62      -0.111623  -0.015979  -0.000538   0.000176   0.001292   0.006683
                 60         61         62    
      0      -0.011563  -0.000013   0.000273
      1       0.061650   0.000013   0.000373
      2      -0.027719  -0.000057   0.000307
      3       0.005512  -0.000061   0.000762
      4       0.012893   0.000052  -0.002854
      5      -0.013339   0.000005  -0.001103
      6      -0.000059   0.000073  -0.043138
      7      -0.000061   0.000035  -0.021907
      8       0.000068   0.000071  -0.053412
      9       0.000582   0.000579  -0.001201
     10       0.000289   0.000118  -0.001842
     11      -0.000004  -0.000465   0.000969
     12      -0.000004   0.000600  -0.000115
     13       0.000333   0.003568   0.000310
     14      -0.000168  -0.006207  -0.000433
     15       0.000048  -0.047519  -0.000006
     16      -0.000068   0.005347   0.000022
     17       0.000140  -0.053696   0.000056
     18      -0.000355   0.000938  -0.000088
     19       0.000658  -0.001474  -0.000071
     20      -0.001743  -0.006987  -0.000229
     21      -0.000137   0.000077   0.000194
     22      -0.000233   0.000000  -0.000117
     23       0.000266   0.000050   0.000394
     24      -0.037212   0.000050   0.000186
     25       0.021999  -0.000008   0.000085
     26      -0.043561  -0.000033   0.000208
     27      -0.232216  -0.000036  -0.000860
     28      -0.374075   0.000015  -0.000893
     29       0.187617   0.000001   0.000505
     30       0.367114   0.000104  -0.000603
     31      -0.363675  -0.000049  -0.000826
     32       0.140292   0.000016  -0.000782
     33      -0.007644  -0.000007   0.003824
     34      -0.120083  -0.000491   0.007272
     35       0.012459  -0.000027  -0.001147
     36      -0.057229   0.000043  -0.005702
     37      -0.028572   0.000030   0.000470
     38       0.148699  -0.000232   0.008134
     39       0.000314  -0.001530   0.597369
     40      -0.001428  -0.000489   0.348433
     41      -0.000083  -0.000182   0.718500
     42       0.000006  -0.000796   0.000493
     43      -0.000056   0.010907  -0.000547
     44      -0.000590   0.026161   0.000098
     45       0.001312   0.014070   0.001277
     46      -0.003516  -0.030574  -0.002819
     47       0.003644   0.036404   0.002356
     48      -0.000712   0.609370   0.000823
     49       0.000001  -0.082823   0.000324
     50      -0.001168   0.781077   0.000125
     51       0.002556   0.001150  -0.000277
     52      -0.012649  -0.018319  -0.002345
     53       0.014554   0.021860   0.004634
     54       0.001200   0.010807   0.002823
     55       0.004193   0.019892   0.004599
     56       0.007644   0.043146   0.006815
     57       0.359622   0.000084  -0.000693
     58      -0.021546  -0.000011  -0.000041
     59       0.490228  -0.000007  -0.001117
     60       0.080847  -0.000126   0.000138
     61      -0.238702   0.000072  -0.000007
     62       0.020692  -0.000081   0.000402
# -----------------------------------------------------------
$ THERMOCHEMISTRY_Energies
   description: The Thermochemistry energies
   geom. index: 1
   prop. index: 1
        Temperature (Kelvin)           :        298.1500000000
        Pressure (atm)                 :          1.0000000000
        Total Mass (AMU)               :        128.1750000000
        Spin Degeneracy                :          1.0000000000
        Electronic Energy (Hartree)    :       -420.7291330516
        Translational Energy (Hartree) :          0.0014162714
        Rotational Energy (Hartree)    :          0.0014162714
        Vibrational Energy (Hartree)   :          0.0040108116
        Number of frequencies          :     63      
        Scaling Factor for frequencies :          1.0000000000
        Vibrational frequencies        :     
                  0    
      0       0.000000
      1       0.000000
      2       0.000000
      3       0.000000
      4       0.000000
      5       0.000000
      6     -44.913398
      7      97.041922
      8     236.378817
      9     261.312547
     10     376.909967
     11     386.393164
     12     406.736977
     13     507.558330
     14     525.477088
     15     662.503409
     16     694.465230
     17     857.801802
     18     865.024049
     19     901.004139
     20     915.602573
     21     966.290515
     22     1003.029215
     23     1043.292354
     24     1049.335966
     25     1080.239984
     26     1090.077797
     27     1142.201723
     28     1152.208787
     29     1159.395443
     30     1178.053129
     31     1205.519533
     32     1209.770187
     33     1232.179854
     34     1271.411664
     35     1303.392213
     36     1307.972284
     37     1338.547584
     38     1342.113972
     39     1361.404392
     40     1414.640659
     41     1427.963230
     42     1449.983414
     43     1466.581165
     44     1487.284586
     45     1513.700147
     46     1520.357141
     47     1536.112934
     48     1539.918083
     49     1546.860763
     50     1548.804922
     51     2909.576624
     52     2914.316950
     53     2921.627047
     54     2926.560931
     55     2950.140017
     56     2974.848270
     57     2987.493851
     58     2990.221313
     59     2992.535849
     60     3005.604240
     61     3209.024368
     62     3237.998551
        Zero Point Energy (Hartree)    :          0.1881830289
        Inner Energy (Hartree)         :       -420.5341066683
        Enthalpy (Hartree)             :       -420.5331624592
        Electronic entropy             :          0.0000000000
        Rotational entropy             :          0.0135555865
        Vibrational entropy            :          0.0063065024
        Translational entropy          :          0.0135555865
        Entropy                        :          0.0390848869
        Gibbs Energy (Hartree)         :       -420.5722473461
        Is Linear                      :                 false
# -----------------------------------------------------------
$ PAL_Flags
   description: The PAL Flags
   geom. index: 2
   prop. index: 1
        Diskflag:     2
# -----------------------------------------------------------
$ SCF_Energy
   description: The SCF energy
   geom. index: 2
   prop. index: 1
        SCF Energy:     -420.7055921875
# -----------------------------------------------------------
$ DFT_Energy
   description: The DFT energy
   geom. index: 2
   prop. index: 1
   Number of Alpha Electrons                 35.0000800640 
   Number of Beta  Electrons                 35.0000800640 
   Total number of  Electrons                70.0001601280 
   Exchange energy                          -38.1531944449 
   Correlation energy                        -2.9027438361 
   Correlation energy NL                      0.0000000000 
   Exchange-Correlation energy              -41.0559382810 
   Embedding correction                       0.0000000000 
   Total DFT Energy (No VdW correction)    -420.7055921875 
# -----------------------------------------------------------
$ VdW_Correction
   description: The Van der Waals Correction
   geom. index: 2
   prop. index: 1
        Van der Waals Correction:       -0.0348631910
# -----------------------------------------------------------
$ PAL_Flags
   description: The PAL Flags
   geom. index: 3
   prop. index: 1
        Diskflag:     2
# -----------------------------------------------------------
$ SCF_Energy
   description: The SCF energy
   geom. index: 3
   prop. index: 1
        SCF Energy:     -420.7074118793
# -----------------------------------------------------------
$ DFT_Energy
   description: The DFT energy
   geom. index: 3
   prop. index: 1
   Number of Alpha Electrons                 35.0001173835 
   Number of Beta  Electrons                 35.0001173835 
   Total number of  Electrons                70.0002347670 
   Exchange energy                          -38.1511920967 
   Correlation energy                        -2.9025634914 
   Correlation energy NL                      0.0000000000 
   Exchange-Correlation energy              -41.0537555880 
   Embedding correction                       0.0000000000 
   Total DFT Energy (No VdW correction)    -420.7074118793 
# -----------------------------------------------------------
$ VdW_Correction
   description: The Van der Waals Correction
   geom. index: 3
   prop. index: 1
        Van der Waals Correction:       -0.0348513353
# -----------------------------------------------------------
$ PAL_Flags
   description: The PAL Flags
   geom. index: 4
   prop. index: 1
        Diskflag:     2
# -----------------------------------------------------------
$ SCF_Energy
   description: The SCF energy
   geom. index: 4
   prop. index: 1
        SCF Energy:     -420.7079147101
# -----------------------------------------------------------
$ DFT_Energy
   description: The DFT energy
   geom. index: 4
   prop. index: 1
   Number of Alpha Electrons                 35.0001324116 
   Number of Beta  Electrons                 35.0001324116 
   Total number of  Electrons                70.0002648231 
   Exchange energy                          -38.1495753585 
   Correlation energy                        -2.9025665312 
   Correlation energy NL                      0.0000000000 
   Exchange-Correlation energy              -41.0521418896 
   Embedding correction                       0.0000000000 
   Total DFT Energy (No VdW correction)    -420.7079147101 
# -----------------------------------------------------------
$ VdW_Correction
   description: The Van der Waals Correction
   geom. index: 4
   prop. index: 1
        Van der Waals Correction:       -0.0348796556
# -----------------------------------------------------------
$ PAL_Flags
   description: The PAL Flags
   geom. index: 5
   prop. index: 1
        Diskflag:     2
# -----------------------------------------------------------
$ SCF_Energy
   description: The SCF energy
   geom. index: 5
   prop. index: 1
        SCF Energy:     -420.7078316472
# -----------------------------------------------------------
$ DFT_Energy
   description: The DFT energy
   geom. index: 5
   prop. index: 1
   Number of Alpha Electrons                 35.0001449485 
   Number of Beta  Electrons                 35.0001449485 
   Total number of  Electrons                70.0002898971 
   Exchange energy                          -38.1457592335 
   Correlation energy                        -2.9022122416 
   Correlation energy NL                      0.0000000000 
   Exchange-Correlation energy              -41.0479714751 
   Embedding correction                       0.0000000000 
   Total DFT Energy (No VdW correction)    -420.7078316472 
# -----------------------------------------------------------
$ VdW_Correction
   description: The Van der Waals Correction
   geom. index: 5
   prop. index: 1
        Van der Waals Correction:       -0.0347981386
# -----------------------------------------------------------
$ PAL_Flags
   description: The PAL Flags
   geom. index: 6
   prop. index: 1
        Diskflag:     2
# -----------------------------------------------------------
$ SCF_Energy
   description: The SCF energy
   geom. index: 6
   prop. index: 1
        SCF Energy:     -420.7081962524
# -----------------------------------------------------------
$ DFT_Energy
   description: The DFT energy
   geom. index: 6
   prop. index: 1
   Number of Alpha Electrons                 35.0001361569 
   Number of Beta  Electrons                 35.0001361569 
   Total number of  Electrons                70.0002723139 
   Exchange energy                          -38.1481613075 
   Correlation energy                        -2.9024396724 
   Correlation energy NL                      0.0000000000 
   Exchange-Correlation energy              -41.0506009799 
   Embedding correction                       0.0000000000 
   Total DFT Energy (No VdW correction)    -420.7081962524 
# -----------------------------------------------------------
$ VdW_Correction
   description: The Van der Waals Correction
   geom. index: 6
   prop. index: 1
        Van der Waals Correction:       -0.0348197958
# -----------------------------------------------------------
$ PAL_Flags
   description: The PAL Flags
   geom. index: 7
   prop. index: 1
        Diskflag:     2
# -----------------------------------------------------------
$ SCF_Energy
   description: The SCF energy
   geom. index: 7
   prop. index: 1
        SCF Energy:     -420.7083563178
# -----------------------------------------------------------
$ DFT_Energy
   description: The DFT energy
   geom. index: 7
   prop. index: 1
   Number of Alpha Electrons                 35.0001244976 
   Number of Beta  Electrons                 35.0001244976 
   Total number of  Electrons                70.0002489952 
   Exchange energy                          -38.1496492169 
   Correlation energy                        -2.9026006275 
   Correlation energy NL                      0.0000000000 
   Exchange-Correlation energy              -41.0522498445 
   Embedding correction                       0.0000000000 
   Total DFT Energy (No VdW correction)    -420.7083563178 
# -----------------------------------------------------------
$ VdW_Correction
   description: The Van der Waals Correction
   geom. index: 7
   prop. index: 1
        Van der Waals Correction:       -0.0348283000
# -----------------------------------------------------------
$ PAL_Flags
   description: The PAL Flags
   geom. index: 8
   prop. index: 1
        Diskflag:     2
# -----------------------------------------------------------
$ SCF_Energy
   description: The SCF energy
   geom. index: 8
   prop. index: 1
        SCF Energy:     -420.7084842565
# -----------------------------------------------------------
$ DFT_Energy
   description: The DFT energy
   geom. index: 8
   prop. index: 1
   Number of Alpha Electrons                 35.0001339481 
   Number of Beta  Electrons                 35.0001339481 
   Total number of  Electrons                70.0002678962 
   Exchange energy                          -38.1502794939 
   Correlation energy                        -2.9026766932 
   Correlation energy NL                      0.0000000000 
   Exchange-Correlation energy              -41.0529561871 
   Embedding correction                       0.0000000000 
   Total DFT Energy (No VdW correction)    -420.7084842565 
# -----------------------------------------------------------
$ VdW_Correction
   description: The Van der Waals Correction
   geom. index: 8
   prop. index: 1
        Van der Waals Correction:       -0.0348251449
# -----------------------------------------------------------
$ PAL_Flags
   description: The PAL Flags
   geom. index: 9
   prop. index: 1
        Diskflag:     2
# -----------------------------------------------------------
$ SCF_Energy
   description: The SCF energy
   geom. index: 9
   prop. index: 1
        SCF Energy:     -420.7086061623
# -----------------------------------------------------------
$ DFT_Energy
   description: The DFT energy
   geom. index: 9
   prop. index: 1
   Number of Alpha Electrons                 35.0001125773 
   Number of Beta  Electrons                 35.0001125773 
   Total number of  Electrons                70.0002251546 
   Exchange energy                          -38.1506662126 
   Correlation energy                        -2.9027416614 
   Correlation energy NL                      0.0000000000 
   Exchange-Correlation energy              -41.0534078741 
   Embedding correction                       0.0000000000 
   Total DFT Energy (No VdW correction)    -420.7086061623 
# -----------------------------------------------------------
$ VdW_Correction
   description: The Van der Waals Correction
   geom. index: 9
   prop. index: 1
        Van der Waals Correction:       -0.0348212850
# -----------------------------------------------------------
$ PAL_Flags
   description: The PAL Flags
   geom. index: 10
   prop. index: 1
        Diskflag:     2
# -----------------------------------------------------------
$ SCF_Energy
   description: The SCF energy
   geom. index: 10
   prop. index: 1
        SCF Energy:     -420.7087086538
# -----------------------------------------------------------
$ DFT_Energy
   description: The DFT energy
   geom. index: 10
   prop. index: 1
   Number of Alpha Electrons                 35.0000824689 
   Number of Beta  Electrons                 35.0000824689 
   Total number of  Electrons                70.0001649378 
   Exchange energy                          -38.1510042830 
   Correlation energy                        -2.9028166030 
   Correlation energy NL                      0.0000000000 
   Exchange-Correlation energy              -41.0538208860 
   Embedding correction                       0.0000000000 
   Total DFT Energy (No VdW correction)    -420.7087086538 
# -----------------------------------------------------------
$ VdW_Correction
   description: The Van der Waals Correction
   geom. index: 10
   prop. index: 1
        Van der Waals Correction:       -0.0348170513
# -----------------------------------------------------------
$ PAL_Flags
   description: The PAL Flags
   geom. index: 11
   prop. index: 1
        Diskflag:     2
# -----------------------------------------------------------
$ SCF_Energy
   description: The SCF energy
   geom. index: 11
   prop. index: 1
        SCF Energy:     -420.7087821948
# -----------------------------------------------------------
$ DFT_Energy
   description: The DFT energy
   geom. index: 11
   prop. index: 1
   Number of Alpha Electrons                 35.0000832594 
   Number of Beta  Electrons                 35.0000832594 
   Total number of  Electrons                70.0001665187 
   Exchange energy                          -38.1517787382 
   Correlation energy                        -2.9029401302 
   Correlation energy NL                      0.0000000000 
   Exchange-Correlation energy              -41.0547188684 
   Embedding correction                       0.0000000000 
   Total DFT Energy (No VdW correction)    -420.7087821948 
# -----------------------------------------------------------
$ VdW_Correction
   description: The Van der Waals Correction
   geom. index: 11
   prop. index: 1
        Van der Waals Correction:       -0.0348146762
# -----------------------------------------------------------
$ PAL_Flags
   description: The PAL Flags
   geom. index: 12
   prop. index: 1
        Diskflag:     2
# -----------------------------------------------------------
$ SCF_Energy
   description: The SCF energy
   geom. index: 12
   prop. index: 1
        SCF Energy:     -420.7088264154
# -----------------------------------------------------------
$ DFT_Energy
   description: The DFT energy
   geom. index: 12
   prop. index: 1
   Number of Alpha Electrons                 35.0000856812 
   Number of Beta  Electrons                 35.0000856812 
   Total number of  Electrons                70.0001713625 
   Exchange energy                          -38.1517017804 
   Correlation energy                        -2.9029375126 
   Correlation energy NL                      0.0000000000 
   Exchange-Correlation energy              -41.0546392931 
   Embedding correction                       0.0000000000 
   Total DFT Energy (No VdW correction)    -420.7088264154 
# -----------------------------------------------------------
$ VdW_Correction
   description: The Van der Waals Correction
   geom. index: 12
   prop. index: 1
        Van der Waals Correction:       -0.0348119677
# -----------------------------------------------------------
$ PAL_Flags
   description: The PAL Flags
   geom. index: 13
   prop. index: 1
        Diskflag:     2
# -----------------------------------------------------------
$ SCF_Energy
   description: The SCF energy
   geom. index: 13
   prop. index: 1
        SCF Energy:     -420.7088669798
# -----------------------------------------------------------
$ DFT_Energy
   description: The DFT energy
   geom. index: 13
   prop. index: 1
   Number of Alpha Electrons                 35.0000840710 
   Number of Beta  Electrons                 35.0000840710 
   Total number of  Electrons                70.0001681421 
   Exchange energy                          -38.1509916285 
   Correlation energy                        -2.9028875758 
   Correlation energy NL                      0.0000000000 
   Exchange-Correlation energy              -41.0538792044 
   Embedding correction                       0.0000000000 
   Total DFT Energy (No VdW correction)    -420.7088669798 
# -----------------------------------------------------------
$ VdW_Correction
   description: The Van der Waals Correction
   geom. index: 13
   prop. index: 1
        Van der Waals Correction:       -0.0348096478
# -----------------------------------------------------------
$ PAL_Flags
   description: The PAL Flags
   geom. index: 14
   prop. index: 1
        Diskflag:     2
# -----------------------------------------------------------
$ SCF_Energy
   description: The SCF energy
   geom. index: 14
   prop. index: 1
        SCF Energy:     -420.7088696645
# -----------------------------------------------------------
$ DFT_Energy
   description: The DFT energy
   geom. index: 14
   prop. index: 1
   Number of Alpha Electrons                 35.0000822808 
   Number of Beta  Electrons                 35.0000822808 
   Total number of  Electrons                70.0001645617 
   Exchange energy                          -38.1509796068 
   Correlation energy                        -2.9028824627 
   Correlation energy NL                      0.0000000000 
   Exchange-Correlation energy              -41.0538620695 
   Embedding correction                       0.0000000000 
   Total DFT Energy (No VdW correction)    -420.7088696645 
# -----------------------------------------------------------
$ VdW_Correction
   description: The Van der Waals Correction
   geom. index: 14
   prop. index: 1
        Van der Waals Correction:       -0.0348102643
# -----------------------------------------------------------
$ PAL_Flags
   description: The PAL Flags
   geom. index: 15
   prop. index: 1
        Diskflag:     2
# -----------------------------------------------------------
$ SCF_Energy
   description: The SCF energy
   geom. index: 15
   prop. index: 1
        SCF Energy:     -420.7088724101
# -----------------------------------------------------------
$ DFT_Energy
   description: The DFT energy
   geom. index: 15
   prop. index: 1
   Number of Alpha Electrons                 35.0000820223 
   Number of Beta  Electrons                 35.0000820223 
   Total number of  Electrons                70.0001640446 
   Exchange energy                          -38.1509033602 
   Correlation energy                        -2.9028825716 
   Correlation energy NL                      0.0000000000 
   Exchange-Correlation energy              -41.0537859318 
   Embedding correction                       0.0000000000 
   Total DFT Energy (No VdW correction)    -420.7088724101 
# -----------------------------------------------------------
$ VdW_Correction
   description: The Van der Waals Correction
   geom. index: 15
   prop. index: 1
        Van der Waals Correction:       -0.0348131153
# -----------------------------------------------------------
$ PAL_Flags
   description: The PAL Flags
   geom. index: 16
   prop. index: 1
        Diskflag:     2
# -----------------------------------------------------------
$ SCF_Energy
   description: The SCF energy
   geom. index: 16
   prop. index: 1
        SCF Energy:     -420.7088706015
# -----------------------------------------------------------
$ DFT_Energy
   description: The DFT energy
   geom. index: 16
   prop. index: 1
   Number of Alpha Electrons                 35.0000821093 
   Number of Beta  Electrons                 35.0000821093 
   Total number of  Electrons                70.0001642187 
   Exchange energy                          -38.1510132575 
   Correlation energy                        -2.9028943028 
   Correlation energy NL                      0.0000000000 
   Exchange-Correlation energy              -41.0539075603 
   Embedding correction                       0.0000000000 
   Total DFT Energy (No VdW correction)    -420.7088706015 
# -----------------------------------------------------------
$ Mayer_Pop
   description: The Mayer population analysis
   geom. index: 16
   prop. index: 1
     Number of atoms                     : 21
     Threshold for printing              : 0.1000000
     Number of bond orders printed       : 29
  NA   - Mulliken gross atomic population
  ZA   - Total nuclear charge
  QA   - Mulliken gross atomic charge
  VA   - Mayer's total valence
  BVA  - Mayer's bonded valence
  FA   - Mayer's free valence
  ATOM       NA         ZA         QA         VA         BVA        FA
  0   0     6.4949     6.0000    -0.4949     3.9415     3.9415     0.0000
  1   0     6.0763     6.0000    -0.0763     3.4183     3.4183    -0.0000
  2   0     7.3074     7.0000    -0.3074     2.6006     2.6006     0.0000
  3   0     6.6684     6.0000    -0.6684     5.0118     5.0118     0.0000
  4   0     5.9621     6.0000     0.0379     3.1411     3.1411     0.0000
  5   0     7.3628     7.0000    -0.3628     2.6349     2.6349    -0.0000
  6   0     6.0479     6.0000    -0.0479     3.3004     3.3004    -0.0000
  7   0     8.3024     8.0000    -0.3024     1.7070     1.7070     0.0000
  8   0     5.9103     6.0000     0.0897     3.3202     3.3202     0.0000
  9   0     0.8470     1.0000     0.1530     0.9441     0.9441    -0.0000
 10   0     0.8474     1.0000     0.1526     0.9453     0.9453     0.0000
 11   0     0.8444     1.0000     0.1556     0.9218     0.9218    -0.0000
 12   0     0.8530     1.0000     0.1470     0.9413     0.9413     0.0000
 13   0     0.6690     1.0000     0.3310     0.8145     0.8145     0.0000
 14   0     0.8178     1.0000     0.1822     0.8831     0.8831     0.0000
 15   0     0.8888     1.0000     0.1112     0.9666     0.9666    -0.0000
 16   0     0.7002     1.0000     0.2998     0.8536     0.8536     0.0000
 17   0     0.8217     1.0000     0.1783     0.9056     0.9056    -0.0000
 18   0     0.8821     1.0000     0.1179     0.9442     0.9442     0.0000
 19   0     0.8295     1.0000     0.1705     0.9193     0.9193     0.0000
 20   0     0.8665     1.0000     0.1335     0.9615     0.9615     0.0000
      Bond orders larger than 0.1000000
           Atom A     A.N. of A          Atom B    A.N. of B              Bond order
                0             6               1            6                0.891993
                0             6               3            6                0.149285
                0             6               8            6                0.907806
                0             6               9            1                0.991501
                0             6              10            1                0.995839
                1             6               2            7                0.827879
                1             6               7            8               -0.138048
                1             6              11            1                1.002038
                1             6              12            1                0.973813
                2             7               3            6                1.344939
                2             7               4            6               -0.199729
                2             7               7            8               -0.108773
                2             7              13            1                0.821793
                3             6               4            6                0.811715
                3             6               5            7               -0.106380
                3             6               6            6                0.935821
                3             6               7            8                1.845791
                4             6               5            7                0.953229
                4             6               7            8               -0.212394
                4             6              14            1                0.987882
                4             6              15            1                0.923906
                5             7               6            6                0.934284
                5             7              16            1                0.872030
                6             6               7            8               -0.339949
                6             6              17            1                0.975668
                6             6              18            1                0.943848
                7             8               8            6                0.607952
                8             6              19            1                0.977839
                8             6              20            1                0.985427
# -----------------------------------------------------------
$ VdW_Correction
   description: The Van der Waals Correction
   geom. index: 16
   prop. index: 1
        Van der Waals Correction:       -0.0348149074
# -----------------------------------------------------------
$ SCF_Electric_Properties
   description: The SCF Calculated Electric Properties
   geom. index: 16
   prop. index: 1
       Filename                          : file.scfp 
       Do Dipole Moment Calculation      : true 
       Do Quadrupole Moment Calculation  : false 
       Do Polarizability Calculation     : false 
** Dipole moment part of electric properties **
        Magnitude of dipole moment (Debye) :        2.8108467091
        Electronic Contribution:
                  0    
      0       2.106120
      1       0.359501
      2      -1.880270
        Nuclear Contribution:
                  0    
      0      -2.306233
      1      -0.415295
      2       2.966431
        Total Dipole moment:
                  0    
      0      -0.200113
      1      -0.055794
      2       1.086161
# -------------------------------------------------------------
----------------------- !GEOMETRIES! ------------------------
# -------------------------------------------------------------
------------------------ !GEOMETRY! -------------------------
    Number of atoms:    21 
    Geometry Index:     1 
    Coordinates:
               0 C     -2.258200000000   -0.215500000000    0.200700000000
               1 C     -1.311500000000    0.388800000000    1.244600000000
               2 N      0.017600000000   -0.211400000000    1.120000000000
               3 C      0.578900000000    0.067800000000   -0.224900000000
               4 C      1.743700000000   -0.840200000000   -0.580000000000
               5 N      2.704500000000    0.265800000000   -0.596100000000
               6 C      1.613900000000    1.185700000000   -0.265800000000
               7 O     -0.377300000000    0.187300000000   -1.273700000000
               8 C     -1.474000000000   -0.670400000000   -1.038300000000
               9 H     -2.792400000000   -1.089400000000    0.633000000000
              10 H     -3.016200000000    0.544700000000   -0.088700000000
              11 H     -1.243400000000    1.491700000000    1.103500000000
              12 H     -1.713300000000    0.199100000000    2.263600000000
              13 H      0.631900000000    0.170300000000    1.876600000000
              14 H      1.647400000000   -1.293000000000   -1.591300000000
              15 H      1.977100000000   -1.592800000000    0.208300000000
              16 H      3.325900000000    0.175700000000    0.242900000000
              17 H      1.441500000000    1.900900000000   -1.100000000000
              18 H      1.777200000000    1.706700000000    0.705000000000
              19 H     -2.144400000000   -0.648600000000   -1.923200000000
              20 H     -1.128600000000   -1.723200000000   -0.916000000000
------------------------ !GEOMETRY! -------------------------
    Number of atoms:    21 
    Geometry Index:     2 
    Coordinates:
               0 C     -2.285769485069   -0.218986818294    0.208381549620
               1 C     -1.328908231299    0.390967489271    1.243462037604
               2 N     -0.003282323316   -0.220812954905    1.094376133851
               3 C      0.593427440447    0.069212791924   -0.211414996966
               4 C      1.765309398969   -0.874249486743   -0.568589576760
               5 N      2.726792566389    0.262851148563   -0.586258504985
               6 C      1.629180360687    1.216614909270   -0.273979269285
               7 O     -0.375785932037    0.203304457005   -1.224920188780
               8 C     -1.484690637914   -0.662852765776   -1.020525713160
               9 H     -2.813222050713   -1.086375368824    0.625886596120
              10 H     -3.037967721323    0.528772972336   -0.070942592337
              11 H     -1.279369676632    1.485408563941    1.109761135982
              12 H     -1.696991747852    0.198005253789    2.257097349797
              13 H      0.609805423136    0.128498223346    1.822168721653
              14 H      1.663264645409   -1.334423912086   -1.557866904646
              15 H      1.981051327358   -1.630019040080    0.196456809911
              16 H      3.352835069485    0.187851129984    0.208605878481
              17 H      1.447334265699    1.918850090666   -1.094847414367
              18 H      1.771760575464    1.760110116593    0.670324261027
              19 H     -2.102694370229   -0.623776464184   -1.922641180749
              20 H     -1.131778896659   -1.698950335795   -0.904334132012
------------------------ !GEOMETRY! -------------------------
    Number of atoms:    21 
    Geometry Index:     3 
    Coordinates:
               0 C     -2.300330796255   -0.200473058472    0.212016977928
               1 C     -1.316028846888    0.404020472144    1.227739574611
               2 N     -0.021633242297   -0.268095673455    1.068820480679
               3 C      0.600388709734    0.048078040664   -0.214660997019
               4 C      1.793949482459   -0.877951479741   -0.565738601420
               5 N      2.727595368429    0.285691704013   -0.565447288019
               6 C      1.608710506566    1.224060474370   -0.269914101901
               7 O     -0.383585194630    0.190409116631   -1.210390077515
               8 C     -1.502893747975   -0.669920920474   -1.011410426570
               9 H     -2.836202766637   -1.052368018942    0.646110769946
              10 H     -3.042611380315    0.552676158134   -0.074039560990
              11 H     -1.239865207189    1.494053413099    1.080632632364
              12 H     -1.666781100647    0.231827060657    2.249554895948
              13 H      0.609436998919    0.013407548638    1.811912825617
              14 H      1.706952780792   -1.342688083244   -1.553142204288
              15 H      2.006440592172   -1.642680059778    0.189996145038
              16 H      3.377767584265    0.229125039522    0.210890246116
              17 H      1.416977700391    1.920265951529   -1.091520571558
              18 H      1.713333846156    1.783409796001    0.668828694810
              19 H     -2.094012349997   -0.618873510729   -1.928939860785
              20 H     -1.157308937051   -1.703973970568   -0.881099552988
------------------------ !GEOMETRY! -------------------------
    Number of atoms:    21 
    Geometry Index:     4 
    Coordinates:
               0 C     -2.304671107504   -0.169441487943    0.211063411455
               1 C     -1.294005398857    0.410614251187    1.217399857955
               2 N     -0.034008973971   -0.320266056015    1.044591113168
               3 C      0.601642325463    0.021941744445   -0.222368757246
               4 C      1.823617944133   -0.871238666079   -0.558391078075
               5 N      2.721600209087    0.318540101228   -0.549596018126
               6 C      1.577255528811    1.227149612197   -0.262855112906
               7 O     -0.382249526095    0.150842557509   -1.223008295250
               8 C     -1.522319170608   -0.680425091863   -1.007630933781
               9 H     -2.861811221222   -1.000412278129    0.658980202259
              10 H     -3.026317079329    0.600693658597   -0.082953499760
              11 H     -1.174508648071    1.495068327660    1.056965236600
              12 H     -1.640091000995    0.263547905345    2.244717054201
              13 H      0.608875308578   -0.118764659838    1.802287774776
              14 H      1.759856330273   -1.341742261590   -1.544960224034
              15 H      2.043012368153   -1.632855538884    0.199699329180
              16 H      3.389102147509    0.284352017662    0.211895387816
              17 H      1.376458002911    1.918893160290   -1.086386829411
              18 H      1.649205181088    1.789387075533    0.677605518933
              19 H     -2.108072591287   -0.626260141165   -1.928713737588
              20 H     -1.202270628066   -1.719624230147   -0.858140400165
------------------------ !GEOMETRY! -------------------------
    Number of atoms:    21 
    Geometry Index:     5 
    Coordinates:
               0 C     -2.305904696991   -0.210362584693    0.214107827169
               1 C     -1.327116374555    0.415151359787    1.227876054831
               2 N     -0.041459914526   -0.267756886194    1.057757787093
               3 C      0.603111865436    0.068857851213   -0.204626377493
               4 C      1.781106561877   -0.874911828923   -0.547262021713
               5 N      2.721810478981    0.279989681806   -0.571983739909
               6 C      1.624339510991    1.238877506084   -0.271614056373
               7 O     -0.390698678618    0.221124505037   -1.196329012295
               8 C     -1.496357937153   -0.667593773220   -1.010928933244
               9 H     -2.828982936533   -1.066045203498    0.657576282161
              10 H     -3.057583826325    0.529117564013   -0.081701577519
              11 H     -1.252281051791    1.499521746461    1.057169516760
              12 H     -1.668425127749    0.263634057695    2.256517331934
              13 H      0.596165816954   -0.121523306780    1.831072779109
              14 H      1.688913070207   -1.356202406724   -1.526368853269
              15 H      1.977406249759   -1.635112840582    0.217787528583
              16 H      3.433838120572    0.243746313417    0.147162050891
              17 H      1.430545309746    1.929092885135   -1.099150774515
              18 H      1.719746255498    1.815171912628    0.659175802767
              19 H     -2.074110961865   -0.609558926643   -1.936871812012
              20 H     -1.133761733916   -1.695217626020   -0.879165802955
------------------------ !GEOMETRY! -------------------------
    Number of atoms:    21 
    Geometry Index:     6 
    Coordinates:
               0 C     -2.309374146600   -0.182127499748    0.205717272135
               1 C     -1.313896783347    0.416048214418    1.218110858791
               2 N     -0.048836445115   -0.303624811102    1.049219534656
               3 C      0.604122705775    0.037948476396   -0.204194014852
               4 C      1.810713626246   -0.874255191285   -0.536937032571
               5 N      2.710014138302    0.311564046563   -0.607146363169
               6 C      1.594809236728    1.232939753762   -0.255631062069
               7 O     -0.377126623678    0.176406938784   -1.209611817620
               8 C     -1.510115613660   -0.672188379405   -1.013048191525
               9 H     -2.853274544609   -1.023542600327    0.650803565723
              10 H     -3.042802134770    0.575247256249   -0.091615720583
              11 H     -1.204801049994    1.498597682785    1.045340667570
              12 H     -1.661391621186    0.276860446069    2.246080656199
              13 H      0.587714894028   -0.169667438908    1.825831567267
              14 H      1.724276450706   -1.392473651225   -1.497096028944
              15 H      2.039270208406   -1.601874283877    0.252051147827
              16 H      3.445530129624    0.293837367068    0.088641411623
              17 H      1.374560372197    1.948451921097   -1.053314745193
              18 H      1.697483995891    1.771273163728    0.696830638060
              19 H     -2.086787333226   -0.610405967714   -1.939195984173
              20 H     -1.179789461717   -1.709015443331   -0.870636359152
------------------------ !GEOMETRY! -------------------------
    Number of atoms:    21 
    Geometry Index:     7 
    Coordinates:
               0 C     -2.311239461132   -0.166271746407    0.195765563863
               1 C     -1.312527424367    0.414863621795    1.214004048088
               2 N     -0.056621196734   -0.320728658278    1.049046598318
               3 C      0.604604926204    0.022808914515   -0.197338489575
               4 C      1.823770537096   -0.874238938592   -0.525239591826
               5 N      2.692268160570    0.328200092388   -0.650867461708
               6 C      1.580974895397    1.229201465887   -0.242589071296
               7 O     -0.365343710036    0.153633321020   -1.214972472942
               8 C     -1.512396502760   -0.673648866635   -1.015982673704
               9 H     -2.869917309207   -0.999819096053    0.637288161683
              10 H     -3.032012757571    0.601734486250   -0.105844609316
              11 H     -1.185540060052    1.496408574591    1.043232468528
              12 H     -1.667820156474    0.279953861706    2.239785607802
              13 H      0.575355975827   -0.197244121254    1.831006735107
              14 H      1.731752867987   -1.435044872974   -1.460765237017
              15 H      2.082028651472   -1.562627315454    0.290161758241
              16 H      3.466097436248    0.327320965014    0.002676294452
              17 H      1.334866316796    1.972686844204   -1.006319950308
              18 H      1.708533271845    1.728344119178    0.728100861410
              19 H     -2.086458208894   -0.610331529821   -1.943706238384
              20 H     -1.200076252213   -1.715201121080   -0.867242301415
------------------------ !GEOMETRY! -------------------------
    Number of atoms:    21 
    Geometry Index:     8 
    Coordinates:
               0 C     -2.313326026758   -0.158308614217    0.185728117013
               1 C     -1.318124116375    0.413710954371    1.212230497378
               2 N     -0.065256380470   -0.327770029056    1.053240613785
               3 C      0.605311086765    0.016212143632   -0.186291341934
               4 C      1.828974197962   -0.874828162096   -0.512211166906
               5 N      2.672108309124    0.336358915181   -0.699160764806
               6 C      1.577074133127    1.226449895529   -0.230088574713
               7 O     -0.355002660334    0.144339190991   -1.214054916954
               8 C     -1.509281040277   -0.673094482195   -1.019311868450
               9 H     -2.881888796596   -0.987942374405    0.621980112509
              10 H     -3.025865751529    0.615423714297   -0.120978732227
              11 H     -1.182874458143    1.494988814602    1.044867604187
              12 H     -1.681282533745    0.278894344993    2.235227768717
              13 H      0.561185714035   -0.213674555519    1.840860298332
              14 H      1.726876138844   -1.477522799263   -1.420264890166
              15 H      2.113870874172   -1.523416972734    0.327320448305
              16 H      3.487580241111    0.350485424205   -0.098546500601
              17 H      1.308083751076    1.997146579637   -0.958221728875
              18 H      1.736328556848    1.688010269595    0.754694273186
              19 H     -2.078231874033   -0.608672455812   -1.950095992183
              20 H     -1.205959364803   -1.716789801738   -0.866723255598
------------------------ !GEOMETRY! -------------------------
    Number of atoms:    21 
    Geometry Index:     9 
    Coordinates:
               0 C     -2.315362688734   -0.153754592949    0.175692103816
               1 C     -1.326562664724    0.412486763832    1.211340172287
               2 N     -0.073905649245   -0.330488204820    1.059862436928
               3 C      0.605981040124    0.012851651063   -0.173364109896
               4 C      1.831135480464   -0.875481377533   -0.499019794746
               5 N      2.648982725233    0.340460600367   -0.747732277996
               6 C      1.577413839234    1.223457773978   -0.217677755074
               7 O     -0.345015179562    0.140689936187   -1.210351542403
               8 C     -1.503710980890   -0.671523751213   -1.022808561626
               9 H     -2.891383574096   -0.981511068947    0.605729675056
              10 H     -3.021868379571    0.623550273905   -0.136057521404
              11 H     -1.187134731943    1.493949825863    1.048010772184
              12 H     -1.698043910742    0.275979640887    2.231112748890
              13 H      0.546216263923   -0.222337413269    1.853107994788
              14 H      1.717965639676   -1.518371301420   -1.377810652356
              15 H      2.142718156482   -1.483376493774    0.361878315768
              16 H      3.504461376877    0.368153274579   -0.205961961954
              17 H      1.288473745967    2.020670398143   -0.908722642138
              18 H      1.772344614159    1.647243989531    0.777966563913
              19 H     -2.066659130466   -0.606170560577   -1.957180355063
              20 H     -1.205745992167   -1.716479363833   -0.867813608974
------------------------ !GEOMETRY! -------------------------
    Number of atoms:    21 
    Geometry Index:     10 
    Coordinates:
               0 C     -2.317328763529   -0.152527723390    0.165586070852
               1 C     -1.337813749944    0.410929690235    1.211338436255
               2 N     -0.082255638778   -0.328823607940    1.069422231886
               3 C      0.606446136469    0.012500087787   -0.158424829962
               4 C      1.830311301276   -0.876088056056   -0.486272866048
               5 N      2.622956579051    0.340751820736   -0.795531372422
               6 C      1.581850660954    1.219913164632   -0.205466961763
               7 O     -0.335251102782    0.142313651932   -1.203852741536
               8 C     -1.495650555048   -0.668992443929   -1.026381272671
               9 H     -2.898697598007   -0.980414163083    0.588213615815
              10 H     -3.019806261300    0.626495395615   -0.151125525620
              11 H     -1.198294661777    1.493141550386    1.052922949962
              12 H     -1.718451560554    0.270717014694    2.227259684488
              13 H      0.530498198270   -0.221190762615    1.868292471830
              14 H      1.704674900635   -1.556871550654   -1.334500621490
              15 H      2.169748931722   -1.442471273572    0.392841861247
              16 H      3.515951912277    0.379786062849   -0.318368038504
              17 H      1.276332118748    2.043039968722   -0.858164938758
              18 H      1.816613809566    1.605251991501    0.797642644705
              19 H     -2.051818070578   -0.602954368997   -1.964802674722
              20 H     -1.199716586670   -1.714506448856   -0.870428123546
------------------------ !GEOMETRY! -------------------------
    Number of atoms:    21 
    Geometry Index:     11 
    Coordinates:
               0 C     -2.318409901575   -0.159149560557    0.158634633892
               1 C     -1.351031127073    0.409370855920    1.212672130895
               2 N     -0.086806367596   -0.318023025630    1.082430258989
               3 C      0.605703080134    0.018797362198   -0.144761376842
               4 C      1.821891774694   -0.877038979884   -0.480473579592
               5 N      2.603244663770    0.334181815156   -0.825740473659
               6 C      1.592406380864    1.216849865765   -0.196741048357
               7 O     -0.329782185917    0.154673360542   -1.194158165083
               8 C     -1.484863425413   -0.665891559362   -1.028783299846
               9 H     -2.899085076791   -0.991206091290    0.574207349418
              10 H     -3.022383428242    0.617161895190   -0.161692113829
              11 H     -1.219841333366    1.493184292465    1.058451433181
              12 H     -1.739893229551    0.263267476157    2.224750796023
              13 H      0.518590070525   -0.196701992425    1.884969974883
              14 H      1.680832488934   -1.579433550573   -1.309025290368
              15 H      2.182331036567   -1.416443146399    0.407495232680
              16 H      3.523752005116    0.375517748436   -0.403104581543
              17 H      1.279954687619    2.058847821345   -0.822407881197
              18 H      1.861666518366    1.573278836291    0.808779262636
              19 H     -2.035417165819   -0.601170828153   -1.970761780953
              20 H     -1.182559465248   -1.710072595191   -0.874541481329
------------------------ !GEOMETRY! -------------------------
    Number of atoms:    21 
    Geometry Index:     12 
    Coordinates:
               0 C     -2.318408035143   -0.167280107318    0.159289680572
               1 C     -1.356405493597    0.409941181498    1.213732943566
               2 N     -0.086773158508   -0.309035814820    1.086774080183
               3 C      0.605545986999    0.026293855793   -0.141587030980
               4 C      1.814071980447   -0.878226903602   -0.481256841780
               5 N      2.603654211192    0.327509890529   -0.826316628316
               6 C      1.600271224346    1.217431038448   -0.196616344984
               7 O     -0.331813880109    0.168419857412   -1.188177338230
               8 C     -1.479902046288   -0.663513625852   -1.029077499970
               9 H     -2.891841218173   -1.004601202521    0.574353542501
              10 H     -3.028967464517    0.603153181908   -0.160484119314
              11 H     -1.233717543780    1.494368282167    1.058577621451
              12 H     -1.745363815660    0.261693972387    2.225503813474
              13 H      0.517768465907   -0.179974158387    1.888812689760
              14 H      1.665795822269   -1.576970927089   -1.311578043061
              15 H      2.172227672975   -1.423106176719    0.404212906676
              16 H      3.527380857623    0.363626226480   -0.410600685111
              17 H      1.291551427471    2.060157286657   -0.823155117626
              18 H      1.872402488074    1.574958990791    0.807877675553
              19 H     -2.028598461475   -0.599332057653   -1.972170882896
              20 H     -1.168579020052   -1.705512790109   -0.877914421467
------------------------ !GEOMETRY! -------------------------
    Number of atoms:    21 
    Geometry Index:     13 
    Coordinates:
               0 C     -2.318001586999   -0.184045662243    0.160979049992
               1 C     -1.366622408402    0.412226857862    1.214631588928
               2 N     -0.087432474987   -0.291778730510    1.095175311560
               3 C      0.605685315671    0.040082413103   -0.135055166885
               4 C      1.799441935676   -0.881187231796   -0.482137424380
               5 N      2.602885859945    0.314544991128   -0.830323879109
               6 C      1.615444995365    1.218270595780   -0.195275115479
               7 O     -0.335297113037    0.195498965468   -1.176240226555
               8 C     -1.470361052842   -0.657460069399   -1.030604035322
               9 H     -2.873014797066   -1.033543482469    0.576249118675
              10 H     -3.044777232112    0.572149057629   -0.155973301662
              11 H     -1.259686265769    1.497174203284    1.054499604656
              12 H     -1.755487839075    0.262724911673    2.226295893746
              13 H      0.515019237964   -0.147084949798    1.896166242432
              14 H      1.637068666227   -1.574911780578   -1.313979825634
              15 H      2.153051718641   -1.435059076311    0.399429948160
              16 H      3.532239209923    0.340251007497   -0.427109702347
              17 H      1.313254719713    2.064005340387   -0.820959320774
              18 H      1.894391299229    1.575672084799    0.807613096513
              19 H     -2.015536909326   -0.592151218246   -1.975597898531
              20 H     -1.141965278739   -1.695378227260   -0.887583957984
------------------------ !GEOMETRY! -------------------------
    Number of atoms:    21 
    Geometry Index:     14 
    Coordinates:
               0 C     -2.317731473074   -0.187457635299    0.162390292091
               1 C     -1.367241930166    0.413197590865    1.214079999835
               2 N     -0.086729547678   -0.288850540546    1.096237129764
               3 C      0.605524808791    0.041686775790   -0.135206693817
               4 C      1.797393633310   -0.881787183981   -0.483819387766
               5 N      2.604796014338    0.312477154277   -0.827615746960
               6 C      1.617299020080    1.218089102073   -0.195442138267
               7 O     -0.336281063557    0.199113884266   -1.175119200498
               8 C     -1.469942469630   -0.655991606146   -1.031171943942
               9 H     -2.866741925569   -1.040270715142    0.578797128963
              10 H     -3.049625660927    0.564757406844   -0.152325217914
              11 H     -1.262393089016    1.497946047803    1.051091669902
              12 H     -1.755649728822    0.265493894954    2.226182798911
              13 H      0.515370623987   -0.138935497892    1.896587369772
              14 H      1.633613460149   -1.572506140170   -1.317939081945
              15 H      2.148745480125   -1.439129632699    0.396392951626
              16 H      3.532419441341    0.335235800316   -0.420215203706
              17 H      1.316975622776    2.063258939411   -0.822855771651
              18 H      1.895643797909    1.576534085925    0.807182220793
              19 H     -2.015615201356   -0.589151023927   -1.975771584289
              20 H     -1.139529813011   -1.693710706721   -0.891259590902
------------------------ !GEOMETRY! -------------------------
    Number of atoms:    21 
    Geometry Index:     15 
    Coordinates:
               0 C     -2.317583203708   -0.193669129249    0.163334727944
               1 C     -1.370326129893    0.415483704106    1.212463618880
               2 N     -0.087643335558   -0.283603174516    1.099342268628
               3 C      0.605570274137    0.044444606626   -0.132556300587
               4 C      1.793981200519   -0.882978046780   -0.483468718639
               5 N      2.602689172766    0.309066916958   -0.832628007187
               6 C      1.621579401028    1.216836912416   -0.193221112843
               7 O     -0.336140969619    0.206406809272   -1.171592577779
               8 C     -1.467797976954   -0.652249880182   -1.033066915799
               9 H     -2.854598376394   -1.053313326754    0.581203443633
              10 H     -3.059602681485    0.550206224141   -0.147578250562
              11 H     -1.268773158506    1.499674241039    1.043695917045
              12 H     -1.759221888627    0.271798755078    2.224948868468
              13 H      0.512593785946   -0.126404199835    1.899724240648
              14 H      1.626149684538   -1.575905677927   -1.314924840191
              15 H      2.146369617648   -1.438585361443    0.397450335745
              16 H      3.532334738362    0.328393263339   -0.429750006625
              17 H      1.322357686468    2.065883452731   -0.815805557295
              18 H      1.905633580001    1.569721335090    0.809775558355
              19 H     -2.012959894343   -0.581363208254   -1.977638369602
              20 H     -1.134311526324   -1.689844215857   -0.899508322235
------------------------ !GEOMETRY! -------------------------
    Number of atoms:    21 
    Geometry Index:     16 
    Coordinates:
               0 C     -2.317524222727   -0.193380627215    0.163543625299
               1 C     -1.369828183247    0.415752559696    1.212213472663
               2 N     -0.087597182806   -0.284031509825    1.098842677723
               3 C      0.605465699436    0.044048942711   -0.133054505043
               4 C      1.794332767191   -0.882875289264   -0.483500950387
               5 N      2.602896737805    0.309461085376   -0.832211656464
               6 C      1.620976126804    1.216707537950   -0.193269315405
               7 O     -0.336177276229    0.205798804345   -1.172138329787
               8 C     -1.468187630356   -0.652253554830   -1.033102318036
               9 H     -2.854195360209   -1.053073880507    0.581743114534
              10 H     -3.059808807900    0.550347612591   -0.147108700798
              11 H     -1.267691158140    1.499835029483    1.042946304612
              12 H     -1.758587453364    0.272743359287    2.224839363987
              13 H      0.512747633966   -0.127855502952    1.899307897881
              14 H      1.627251483571   -1.575885435268   -1.315060865118
              15 H      2.146739862292   -1.438265636242    0.397547209484
              16 H      3.531994223304    0.328904250128   -0.427981260297
              17 H      1.321905639256    2.065723408670   -0.815974789697
              18 H      1.904601202963    1.569462597708    0.809861819348
              19 H     -2.013777430140   -0.581101417890   -1.977410750549
              20 H     -1.135236671470   -1.690062333952   -0.899832043950
