-------------------------------------------------------------
----------------------- !PROPERTIES! ------------------------
-------------------------------------------------------------
# -----------------------------------------------------------
$ PAL_Flags
   description: The PAL Flags
   geom. index: 1
   prop. index: 1
        Diskflag:     2
# -----------------------------------------------------------
$ SCF_Energy
   description: The SCF energy
   geom. index: 1
   prop. index: 1
        SCF Energy:     -306.0863204620
# -----------------------------------------------------------
$ DFT_Energy
   description: The DFT energy
   geom. index: 1
   prop. index: 1
   Number of Alpha Electrons                 27.0000644357 
   Number of Beta  Electrons                 27.0000644357 
   Total number of  Electrons                54.0001288715 
   Exchange energy                          -28.5006550289 
   Correlation energy                        -2.2170262599 
   Correlation energy NL                      0.0000000000 
   Exchange-Correlation energy              -30.7176812887 
   Embedding correction                       0.0000000000 
   Total DFT Energy (No VdW correction)    -306.0863204620 
# -----------------------------------------------------------
$ Mayer_Pop
   description: The Mayer population analysis
   geom. index: 1
   prop. index: 1
     Number of atoms                     : 17
     Threshold for printing              : 0.1000000
     Number of bond orders printed       : 22
  NA   - Mulliken gross atomic population
  ZA   - Total nuclear charge
  QA   - Mulliken gross atomic charge
  VA   - Mayer's total valence
  BVA  - Mayer's bonded valence
  FA   - Mayer's free valence
  ATOM       NA         ZA         QA         VA         BVA        FA
  0   0     6.2389     6.0000    -0.2389     3.6713     3.6713     0.0000
  1   0     6.5244     6.0000    -0.5244     3.9213     3.9213     0.0000
  2   0     5.8164     6.0000     0.1836     3.8443     3.8443     0.0000
  3   0     6.4432     6.0000    -0.4432     3.6562     3.6562     0.0000
  4   0     6.2584     6.0000    -0.2584     3.6432     3.6432     0.0000
  5   0     7.2524     7.0000    -0.2524     2.9824     2.9824     0.0000
  6   0     7.3172     7.0000    -0.3172     3.1150     3.1150     0.0000
  7   0     0.8472     1.0000     0.1528     0.9534     0.9534    -0.0000
  8   0     0.8494     1.0000     0.1506     0.9608     0.9608    -0.0000
  9   0     0.8492     1.0000     0.1508     0.9682     0.9682     0.0000
 10   0     0.8437     1.0000     0.1563     0.9598     0.9598    -0.0000
 11   0     0.8183     1.0000     0.1817     0.9519     0.9519     0.0000
 12   0     0.8550     1.0000     0.1450     0.9663     0.9663     0.0000
 13   0     0.8423     1.0000     0.1577     0.9254     0.9254     0.0000
 14   0     0.8462     1.0000     0.1538     0.9193     0.9193     0.0000
 15   0     0.7009     1.0000     0.2991     0.8477     0.8477     0.0000
 16   0     0.6967     1.0000     0.3033     0.8436     0.8436     0.0000
      Bond orders larger than 0.1000000
           Atom A     A.N. of A          Atom B    A.N. of B              Bond order
                0             6               1            6                0.976530
                0             6               2            6               -0.205522
                0             6               3            6                0.980794
                0             6               7            1                0.972173
                0             6               8            1                0.960628
                1             6               2            6                0.874467
                1             6               3            6                0.122519
                1             6               9            1                0.953093
                1             6              10            1                0.970835
                2             6               3            6                0.865910
                2             6               4            6                0.830132
                2             6               6            7                1.530634
                3             6               6            7               -0.280516
                3             6              11            1                0.963122
                3             6              12            1                0.959505
                4             6               5            7                0.975775
                4             6               6            7               -0.249436
                4             6              13            1                1.018861
                4             6              14            1                0.979733
                5             7               6            7                1.205828
                5             7              15            1                0.906876
                6             7              16            1                0.897156
# -----------------------------------------------------------
$ VdW_Correction
   description: The Van der Waals Correction
   geom. index: 1
   prop. index: 1
        Van der Waals Correction:       -0.0268719408
# -----------------------------------------------------------
$ Hessian
   description: Details about the Hessian
   geom. index: 1
   prop. index: 1
Normal modes:
Number of Rows: 51 Number of Columns: 51
                  0          1          2          3          4          5    
      0       0.000000   0.000000   0.000000   0.000000   0.000000   0.000000
      1       0.000000   0.000000   0.000000   0.000000   0.000000   0.000000
      2       0.000000   0.000000   0.000000   0.000000   0.000000   0.000000
      3       0.000000   0.000000   0.000000   0.000000   0.000000   0.000000
      4       0.000000   0.000000   0.000000   0.000000   0.000000   0.000000
      5       0.000000   0.000000   0.000000   0.000000   0.000000   0.000000
      6       0.000000   0.000000   0.000000   0.000000   0.000000   0.000000
      7       0.000000   0.000000   0.000000   0.000000   0.000000   0.000000
      8       0.000000   0.000000   0.000000   0.000000   0.000000   0.000000
      9       0.000000   0.000000   0.000000   0.000000   0.000000   0.000000
     10       0.000000   0.000000   0.000000   0.000000   0.000000   0.000000
     11       0.000000   0.000000   0.000000   0.000000   0.000000   0.000000
     12       0.000000   0.000000   0.000000   0.000000   0.000000   0.000000
     13       0.000000   0.000000   0.000000   0.000000   0.000000   0.000000
     14       0.000000   0.000000   0.000000   0.000000   0.000000   0.000000
     15       0.000000   0.000000   0.000000   0.000000   0.000000   0.000000
     16       0.000000   0.000000   0.000000   0.000000   0.000000   0.000000
     17       0.000000   0.000000   0.000000   0.000000   0.000000   0.000000
     18       0.000000   0.000000   0.000000   0.000000   0.000000   0.000000
     19       0.000000   0.000000   0.000000   0.000000   0.000000   0.000000
     20       0.000000   0.000000   0.000000   0.000000   0.000000   0.000000
     21       0.000000   0.000000   0.000000   0.000000   0.000000   0.000000
     22       0.000000   0.000000   0.000000   0.000000   0.000000   0.000000
     23       0.000000   0.000000   0.000000   0.000000   0.000000   0.000000
     24       0.000000   0.000000   0.000000   0.000000   0.000000   0.000000
     25       0.000000   0.000000   0.000000   0.000000   0.000000   0.000000
     26       0.000000   0.000000   0.000000   0.000000   0.000000   0.000000
     27       0.000000   0.000000   0.000000   0.000000   0.000000   0.000000
     28       0.000000   0.000000   0.000000   0.000000   0.000000   0.000000
     29       0.000000   0.000000   0.000000   0.000000   0.000000   0.000000
     30       0.000000   0.000000   0.000000   0.000000   0.000000   0.000000
     31       0.000000   0.000000   0.000000   0.000000   0.000000   0.000000
     32       0.000000   0.000000   0.000000   0.000000   0.000000   0.000000
     33       0.000000   0.000000   0.000000   0.000000   0.000000   0.000000
     34       0.000000   0.000000   0.000000   0.000000   0.000000   0.000000
     35       0.000000   0.000000   0.000000   0.000000   0.000000   0.000000
     36       0.000000   0.000000   0.000000   0.000000   0.000000   0.000000
     37       0.000000   0.000000   0.000000   0.000000   0.000000   0.000000
     38       0.000000   0.000000   0.000000   0.000000   0.000000   0.000000
     39       0.000000   0.000000   0.000000   0.000000   0.000000   0.000000
     40       0.000000   0.000000   0.000000   0.000000   0.000000   0.000000
     41       0.000000   0.000000   0.000000   0.000000   0.000000   0.000000
     42       0.000000   0.000000   0.000000   0.000000   0.000000   0.000000
     43       0.000000   0.000000   0.000000   0.000000   0.000000   0.000000
     44       0.000000   0.000000   0.000000   0.000000   0.000000   0.000000
     45       0.000000   0.000000   0.000000   0.000000   0.000000   0.000000
     46       0.000000   0.000000   0.000000   0.000000   0.000000   0.000000
     47       0.000000   0.000000   0.000000   0.000000   0.000000   0.000000
     48       0.000000   0.000000   0.000000   0.000000   0.000000   0.000000
     49       0.000000   0.000000   0.000000   0.000000   0.000000   0.000000
     50       0.000000   0.000000   0.000000   0.000000   0.000000   0.000000
                  6          7          8          9         10         11    
      0       0.002106   0.026326  -0.003077  -0.009009  -0.010460   0.285881
      1      -0.019559  -0.162625   0.006658   0.024781   0.037853   0.035896
      2       0.132949   0.129062   0.009535  -0.001058   0.042431  -0.021126
      3       0.075389  -0.046396   0.037101   0.017854   0.129357   0.227955
      4       0.025798   0.066378  -0.120260   0.045779  -0.062937   0.073965
      5      -0.047534  -0.061720   0.111877  -0.081911  -0.094897   0.020805
      6      -0.010603  -0.014680  -0.005226   0.022228  -0.007931  -0.023709
      7      -0.039246   0.091359  -0.003915  -0.149910  -0.095266  -0.017011
      8      -0.116220  -0.036268  -0.035512   0.098866  -0.151896  -0.011345
      9      -0.102656   0.023584  -0.037448  -0.053148  -0.138311   0.186798
     10       0.013696   0.073628   0.080028   0.060408  -0.129764  -0.050551
     11      -0.032833  -0.074739  -0.103499  -0.098598  -0.022109  -0.092273
     12      -0.052327  -0.078543  -0.016548   0.145587  -0.026359  -0.193278
     13      -0.068244   0.016386   0.151592  -0.001023   0.072281  -0.049982
     14      -0.055604   0.029982   0.119543   0.063930   0.031807   0.073101
     15       0.029301   0.009717   0.006879  -0.010115   0.018784  -0.252566
     16       0.166999  -0.126604  -0.021322   0.044974  -0.007667  -0.016996
     17       0.214001  -0.021220  -0.004290  -0.036568  -0.001404   0.042367
     18       0.049274   0.077842   0.017387  -0.103705   0.044460  -0.210697
     19      -0.093467   0.060742  -0.094169  -0.075722   0.150065   0.016835
     20      -0.108128   0.025453  -0.111355   0.084240   0.119866  -0.019049
     21       0.135728   0.300764  -0.027898   0.170555  -0.057995   0.292286
     22      -0.029260  -0.270487  -0.057919  -0.028982   0.136937   0.043811
     23       0.217602   0.219907  -0.069028   0.075060   0.102334  -0.011319
     24      -0.114250  -0.208254   0.016848  -0.163863   0.029760   0.282277
     25      -0.051407  -0.314887   0.111005  -0.041459   0.108876   0.045905
     26       0.237869   0.261717   0.080919   0.118605   0.060797  -0.005103
     27       0.049674  -0.194981   0.025512   0.146726   0.194985   0.278098
     28       0.006728   0.008988  -0.065288  -0.000719  -0.055933   0.066524
     29      -0.117842  -0.230888   0.363556  -0.365957  -0.101025  -0.020085
     30       0.186287   0.038817   0.109664  -0.109503   0.242816   0.278594
     31       0.111305   0.255070  -0.363128   0.309106  -0.049820   0.078802
     32      -0.043024  -0.036994   0.064037  -0.025788  -0.103599   0.011834
     33      -0.221337  -0.091691  -0.048038   0.042006  -0.289799   0.222940
     34       0.079309   0.242123   0.241656   0.379028  -0.294456   0.001129
     35      -0.011596  -0.036782  -0.076113  -0.056600  -0.036141  -0.082169
     36      -0.082958   0.151169  -0.065864  -0.224491  -0.171663   0.198364
     37      -0.005776   0.041316   0.037769  -0.028012  -0.097829  -0.045382
     38      -0.119850  -0.263667  -0.263874  -0.387532   0.125727  -0.095742
     39       0.007855  -0.158076   0.061705   0.287508   0.143781  -0.221038
     40      -0.029146  -0.007524   0.120585   0.007065   0.057972  -0.047818
     41      -0.261941   0.121605   0.385206   0.129829   0.281642   0.061942
     42      -0.203957  -0.069478  -0.113512   0.171486  -0.211023  -0.227568
     43      -0.286175   0.092673   0.412717   0.099565   0.328879  -0.048728
     44       0.031502   0.006743   0.057913   0.029643  -0.011851   0.076717
     45       0.322467  -0.098784  -0.005702  -0.037808  -0.136908  -0.209610
     46       0.279126  -0.193040  -0.134725   0.055428  -0.059497   0.000938
     47       0.294684  -0.029656   0.084224  -0.063526  -0.052954   0.059783
     48      -0.121707   0.182755   0.010336  -0.172717   0.017134  -0.219902
     49      -0.053212   0.046655  -0.057463  -0.085865   0.065147  -0.001411
     50      -0.277751   0.092240  -0.234585   0.107502   0.408503   0.047581
                 12         13         14         15         16         17    
      0      -0.200961   0.007295  -0.009824  -0.076023   0.011095   0.000125
      1      -0.003198   0.043410   0.002098  -0.007587  -0.043915   0.017567
      2       0.007093  -0.046388  -0.010679  -0.004339   0.032426   0.008207
      3       0.108741  -0.011572   0.014773   0.081078   0.000351   0.034843
      4      -0.199485   0.036177  -0.066323  -0.049705   0.041801  -0.079423
      5      -0.227039  -0.012211   0.070061  -0.064880  -0.077144  -0.044914
      6       0.140046  -0.005903   0.000868  -0.060974  -0.001209  -0.002257
      7       0.019627  -0.000258  -0.009631  -0.022633   0.094445   0.077340
      8      -0.002734   0.000276   0.001934   0.010331  -0.081466   0.084831
      9       0.078471  -0.008394   0.002439   0.102126  -0.014199  -0.034576
     10       0.191834  -0.001831   0.082373   0.081911   0.083404  -0.079119
     11       0.175915  -0.027117  -0.048861   0.092055  -0.061415  -0.069369
     12       0.026908   0.006638  -0.009449  -0.180352   0.069429  -0.013328
     13      -0.071969  -0.001739  -0.005318   0.109315  -0.054827   0.102219
     14       0.114016   0.001789  -0.014604  -0.162418   0.075051   0.063487
     15      -0.140326   0.005548   0.000764   0.171836  -0.019633   0.030680
     16      -0.026567  -0.000416  -0.000597   0.052333   0.027165   0.009092
     17       0.025788   0.000167   0.003718  -0.046963  -0.029006  -0.019200
     18      -0.033079  -0.001787  -0.002425  -0.053982  -0.045431  -0.001069
     19       0.099844  -0.010786  -0.005349  -0.162951  -0.109042  -0.008713
     20      -0.108833   0.014141  -0.006114   0.185508   0.127413   0.022552
     21      -0.041295   0.509022   0.056190  -0.017851  -0.187370   0.019392
     22      -0.024483  -0.115446  -0.241125  -0.000944  -0.006952   0.032087
     23       0.098370   0.161178  -0.194213   0.040988  -0.074336   0.035835
     24      -0.295008  -0.425076  -0.063913  -0.089048   0.182537  -0.022764
     25      -0.070342  -0.228235   0.176302  -0.070161   0.085011   0.159070
     26       0.057776   0.211275   0.210770  -0.043629  -0.050104   0.163247
     27       0.299815   0.130034  -0.021167   0.286486  -0.306966   0.058138
     28      -0.153480   0.126699  -0.173431  -0.021026   0.072398  -0.100867
     29      -0.118258   0.314134  -0.393651  -0.049869   0.229181  -0.140105
     30       0.201207  -0.126396  -0.006451   0.171061   0.362905   0.105930
     31      -0.292527  -0.311595   0.394525  -0.092894  -0.205731   0.018459
     32      -0.253562  -0.060330   0.149756  -0.080253  -0.154737  -0.037710
     33       0.234990   0.122232   0.117917   0.315325  -0.302694   0.009891
     34       0.209550  -0.253660  -0.390136   0.221077  -0.292621  -0.085771
     35       0.165842  -0.079195  -0.132498   0.096526  -0.094364  -0.077543
     36       0.128417  -0.132056  -0.025079   0.243929   0.272324  -0.195057
     37       0.193748   0.051374   0.195537   0.075831   0.191542  -0.094975
     38       0.154303   0.250596   0.437364  -0.002359   0.256107  -0.045251
     39      -0.022636   0.007896   0.047233  -0.304811   0.126827  -0.453010
     40      -0.068733  -0.001083  -0.010533   0.084449  -0.040157   0.120502
     41       0.031149  -0.002788   0.068773  -0.057937   0.015547  -0.422687
     42       0.110650   0.012605  -0.077602  -0.419975   0.196506   0.324298
     43      -0.146817  -0.004440   0.080225   0.203301  -0.079367  -0.407367
     44       0.127421   0.001684  -0.028926  -0.161316   0.062821   0.155318
     45      -0.054127  -0.000337   0.006057  -0.053540  -0.090007  -0.136485
     46       0.011804  -0.000442   0.001253  -0.059216   0.025110  -0.160331
     47       0.060105  -0.004022   0.004410  -0.114641  -0.075027   0.017384
     48       0.022039  -0.007962   0.004095  -0.170835  -0.130039   0.059243
     49       0.076007  -0.010229   0.011900  -0.129510  -0.052176   0.054174
     50       0.029486   0.005394  -0.062863  -0.012605  -0.141452  -0.198402
                 18         19         20         21         22         23    
      0       0.237563   0.026356   0.106414  -0.017777   0.005268   0.003387
      1       0.002321   0.164683   0.005714  -0.010425   0.004516   0.011142
      2      -0.042694   0.153847  -0.010343  -0.000097   0.015083  -0.010240
      3      -0.066311  -0.146148  -0.006617   0.010454  -0.021847  -0.004556
      4      -0.099572  -0.102958  -0.071408   0.019820   0.039330   0.009886
      5      -0.070309  -0.076782  -0.070951  -0.009486  -0.006318  -0.013943
      6       0.078956   0.008648  -0.064224   0.013941  -0.014635   0.003159
      7      -0.002876  -0.018119   0.026837   0.016518  -0.062872   0.009807
      8      -0.005967  -0.025379   0.038254   0.017862  -0.053060  -0.009900
      9      -0.101772   0.130303  -0.037438  -0.005758   0.019684   0.000250
     10       0.104408  -0.047085   0.046051  -0.018383   0.027938  -0.043860
     11       0.125339  -0.075283   0.043737  -0.010827   0.024232   0.046987
     12      -0.060399  -0.007873   0.076072  -0.024257   0.026899  -0.016936
     13      -0.030341  -0.032889   0.169396  -0.035196   0.080340  -0.044315
     14       0.034973  -0.012215  -0.183117   0.030532  -0.001840  -0.008476
     15       0.075487   0.010105  -0.209830   0.039371   0.027299  -0.055475
     16       0.038977   0.004046  -0.124241   0.007645  -0.030328   0.031396
     17      -0.031059  -0.004232   0.085466  -0.031903   0.033633  -0.025987
     18      -0.043655  -0.010457   0.068215  -0.032656  -0.034337   0.072610
     19       0.002287  -0.009042  -0.070648  -0.000704  -0.011326   0.001805
     20      -0.005904  -0.001983   0.078871  -0.027055  -0.055525   0.053438
     21       0.266866   0.011123   0.121029  -0.033896  -0.012814   0.044682
     22      -0.032983   0.371522   0.021975  -0.081905  -0.139780  -0.149710
     23      -0.067557   0.337091   0.007183  -0.077618  -0.135454  -0.133377
     24       0.236212   0.033549   0.127840  -0.009904   0.029572  -0.036068
     25      -0.042345   0.363305   0.039876   0.081554   0.103716   0.143632
     26      -0.067410   0.327978   0.005078   0.072901   0.078324   0.155314
     27      -0.301024  -0.316983  -0.046179  -0.162041  -0.341509  -0.348962
     28      -0.141380  -0.119865  -0.085334   0.013827   0.024753  -0.021911
     29      -0.102732  -0.043499  -0.086151   0.054963   0.097074   0.049317
     30      -0.355790  -0.309895   0.001902   0.216400   0.220184   0.328427
     31      -0.118158  -0.115067  -0.114837  -0.004732  -0.019308   0.006307
     32      -0.051344  -0.066801  -0.085194  -0.032252  -0.038540  -0.044399
     33      -0.354374   0.202894  -0.088216   0.117842   0.260861   0.438557
     34       0.132785  -0.049460   0.057378  -0.015243   0.042036   0.175036
     35       0.160481  -0.084563   0.054314  -0.023346   0.004060   0.039467
     36      -0.408315   0.260571  -0.084077  -0.176380  -0.108487  -0.419950
     37       0.075589  -0.024994   0.054388  -0.035749   0.027791  -0.117745
     38       0.117733  -0.034836   0.079013   0.001224   0.069550  -0.079054
     39      -0.189889   0.045574   0.042993  -0.449712   0.141763   0.160590
     40      -0.045024  -0.045288   0.162495  -0.125071   0.137594  -0.029620
     41       0.043663   0.106941  -0.160462   0.244673  -0.293519   0.069303
     42      -0.178613  -0.077573   0.323583   0.194031  -0.047792  -0.098654
     43      -0.023411   0.089400   0.237817   0.145492  -0.240406   0.082681
     44       0.045557  -0.038778  -0.232419  -0.059463   0.106560  -0.032094
     45      -0.107695   0.053326   0.520764   0.499946  -0.155040  -0.139024
     46      -0.060898   0.053801   0.298454   0.349888  -0.239181   0.021220
     47      -0.070155  -0.021320   0.211337  -0.037571   0.105014  -0.072110
     48      -0.098738  -0.032189   0.163989  -0.010826  -0.072066   0.007400
     49      -0.007042  -0.020581  -0.068241  -0.094859  -0.181911   0.112011
     50       0.012757   0.030868   0.097368   0.342300   0.572145  -0.386598
                 24         25         26         27         28         29    
      0      -0.009440  -0.029464   0.078872  -0.019748  -0.017400   0.010711
      1       0.030302   0.109097   0.012732  -0.000194   0.031588  -0.003851
      2       0.001032  -0.102862  -0.034092  -0.060355   0.039708  -0.006503
      3      -0.007664   0.024364  -0.103147  -0.002384  -0.100284   0.028013
      4      -0.003915  -0.054205  -0.051714  -0.020124   0.013515   0.037855
      5       0.064188   0.082850  -0.015654   0.000126  -0.012373  -0.044059
      6       0.003948   0.009673  -0.155558   0.023680   0.033604  -0.013080
      7      -0.087321   0.056841   0.024610   0.090229  -0.017230   0.004277
      8      -0.091101  -0.129575   0.056541   0.076502  -0.020555  -0.001194
      9       0.019848   0.017172  -0.055941   0.039191   0.142097  -0.056500
     10       0.021062  -0.055089   0.002457  -0.030135  -0.010845  -0.041109
     11       0.030300   0.072263   0.027446  -0.003708   0.006879   0.048264
     12      -0.065361   0.017192  -0.054353   0.008271  -0.002536   0.005117
     13       0.025685  -0.002761  -0.058382  -0.002809  -0.000653   0.004728
     14       0.141560   0.010110   0.033192   0.002574  -0.026178   0.014446
     15      -0.161293   0.011105   0.037991   0.004375  -0.023053   0.015513
     16       0.124040  -0.018961   0.055089  -0.023798   0.021675  -0.020684
     17      -0.202696   0.037789  -0.019507  -0.041782   0.021426  -0.007932
     18       0.219707  -0.034003   0.043803  -0.038358   0.022381  -0.021056
     19      -0.097113  -0.024756  -0.001948  -0.015647  -0.019812   0.013660
     20       0.053590   0.028423  -0.050229  -0.002213  -0.000536   0.004711
     21       0.050104   0.315009   0.177890   0.071846  -0.029617   0.022864
     22      -0.030042  -0.030279   0.032765   0.102039  -0.324913  -0.397898
     23      -0.013846   0.006308   0.042763   0.101986  -0.304093  -0.371798
     24      -0.055459  -0.334694   0.069216  -0.117620  -0.013718   0.004677
     25      -0.094019  -0.116883   0.066428   0.102450   0.130525   0.414245
     26      -0.059095   0.039504   0.038023   0.142935   0.123458   0.381678
     27       0.071877  -0.342974   0.408788  -0.049763   0.414428   0.098979
     28      -0.019653  -0.154604  -0.018278  -0.033099   0.095194   0.069468
     29      -0.062607  -0.168145  -0.127081  -0.028194   0.040490   0.055998
     30      -0.301409   0.136097   0.527214   0.261719   0.140393  -0.307712
     31       0.098500   0.234263  -0.011936   0.052418   0.006252  -0.116801
     32       0.111434   0.121338  -0.072323  -0.008820  -0.034854  -0.042487
     33      -0.044036  -0.272382   0.114258  -0.366290  -0.533691   0.000038
     34       0.036812   0.169878   0.091886  -0.019530  -0.018247   0.080775
     35       0.041422   0.135297   0.030972   0.036519   0.072448   0.063951
     36       0.191347   0.312802   0.285343  -0.111101  -0.356254   0.421157
     37       0.028420  -0.098531   0.044622  -0.062014  -0.076198  -0.032384
     38      -0.012043  -0.236774   0.027294  -0.068927  -0.040541  -0.116783
     39      -0.156785  -0.053656   0.342913   0.351099  -0.129224   0.058909
     40       0.075850  -0.018848  -0.024517   0.058184  -0.024233   0.013691
     41      -0.269922   0.035709   0.096918  -0.074455   0.033872  -0.012828
     42      -0.175736   0.341239   0.321386  -0.604568   0.120051  -0.071364
     43      -0.342092   0.029499   0.000729  -0.125833   0.098491  -0.047526
     44       0.264582  -0.055692  -0.043288   0.153592  -0.081779   0.044594
     45       0.211229  -0.077190  -0.079660   0.292239  -0.194870   0.124430
     46       0.234236  -0.012914  -0.023768   0.069164  -0.067077   0.050137
     47      -0.060179  -0.021693  -0.036590   0.063872  -0.010342   0.000277
     48       0.096250  -0.170035   0.153113   0.160679  -0.069261   0.031759
     49      -0.193138  -0.036141  -0.058730  -0.036155  -0.040805   0.041250
     50       0.392765   0.024981   0.208855   0.112442   0.060224  -0.088381
                 30         31         32         33         34         35    
      0       0.029402  -0.002765   0.022779   0.018962  -0.000028   0.014608
      1       0.084940   0.082783  -0.093991   0.033282  -0.007236  -0.004743
      2       0.072138   0.012823  -0.103464   0.043806  -0.003833  -0.007256
      3      -0.101418   0.010857  -0.094152  -0.044832   0.070278  -0.026649
      4      -0.021884   0.005489   0.027952  -0.038090   0.010375   0.020960
      5       0.013620  -0.034222   0.035226   0.003962   0.014641   0.022624
      6      -0.014496  -0.000588   0.037868   0.080303  -0.248493   0.083359
      7      -0.053677  -0.121212  -0.085369   0.175173   0.012567  -0.036152
      8      -0.087100   0.154809  -0.048167  -0.027454  -0.061450  -0.043374
      9      -0.005827  -0.025253  -0.020802  -0.104151   0.089900  -0.012025
     10       0.005008   0.002921   0.033429  -0.051146   0.000710  -0.001044
     11       0.004027  -0.023522   0.031561  -0.008073   0.011572   0.003371
     12       0.042267   0.033860   0.083111   0.127023   0.156456  -0.037930
     13       0.037697   0.005144   0.026420  -0.027944  -0.022764  -0.017152
     14       0.051008  -0.044645  -0.007828  -0.050333   0.003146  -0.012011
     15       0.036374  -0.026084  -0.021891  -0.051305   0.012693  -0.013488
     16      -0.080649   0.037201  -0.015032   0.039649   0.034182   0.060496
     17      -0.023530   0.001325   0.010950   0.025325  -0.004819  -0.026493
     18      -0.065763   0.048218   0.008105  -0.006751  -0.014472  -0.070114
     19       0.053029   0.027155   0.022610  -0.069628   0.008819  -0.006560
     20       0.036869  -0.031848   0.012428   0.002069  -0.001514   0.037909
     21       0.055956   0.107008   0.031579   0.007089  -0.012983  -0.122242
     22      -0.203478  -0.182854   0.349367  -0.132493   0.014769   0.064257
     23      -0.185658  -0.164410   0.320425  -0.121978   0.007697  -0.033714
     24       0.047508  -0.067559  -0.000675   0.042585  -0.011497  -0.107781
     25      -0.317345  -0.181338   0.363529  -0.141360   0.016179  -0.045830
     26      -0.310055  -0.152216   0.341000  -0.139591   0.032497   0.092408
     27       0.245611  -0.398326   0.179432   0.313667  -0.077574  -0.004946
     28       0.011608  -0.033832   0.083713   0.000168  -0.093001   0.004193
     29      -0.033267   0.052355   0.096294  -0.056659  -0.309993  -0.057005
     30       0.283924   0.335338   0.281832  -0.008515  -0.184611   0.044524
     31       0.062006  -0.068588   0.127234   0.067814  -0.299754  -0.068452
     32      -0.006651  -0.075326   0.025522   0.021224  -0.026913   0.000974
     33       0.166002  -0.262897   0.030297   0.387074  -0.099390   0.036819
     34       0.040668  -0.111832   0.045693  -0.041594   0.271604   0.017136
     35      -0.006647  -0.016859   0.031132  -0.065215   0.081460   0.000842
     36       0.029579   0.424831   0.160348   0.088833  -0.231878   0.033327
     37       0.012638   0.042874   0.053346  -0.071748   0.029856   0.000945
     38       0.014931  -0.026351   0.033251  -0.144662   0.219857  -0.001384
     39      -0.040320  -0.355367  -0.451859  -0.293187  -0.306176  -0.000789
     40       0.049442  -0.065834  -0.052329  -0.118284  -0.148925  -0.007789
     41      -0.113306   0.080376   0.029838   0.180948   0.326094  -0.042177
     42      -0.185704  -0.244002  -0.183494  -0.416348  -0.179818   0.171322
     43      -0.212866   0.061162  -0.028640   0.063333  -0.216763   0.113942
     44       0.173394  -0.016735   0.052676   0.018183   0.128292  -0.094384
     45       0.414589  -0.159731  -0.054139  -0.270285  -0.027131   0.174644
     46       0.159674  -0.103506  -0.013258  -0.138485  -0.122587  -0.400750
     47       0.012693   0.035019  -0.005064   0.047675   0.095342   0.455471
     48      -0.012135   0.121165  -0.144979   0.034690   0.344175   0.682293
     49       0.160833   0.045874   0.057032  -0.158364   0.026734   0.027211
     50      -0.370563  -0.069134  -0.145686   0.333320  -0.038276  -0.043001
                 36         37         38         39         40         41    
      0       0.052016   0.031362   0.038706   0.071021   0.006478  -0.005208
      1       0.005160   0.008358   0.003005   0.007049   0.003121  -0.000668
      2      -0.002616  -0.000249  -0.001013  -0.005830   0.002779   0.000525
      3      -0.020450   0.003602   0.001650   0.019150   0.009718  -0.000046
      4       0.052239  -0.029807  -0.016408  -0.041175  -0.008141  -0.004080
      5       0.049343  -0.028336  -0.017580  -0.038355  -0.005061  -0.005432
      6       0.043159   0.016814   0.006584  -0.092356  -0.041809  -0.003325
      7       0.003524   0.009307  -0.005178  -0.001523   0.026489   0.000700
      8       0.011798   0.011162   0.008269  -0.008733   0.021480  -0.000376
      9      -0.013688  -0.010985  -0.000155   0.018533   0.002326  -0.000395
     10      -0.007965  -0.063095   0.022716   0.044438   0.001360   0.008576
     11      -0.009272  -0.055554   0.016969   0.042701  -0.000384   0.004807
     12      -0.013342  -0.004154  -0.029195   0.041902   0.018982   0.019003
     13       0.007808   0.000099   0.050101  -0.032417  -0.043905  -0.047144
     14       0.003711  -0.002964  -0.066270   0.045140   0.006201   0.039576
     15      -0.001411  -0.002467  -0.006923   0.012920  -0.004040  -0.001287
     16      -0.019434  -0.000213   0.005571  -0.001405   0.009919  -0.000165
     17       0.008642   0.002326  -0.012900   0.009374  -0.053006   0.000886
     18       0.014516   0.004525   0.010080  -0.004583   0.036978   0.000077
     19      -0.001732  -0.003109   0.003122   0.001415   0.033763   0.000708
     20      -0.006742  -0.002807   0.008410  -0.010056   0.009018  -0.000752
     21      -0.374080  -0.223594  -0.224395  -0.367031  -0.023540   0.028339
     22       0.147235   0.058510   0.088806   0.154648  -0.000064   0.038345
     23      -0.157874  -0.126231  -0.100926  -0.169780  -0.022094  -0.040503
     24      -0.307900  -0.192550  -0.179567  -0.305896  -0.016529   0.035933
     25      -0.200051  -0.151375  -0.127260  -0.217866  -0.017572  -0.028867
     26       0.215828   0.106728   0.128283   0.220731   0.010693   0.031867
     27       0.016421   0.013040   0.002803   0.004764   0.019237  -0.006938
     28      -0.074160   0.045903   0.022229   0.027351  -0.005366   0.059163
     29      -0.507819   0.278223   0.147326   0.279145  -0.010475  -0.015597
     30       0.097950  -0.019000  -0.014578  -0.052236  -0.010437   0.009416
     31      -0.512464   0.285689   0.139746   0.290462  -0.013936  -0.015428
     32      -0.065288   0.033618   0.009776   0.026630  -0.006192   0.075210
     33       0.012092  -0.061274   0.016606   0.034403  -0.002488  -0.007470
     34       0.034624   0.581365  -0.184515  -0.305773  -0.006108   0.015787
     35      -0.006732   0.057228  -0.017977  -0.013415  -0.000090  -0.081710
     36       0.045934   0.070497  -0.016177  -0.052664  -0.007685   0.014373
     37       0.009409   0.105902  -0.025180  -0.048812  -0.003295  -0.112728
     38       0.043305   0.567608  -0.174262  -0.307122  -0.014129   0.030467
     39       0.021830   0.006775   0.100889  -0.081105  -0.021382  -0.093002
     40       0.026817   0.000719  -0.047202   0.012252  -0.036242   0.739834
     41      -0.069318  -0.003351   0.605941  -0.315936  -0.103380   0.125909
     42      -0.028616  -0.011670   0.119056  -0.081207  -0.014800  -0.097498
     43       0.033162   0.011624  -0.561639   0.289731   0.163928  -0.186693
     44      -0.000113  -0.006141   0.099017  -0.034225  -0.050447  -0.584232
     45      -0.044911  -0.016188   0.051072  -0.049207   0.293647   0.014357
     46       0.115189   0.013443  -0.075385   0.076897  -0.455931  -0.011658
     47      -0.124601  -0.016524   0.089993  -0.095083   0.511977  -0.010797
     48      -0.189145  -0.031206  -0.109175   0.140254  -0.622431  -0.000201
     49      -0.009703  -0.010283   0.003348   0.002511   0.018727   0.002487
     50       0.015113   0.020418  -0.014303   0.002390  -0.002690   0.001633
                 42         43         44         45         46         47    
      0      -0.056002   0.003651  -0.035087   0.010069  -0.000620   0.000288
      1      -0.006312   0.002003  -0.002641  -0.053724   0.002534  -0.001329
      2       0.005481  -0.000076   0.002187   0.057950  -0.002909   0.001404
      3       0.001941   0.001745  -0.001509  -0.005458  -0.001009   0.008795
      4      -0.016887  -0.033412   0.028723   0.029197   0.006861  -0.046742
      5      -0.016608  -0.032747   0.027940  -0.030031  -0.005662   0.048839
      6      -0.000395  -0.000130   0.003765   0.000136   0.000114  -0.000057
      7      -0.000220   0.000972   0.000691   0.000583   0.001287   0.000471
      8       0.000092   0.001072  -0.000334  -0.000579   0.000740   0.000182
      9       0.000872   0.000178   0.000164  -0.004662   0.001137  -0.008189
     10       0.015386  -0.036863  -0.034116   0.023990  -0.006894   0.043314
     11       0.011432  -0.027886  -0.026499  -0.030450   0.009191  -0.052014
     12      -0.003219   0.000759   0.002419   0.000143   0.004181   0.000601
     13       0.007510  -0.000257  -0.005373   0.003285   0.068824   0.010945
     14      -0.006031   0.002927   0.003888   0.002324   0.067827   0.010519
     15       0.000113  -0.000012  -0.000107   0.000174   0.001289   0.000288
     16       0.000001   0.000132  -0.000025  -0.000434  -0.004086  -0.000802
     17      -0.000152   0.000116   0.000156   0.000046  -0.003104  -0.000506
     18      -0.000179  -0.000036   0.000181  -0.000142  -0.000225  -0.000041
     19       0.000030   0.000071  -0.000316  -0.000267   0.000697   0.000730
     20       0.000082   0.000026   0.000092   0.000187   0.000547   0.000060
     21       0.275202  -0.021272   0.152046   0.256269  -0.011768   0.005255
     22       0.382068  -0.030403   0.211742   0.344501  -0.016396   0.009937
     23      -0.403980   0.030247  -0.223660  -0.363930   0.016411  -0.005579
     24       0.381332  -0.020830   0.226963  -0.376971   0.019413  -0.009481
     25      -0.308246   0.016190  -0.183335   0.295889  -0.015456   0.005153
     26       0.339287  -0.019364   0.201525  -0.325624   0.016306  -0.010468
     27      -0.034485  -0.063128   0.051948   0.039922   0.010605  -0.061652
     28       0.254236   0.479697  -0.397689  -0.295476  -0.078150   0.477646
     29      -0.060557  -0.116441   0.095063   0.066607   0.016691  -0.106709
     30       0.022228   0.045405  -0.037277   0.024497   0.007526  -0.042636
     31      -0.048627  -0.093955   0.075735  -0.050683  -0.009912   0.081906
     32       0.260352   0.494534  -0.407402   0.290407   0.050358  -0.480322
     33      -0.020579   0.045352   0.041088   0.031208  -0.009801   0.050762
     34       0.033398  -0.079508  -0.070671  -0.047960   0.014795  -0.080889
     35      -0.194892   0.450452   0.409539   0.301614  -0.097803   0.515453
     36       0.021268  -0.052758  -0.047249   0.022977  -0.009190   0.045358
     37      -0.218982   0.506319   0.454508  -0.238767   0.065768  -0.442768
     38       0.055259  -0.130184  -0.115102   0.058906  -0.017351   0.107747
     39       0.016381  -0.002766  -0.013521   0.005124   0.083850   0.014639
     40      -0.118690   0.013835   0.085354  -0.033266  -0.602911  -0.094852
     41      -0.019117   0.002322   0.012986  -0.004533  -0.093753  -0.014358
     42       0.016676  -0.005014  -0.012917  -0.003262  -0.127170  -0.020882
     43       0.028148  -0.011677  -0.018354  -0.007441  -0.215192  -0.032009
     44       0.091508  -0.037735  -0.062372  -0.022441  -0.720567  -0.108701
     45      -0.002071  -0.000620   0.001192  -0.001560  -0.023737  -0.005179
     46       0.002258   0.000534  -0.001538   0.001987   0.041592   0.008509
     47       0.002004   0.000527  -0.001423   0.003014   0.041580   0.007076
     48       0.001798   0.002373  -0.002891  -0.001362   0.000173   0.003241
     49       0.000239   0.001126   0.000522   0.001278  -0.002253  -0.010980
     50      -0.001759  -0.000592   0.001814   0.002106  -0.000744  -0.004335
                 48         49         50    
      0      -0.007095  -0.000030   0.000109
      1       0.038399  -0.000111   0.000056
      2      -0.041258  -0.000041  -0.000003
      3      -0.007100  -0.000076   0.000093
      4       0.037987   0.000035  -0.000033
      5      -0.039854  -0.000447   0.000627
      6       0.000064  -0.001156   0.000023
      7       0.000849  -0.000291  -0.000682
      8      -0.001021   0.001993  -0.002899
      9      -0.006768  -0.000182   0.000412
     10       0.036835  -0.000266   0.000105
     11      -0.043076   0.000164   0.000118
     12      -0.000012  -0.001521  -0.001238
     13       0.000276  -0.006318  -0.003925
     14      -0.001113  -0.002288  -0.002363
     15       0.000113   0.026797   0.020314
     16      -0.000196  -0.031710  -0.021766
     17       0.000072  -0.041009  -0.030231
     18      -0.000262  -0.001173   0.000164
     19      -0.000424   0.041075  -0.057326
     20       0.000159   0.009615  -0.011486
     21      -0.186875   0.000105  -0.000104
     22      -0.247845  -0.000405   0.000526
     23       0.262348  -0.000282   0.000351
     24       0.270236   0.000228  -0.000740
     25      -0.210452   0.000035   0.000393
     26       0.231506   0.000116  -0.000167
     27       0.049003   0.002123  -0.003523
     28      -0.386949  -0.004736   0.006475
     29       0.085668  -0.000601   0.001331
     30       0.035685   0.000346  -0.000823
     31      -0.065930  -0.001364   0.001974
     32       0.390654   0.003941  -0.005501
     33       0.040786  -0.000618   0.000418
     34      -0.065374   0.000680  -0.000103
     35       0.423327  -0.003754   0.001315
     36       0.039591   0.000595  -0.000631
     37      -0.375988   0.004194  -0.002421
     38       0.090876  -0.000764   0.000340
     39       0.002493  -0.007399  -0.005374
     40      -0.007577   0.044770   0.026642
     41      -0.000397   0.009030   0.006439
     42       0.004046   0.007541   0.005378
     43       0.003204   0.010500   0.006306
     44       0.013783   0.026771   0.016093
     45      -0.000921  -0.342465  -0.252311
     46       0.000577   0.463800   0.331388
     47       0.001706   0.562515   0.409788
     48      -0.002799   0.018809  -0.019696
     49       0.002439  -0.564772   0.781227
     50       0.002545  -0.153362   0.203549
# -----------------------------------------------------------
$ THERMOCHEMISTRY_Energies
   description: The Thermochemistry energies
   geom. index: 1
   prop. index: 1
        Temperature (Kelvin)           :        298.1500000000
        Pressure (atm)                 :          1.0000000000
        Total Mass (AMU)               :         98.1490000000
        Spin Degeneracy                :          1.0000000000
        Electronic Energy (Hartree)    :       -306.1131924028
        Translational Energy (Hartree) :          0.0014162714
        Rotational Energy (Hartree)    :          0.0014162714
        Vibrational Energy (Hartree)   :          0.0017775465
        Number of frequencies          :     51      
        Scaling Factor for frequencies :          1.0000000000
        Vibrational frequencies        :     
                  0    
      0       0.000000
      1       0.000000
      2       0.000000
      3       0.000000
      4       0.000000
      5       0.000000
      6     -97.585144
      7     -45.348492
      8     328.817376
      9     403.440531
     10     451.950467
     11     520.155868
     12     831.738575
     13     866.353068
     14     897.072058
     15     926.162248
     16     997.683506
     17     1002.666283
     18     1034.688682
     19     1043.828814
     20     1083.071415
     21     1107.624842
     22     1110.260993
     23     1148.115422
     24     1189.042266
     25     1256.105912
     26     1280.755271
     27     1282.794706
     28     1296.714390
     29     1303.256222
     30     1319.411524
     31     1345.890017
     32     1355.380390
     33     1385.412620
     34     1453.231152
     35     1484.659734
     36     1489.857449
     37     1493.833279
     38     1531.679036
     39     1542.368943
     40     1565.032685
     41     2921.751150
     42     2926.995561
     43     2933.492923
     44     2943.951907
     45     2994.958610
     46     2999.607797
     47     3017.148964
     48     3027.585143
     49     3186.519162
     50     3201.226234
        Zero Point Energy (Hartree)    :          0.1537359759
        Inner Energy (Hartree)         :       -305.9548463375
        Enthalpy (Hartree)             :       -305.9539021285
        Electronic entropy             :          0.0000000000
        Rotational entropy             :          0.0127788976
        Vibrational entropy            :          0.0024598224
        Translational entropy          :          0.0127788976
        Entropy                        :          0.0340835013
        Gibbs Energy (Hartree)         :       -305.9879856298
        Is Linear                      :                 false
# -----------------------------------------------------------
$ PAL_Flags
   description: The PAL Flags
   geom. index: 2
   prop. index: 1
        Diskflag:     2
# -----------------------------------------------------------
$ SCF_Energy
   description: The SCF energy
   geom. index: 2
   prop. index: 1
        SCF Energy:     -306.1002026506
# -----------------------------------------------------------
$ DFT_Energy
   description: The DFT energy
   geom. index: 2
   prop. index: 1
   Number of Alpha Electrons                 27.0000665499 
   Number of Beta  Electrons                 27.0000665499 
   Total number of  Electrons                54.0001330999 
   Exchange energy                          -28.4832432775 
   Correlation energy                        -2.2130152207 
   Correlation energy NL                      0.0000000000 
   Exchange-Correlation energy              -30.6962584981 
   Embedding correction                       0.0000000000 
   Total DFT Energy (No VdW correction)    -306.1002026506 
# -----------------------------------------------------------
$ VdW_Correction
   description: The Van der Waals Correction
   geom. index: 2
   prop. index: 1
        Van der Waals Correction:       -0.0263156638
# -----------------------------------------------------------
$ PAL_Flags
   description: The PAL Flags
   geom. index: 3
   prop. index: 1
        Diskflag:     2
# -----------------------------------------------------------
$ SCF_Energy
   description: The SCF energy
   geom. index: 3
   prop. index: 1
        SCF Energy:     -306.1016674554
# -----------------------------------------------------------
$ DFT_Energy
   description: The DFT energy
   geom. index: 3
   prop. index: 1
   Number of Alpha Electrons                 27.0000599571 
   Number of Beta  Electrons                 27.0000599571 
   Total number of  Electrons                54.0001199142 
   Exchange energy                          -28.4716339475 
   Correlation energy                        -2.2116482923 
   Correlation energy NL                      0.0000000000 
   Exchange-Correlation energy              -30.6832822398 
   Embedding correction                       0.0000000000 
   Total DFT Energy (No VdW correction)    -306.1016674554 
# -----------------------------------------------------------
$ VdW_Correction
   description: The Van der Waals Correction
   geom. index: 3
   prop. index: 1
        Van der Waals Correction:       -0.0261401233
# -----------------------------------------------------------
$ PAL_Flags
   description: The PAL Flags
   geom. index: 4
   prop. index: 1
        Diskflag:     2
# -----------------------------------------------------------
$ SCF_Energy
   description: The SCF energy
   geom. index: 4
   prop. index: 1
        SCF Energy:     -306.1017665911
# -----------------------------------------------------------
$ DFT_Energy
   description: The DFT energy
   geom. index: 4
   prop. index: 1
   Number of Alpha Electrons                 27.0000570747 
   Number of Beta  Electrons                 27.0000570747 
   Total number of  Electrons                54.0001141493 
   Exchange energy                          -28.4695347730 
   Correlation energy                        -2.2114279344 
   Correlation energy NL                      0.0000000000 
   Exchange-Correlation energy              -30.6809627074 
   Embedding correction                       0.0000000000 
   Total DFT Energy (No VdW correction)    -306.1017665911 
# -----------------------------------------------------------
$ VdW_Correction
   description: The Van der Waals Correction
   geom. index: 4
   prop. index: 1
        Van der Waals Correction:       -0.0260997915
# -----------------------------------------------------------
$ PAL_Flags
   description: The PAL Flags
   geom. index: 5
   prop. index: 1
        Diskflag:     2
# -----------------------------------------------------------
$ SCF_Energy
   description: The SCF energy
   geom. index: 5
   prop. index: 1
        SCF Energy:     -306.1019189945
# -----------------------------------------------------------
$ DFT_Energy
   description: The DFT energy
   geom. index: 5
   prop. index: 1
   Number of Alpha Electrons                 27.0000357819 
   Number of Beta  Electrons                 27.0000357819 
   Total number of  Electrons                54.0000715638 
   Exchange energy                          -28.4697757283 
   Correlation energy                        -2.2114740072 
   Correlation energy NL                      0.0000000000 
   Exchange-Correlation energy              -30.6812497355 
   Embedding correction                       0.0000000000 
   Total DFT Energy (No VdW correction)    -306.1019189945 
# -----------------------------------------------------------
$ VdW_Correction
   description: The Van der Waals Correction
   geom. index: 5
   prop. index: 1
        Van der Waals Correction:       -0.0261037468
# -----------------------------------------------------------
$ PAL_Flags
   description: The PAL Flags
   geom. index: 6
   prop. index: 1
        Diskflag:     2
# -----------------------------------------------------------
$ SCF_Energy
   description: The SCF energy
   geom. index: 6
   prop. index: 1
        SCF Energy:     -306.1019758422
# -----------------------------------------------------------
$ DFT_Energy
   description: The DFT energy
   geom. index: 6
   prop. index: 1
   Number of Alpha Electrons                 27.0000420832 
   Number of Beta  Electrons                 27.0000420832 
   Total number of  Electrons                54.0000841664 
   Exchange energy                          -28.4694866847 
   Correlation energy                        -2.2114446262 
   Correlation energy NL                      0.0000000000 
   Exchange-Correlation energy              -30.6809313109 
   Embedding correction                       0.0000000000 
   Total DFT Energy (No VdW correction)    -306.1019758422 
# -----------------------------------------------------------
$ VdW_Correction
   description: The Van der Waals Correction
   geom. index: 6
   prop. index: 1
        Van der Waals Correction:       -0.0260941866
# -----------------------------------------------------------
$ PAL_Flags
   description: The PAL Flags
   geom. index: 7
   prop. index: 1
        Diskflag:     2
# -----------------------------------------------------------
$ SCF_Energy
   description: The SCF energy
   geom. index: 7
   prop. index: 1
        SCF Energy:     -306.1020102889
# -----------------------------------------------------------
$ DFT_Energy
   description: The DFT energy
   geom. index: 7
   prop. index: 1
   Number of Alpha Electrons                 27.0000186848 
   Number of Beta  Electrons                 27.0000186848 
   Total number of  Electrons                54.0000373696 
   Exchange energy                          -28.4706445498 
   Correlation energy                        -2.2115924347 
   Correlation energy NL                      0.0000000000 
   Exchange-Correlation energy              -30.6822369845 
   Embedding correction                       0.0000000000 
   Total DFT Energy (No VdW correction)    -306.1020102889 
# -----------------------------------------------------------
$ VdW_Correction
   description: The Van der Waals Correction
   geom. index: 7
   prop. index: 1
        Van der Waals Correction:       -0.0261226123
# -----------------------------------------------------------
$ PAL_Flags
   description: The PAL Flags
   geom. index: 8
   prop. index: 1
        Diskflag:     2
# -----------------------------------------------------------
$ SCF_Energy
   description: The SCF energy
   geom. index: 8
   prop. index: 1
        SCF Energy:     -306.1020140511
# -----------------------------------------------------------
$ DFT_Energy
   description: The DFT energy
   geom. index: 8
   prop. index: 1
   Number of Alpha Electrons                 27.0000152531 
   Number of Beta  Electrons                 27.0000152531 
   Total number of  Electrons                54.0000305061 
   Exchange energy                          -28.4709144636 
   Correlation energy                        -2.2116241086 
   Correlation energy NL                      0.0000000000 
   Exchange-Correlation energy              -30.6825385722 
   Embedding correction                       0.0000000000 
   Total DFT Energy (No VdW correction)    -306.1020140511 
# -----------------------------------------------------------
$ VdW_Correction
   description: The Van der Waals Correction
   geom. index: 8
   prop. index: 1
        Van der Waals Correction:       -0.0261285661
# -----------------------------------------------------------
$ PAL_Flags
   description: The PAL Flags
   geom. index: 9
   prop. index: 1
        Diskflag:     2
# -----------------------------------------------------------
$ SCF_Energy
   description: The SCF energy
   geom. index: 9
   prop. index: 1
        SCF Energy:     -306.1021354038
# -----------------------------------------------------------
$ DFT_Energy
   description: The DFT energy
   geom. index: 9
   prop. index: 1
   Number of Alpha Electrons                 27.0000113548 
   Number of Beta  Electrons                 27.0000113548 
   Total number of  Electrons                54.0000227097 
   Exchange energy                          -28.4717689172 
   Correlation energy                        -2.2117360738 
   Correlation energy NL                      0.0000000000 
   Exchange-Correlation energy              -30.6835049910 
   Embedding correction                       0.0000000000 
   Total DFT Energy (No VdW correction)    -306.1021354038 
# -----------------------------------------------------------
$ VdW_Correction
   description: The Van der Waals Correction
   geom. index: 9
   prop. index: 1
        Van der Waals Correction:       -0.0261423134
# -----------------------------------------------------------
$ PAL_Flags
   description: The PAL Flags
   geom. index: 10
   prop. index: 1
        Diskflag:     2
# -----------------------------------------------------------
$ SCF_Energy
   description: The SCF energy
   geom. index: 10
   prop. index: 1
        SCF Energy:     -306.1022005836
# -----------------------------------------------------------
$ DFT_Energy
   description: The DFT energy
   geom. index: 10
   prop. index: 1
   Number of Alpha Electrons                 27.0000304425 
   Number of Beta  Electrons                 27.0000304425 
   Total number of  Electrons                54.0000608849 
   Exchange energy                          -28.4716686758 
   Correlation energy                        -2.2117319860 
   Correlation energy NL                      0.0000000000 
   Exchange-Correlation energy              -30.6834006619 
   Embedding correction                       0.0000000000 
   Total DFT Energy (No VdW correction)    -306.1022005836 
# -----------------------------------------------------------
$ VdW_Correction
   description: The Van der Waals Correction
   geom. index: 10
   prop. index: 1
        Van der Waals Correction:       -0.0261383903
# -----------------------------------------------------------
$ PAL_Flags
   description: The PAL Flags
   geom. index: 11
   prop. index: 1
        Diskflag:     2
# -----------------------------------------------------------
$ SCF_Energy
   description: The SCF energy
   geom. index: 11
   prop. index: 1
        SCF Energy:     -306.1022215492
# -----------------------------------------------------------
$ DFT_Energy
   description: The DFT energy
   geom. index: 11
   prop. index: 1
   Number of Alpha Electrons                 27.0000159478 
   Number of Beta  Electrons                 27.0000159478 
   Total number of  Electrons                54.0000318956 
   Exchange energy                          -28.4724815886 
   Correlation energy                        -2.2117983856 
   Correlation energy NL                      0.0000000000 
   Exchange-Correlation energy              -30.6842799742 
   Embedding correction                       0.0000000000 
   Total DFT Energy (No VdW correction)    -306.1022215492 
# -----------------------------------------------------------
$ VdW_Correction
   description: The Van der Waals Correction
   geom. index: 11
   prop. index: 1
        Van der Waals Correction:       -0.0261433060
# -----------------------------------------------------------
$ PAL_Flags
   description: The PAL Flags
   geom. index: 12
   prop. index: 1
        Diskflag:     2
# -----------------------------------------------------------
$ SCF_Energy
   description: The SCF energy
   geom. index: 12
   prop. index: 1
        SCF Energy:     -306.1022882999
# -----------------------------------------------------------
$ DFT_Energy
   description: The DFT energy
   geom. index: 12
   prop. index: 1
   Number of Alpha Electrons                 27.0000276985 
   Number of Beta  Electrons                 27.0000276985 
   Total number of  Electrons                54.0000553970 
   Exchange energy                          -28.4725573183 
   Correlation energy                        -2.2118294120 
   Correlation energy NL                      0.0000000000 
   Exchange-Correlation energy              -30.6843867303 
   Embedding correction                       0.0000000000 
   Total DFT Energy (No VdW correction)    -306.1022882999 
# -----------------------------------------------------------
$ VdW_Correction
   description: The Van der Waals Correction
   geom. index: 12
   prop. index: 1
        Van der Waals Correction:       -0.0261496783
# -----------------------------------------------------------
$ PAL_Flags
   description: The PAL Flags
   geom. index: 13
   prop. index: 1
        Diskflag:     2
# -----------------------------------------------------------
$ SCF_Energy
   description: The SCF energy
   geom. index: 13
   prop. index: 1
        SCF Energy:     -306.1023200787
# -----------------------------------------------------------
$ DFT_Energy
   description: The DFT energy
   geom. index: 13
   prop. index: 1
   Number of Alpha Electrons                 27.0000221185 
   Number of Beta  Electrons                 27.0000221185 
   Total number of  Electrons                54.0000442371 
   Exchange energy                          -28.4721684805 
   Correlation energy                        -2.2117686605 
   Correlation energy NL                      0.0000000000 
   Exchange-Correlation energy              -30.6839371410 
   Embedding correction                       0.0000000000 
   Total DFT Energy (No VdW correction)    -306.1023200787 
# -----------------------------------------------------------
$ VdW_Correction
   description: The Van der Waals Correction
   geom. index: 13
   prop. index: 1
        Van der Waals Correction:       -0.0261393644
# -----------------------------------------------------------
$ PAL_Flags
   description: The PAL Flags
   geom. index: 14
   prop. index: 1
        Diskflag:     2
# -----------------------------------------------------------
$ SCF_Energy
   description: The SCF energy
   geom. index: 14
   prop. index: 1
        SCF Energy:     -306.1024124759
# -----------------------------------------------------------
$ DFT_Energy
   description: The DFT energy
   geom. index: 14
   prop. index: 1
   Number of Alpha Electrons                 27.0000265389 
   Number of Beta  Electrons                 27.0000265389 
   Total number of  Electrons                54.0000530777 
   Exchange energy                          -28.4721219207 
   Correlation energy                        -2.2117973376 
   Correlation energy NL                      0.0000000000 
   Exchange-Correlation energy              -30.6839192583 
   Embedding correction                       0.0000000000 
   Total DFT Energy (No VdW correction)    -306.1024124759 
# -----------------------------------------------------------
$ VdW_Correction
   description: The Van der Waals Correction
   geom. index: 14
   prop. index: 1
        Van der Waals Correction:       -0.0261511072
# -----------------------------------------------------------
$ PAL_Flags
   description: The PAL Flags
   geom. index: 15
   prop. index: 1
        Diskflag:     2
# -----------------------------------------------------------
$ SCF_Energy
   description: The SCF energy
   geom. index: 15
   prop. index: 1
        SCF Energy:     -306.1024708373
# -----------------------------------------------------------
$ DFT_Energy
   description: The DFT energy
   geom. index: 15
   prop. index: 1
   Number of Alpha Electrons                 27.0000190814 
   Number of Beta  Electrons                 27.0000190814 
   Total number of  Electrons                54.0000381627 
   Exchange energy                          -28.4713369209 
   Correlation energy                        -2.2116813058 
   Correlation energy NL                      0.0000000000 
   Exchange-Correlation energy              -30.6830182267 
   Embedding correction                       0.0000000000 
   Total DFT Energy (No VdW correction)    -306.1024708373 
# -----------------------------------------------------------
$ VdW_Correction
   description: The Van der Waals Correction
   geom. index: 15
   prop. index: 1
        Van der Waals Correction:       -0.0261343241
# -----------------------------------------------------------
$ PAL_Flags
   description: The PAL Flags
   geom. index: 16
   prop. index: 1
        Diskflag:     2
# -----------------------------------------------------------
$ SCF_Energy
   description: The SCF energy
   geom. index: 16
   prop. index: 1
        SCF Energy:     -306.1025485003
# -----------------------------------------------------------
$ DFT_Energy
   description: The DFT energy
   geom. index: 16
   prop. index: 1
   Number of Alpha Electrons                 27.0000254120 
   Number of Beta  Electrons                 27.0000254120 
   Total number of  Electrons                54.0000508240 
   Exchange energy                          -28.4709985956 
   Correlation energy                        -2.2116836131 
   Correlation energy NL                      0.0000000000 
   Exchange-Correlation energy              -30.6826822087 
   Embedding correction                       0.0000000000 
   Total DFT Energy (No VdW correction)    -306.1025485003 
# -----------------------------------------------------------
$ VdW_Correction
   description: The Van der Waals Correction
   geom. index: 16
   prop. index: 1
        Van der Waals Correction:       -0.0261453155
# -----------------------------------------------------------
$ PAL_Flags
   description: The PAL Flags
   geom. index: 17
   prop. index: 1
        Diskflag:     2
# -----------------------------------------------------------
$ SCF_Energy
   description: The SCF energy
   geom. index: 17
   prop. index: 1
        SCF Energy:     -306.1025843504
# -----------------------------------------------------------
$ DFT_Energy
   description: The DFT energy
   geom. index: 17
   prop. index: 1
   Number of Alpha Electrons                 27.0000219299 
   Number of Beta  Electrons                 27.0000219299 
   Total number of  Electrons                54.0000438598 
   Exchange energy                          -28.4707028939 
   Correlation energy                        -2.2116288200 
   Correlation energy NL                      0.0000000000 
   Exchange-Correlation energy              -30.6823317139 
   Embedding correction                       0.0000000000 
   Total DFT Energy (No VdW correction)    -306.1025843504 
# -----------------------------------------------------------
$ VdW_Correction
   description: The Van der Waals Correction
   geom. index: 17
   prop. index: 1
        Van der Waals Correction:       -0.0261372251
# -----------------------------------------------------------
$ PAL_Flags
   description: The PAL Flags
   geom. index: 18
   prop. index: 1
        Diskflag:     2
# -----------------------------------------------------------
$ SCF_Energy
   description: The SCF energy
   geom. index: 18
   prop. index: 1
        SCF Energy:     -306.1026447287
# -----------------------------------------------------------
$ DFT_Energy
   description: The DFT energy
   geom. index: 18
   prop. index: 1
   Number of Alpha Electrons                 27.0000281443 
   Number of Beta  Electrons                 27.0000281443 
   Total number of  Electrons                54.0000562885 
   Exchange energy                          -28.4705291914 
   Correlation energy                        -2.2116520470 
   Correlation energy NL                      0.0000000000 
   Exchange-Correlation energy              -30.6821812384 
   Embedding correction                       0.0000000000 
   Total DFT Energy (No VdW correction)    -306.1026447287 
# -----------------------------------------------------------
$ VdW_Correction
   description: The Van der Waals Correction
   geom. index: 18
   prop. index: 1
        Van der Waals Correction:       -0.0261515695
# -----------------------------------------------------------
$ PAL_Flags
   description: The PAL Flags
   geom. index: 19
   prop. index: 1
        Diskflag:     2
# -----------------------------------------------------------
$ SCF_Energy
   description: The SCF energy
   geom. index: 19
   prop. index: 1
        SCF Energy:     -306.1026667259
# -----------------------------------------------------------
$ DFT_Energy
   description: The DFT energy
   geom. index: 19
   prop. index: 1
   Number of Alpha Electrons                 27.0000271903 
   Number of Beta  Electrons                 27.0000271903 
   Total number of  Electrons                54.0000543806 
   Exchange energy                          -28.4705891362 
   Correlation energy                        -2.2116366544 
   Correlation energy NL                      0.0000000000 
   Exchange-Correlation energy              -30.6822257907 
   Embedding correction                       0.0000000000 
   Total DFT Energy (No VdW correction)    -306.1026667259 
# -----------------------------------------------------------
$ VdW_Correction
   description: The Van der Waals Correction
   geom. index: 19
   prop. index: 1
        Van der Waals Correction:       -0.0261461934
# -----------------------------------------------------------
$ PAL_Flags
   description: The PAL Flags
   geom. index: 20
   prop. index: 1
        Diskflag:     2
# -----------------------------------------------------------
$ SCF_Energy
   description: The SCF energy
   geom. index: 20
   prop. index: 1
        SCF Energy:     -306.1026887572
# -----------------------------------------------------------
$ DFT_Energy
   description: The DFT energy
   geom. index: 20
   prop. index: 1
   Number of Alpha Electrons                 27.0000316728 
   Number of Beta  Electrons                 27.0000316728 
   Total number of  Electrons                54.0000633457 
   Exchange energy                          -28.4704760190 
   Correlation energy                        -2.2116684121 
   Correlation energy NL                      0.0000000000 
   Exchange-Correlation energy              -30.6821444311 
   Embedding correction                       0.0000000000 
   Total DFT Energy (No VdW correction)    -306.1026887572 
# -----------------------------------------------------------
$ VdW_Correction
   description: The Van der Waals Correction
   geom. index: 20
   prop. index: 1
        Van der Waals Correction:       -0.0261617039
# -----------------------------------------------------------
$ PAL_Flags
   description: The PAL Flags
   geom. index: 21
   prop. index: 1
        Diskflag:     2
# -----------------------------------------------------------
$ SCF_Energy
   description: The SCF energy
   geom. index: 21
   prop. index: 1
        SCF Energy:     -306.1027094715
# -----------------------------------------------------------
$ DFT_Energy
   description: The DFT energy
   geom. index: 21
   prop. index: 1
   Number of Alpha Electrons                 27.0000305457 
   Number of Beta  Electrons                 27.0000305457 
   Total number of  Electrons                54.0000610914 
   Exchange energy                          -28.4706170259 
   Correlation energy                        -2.2116569824 
   Correlation energy NL                      0.0000000000 
   Exchange-Correlation energy              -30.6822740083 
   Embedding correction                       0.0000000000 
   Total DFT Energy (No VdW correction)    -306.1027094715 
# -----------------------------------------------------------
$ VdW_Correction
   description: The Van der Waals Correction
   geom. index: 21
   prop. index: 1
        Van der Waals Correction:       -0.0261539694
# -----------------------------------------------------------
$ PAL_Flags
   description: The PAL Flags
   geom. index: 22
   prop. index: 1
        Diskflag:     2
# -----------------------------------------------------------
$ SCF_Energy
   description: The SCF energy
   geom. index: 22
   prop. index: 1
        SCF Energy:     -306.1027107310
# -----------------------------------------------------------
$ DFT_Energy
   description: The DFT energy
   geom. index: 22
   prop. index: 1
   Number of Alpha Electrons                 27.0000315560 
   Number of Beta  Electrons                 27.0000315560 
   Total number of  Electrons                54.0000631121 
   Exchange energy                          -28.4705839906 
   Correlation energy                        -2.2116714446 
   Correlation energy NL                      0.0000000000 
   Exchange-Correlation energy              -30.6822554352 
   Embedding correction                       0.0000000000 
   Total DFT Energy (No VdW correction)    -306.1027107310 
# -----------------------------------------------------------
$ VdW_Correction
   description: The Van der Waals Correction
   geom. index: 22
   prop. index: 1
        Van der Waals Correction:       -0.0261601995
# -----------------------------------------------------------
$ PAL_Flags
   description: The PAL Flags
   geom. index: 23
   prop. index: 1
        Diskflag:     2
# -----------------------------------------------------------
$ SCF_Energy
   description: The SCF energy
   geom. index: 23
   prop. index: 1
        SCF Energy:     -306.1027164739
# -----------------------------------------------------------
$ DFT_Energy
   description: The DFT energy
   geom. index: 23
   prop. index: 1
   Number of Alpha Electrons                 27.0000312643 
   Number of Beta  Electrons                 27.0000312643 
   Total number of  Electrons                54.0000625285 
   Exchange energy                          -28.4706291634 
   Correlation energy                        -2.2116651358 
   Correlation energy NL                      0.0000000000 
   Exchange-Correlation energy              -30.6822942992 
   Embedding correction                       0.0000000000 
   Total DFT Energy (No VdW correction)    -306.1027164739 
# -----------------------------------------------------------
$ VdW_Correction
   description: The Van der Waals Correction
   geom. index: 23
   prop. index: 1
        Van der Waals Correction:       -0.0261566640
# -----------------------------------------------------------
$ PAL_Flags
   description: The PAL Flags
   geom. index: 24
   prop. index: 1
        Diskflag:     2
# -----------------------------------------------------------
$ SCF_Energy
   description: The SCF energy
   geom. index: 24
   prop. index: 1
        SCF Energy:     -306.1027150487
# -----------------------------------------------------------
$ DFT_Energy
   description: The DFT energy
   geom. index: 24
   prop. index: 1
   Number of Alpha Electrons                 27.0000317320 
   Number of Beta  Electrons                 27.0000317320 
   Total number of  Electrons                54.0000634641 
   Exchange energy                          -28.4706049247 
   Correlation energy                        -2.2116726410 
   Correlation energy NL                      0.0000000000 
   Exchange-Correlation energy              -30.6822775657 
   Embedding correction                       0.0000000000 
   Total DFT Energy (No VdW correction)    -306.1027150487 
# -----------------------------------------------------------
$ VdW_Correction
   description: The Van der Waals Correction
   geom. index: 24
   prop. index: 1
        Van der Waals Correction:       -0.0261600552
# -----------------------------------------------------------
$ PAL_Flags
   description: The PAL Flags
   geom. index: 25
   prop. index: 1
        Diskflag:     2
# -----------------------------------------------------------
$ SCF_Energy
   description: The SCF energy
   geom. index: 25
   prop. index: 1
        SCF Energy:     -306.1027176160
# -----------------------------------------------------------
$ DFT_Energy
   description: The DFT energy
   geom. index: 25
   prop. index: 1
   Number of Alpha Electrons                 27.0000315341 
   Number of Beta  Electrons                 27.0000315341 
   Total number of  Electrons                54.0000630682 
   Exchange energy                          -28.4706347982 
   Correlation energy                        -2.2116695651 
   Correlation energy NL                      0.0000000000 
   Exchange-Correlation energy              -30.6823043633 
   Embedding correction                       0.0000000000 
   Total DFT Energy (No VdW correction)    -306.1027176160 
# -----------------------------------------------------------
$ VdW_Correction
   description: The Van der Waals Correction
   geom. index: 25
   prop. index: 1
        Van der Waals Correction:       -0.0261581092
# -----------------------------------------------------------
$ PAL_Flags
   description: The PAL Flags
   geom. index: 26
   prop. index: 1
        Diskflag:     2
# -----------------------------------------------------------
$ SCF_Energy
   description: The SCF energy
   geom. index: 26
   prop. index: 1
        SCF Energy:     -306.1027165953
# -----------------------------------------------------------
$ DFT_Energy
   description: The DFT energy
   geom. index: 26
   prop. index: 1
   Number of Alpha Electrons                 27.0000316976 
   Number of Beta  Electrons                 27.0000316976 
   Total number of  Electrons                54.0000633952 
   Exchange energy                          -28.4706110601 
   Correlation energy                        -2.2116715498 
   Correlation energy NL                      0.0000000000 
   Exchange-Correlation energy              -30.6822826099 
   Embedding correction                       0.0000000000 
   Total DFT Energy (No VdW correction)    -306.1027165953 
# -----------------------------------------------------------
$ VdW_Correction
   description: The Van der Waals Correction
   geom. index: 26
   prop. index: 1
        Van der Waals Correction:       -0.0261594008
# -----------------------------------------------------------
$ PAL_Flags
   description: The PAL Flags
   geom. index: 27
   prop. index: 1
        Diskflag:     2
# -----------------------------------------------------------
$ SCF_Energy
   description: The SCF energy
   geom. index: 27
   prop. index: 1
        SCF Energy:     -306.1027176350
# -----------------------------------------------------------
$ DFT_Energy
   description: The DFT energy
   geom. index: 27
   prop. index: 1
   Number of Alpha Electrons                 27.0000316090 
   Number of Beta  Electrons                 27.0000316090 
   Total number of  Electrons                54.0000632180 
   Exchange energy                          -28.4706191232 
   Correlation energy                        -2.2116696875 
   Correlation energy NL                      0.0000000000 
   Exchange-Correlation energy              -30.6822888107 
   Embedding correction                       0.0000000000 
   Total DFT Energy (No VdW correction)    -306.1027176350 
# -----------------------------------------------------------
$ VdW_Correction
   description: The Van der Waals Correction
   geom. index: 27
   prop. index: 1
        Van der Waals Correction:       -0.0261585047
# -----------------------------------------------------------
$ PAL_Flags
   description: The PAL Flags
   geom. index: 28
   prop. index: 1
        Diskflag:     2
# -----------------------------------------------------------
$ SCF_Energy
   description: The SCF energy
   geom. index: 28
   prop. index: 1
        SCF Energy:     -306.1027172818
# -----------------------------------------------------------
$ DFT_Energy
   description: The DFT energy
   geom. index: 28
   prop. index: 1
   Number of Alpha Electrons                 27.0000316591 
   Number of Beta  Electrons                 27.0000316591 
   Total number of  Electrons                54.0000633182 
   Exchange energy                          -28.4706220867 
   Correlation energy                        -2.2116709968 
   Correlation energy NL                      0.0000000000 
   Exchange-Correlation energy              -30.6822930834 
   Embedding correction                       0.0000000000 
   Total DFT Energy (No VdW correction)    -306.1027172818 
# -----------------------------------------------------------
$ VdW_Correction
   description: The Van der Waals Correction
   geom. index: 28
   prop. index: 1
        Van der Waals Correction:       -0.0261588969
# -----------------------------------------------------------
$ PAL_Flags
   description: The PAL Flags
   geom. index: 29
   prop. index: 1
        Diskflag:     2
# -----------------------------------------------------------
$ SCF_Energy
   description: The SCF energy
   geom. index: 29
   prop. index: 1
        SCF Energy:     -306.1027177243
# -----------------------------------------------------------
$ DFT_Energy
   description: The DFT energy
   geom. index: 29
   prop. index: 1
   Number of Alpha Electrons                 27.0000316176 
   Number of Beta  Electrons                 27.0000316176 
   Total number of  Electrons                54.0000632352 
   Exchange energy                          -28.4706192496 
   Correlation energy                        -2.2116696466 
   Correlation energy NL                      0.0000000000 
   Exchange-Correlation energy              -30.6822888963 
   Embedding correction                       0.0000000000 
   Total DFT Energy (No VdW correction)    -306.1027177243 
# -----------------------------------------------------------
$ VdW_Correction
   description: The Van der Waals Correction
   geom. index: 29
   prop. index: 1
        Van der Waals Correction:       -0.0261584857
# -----------------------------------------------------------
$ PAL_Flags
   description: The PAL Flags
   geom. index: 30
   prop. index: 1
        Diskflag:     2
# -----------------------------------------------------------
$ SCF_Energy
   description: The SCF energy
   geom. index: 30
   prop. index: 1
        SCF Energy:     -306.1027174979
# -----------------------------------------------------------
$ DFT_Energy
   description: The DFT energy
   geom. index: 30
   prop. index: 1
   Number of Alpha Electrons                 27.0000316431 
   Number of Beta  Electrons                 27.0000316431 
   Total number of  Electrons                54.0000632861 
   Exchange energy                          -28.4706273097 
   Correlation energy                        -2.2116707662 
   Correlation energy NL                      0.0000000000 
   Exchange-Correlation energy              -30.6822980759 
   Embedding correction                       0.0000000000 
   Total DFT Energy (No VdW correction)    -306.1027174979 
# -----------------------------------------------------------
$ Mayer_Pop
   description: The Mayer population analysis
   geom. index: 30
   prop. index: 1
     Number of atoms                     : 17
     Threshold for printing              : 0.1000000
     Number of bond orders printed       : 22
  NA   - Mulliken gross atomic population
  ZA   - Total nuclear charge
  QA   - Mulliken gross atomic charge
  VA   - Mayer's total valence
  BVA  - Mayer's bonded valence
  FA   - Mayer's free valence
  ATOM       NA         ZA         QA         VA         BVA        FA
  0   0     6.3006     6.0000    -0.3006     3.7994     3.7994     0.0000
  1   0     6.3839     6.0000    -0.3839     3.6805     3.6805     0.0000
  2   0     5.9999     6.0000     0.0001     4.0775     4.0775     0.0000
  3   0     6.3857     6.0000    -0.3857     3.6291     3.6291     0.0000
  4   0     6.2461     6.0000    -0.2461     3.6282     3.6282     0.0000
  5   0     7.2998     7.0000    -0.2998     2.9262     2.9262     0.0000
  6   0     7.2573     7.0000    -0.2573     3.0747     3.0747     0.0000
  7   0     0.8499     1.0000     0.1501     0.9521     0.9521     0.0000
  8   0     0.8485     1.0000     0.1515     0.9539     0.9539    -0.0000
  9   0     0.8599     1.0000     0.1401     0.9728     0.9728     0.0000
 10   0     0.8315     1.0000     0.1685     0.9349     0.9349     0.0000
 11   0     0.8276     1.0000     0.1724     0.9586     0.9586     0.0000
 12   0     0.8432     1.0000     0.1568     0.9486     0.9486     0.0000
 13   0     0.8532     1.0000     0.1468     0.9263     0.9263     0.0000
 14   0     0.8410     1.0000     0.1590     0.9050     0.9050    -0.0000
 15   0     0.6854     1.0000     0.3146     0.8319     0.8319     0.0000
 16   0     0.6865     1.0000     0.3135     0.8310     0.8310     0.0000
      Bond orders larger than 0.1000000
           Atom A     A.N. of A          Atom B    A.N. of B              Bond order
                0             6               1            6                1.014465
                0             6               2            6               -0.225763
                0             6               3            6                1.000891
                0             6               7            1                0.996382
                0             6               8            1                0.958407
                1             6               2            6                0.823544
                1             6               9            1                0.910067
                1             6              10            1                0.976387
                2             6               3            6                0.839553
                2             6               4            6                0.915631
                2             6               5            7                0.205418
                2             6               6            7                1.517856
                3             6               6            7               -0.214889
                3             6              11            1                0.921295
                3             6              12            1                0.973641
                4             6               5            7                0.833108
                4             6               6            7               -0.269921
                4             6              13            1                0.986759
                4             6              14            1                1.002385
                5             7               6            7                1.166426
                5             7              15            1                0.866956
                6             7              16            1                0.878739
# -----------------------------------------------------------
$ VdW_Correction
   description: The Van der Waals Correction
   geom. index: 30
   prop. index: 1
        Van der Waals Correction:       -0.0261587296
# -----------------------------------------------------------
$ SCF_Electric_Properties
   description: The SCF Calculated Electric Properties
   geom. index: 30
   prop. index: 1
       Filename                          : file.scfp 
       Do Dipole Moment Calculation      : true 
       Do Quadrupole Moment Calculation  : false 
       Do Polarizability Calculation     : false 
** Dipole moment part of electric properties **
        Magnitude of dipole moment (Debye) :        1.4559879682
        Electronic Contribution:
                  0    
      0      -3.095451
      1      -1.065645
      2       1.162993
        Nuclear Contribution:
                  0    
      0       3.490316
      1       1.387838
      2      -1.424515
        Total Dipole moment:
                  0    
      0       0.394866
      1       0.322193
      2      -0.261521
# -------------------------------------------------------------
----------------------- !GEOMETRIES! ------------------------
# -------------------------------------------------------------
------------------------ !GEOMETRY! -------------------------
    Number of atoms:    17 
    Geometry Index:     1 
    Coordinates:
               0 C      1.884200000000    0.123700000000   -0.116200000000
               1 C      0.835200000000   -0.775300000000   -0.781700000000
               2 C     -0.221000000000   -0.072600000000    0.054300000000
               3 C      0.803100000000    0.827300000000    0.713800000000
               4 C     -1.462200000000    0.493200000000   -0.552900000000
               5 N     -2.216800000000   -0.341300000000    0.388300000000
               6 N     -1.032500000000   -0.875600000000    0.956300000000
               7 H      2.377900000000    0.808800000000   -0.839900000000
               8 H      2.596900000000   -0.450700000000    0.515400000000
               9 H      0.977800000000   -1.847700000000   -0.526300000000
              10 H      0.736900000000   -0.571100000000   -1.870000000000
              11 H      0.914000000000    0.640900000000    1.804400000000
              12 H      0.691800000000    1.898500000000    0.437600000000
              13 H     -1.604500000000    1.581700000000   -0.367800000000
              14 H     -1.633000000000    0.165800000000   -1.600700000000
              15 H     -2.652000000000    0.276900000000    1.113600000000
              16 H     -0.995700000000   -1.882500000000    0.671900000000
------------------------ !GEOMETRY! -------------------------
    Number of atoms:    17 
    Geometry Index:     2 
    Coordinates:
               0 C      1.941783632244    0.127493068541   -0.122018627852
               1 C      0.861545330415   -0.772388489684   -0.782733191892
               2 C     -0.222507900278   -0.075974526181    0.061562546834
               3 C      0.837492040427    0.831048826031    0.713793682200
               4 C     -1.502502516053    0.497144947098   -0.550120987093
               5 N     -2.286753089929   -0.345824746212    0.392576303571
               6 N     -1.063283864153   -0.890436059727    0.970941028163
               7 H      2.453853932791    0.789968703933   -0.826146333778
               8 H      2.664259957237   -0.427227443490    0.483600443310
               9 H      0.981463396767   -1.837638204856   -0.554447988868
              10 H      0.751082142264   -0.602059654384   -1.859261448828
              11 H      0.926820400213    0.668338499257    1.791848900199
              12 H      0.718748937925    1.892740117464    0.469136419960
              13 H     -1.639515739895    1.574419185790   -0.397588521524
              14 H     -1.678002619997    0.203017639670   -1.591547809794
              15 H     -2.717474743132    0.237928410328    1.104770427586
              16 H     -1.026909296844   -1.870550273578    0.695735157807
------------------------ !GEOMETRY! -------------------------
    Number of atoms:    17 
    Geometry Index:     3 
    Coordinates:
               0 C      1.952198768813    0.133902925733   -0.139660850826
               1 C      0.861717986951   -0.773188386010   -0.770210956367
               2 C     -0.222372597389   -0.074961405341    0.083345482916
               3 C      0.859939729937    0.826775116676    0.719464327605
               4 C     -1.499840775681    0.504098632219   -0.543926358494
               5 N     -2.307260268554   -0.367647611583    0.353653090980
               6 N     -1.083831721987   -0.879436927860    0.991026977536
               7 H      2.461477835612    0.791620690961   -0.850031141096
               8 H      2.705752514257   -0.406016558965    0.439375733531
               9 H      0.971822625060   -1.841948449138   -0.554018382544
              10 H      0.722890335812   -0.644157116948   -1.848661637138
              11 H      0.949285503732    0.675151154884    1.799033463776
              12 H      0.727014023167    1.894087601995    0.512394603171
              13 H     -1.639778388224    1.581505953173   -0.396100318841
              14 H     -1.651876340489    0.254035665179   -1.599460687812
              15 H     -2.780553544571    0.192682239984    1.058572963473
              16 H     -1.026485686447   -1.866503524959    0.745303690128
------------------------ !GEOMETRY! -------------------------
    Number of atoms:    17 
    Geometry Index:     4 
    Coordinates:
               0 C      1.954324794138    0.132337690168   -0.137633598451
               1 C      0.865448361929   -0.774016433198   -0.772441412130
               2 C     -0.222268942010   -0.074159476499    0.075963678952
               3 C      0.860023720754    0.827361978793    0.715650351310
               4 C     -1.504393921809    0.506714083611   -0.543307070836
               5 N     -2.307119074591   -0.364495079645    0.358004379000
               6 N     -1.080327032556   -0.879305322774    0.986806110993
               7 H      2.467251938588    0.788534997061   -0.846442135017
               8 H      2.711126390111   -0.404706559057    0.441200724756
               9 H      0.972027899589   -1.843200601872   -0.554545288758
              10 H      0.729218409382   -0.658077707282   -1.853211877353
              11 H      0.943033287693    0.677308089593    1.796039461621
              12 H      0.726409122534    1.896596544775    0.516611203038
              13 H     -1.643740650364    1.584261459785   -0.394743562960
              14 H     -1.660036315735    0.266295017211   -1.601544881548
              15 H     -2.788252160538    0.186551076883    1.063708883357
              16 H     -1.022625827115   -1.867999757555    0.749985034024
------------------------ !GEOMETRY! -------------------------
    Number of atoms:    17 
    Geometry Index:     5 
    Coordinates:
               0 C      1.949191025833    0.141545688885   -0.159662550589
               1 C      0.856758812043   -0.784587324908   -0.757485939342
               2 C     -0.221012517659   -0.072577284995    0.094410172276
               3 C      0.871487841884    0.820530430397    0.726507683451
               4 C     -1.489123886323    0.518414108749   -0.542785969458
               5 N     -2.309251135195   -0.380142204386    0.313685217086
               6 N     -1.097966407146   -0.862747481115    0.997992442817
               7 H      2.427350128085    0.805203259217   -0.886687439239
               8 H      2.733464580563   -0.380940129743    0.395620176781
               9 H      0.976114474201   -1.847835535369   -0.515682509982
              10 H      0.702708564173   -0.695833478969   -1.838836668170
              11 H      0.977695590883    0.650578301121    1.802554506822
              12 H      0.731765360837    1.893605451650    0.551952970081
              13 H     -1.634718681674    1.591387717571   -0.365128501283
              14 H     -1.616882098653    0.309525879903   -1.611418772614
              15 H     -2.837718487620    0.151103564625    0.999627037771
              16 H     -1.019763164231   -1.857230962633    0.795438143594
------------------------ !GEOMETRY! -------------------------
    Number of atoms:    17 
    Geometry Index:     6 
    Coordinates:
               0 C      1.952934824154    0.127448574070   -0.161321405967
               1 C      0.845426123965   -0.782505313125   -0.755996410974
               2 C     -0.220815752294   -0.052903638965    0.097781468029
               3 C      0.885270667693    0.830220403955    0.718400957227
               4 C     -1.494025102131    0.529215083146   -0.537468923406
               5 N     -2.301419969135   -0.419434110571    0.277440605067
               6 N     -1.093236733303   -0.836282774678    1.010839688720
               7 H      2.437549414734    0.780608602337   -0.892237802245
               8 H      2.732253434493   -0.402678233294    0.394853263448
               9 H      0.950580026674   -1.845693393713   -0.509502862138
              10 H      0.690055546249   -0.696901316681   -1.837516966898
              11 H      0.990433316618    0.663530398021    1.794647513963
              12 H      0.759235920500    1.904536642929    0.539905463753
              13 H     -1.661191931366    1.591295384698   -0.316397001979
              14 H     -1.604394423486    0.365491659271   -1.615227082631
              15 H     -2.887879023853    0.079427583898    0.940820116414
              16 H     -0.980676339513   -1.835375551296    0.851079379618
------------------------ !GEOMETRY! -------------------------
    Number of atoms:    17 
    Geometry Index:     7 
    Coordinates:
               0 C      1.943099655474    0.152454818754   -0.175956252602
               1 C      0.852907355278   -0.792890790653   -0.746079739799
               2 C     -0.220278725680   -0.075471422150    0.106654632351
               3 C      0.876209227810    0.812554949089    0.737194549022
               4 C     -1.476330671141    0.524305946139   -0.544648680610
               5 N     -2.310191688375   -0.381527877234    0.289622796133
               6 N     -1.111988374668   -0.855741480915    1.001961989565
               7 H      2.389555171364    0.824936743389   -0.915724965954
               8 H      2.749605235429   -0.356240665045    0.359680160785
               9 H      0.986474117787   -1.849719284567   -0.483276477825
              10 H      0.686961247373   -0.725404177914   -1.827435736725
              11 H      1.001049141660    0.622307335759    1.808250041363
              12 H      0.730256776409    1.888149601830    0.583800393944
              13 H     -1.621750522140    1.595724204982   -0.356344174231
              14 H     -1.588480370237    0.325422559406   -1.616882152839
              15 H     -2.858104996454    0.143854016980    0.964809725523
              16 H     -1.028892579889   -1.852714477849    0.814473891901
------------------------ !GEOMETRY! -------------------------
    Number of atoms:    17 
    Geometry Index:     8 
    Coordinates:
               0 C      1.941189697033    0.157168772598   -0.178144667850
               1 C      0.854887457853   -0.794976158631   -0.744477685795
               2 C     -0.220169654698   -0.079298037631    0.106801408344
               3 C      0.873996936521    0.809116938087    0.740641816683
               4 C     -1.473779888755    0.523398835072   -0.546465208110
               5 N     -2.311489925634   -0.373298515163    0.293417060025
               6 N     -1.114644558490   -0.859456402374    0.999304939705
               7 H      2.379416771414    0.833593100376   -0.919440372123
               8 H      2.753382910735   -0.346689745796    0.353284544179
               9 H      0.993459381488   -1.849947069365   -0.476645634957
              10 H      0.688220530373   -0.732669832306   -1.826023993210
              11 H      1.001737914360    0.612473392637    1.810251927388
              12 H      0.724806544761    1.885124472697    0.593611038717
              13 H     -1.614638453027    1.596623524933   -0.365340645213
              14 H     -1.588015564540    0.316702153269   -1.617075689887
              15 H     -2.850037892851    0.157766801211    0.971540136089
              16 H     -1.038222206544   -1.855632229615    0.804861026015
------------------------ !GEOMETRY! -------------------------
    Number of atoms:    17 
    Geometry Index:     9 
    Coordinates:
               0 C      1.936626145998    0.159035127440   -0.195062889564
               1 C      0.844867295701   -0.802830882320   -0.733888781157
               2 C     -0.218562858461   -0.073173098939    0.121381109811
               3 C      0.885792341592    0.807482083213    0.745053695688
               4 C     -1.462541550233    0.536266605301   -0.542766458193
               5 N     -2.305459681294   -0.396949910531    0.248520264834
               6 N     -1.126114575317   -0.838356034732    1.011057912118
               7 H      2.353700312364    0.836051215199   -0.948675763443
               8 H      2.762722455094   -0.338112646572    0.320735904789
               9 H      0.988902045732   -1.852806649524   -0.448961059329
              10 H      0.666199135097   -0.758240378316   -1.814378301260
              11 H      1.030549363427    0.600897155962    1.810932050598
              12 H      0.737851706156    1.885187471364    0.609288886978
              13 H     -1.617129945157    1.600177842071   -0.320144739654
              14 H     -1.551493528823    0.369982679983   -1.622592092766
              15 H     -2.901029531725    0.105174145390    0.899782185333
              16 H     -1.024779130151   -1.839784724988    0.859818075216
------------------------ !GEOMETRY! -------------------------
    Number of atoms:    17 
    Geometry Index:     10 
    Coordinates:
               0 C      1.940135635630    0.146106532480   -0.197729256167
               1 C      0.834605132882   -0.802571869774   -0.732869573150
               2 C     -0.217616162999   -0.057930629156    0.125648762774
               3 C      0.897499740627    0.816318600664    0.736655787185
               4 C     -1.465116524476    0.547737258568   -0.535439549448
               5 N     -2.293391999369   -0.431922540681    0.213447296764
               6 N     -1.124317880828   -0.814775032350    1.022556293634
               7 H      2.367118534977    0.812496372280   -0.954530227746
               8 H      2.759047028465   -0.359416637639    0.321475181888
               9 H      0.965468647393   -1.853480214988   -0.446473598851
              10 H      0.654020617722   -0.757441829458   -1.812729774548
              11 H      1.041558878046    0.619191185787    1.804098671606
              12 H      0.760463274930    1.893910155801    0.590215625809
              13 H     -1.641164678312    1.596987544239   -0.264585686653
              14 H     -1.539296094501    0.430208666122   -1.622277858085
              15 H     -2.946476131172    0.033213358964    0.837364109650
              16 H     -0.992438019016   -1.818630920858    0.915273795337
------------------------ !GEOMETRY! -------------------------
    Number of atoms:    17 
    Geometry Index:     11 
    Coordinates:
               0 C      1.937717344235    0.157135486212   -0.197004779884
               1 C      0.844356179340   -0.806083582509   -0.732812222258
               2 C     -0.217392200376   -0.068704405620    0.118138629014
               3 C      0.887543588479    0.808815805573    0.742837212133
               4 C     -1.463771335606    0.541455857228   -0.542180422173
               5 N     -2.301488770511   -0.403153031427    0.239841771797
               6 N     -1.124403885238   -0.831030012285    1.011117988528
               7 H      2.349269674740    0.833039865611   -0.953659912672
               8 H      2.767071927587   -0.336613143024    0.316462371636
               9 H      0.984496831798   -1.852273764457   -0.435055049528
              10 H      0.668583455937   -0.771834769605   -1.813607360080
              11 H      1.031054547260    0.595759221993    1.806941414980
              12 H      0.743427117628    1.887040249871    0.610849863723
              13 H     -1.622460675424    1.600004229293   -0.300132741917
              14 H     -1.552712673575    0.390694034493   -1.623905369774
              15 H     -2.914840951349    0.089556239105    0.882785270063
              16 H     -1.016350174925   -1.833808280453    0.869483336412
------------------------ !GEOMETRY! -------------------------
    Number of atoms:    17 
    Geometry Index:     12 
    Coordinates:
               0 C      1.937815445948    0.149911957614   -0.205920556370
               1 C      0.833579377343   -0.809235240704   -0.727226483403
               2 C     -0.216131880993   -0.056465614918    0.127146860777
               3 C      0.899969291969    0.813518364743    0.739586481058
               4 C     -1.460620054423    0.553826200563   -0.535621222774
               5 N     -2.289723817741   -0.434441872655    0.198785341961
               6 N     -1.129020567057   -0.807299367241    1.022595720086
               7 H      2.346344754478    0.819384595711   -0.969723595726
               8 H      2.769018098969   -0.345937046777    0.302496201333
               9 H      0.967914167587   -1.853753121315   -0.421605623766
              10 H      0.650842046988   -0.782758420329   -1.806900260278
              11 H      1.050206180874    0.603020014219    1.803203509452
              12 H      0.762806411840    1.892331933476    0.605787315975
              13 H     -1.639503617292    1.597289792425   -0.245886105728
              14 H     -1.530184049380    0.451111317065   -1.624038366661
              15 H     -2.960354275963    0.021775492643    0.811080201623
              16 H     -0.992857513146   -1.812278984520    0.926340582440
------------------------ !GEOMETRY! -------------------------
    Number of atoms:    17 
    Geometry Index:     13 
    Coordinates:
               0 C      1.938354268987    0.155373264308   -0.203390942891
               1 C      0.840739194672   -0.809798057462   -0.727677408843
               2 C     -0.216782680560   -0.063335592004    0.121825923184
               3 C      0.894144074652    0.809510140953    0.741603088039
               4 C     -1.461968523979    0.548827646131   -0.539671353332
               5 N     -2.297131257456   -0.417362357891    0.218328261942
               6 N     -1.128190583750   -0.819427858672    1.015536317892
               7 H      2.340789274064    0.829311969404   -0.966043852882
               8 H      2.774621810678   -0.333881297298    0.303191005003
               9 H      0.979107825986   -1.852604613230   -0.418581398914
              10 H      0.660910698089   -0.788013689945   -1.807898173818
              11 H      1.041620199219    0.592884159284    1.804184044794
              12 H      0.752120116247    1.888413111289    0.614674916968
              13 H     -1.628407859630    1.599364920902   -0.270604217473
              14 H     -1.541662959289    0.426387664025   -1.625403577242
              15 H     -2.941356649238    0.057994751449    0.844775744670
              16 H     -1.006806948691   -1.823644161244    0.895251622901
------------------------ !GEOMETRY! -------------------------
    Number of atoms:    17 
    Geometry Index:     14 
    Coordinates:
               0 C      1.936326592157    0.153158651144   -0.216753020232
               1 C      0.831434229381   -0.816194493326   -0.718374415187
               2 C     -0.215387868249   -0.054366173000    0.132390918748
               3 C      0.906056415641    0.810245529376    0.741829374765
               4 C     -1.455264271350    0.561938458244   -0.534376494759
               5 N     -2.285462151979   -0.443149577410    0.175709336558
               6 N     -1.137418438817   -0.796894487998    1.025267697354
               7 H      2.322913808309    0.824493976902   -0.989624485095
               8 H      2.783263522993   -0.330779938971    0.277004496011
               9 H      0.969886258258   -1.853819212422   -0.392806345916
              10 H      0.641983007306   -0.812113861468   -1.796965297110
              11 H      1.064928394099    0.588075260688    1.801591840193
              12 H      0.767530883233    1.890299371266    0.622312849013
              13 H     -1.638930014429    1.596654468791   -0.219171776740
              14 H     -1.515262776279    0.486983983069   -1.625326623017
              15 H     -2.983750340940   -0.002088733594    0.769117431959
              16 H     -0.992747249334   -1.802443221291    0.948274513455
------------------------ !GEOMETRY! -------------------------
    Number of atoms:    17 
    Geometry Index:     15 
    Coordinates:
               0 C      1.935539425596    0.164729237080   -0.212634238156
               1 C      0.843823660750   -0.816683053080   -0.719039738292
               2 C     -0.216840627137   -0.067962525824    0.124795193677
               3 C      0.895260656408    0.801942908141    0.747979609742
               4 C     -1.456310119147    0.551145790492   -0.542853139083
               5 N     -2.300768610913   -0.410121507055    0.212552616817
               6 N     -1.136863182040   -0.820340431162    1.013216387444
               7 H      2.309961767556    0.845539938404   -0.982835017835
               8 H      2.791799634769   -0.307485723140    0.276569955632
               9 H      0.992720912735   -1.851848105308   -0.390406523520
              10 H      0.658544906142   -0.818615018671   -1.798435965586
              11 H      1.051484733519    0.567428587315    1.805325141700
              12 H      0.747047120501    1.882201843752    0.642868243552
              13 H     -1.616825822230    1.602239916015   -0.274080800519
              14 H     -1.532344631180    0.432807707663   -1.629226491552
              15 H     -2.945554070231    0.069885136640    0.835577082039
              16 H     -1.020575755099   -1.824864701262    0.890727683941
------------------------ !GEOMETRY! -------------------------
    Number of atoms:    17 
    Geometry Index:     16 
    Coordinates:
               0 C      1.933743849610    0.160328589863   -0.224472147667
               1 C      0.833023603933   -0.821298386888   -0.710944017816
               2 C     -0.215512762327   -0.057288749767    0.136044228251
               3 C      0.908085805517    0.804241814956    0.747581567237
               4 C     -1.450510635924    0.563578111933   -0.536959568860
               5 N     -2.288571684674   -0.439020954422    0.169418880749
               6 N     -1.144888263027   -0.796971446783    1.024209572899
               7 H      2.297170917836    0.837320655816   -1.003185040965
               8 H      2.797139668398   -0.310137633087    0.253825958937
               9 H      0.980462976805   -1.853036831293   -0.371175196603
              10 H      0.637894149639   -0.835902804657   -1.788382476533
              11 H      1.074727919244    0.567808167952    1.802980376595
              12 H      0.765008928852    1.885551700259    0.646650350283
              13 H     -1.630912391212    1.599098566425   -0.222991409603
              14 H     -1.505442239036    0.492852902878   -1.628448717477
              15 H     -2.987831472942    0.005780163727    0.759319907865
              16 H     -1.003488370694   -1.802903866912    0.946627732708
------------------------ !GEOMETRY! -------------------------
    Number of atoms:    17 
    Geometry Index:     17 
    Coordinates:
               0 C      1.932118840349    0.170293435392   -0.220275255159
               1 C      0.842978273497   -0.820815105427   -0.712519809779
               2 C     -0.216790603926   -0.068885788292    0.129780422872
               3 C      0.898196618304    0.797218055926    0.753522870433
               4 C     -1.451110918117    0.553458541798   -0.544727208517
               5 N     -2.301615302946   -0.409910942932    0.202302611427
               6 N     -1.143581144134   -0.817136916902    1.014379603995
               7 H      2.286595856690    0.855826401674   -0.995636888358
               8 H      2.801746364925   -0.291757239308    0.255112720348
               9 H      0.999684546264   -1.851164222590   -0.372368762166
              10 H      0.652069715474   -0.837394676714   -1.790858059342
              11 H      1.062767167616    0.549703119245    1.806701870080
              12 H      0.747460470990    1.878653123161    0.664473961914
              13 H     -1.612138668124    1.604384694745   -0.274852949743
              14 H     -1.519474445519    0.439961774072   -1.632136650253
              15 H     -2.951790113080    0.069799890150    0.819877493351
              16 H     -1.027016658265   -1.822234143999    0.897324028898
------------------------ !GEOMETRY! -------------------------
    Number of atoms:    17 
    Geometry Index:     18 
    Coordinates:
               0 C      1.930220812274    0.165045784559   -0.231420297732
               1 C      0.831648047932   -0.824792835426   -0.705189082391
               2 C     -0.215453003437   -0.057699527364    0.140870745871
               3 C      0.910914439687    0.800048538434    0.752722647806
               4 C     -1.445563283444    0.565774408654   -0.538542868745
               5 N     -2.288266147343   -0.439617295489    0.159267473236
               6 N     -1.150911288098   -0.793299306269    1.025619456799
               7 H      2.275803708619    0.846464422278   -1.014402432748
               8 H      2.805212733583   -0.296955653677    0.234147649878
               9 H      0.986252764560   -1.852281017937   -0.355545542898
              10 H      0.631262913573   -0.851900481258   -1.781500974640
              11 H      1.085211224524    0.551568095400    1.804208690080
              12 H      0.766235753148    1.882522682557    0.666255009008
              13 H     -1.627694587703    1.600902955863   -0.223385578746
              14 H     -1.492900370593    0.499540025879   -1.630690320273
              15 H     -2.992780638091    0.004259730773    0.743392240198
              16 H     -1.009093079190   -1.799580526977    0.954293185298
------------------------ !GEOMETRY! -------------------------
    Number of atoms:    17 
    Geometry Index:     19 
    Coordinates:
               0 C      1.929280057352    0.172403037912   -0.226993215355
               1 C      0.839718541461   -0.823699058746   -0.707507706699
               2 C     -0.216462575454   -0.066678591721    0.134968847230
               3 C      0.902470798356    0.794967345976    0.756808162133
               4 C     -1.446743230710    0.557337709326   -0.544823499622
               5 N     -2.299029617378   -0.416178053113    0.187122649872
               6 N     -1.148516052294   -0.809582644380    1.017750494462
               7 H      2.269991049828    0.860234982775   -1.006511607828
               8 H      2.807512183782   -0.284170194212    0.238001693727
               9 H      1.000561707288   -1.850566558556   -0.358648079835
              10 H      0.643839118250   -0.850468943274   -1.784822921667
              11 H      1.073866180821    0.538207158149    1.806772102852
              12 H      0.752295725974    1.877425661302    0.678435389436
              13 H     -1.613168017063    1.605293519414   -0.265795071825
              14 H     -1.505722832154    0.454664990298   -1.633786556286
              15 H     -2.963484198129    0.056289364308    0.794927613745
              16 H     -1.026308839931   -1.815479725459    0.914201705659
------------------------ !GEOMETRY! -------------------------
    Number of atoms:    17 
    Geometry Index:     20 
    Coordinates:
               0 C      1.927941533126    0.165910445169   -0.236452485482
               1 C      0.828283508173   -0.826533353001   -0.701468462624
               2 C     -0.215235863031   -0.054976481743    0.145118792248
               3 C      0.914687056904    0.798663048086    0.755063142281
               4 C     -1.442383460502    0.569038318195   -0.538420788588
               5 N     -2.284605795607   -0.445952157146    0.146280282586
               6 N     -1.154572892184   -0.786120185778    1.028638416718
               7 H      2.263626950140    0.848961375260   -1.022341697578
               8 H      2.808929886697   -0.292897544714    0.221164857356
               9 H      0.985443946603   -1.851585235759   -0.345666035511
              10 H      0.623899252352   -0.860681959408   -1.776912874115
              11 H      1.094015350976    0.542951718826    1.804056279732
              12 H      0.771407650152    1.882061837035    0.676603132276
              13 H     -1.630551472818    1.600922478942   -0.215396061469
              14 H     -1.481935962668    0.512173196208   -1.631332154587
              15 H     -3.001095845771   -0.009445594559    0.721258319731
              16 H     -1.007753842543   -1.792489905612    0.969907337025
------------------------ !GEOMETRY! -------------------------
    Number of atoms:    17 
    Geometry Index:     21 
    Coordinates:
               0 C      1.927822114330    0.171856527820   -0.231828153301
               1 C      0.835870204273   -0.825404867234   -0.704192662132
               2 C     -0.216049302157   -0.063022859730    0.139178481799
               3 C      0.906905055836    0.794791546867    0.757754321564
               4 C     -1.444057194685    0.561532397461   -0.543591843773
               5 N     -2.294802548950   -0.425319255281    0.171945335234
               6 N     -1.151673487526   -0.801073887596    1.021515523725
               7 H      2.261632970507    0.859669811890   -1.014343522018
               8 H      2.810173125710   -0.282999326494    0.227153436261
               9 H      0.997495508244   -1.850328813730   -0.349977504615
              10 H      0.636217988774   -0.858109589504   -1.780667111295
              11 H      1.082678896947    0.533854590469    1.806015856027
              12 H      0.758733845136    1.877915731989    0.684187517528
              13 H     -1.617583947178    1.604860482115   -0.251217619360
              14 H     -1.494869813714    0.472919477690   -1.634084334098
              15 H     -2.976763323458    0.036379354292    0.768595011289
              16 H     -1.021630092089   -1.807521321023    0.933657267164
------------------------ !GEOMETRY! -------------------------
    Number of atoms:    17 
    Geometry Index:     22 
    Coordinates:
               0 C      1.927535999869    0.168635237606   -0.235235153090
               1 C      0.830967716384   -0.826161551127   -0.702122185675
               2 C     -0.215565800491   -0.057785054976    0.143151644919
               3 C      0.911979471565    0.796709016613    0.756674149408
               4 C     -1.442689861772    0.566268104012   -0.540854347162
               5 N     -2.288604554744   -0.438111182584    0.155359525370
               6 N     -1.153697895549   -0.791199868399    1.026107151292
               7 H      2.260680124754    0.854154687138   -1.020043203742
               8 H      2.810132604096   -0.288023781644    0.221529823662
               9 H      0.990374785537   -1.850742814576   -0.345932927364
              10 H      0.628048776486   -0.860836858649   -1.777893657006
              11 H      1.090447920977    0.536871922460    1.804793056071
              12 H      0.767074933160    1.880224394642    0.682237151404
              13 H     -1.625641679066    1.602863439539   -0.230277064592
              14 H     -1.485671140941    0.496491689544   -1.632926753989
              15 H     -2.992120096071    0.008407933755    0.738511001566
              16 H     -1.013151304195   -1.797765313354    0.957021788928
------------------------ !GEOMETRY! -------------------------
    Number of atoms:    17 
    Geometry Index:     23 
    Coordinates:
               0 C      1.927563770855    0.170965832349   -0.233338864017
               1 C      0.834096476240   -0.825733209405   -0.703266798327
               2 C     -0.215923576058   -0.061128629302    0.140717047036
               3 C      0.908807237367    0.795182645616    0.757608205178
               4 C     -1.443411778537    0.563308841443   -0.542794772048
               5 N     -2.292659510796   -0.429849638438    0.165685081570
               6 N     -1.152561642092   -0.797262042314    1.023252778294
               7 H      2.260225729403    0.858271018611   -1.016785342029
               8 H      2.810548619848   -0.284167333467    0.224195919309
               9 H      0.995263802516   -1.850310174638   -0.347834015086
              10 H      0.633124753548   -0.859716828972   -1.779458099385
              11 H      1.085785353381    0.533626995545    1.805528881694
              12 H      0.761837207417    1.878538601557    0.684768789549
              13 H     -1.620350483865    1.604392610462   -0.244290800615
              14 H     -1.491070438875    0.481128560291   -1.633878127602
              15 H     -2.982416923519    0.026588114934    0.757427976799
              16 H     -1.018758596832   -1.803835364273    0.942562139679
------------------------ !GEOMETRY! -------------------------
    Number of atoms:    17 
    Geometry Index:     24 
    Coordinates:
               0 C      1.927447020329    0.169090169452   -0.235190047845
               1 C      0.831338066907   -0.826141386535   -0.702153724803
               2 C     -0.215640415358   -0.058154155275    0.142900055930
               3 C      0.911647391151    0.796331283310    0.756942503688
               4 C     -1.442703507712    0.565962029670   -0.541225889032
               5 N     -2.289104503063   -0.437066432431    0.156431768383
               6 N     -1.153651822759   -0.791718944271    1.025806805020
               7 H      2.259975298503    0.855018069248   -1.019897044365
               8 H      2.810427176943   -0.287159188614    0.221259864050
               9 H      0.991146541666   -1.850575106668   -0.345718741451
              10 H      0.628576958233   -0.861108253670   -1.777956117175
              11 H      1.090062433670    0.535575826758    1.804838056532
              12 H      0.766546514360    1.879892678807    0.683424433686
              13 H     -1.624978434449    1.603181806996   -0.232368080907
              14 H     -1.486067573401    0.494450152975   -1.633170566615
              15 H     -2.990991286415    0.010739711702    0.740539878981
              16 H     -1.013929858605   -1.798318261455    0.955636845924
------------------------ !GEOMETRY! -------------------------
    Number of atoms:    17 
    Geometry Index:     25 
    Coordinates:
               0 C      1.927488919231    0.170241759422   -0.234180266601
               1 C      0.832938669312   -0.825907223609   -0.702775296711
               2 C     -0.215811852151   -0.059853338317    0.141641321673
               3 C      0.910022525007    0.795596069378    0.757388463514
               4 C     -1.443100215153    0.564429287336   -0.542200403725
               5 N     -2.291193641926   -0.432863753492    0.161750077532
               6 N     -1.153040138704   -0.794845407522    1.024337444302
               7 H      2.259911147239    0.857040463229   -1.018170140454
               8 H      2.810580064852   -0.285293982693    0.222760930286
               9 H      0.993594201329   -1.850375623782   -0.346812098144
              10 H      0.631196942152   -0.860422313199   -1.778798347116
              11 H      1.087640487272    0.534096945364    1.805222921648
              12 H      0.763867495486    1.879064631871    0.684550586786
              13 H     -1.622295069343    1.603940565314   -0.239459266565
              14 H     -1.488887592863    0.486608727209   -1.633650478148
              15 H     -2.986068417665    0.020000034633    0.750278032194
              16 H     -1.016743524072   -1.801456841142    0.948216519528
------------------------ !GEOMETRY! -------------------------
    Number of atoms:    17 
    Geometry Index:     26 
    Coordinates:
               0 C      1.927454066763    0.169506053390   -0.234869237559
               1 C      0.831877830322   -0.826047303266   -0.702365836275
               2 C     -0.215704877032   -0.058705109827    0.142470196147
               3 C      0.911108140818    0.796049139016    0.757121165392
               4 C     -1.442844106172    0.565437301917   -0.541597700108
               5 N     -2.289820581200   -0.435638166832    0.158226418918
               6 N     -1.153443494283   -0.792718812137    1.025319965996
               7 H      2.259880901762    0.855764145043   -1.019329293701
               8 H      2.810508655364   -0.286488794152    0.221690688403
               9 H      0.991988205289   -1.850479374919   -0.346061767260
              10 H      0.629457656019   -0.860889673595   -1.778241977343
              11 H      1.089256999521    0.534882610595    1.804955567233
              12 H      0.765680268669    1.879595282518    0.683992769542
              13 H     -1.624095386142    1.603463937220   -0.234902723632
              14 H     -1.487000755462    0.491690859694   -1.633370983089
              15 H     -2.989329139168    0.013910836795    0.743829622233
              16 H     -1.014874385067   -1.799332931461    0.953233125103
------------------------ !GEOMETRY! -------------------------
    Number of atoms:    17 
    Geometry Index:     27 
    Coordinates:
               0 C      1.927475026924    0.170028210688   -0.234406158273
               1 C      0.832612007264   -0.825945423353   -0.702649930800
               2 C     -0.215782961354   -0.059491210530    0.141895927920
               3 C      0.910362499623    0.795717059130    0.757317270074
               4 C     -1.443022510158    0.564740235837   -0.542033163816
               5 N     -2.290771382989   -0.433720684517    0.160653221202
               6 N     -1.153167921091   -0.794154794783    1.024649750990
               7 H      2.259864766531    0.856676807205   -1.018539914745
               8 H      2.810574187206   -0.285640578591    0.222389033062
               9 H      0.993109427990   -1.850395904409   -0.346568502771
              10 H      0.630656744967   -0.860574916186   -1.778626402332
              11 H      1.088147955286    0.534242087195    1.805130963084
              12 H      0.764443510784    1.879216931367    0.684468931608
              13 H     -1.622859204168    1.603805299306   -0.238108334340
              14 H     -1.488292830034    0.488141667461   -1.633581243362
              15 H     -2.987084142884    0.018128714052    0.748267965579
              16 H     -1.016165173896   -1.800773499873    0.949840586918
------------------------ !GEOMETRY! -------------------------
    Number of atoms:    17 
    Geometry Index:     28 
    Coordinates:
               0 C      1.927467927988    0.169778428029   -0.234631906061
               1 C      0.832257908418   -0.825989907735   -0.702518368796
               2 C     -0.215747272476   -0.059102728926    0.142168101419
               3 C      0.910726245438    0.795872453164    0.757225698493
               4 C     -1.442943813868    0.565075511119   -0.541833749792
               5 N     -2.290313495151   -0.434651404252    0.159481181614
               6 N     -1.153297631706   -0.793441639035    1.024977756675
               7 H      2.259873409191    0.856243590297   -1.018920271326
               8 H      2.810547333618   -0.286051084607    0.222044718389
               9 H      0.992566001639   -1.850432673127   -0.346330559103
              10 H      0.630080513845   -0.860719460545   -1.778447657843
              11 H      1.088682551958    0.534510539567    1.805041681362
              12 H      0.765055435236    1.879399571995    0.684277758691
              13 H     -1.623471584195    1.603643907268   -0.236586998980
              14 H     -1.487674744441    0.489835885382   -1.633489867354
              15 H     -2.988175755917    0.016090803580    0.746120384049
              16 H     -1.015533029578   -1.800061792173    0.951522098562
------------------------ !GEOMETRY! -------------------------
    Number of atoms:    17 
    Geometry Index:     29 
    Coordinates:
               0 C      1.927475558355    0.170026970542   -0.234414448414
               1 C      0.832603722903   -0.825942393476   -0.702650557310
               2 C     -0.215783456165   -0.059476968262    0.141901521828
               3 C      0.910373255200    0.795714796502    0.757322105006
               4 C     -1.443023917366    0.564744925189   -0.542037980230
               5 N     -2.290762236590   -0.433744395280    0.160625355431
               6 N     -1.153171572069   -0.794122249945    1.024663867190
               7 H      2.259859190183    0.856677686199   -1.018549965390
               8 H      2.810578717343   -0.285647189654    0.222369218954
               9 H      0.993097553274   -1.850394592297   -0.346570706792
              10 H      0.630641581026   -0.860570244588   -1.778626601018
              11 H      1.088163418521    0.534211172427    1.805128597850
              12 H      0.764467452513    1.879219105115    0.684502674532
              13 H     -1.622882433061    1.603804606631   -0.238104389473
              14 H     -1.488277749577    0.488155009660   -1.633586470713
              15 H     -2.987109550705    0.018086196869    0.748214464927
              16 H     -1.016149533783   -1.800742435631    0.949913313622
------------------------ !GEOMETRY! -------------------------
    Number of atoms:    17 
    Geometry Index:     30 
    Coordinates:
               0 C      1.927471651713    0.169881229061   -0.234543718789
               1 C      0.832401005122   -0.825970545473   -0.702572950292
               2 C     -0.215762416035   -0.059254989005    0.142056005059
               3 C      0.910582042293    0.795806019358    0.757263397423
               4 C     -1.442978371960    0.564940613709   -0.541919851237
               5 N     -2.290497057393   -0.434278216335    0.159951782106
               6 N     -1.153244321471   -0.793717560059    1.024845709296
               7 H      2.259866125116    0.856422987303   -1.018768756794
               8 H      2.810561344040   -0.285882633082    0.222176686201
               9 H      0.992785268025   -1.850414984222   -0.346425285336
              10 H      0.630313867687   -0.860661390536   -1.778520824154
              11 H      1.088467858462    0.534377038334    1.805072981623
              12 H      0.764816123356    1.879324356787    0.684377931092
              13 H     -1.623232247822    1.603709507118   -0.237210088249
              14 H     -1.487925526221    0.489147258477   -1.633532034468
              15 H     -2.987741335719    0.016910621523    0.746978240357
              16 H     -1.015784009193   -1.800339312955    0.950870776161
