-------------------------------------------------------------
----------------------- !PROPERTIES! ------------------------
-------------------------------------------------------------
# -----------------------------------------------------------
$ PAL_Flags
   description: The PAL Flags
   geom. index: 1
   prop. index: 1
        Diskflag:     2
# -----------------------------------------------------------
$ SCF_Energy
   description: The SCF energy
   geom. index: 1
   prop. index: 1
        SCF Energy:     -424.1446100530
# -----------------------------------------------------------
$ DFT_Energy
   description: The DFT energy
   geom. index: 1
   prop. index: 1
   Number of Alpha Electrons                 39.0000230451 
   Number of Beta  Electrons                 39.0000230451 
   Total number of  Electrons                78.0000460902 
   Exchange energy                          -40.0441148770 
   Correlation energy                        -3.1754932950 
   Correlation energy NL                      0.0000000000 
   Exchange-Correlation energy              -43.2196081720 
   Embedding correction                       0.0000000000 
   Total DFT Energy (No VdW correction)    -424.1446100530 
# -----------------------------------------------------------
$ Mayer_Pop
   description: The Mayer population analysis
   geom. index: 1
   prop. index: 1
     Number of atoms                     : 26
     Threshold for printing              : 0.1000000
     Number of bond orders printed       : 32
  NA   - Mulliken gross atomic population
  ZA   - Total nuclear charge
  QA   - Mulliken gross atomic charge
  VA   - Mayer's total valence
  BVA  - Mayer's bonded valence
  FA   - Mayer's free valence
  ATOM       NA         ZA         QA         VA         BVA        FA
  0   0     6.4281     6.0000    -0.4281     3.9251     3.9251     0.0000
  1   0     6.2621     6.0000    -0.2621     3.7058     3.7058     0.0000
  2   0     6.2182     6.0000    -0.2182     3.5333     3.5333    -0.0000
  3   0     5.8065     6.0000     0.1935     3.2739     3.2739     0.0000
  4   0     6.5904     6.0000    -0.5904     4.1372     4.1372     0.0000
  5   0     7.3095     7.0000    -0.3095     2.4868     2.4868    -0.0000
  6   0     6.2249     6.0000    -0.2249     3.7161     3.7161     0.0000
  7   0     6.2099     6.0000    -0.2099     3.6160     3.6160    -0.0000
  8   0     7.3503     7.0000    -0.3503     2.6537     2.6537     0.0000
  9   0     6.3318     6.0000    -0.3318     3.9460     3.9460     0.0000
 10   0     0.8363     1.0000     0.1637     0.9299     0.9299     0.0000
 11   0     0.8613     1.0000     0.1387     0.9536     0.9536     0.0000
 12   0     0.8476     1.0000     0.1524     0.9316     0.9316     0.0000
 13   0     0.8429     1.0000     0.1571     0.9307     0.9307     0.0000
 14   0     0.8306     1.0000     0.1694     0.9392     0.9392    -0.0000
 15   0     0.8269     1.0000     0.1731     0.9081     0.9081    -0.0000
 16   0     0.8426     1.0000     0.1574     0.9156     0.9156     0.0000
 17   0     0.8572     1.0000     0.1428     0.9307     0.9307     0.0000
 18   0     0.6833     1.0000     0.3167     0.8242     0.8242    -0.0000
 19   0     0.8670     1.0000     0.1330     0.9549     0.9549     0.0000
 20   0     0.8594     1.0000     0.1406     0.9275     0.9275     0.0000
 21   0     0.8569     1.0000     0.1431     0.9235     0.9235    -0.0000
 22   0     0.8390     1.0000     0.1610     0.9216     0.9216    -0.0000
 23   0     0.7106     1.0000     0.2894     0.8532     0.8532     0.0000
 24   0     0.8455     1.0000     0.1545     0.9229     0.9229     0.0000
 25   0     0.8612     1.0000     0.1388     0.9372     0.9372     0.0000
      Bond orders larger than 0.1000000
           Atom A     A.N. of A          Atom B    A.N. of B              Bond order
                0             6               1            6                0.946838
                0             6               6            6                0.980919
                0             6              10            1                0.994267
                0             6              11            1                0.942416
                1             6               2            6                0.887959
                1             6              12            1                0.973813
                1             6              13            1                0.932689
                2             6               3            6                0.856388
                2             6               5            7               -0.137602
                2             6               8            7               -0.133076
                2             6              14            1                0.975859
                2             6              15            1                0.917008
                3             6               4            6                0.765402
                3             6               7            6                0.745212
                3             6               8            7                0.107350
                3             6               9            6                0.925186
                3             6              22            1               -0.127575
                4             6               5            7                0.930013
                4             6               9            6                0.140564
                4             6              16            1                0.989282
                4             6              17            1                1.021153
                5             7               6            6                0.924656
                5             7              18            1                0.853261
                6             6              19            1                0.991473
                6             6              20            1                0.980945
                7             6               8            7                0.890876
                7             6              21            1                0.976210
                7             6              22            1                0.987925
                8             7               9            6                0.927305
                8             7              23            1                0.870691
                9             6              24            1                0.972579
                9             6              25            1                0.967532
# -----------------------------------------------------------
$ VdW_Correction
   description: The Van der Waals Correction
   geom. index: 1
   prop. index: 1
        Van der Waals Correction:       -0.0464067373
# -----------------------------------------------------------
$ Hessian
   description: Details about the Hessian
   geom. index: 1
   prop. index: 1
Normal modes:
Number of Rows: 78 Number of Columns: 78
                  0          1          2          3          4          5    
      0       0.000000   0.000000   0.000000   0.000000   0.000000   0.000000
      1       0.000000   0.000000   0.000000   0.000000   0.000000   0.000000
      2       0.000000   0.000000   0.000000   0.000000   0.000000   0.000000
      3       0.000000   0.000000   0.000000   0.000000   0.000000   0.000000
      4       0.000000   0.000000   0.000000   0.000000   0.000000   0.000000
      5       0.000000   0.000000   0.000000   0.000000   0.000000   0.000000
      6       0.000000   0.000000   0.000000   0.000000   0.000000   0.000000
      7       0.000000   0.000000   0.000000   0.000000   0.000000   0.000000
      8       0.000000   0.000000   0.000000   0.000000   0.000000   0.000000
      9       0.000000   0.000000   0.000000   0.000000   0.000000   0.000000
     10       0.000000   0.000000   0.000000   0.000000   0.000000   0.000000
     11       0.000000   0.000000   0.000000   0.000000   0.000000   0.000000
     12       0.000000   0.000000   0.000000   0.000000   0.000000   0.000000
     13       0.000000   0.000000   0.000000   0.000000   0.000000   0.000000
     14       0.000000   0.000000   0.000000   0.000000   0.000000   0.000000
     15       0.000000   0.000000   0.000000   0.000000   0.000000   0.000000
     16       0.000000   0.000000   0.000000   0.000000   0.000000   0.000000
     17       0.000000   0.000000   0.000000   0.000000   0.000000   0.000000
     18       0.000000   0.000000   0.000000   0.000000   0.000000   0.000000
     19       0.000000   0.000000   0.000000   0.000000   0.000000   0.000000
     20       0.000000   0.000000   0.000000   0.000000   0.000000   0.000000
     21       0.000000   0.000000   0.000000   0.000000   0.000000   0.000000
     22       0.000000   0.000000   0.000000   0.000000   0.000000   0.000000
     23       0.000000   0.000000   0.000000   0.000000   0.000000   0.000000
     24       0.000000   0.000000   0.000000   0.000000   0.000000   0.000000
     25       0.000000   0.000000   0.000000   0.000000   0.000000   0.000000
     26       0.000000   0.000000   0.000000   0.000000   0.000000   0.000000
     27       0.000000   0.000000   0.000000   0.000000   0.000000   0.000000
     28       0.000000   0.000000   0.000000   0.000000   0.000000   0.000000
     29       0.000000   0.000000   0.000000   0.000000   0.000000   0.000000
     30       0.000000   0.000000   0.000000   0.000000   0.000000   0.000000
     31       0.000000   0.000000   0.000000   0.000000   0.000000   0.000000
     32       0.000000   0.000000   0.000000   0.000000   0.000000   0.000000
     33       0.000000   0.000000   0.000000   0.000000   0.000000   0.000000
     34       0.000000   0.000000   0.000000   0.000000   0.000000   0.000000
     35       0.000000   0.000000   0.000000   0.000000   0.000000   0.000000
     36       0.000000   0.000000   0.000000   0.000000   0.000000   0.000000
     37       0.000000   0.000000   0.000000   0.000000   0.000000   0.000000
     38       0.000000   0.000000   0.000000   0.000000   0.000000   0.000000
     39       0.000000   0.000000   0.000000   0.000000   0.000000   0.000000
     40       0.000000   0.000000   0.000000   0.000000   0.000000   0.000000
     41       0.000000   0.000000   0.000000   0.000000   0.000000   0.000000
     42       0.000000   0.000000   0.000000   0.000000   0.000000   0.000000
     43       0.000000   0.000000   0.000000   0.000000   0.000000   0.000000
     44       0.000000   0.000000   0.000000   0.000000   0.000000   0.000000
     45       0.000000   0.000000   0.000000   0.000000   0.000000   0.000000
     46       0.000000   0.000000   0.000000   0.000000   0.000000   0.000000
     47       0.000000   0.000000   0.000000   0.000000   0.000000   0.000000
     48       0.000000   0.000000   0.000000   0.000000   0.000000   0.000000
     49       0.000000   0.000000   0.000000   0.000000   0.000000   0.000000
     50       0.000000   0.000000   0.000000   0.000000   0.000000   0.000000
     51       0.000000   0.000000   0.000000   0.000000   0.000000   0.000000
     52       0.000000   0.000000   0.000000   0.000000   0.000000   0.000000
     53       0.000000   0.000000   0.000000   0.000000   0.000000   0.000000
     54       0.000000   0.000000   0.000000   0.000000   0.000000   0.000000
     55       0.000000   0.000000   0.000000   0.000000   0.000000   0.000000
     56       0.000000   0.000000   0.000000   0.000000   0.000000   0.000000
     57       0.000000   0.000000   0.000000   0.000000   0.000000   0.000000
     58       0.000000   0.000000   0.000000   0.000000   0.000000   0.000000
     59       0.000000   0.000000   0.000000   0.000000   0.000000   0.000000
     60       0.000000   0.000000   0.000000   0.000000   0.000000   0.000000
     61       0.000000   0.000000   0.000000   0.000000   0.000000   0.000000
     62       0.000000   0.000000   0.000000   0.000000   0.000000   0.000000
     63       0.000000   0.000000   0.000000   0.000000   0.000000   0.000000
     64       0.000000   0.000000   0.000000   0.000000   0.000000   0.000000
     65       0.000000   0.000000   0.000000   0.000000   0.000000   0.000000
     66       0.000000   0.000000   0.000000   0.000000   0.000000   0.000000
     67       0.000000   0.000000   0.000000   0.000000   0.000000   0.000000
     68       0.000000   0.000000   0.000000   0.000000   0.000000   0.000000
     69       0.000000   0.000000   0.000000   0.000000   0.000000   0.000000
     70       0.000000   0.000000   0.000000   0.000000   0.000000   0.000000
     71       0.000000   0.000000   0.000000   0.000000   0.000000   0.000000
     72       0.000000   0.000000   0.000000   0.000000   0.000000   0.000000
     73       0.000000   0.000000   0.000000   0.000000   0.000000   0.000000
     74       0.000000   0.000000   0.000000   0.000000   0.000000   0.000000
     75       0.000000   0.000000   0.000000   0.000000   0.000000   0.000000
     76       0.000000   0.000000   0.000000   0.000000   0.000000   0.000000
     77       0.000000   0.000000   0.000000   0.000000   0.000000   0.000000
                  6          7          8          9         10         11    
      0       0.027241  -0.024375   0.012421  -0.249581  -0.034233   0.042348
      1       0.092234   0.043429  -0.078055   0.012533   0.066168   0.034781
      2       0.055064   0.092189  -0.084302  -0.042647   0.075126  -0.134326
      3       0.104785   0.009711  -0.044186  -0.162714  -0.034686   0.007440
      4      -0.023525  -0.003767   0.008639  -0.120238   0.076887   0.035573
      5       0.000394  -0.013749  -0.125887  -0.020412  -0.178033   0.063340
      6       0.019674  -0.051022   0.035208  -0.069016  -0.037647  -0.076799
      7      -0.139788  -0.053476   0.065977  -0.112202  -0.039523  -0.091096
      8      -0.036964  -0.095249   0.012092   0.092426   0.015043   0.101697
      9      -0.007804   0.006017  -0.008972   0.119503  -0.037495  -0.032234
     10      -0.120870  -0.010715  -0.002352  -0.008731   0.037337  -0.027171
     11      -0.009581  -0.107739  -0.000751   0.077337   0.091602   0.100738
     12      -0.038919   0.052817   0.030588   0.010456   0.035105   0.040769
     13      -0.133333  -0.059270  -0.078543   0.001985  -0.075396  -0.145107
     14      -0.044005  -0.087635  -0.007279  -0.013245   0.038372   0.109715
     15      -0.104216  -0.008177  -0.052944  -0.036751   0.119579   0.009641
     16      -0.008520  -0.002058  -0.006601   0.180423  -0.022084  -0.010124
     17      -0.024711  -0.023101   0.103955  -0.132639  -0.136539   0.046248
     18      -0.023907   0.025764   0.028504  -0.128879   0.139041   0.048233
     19       0.086644   0.034775   0.090397   0.080017  -0.000382   0.065606
     20       0.045478   0.087283   0.091727   0.012926   0.029326  -0.097543
     21       0.108155   0.093630   0.017076   0.144281  -0.108043  -0.042472
     22      -0.016852   0.056002   0.095227   0.026784  -0.008382   0.062499
     23       0.047565  -0.049877  -0.115873   0.008749   0.062657  -0.045422
     24       0.027090  -0.027898  -0.003975   0.184606  -0.050464  -0.017592
     25       0.238106  -0.077379   0.002209  -0.025821  -0.011334  -0.003084
     26      -0.081446   0.246615   0.002590   0.006284  -0.021372  -0.018358
     27      -0.122514  -0.066624  -0.026235   0.193109   0.002870   0.019877
     28       0.000085   0.062037  -0.095768  -0.028108   0.007817   0.086062
     29       0.035968  -0.068048   0.121477   0.040164   0.054444  -0.086941
     30      -0.048383  -0.114716   0.073770  -0.306458  -0.222429   0.166967
     31       0.104030   0.049947  -0.237001  -0.021992   0.104202   0.035199
     32       0.057162   0.097988  -0.019332  -0.021715   0.074919  -0.145750
     33       0.087918   0.007111  -0.025165  -0.190853  -0.013139  -0.016213
     34       0.163100   0.069726  -0.098659   0.085229   0.055814  -0.027049
     35       0.091495   0.161162  -0.215981  -0.026710   0.261469  -0.204415
     36       0.178057   0.099664  -0.119699  -0.239475  -0.011607  -0.064615
     37      -0.030554  -0.001858   0.111492  -0.083622   0.337814  -0.078452
     38      -0.007420  -0.027533  -0.152720  -0.022038  -0.279077   0.117043
     39       0.156164  -0.006359  -0.066095  -0.054689  -0.048178   0.127285
     40      -0.015556  -0.003610  -0.060662  -0.130184  -0.093265   0.098382
     41       0.000706  -0.010105  -0.215007  -0.055577  -0.404697   0.124094
     42      -0.056333  -0.119212   0.140796  -0.023656  -0.018513  -0.163096
     43      -0.152425  -0.072390   0.097877  -0.216809  -0.127283  -0.150341
     44       0.000210  -0.056501  -0.052817   0.161133   0.078823   0.180978
     45       0.057561  -0.064800   0.056656  -0.170562   0.000212  -0.038853
     46      -0.206984  -0.078857   0.106155  -0.061985  -0.106898  -0.199041
     47      -0.084714  -0.161995   0.113963   0.000408  -0.034186  -0.010390
     48      -0.083539   0.068554   0.059054  -0.129085   0.063146   0.037716
     49      -0.195111  -0.089403  -0.123986  -0.106447  -0.100136  -0.246978
     50      -0.100514  -0.153905  -0.112570  -0.041936  -0.033574  -0.057482
     51       0.031672   0.114345   0.129619   0.042061  -0.046811   0.094612
     52      -0.156899  -0.090099  -0.123671  -0.024298  -0.184543  -0.266398
     53       0.001490  -0.040049   0.069511   0.016506   0.101166   0.234691
     54      -0.153362  -0.004693  -0.089520  -0.008215   0.091007  -0.099108
     55      -0.001646  -0.005967   0.032151   0.091579  -0.072057   0.021219
     56      -0.041275  -0.028072   0.152123  -0.283071  -0.240790   0.038051
     57      -0.076837  -0.004906  -0.029325  -0.099655   0.107467   0.045733
     58       0.163927   0.065136   0.130435  -0.011893   0.026300   0.063094
     59       0.072257   0.147192   0.257755   0.147042   0.104198  -0.075310
     60       0.055816   0.118504   0.156939  -0.039159   0.262777   0.025411
     61       0.075942   0.020529   0.246076   0.110256  -0.069459   0.144913
     62       0.058376   0.102880   0.036997   0.006778   0.069404  -0.134308
     63       0.266053   0.053111   0.031323   0.161108  -0.135148   0.011238
     64       0.013820   0.003000   0.051864   0.009091   0.007376   0.020148
     65       0.195975  -0.251010  -0.266053  -0.046927   0.111682  -0.189821
     66       0.055721   0.272311   0.026689   0.111086  -0.159186  -0.100832
     67      -0.147569   0.253422   0.252514   0.090166  -0.065512   0.219811
     68       0.030208  -0.010346  -0.101622   0.009020   0.051628  -0.040822
     69       0.218838  -0.286668  -0.003722   0.164133   0.003560  -0.122459
     70       0.314747  -0.109258  -0.087234  -0.057219  -0.008359  -0.020402
     71      -0.109775   0.341763  -0.068349  -0.007361  -0.044508   0.018093
     72      -0.302887   0.020695  -0.033921   0.193158   0.014201  -0.005924
     73       0.067782  -0.011610  -0.044292  -0.032099   0.012841   0.020165
     74       0.161355  -0.257942   0.277219   0.026994   0.075565  -0.302887
     75      -0.109644  -0.198789  -0.045563   0.237738   0.046977   0.127280
     76      -0.143580   0.282757  -0.257836  -0.025056  -0.021338   0.297297
     77       0.030495  -0.066009   0.112726   0.042788   0.055711  -0.073471
                 12         13         14         15         16         17    
      0      -0.004553  -0.021579  -0.091110   0.022642  -0.085498   0.074948
      1      -0.066150  -0.013926   0.109668  -0.017071   0.030209  -0.052709
      2      -0.043135  -0.087190  -0.031379   0.006427   0.002962   0.050858
      3      -0.056143  -0.037330  -0.124254  -0.026336   0.029239   0.012496
      4       0.007365  -0.034065   0.155847   0.051605  -0.146297   0.069281
      5       0.037950   0.103946  -0.038268   0.003576  -0.034339   0.000602
      6       0.028458  -0.097477  -0.090834   0.000510   0.128843  -0.027244
      7       0.122974  -0.064313   0.081281   0.001277   0.023221  -0.012365
      8       0.023385  -0.036679   0.012408   0.134700   0.012420   0.025728
      9      -0.000201  -0.005447   0.016933  -0.013392  -0.009874   0.009001
     10       0.001835  -0.006686  -0.072560  -0.146671  -0.054807  -0.007549
     11      -0.021240  -0.063998  -0.075743   0.018710   0.012307  -0.014383
     12       0.014667   0.090153   0.091913  -0.069588   0.077781   0.067742
     13      -0.088527   0.078999  -0.052935   0.068506  -0.022792  -0.016917
     14      -0.058976  -0.010866   0.024741   0.057507   0.081629  -0.003729
     15      -0.028294   0.135826   0.032766   0.036708   0.071777   0.020299
     16       0.002848   0.097720  -0.046289   0.007512   0.121746   0.147967
     17      -0.065416  -0.033203   0.155131  -0.073674   0.029029  -0.014361
     18       0.029548   0.118934   0.022112   0.051158  -0.029273  -0.100760
     19       0.064596   0.074361  -0.027219   0.014846  -0.000479  -0.033460
     20       0.075754  -0.005611  -0.119746   0.029401  -0.031152   0.038427
     21      -0.007346  -0.023371   0.121511   0.082049  -0.032713   0.000952
     22      -0.104879  -0.050073  -0.105366  -0.035121  -0.021400  -0.029486
     23       0.116599   0.001169   0.037226  -0.071085  -0.036438  -0.006913
     24       0.000515  -0.070719   0.060081   0.003244  -0.082712  -0.026995
     25       0.000978   0.009538   0.009884   0.018935   0.013317   0.001158
     26       0.003067   0.008666   0.025547   0.006897  -0.005224   0.000983
     27       0.007483  -0.102359  -0.028686  -0.082361  -0.087163  -0.033704
     28       0.058183  -0.074594  -0.071296  -0.036573   0.014401  -0.010053
     29      -0.085823   0.076169  -0.024219  -0.077253  -0.035318  -0.003993
     30       0.111134   0.075147  -0.178701   0.107640  -0.304880   0.352416
     31      -0.193419  -0.052850   0.273801  -0.087768   0.137051  -0.242352
     32       0.003461  -0.077430  -0.097261   0.029973  -0.024106   0.108125
     33      -0.053609  -0.072677  -0.122678  -0.030037   0.053244  -0.020513
     34      -0.099569  -0.070291   0.029077  -0.067473   0.169758  -0.106963
     35      -0.187479  -0.142174   0.170080  -0.079257   0.199936  -0.293547
     36      -0.126017  -0.049224  -0.169301  -0.116295   0.024830   0.029562
     37      -0.049745  -0.292030   0.238641   0.239835  -0.199567   0.288310
     38       0.070825   0.202619  -0.063527  -0.055024  -0.010128  -0.086396
     39      -0.075932   0.041456  -0.091304   0.004636   0.061110  -0.055832
     40       0.041908   0.129245   0.096455  -0.073121  -0.090344  -0.084614
     41       0.088070   0.309855  -0.127047  -0.170538   0.032509  -0.192132
     42       0.111275  -0.203776  -0.121262   0.022629   0.384722  -0.126808
     43       0.248204  -0.118892   0.164748   0.130362   0.205544  -0.044666
     44      -0.105026   0.047247  -0.045797   0.023995  -0.222915   0.087999
     45       0.018896  -0.131675  -0.084126   0.055692   0.148744  -0.008244
     46       0.225845  -0.105044   0.095890   0.016271   0.210091  -0.089294
     47       0.181774  -0.163276   0.046974   0.257161   0.360271  -0.071825
     48       0.022630   0.099559   0.114721  -0.170534   0.060865   0.035677
     49      -0.157655   0.109170  -0.062124   0.198180  -0.112376  -0.141146
     50      -0.187284   0.029523  -0.015656   0.388686  -0.048001  -0.177335
     51       0.052558   0.096210   0.191253  -0.199479   0.178713   0.195610
     52      -0.198655   0.122137  -0.022593   0.316067  -0.085509  -0.114720
     53       0.046495  -0.045541   0.041993  -0.203903   0.172281   0.125095
     54      -0.038475   0.129696  -0.039485   0.037603   0.063695   0.096563
     55      -0.013629   0.080279   0.043364  -0.030601   0.056660   0.024312
     56      -0.100070  -0.072537   0.273587  -0.141877  -0.101902  -0.204095
     57      -0.038886   0.114794   0.093952   0.013937   0.061577   0.022432
     58       0.111457   0.022735  -0.099220   0.051079  -0.129126  -0.138201
     59       0.274011   0.180758  -0.258231   0.106172  -0.090219  -0.263177
     60       0.231951   0.239442  -0.180343   0.151537  -0.154302  -0.381394
     61       0.164629   0.190551  -0.047306   0.017795  -0.026983  -0.206285
     62       0.051240  -0.045279  -0.127914   0.035721  -0.031546   0.085391
     63      -0.041669  -0.052325   0.131917   0.213947   0.016629  -0.005202
     64      -0.045222  -0.028264  -0.068761  -0.077580  -0.040757  -0.020505
     65       0.319600   0.076838   0.173391  -0.189694  -0.094578   0.026249
     66       0.012712   0.017959   0.192252   0.071450  -0.044767   0.020435
     67      -0.324489  -0.130931  -0.246104   0.119231   0.047167  -0.064806
     68       0.101764   0.000308   0.035488  -0.060229  -0.032376  -0.007316
     69       0.032618   0.028366   0.113532  -0.060327  -0.089954  -0.002134
     70       0.090140   0.019647   0.065283   0.029628   0.029200   0.016486
     71       0.058358  -0.031629   0.044700   0.045984   0.009132   0.000406
     72       0.006747  -0.091758  -0.058631  -0.188912  -0.127265  -0.037007
     73       0.020603  -0.008979  -0.049952  -0.062422   0.004401  -0.000741
     74      -0.200405   0.283544   0.028900  -0.204051  -0.083156   0.023012
     75       0.018109  -0.210814  -0.099938  -0.047826  -0.077850  -0.063381
     76       0.181288  -0.280979  -0.112895   0.095060   0.068314  -0.035801
     77      -0.079361   0.062896  -0.028726  -0.070390  -0.033201  -0.006407
                 18         19         20         21         22         23    
      0      -0.012918   0.158072   0.118117   0.003825   0.023809  -0.067604
      1       0.015436  -0.060300  -0.056484  -0.105624   0.014901   0.006913
      2      -0.014461   0.086968   0.073954  -0.028081  -0.037574   0.046733
      3       0.013627  -0.043397  -0.072388   0.025894   0.056036   0.003516
      4      -0.051682  -0.156602  -0.079486   0.060820  -0.067225   0.005350
      5       0.030857   0.022468   0.009346   0.006649   0.049320   0.063165
      6       0.054061  -0.112803  -0.068720   0.089492  -0.027442   0.037235
      7      -0.067046  -0.012813   0.041672   0.062748   0.034118  -0.023035
      8       0.244553   0.050853  -0.054393   0.018172   0.035975  -0.045802
      9       0.093214  -0.092532   0.089351   0.001595   0.007726  -0.015080
     10       0.027049   0.021114   0.003512   0.016974   0.078948   0.005816
     11      -0.021304  -0.023829  -0.011169   0.024326  -0.072141   0.030329
     12       0.094251  -0.059325  -0.056731  -0.077493   0.040612  -0.029142
     13       0.053338   0.034650  -0.048002   0.029477  -0.002438   0.082055
     14      -0.238513  -0.059220   0.089354  -0.005344   0.139094   0.025313
     15      -0.032763  -0.027452  -0.057974  -0.024771   0.008976   0.018564
     16      -0.049702   0.085845   0.039985   0.083179  -0.063295  -0.025545
     17       0.033754   0.018648  -0.003933   0.034599  -0.032165  -0.052756
     18      -0.009817   0.125040   0.074277   0.025487  -0.117943  -0.003268
     19       0.006348   0.060633   0.063498  -0.070896  -0.009459  -0.005652
     20      -0.031367  -0.104172  -0.082282  -0.020368  -0.011189  -0.058625
     21      -0.042846  -0.033293   0.098604   0.025828   0.015714   0.024650
     22      -0.036262   0.089801  -0.139280  -0.029035   0.008579  -0.054186
     23      -0.036666   0.079789  -0.122434  -0.017607  -0.026082   0.013808
     24      -0.115184   0.136633  -0.188731   0.004123   0.017434  -0.024271
     25       0.004379  -0.005513   0.003577   0.003883  -0.004113   0.001112
     26      -0.005480   0.005326  -0.000860   0.000909   0.011880  -0.004143
     27      -0.014968  -0.031201   0.099458  -0.037067  -0.019574   0.005057
     28       0.072034  -0.089758   0.144507  -0.031142  -0.002018   0.000807
     29       0.032466  -0.075075   0.114761  -0.022933  -0.060928  -0.010954
     30      -0.081303   0.002075  -0.008630  -0.308328   0.014113   0.208215
     31       0.109410   0.102673   0.057150   0.149289   0.187840  -0.016590
     32      -0.049478   0.032456   0.038233  -0.110279  -0.113177   0.029421
     33       0.044325   0.218644   0.142248   0.093800   0.161099  -0.181444
     34       0.070231  -0.033641  -0.063639  -0.065868   0.192446  -0.103493
     35       0.080235   0.316352   0.255584   0.374071  -0.021615  -0.154148
     36      -0.175697  -0.042860  -0.051456  -0.138586   0.005644   0.154234
     37       0.264874   0.099054   0.025316   0.033524   0.264873   0.223411
     38      -0.062310  -0.077904  -0.035294   0.043142  -0.072608  -0.042700
     39       0.131392  -0.155198  -0.250915  -0.072106   0.017788  -0.056123
     40      -0.253417  -0.337758  -0.157464   0.069715  -0.278425  -0.130373
     41      -0.262098  -0.193788  -0.058246   0.038994  -0.228137  -0.108816
     42       0.015430   0.006464  -0.063494  -0.196157  -0.141343   0.060560
     43      -0.147556   0.111187   0.039873  -0.171867   0.038441   0.005575
     44       0.323406  -0.091015  -0.054565   0.304373   0.074911  -0.076927
     45      -0.007966  -0.181131  -0.187297   0.110047  -0.100266   0.023783
     46      -0.091196   0.156602   0.148704  -0.194422   0.051703   0.022946
     47       0.105256   0.225289  -0.082504  -0.377742  -0.060719   0.004432
     48       0.101180  -0.046759  -0.177778  -0.076334   0.129300   0.060064
     49       0.093924  -0.063963  -0.082455  -0.100744   0.026889  -0.064562
     50      -0.185090  -0.246337   0.164301  -0.229438   0.098271  -0.318455
     51       0.149268   0.034545  -0.081765   0.024095  -0.009858   0.021831
     52       0.123944  -0.085147   0.011632  -0.129422  -0.048309  -0.202154
     53      -0.278443   0.084261   0.029260   0.170826   0.155817   0.286036
     54       0.005919  -0.092845  -0.162858   0.057738   0.034778  -0.057921
     55       0.108128   0.171628   0.027985  -0.026852  -0.170267   0.262106
     56       0.348503   0.129074  -0.094216  -0.139594  -0.205179   0.463900
     57      -0.028493   0.125202   0.041558  -0.007527  -0.230744  -0.041073
     58       0.018186   0.110231   0.155962  -0.089490   0.073870  -0.009855
     59       0.027579  -0.239593  -0.196009   0.209342   0.294811   0.137523
     60       0.036142   0.001940  -0.013654   0.146956   0.164166   0.188678
     61       0.071738   0.071100   0.073877   0.150879   0.191423   0.037794
     62      -0.052725  -0.115376  -0.092876  -0.097716  -0.075558  -0.059925
     63      -0.139132  -0.086072   0.173851   0.075726  -0.106942   0.186686
     64       0.002745   0.101221  -0.141799  -0.039364   0.051903  -0.128395
     65       0.077765   0.096005  -0.087217  -0.039904   0.098190  -0.212358
     66      -0.005281  -0.067133   0.222725   0.021947   0.118082  -0.019404
     67      -0.157011   0.076675  -0.189142   0.000982  -0.138695   0.199182
     68      -0.042031   0.078296  -0.118081  -0.016634  -0.024104   0.025749
     69      -0.041121  -0.016511   0.086516  -0.018482  -0.036946   0.050266
     70       0.023397  -0.040407   0.067544   0.013279   0.007649   0.069977
     71      -0.031480   0.060711  -0.098668   0.019821   0.047717   0.012011
     72      -0.009257  -0.054932   0.234761  -0.094879   0.087237   0.000081
     73       0.057512  -0.080737   0.151340  -0.043232   0.064567   0.023714
     74      -0.015146  -0.043907   0.169985  -0.083795   0.198245   0.055752
     75      -0.020068  -0.096853   0.164521  -0.016873  -0.222135   0.012734
     76       0.105932  -0.125246   0.104619   0.028315  -0.239421  -0.065057
     77       0.033486  -0.082931   0.122714  -0.020439  -0.081321  -0.013063
                 24         25         26         27         28         29    
      0       0.022281  -0.029617   0.118385  -0.032480   0.023304  -0.017424
      1       0.023862   0.046741   0.007608   0.054979  -0.089967  -0.042538
      2       0.020099  -0.039353  -0.062361  -0.004131   0.032787   0.027200
      3      -0.042389   0.033998   0.019980   0.027621   0.017919   0.002663
      4      -0.045266   0.022848   0.001350  -0.055342   0.092325   0.038820
      5      -0.066626  -0.040331  -0.083219   0.010636  -0.037866   0.000862
      6       0.048524  -0.040106  -0.140185  -0.019802  -0.037717   0.029871
      7       0.052124  -0.082358   0.017008   0.030252  -0.063775  -0.044289
      8       0.060743   0.087726   0.029258  -0.006105   0.019903   0.026325
      9       0.015013  -0.035939  -0.065944  -0.034103  -0.006149  -0.020443
     10       0.078936   0.071730  -0.019761   0.031538  -0.013523   0.039833
     11       0.018444  -0.050592   0.050655   0.008884  -0.001489  -0.046797
     12      -0.001218  -0.141109   0.041691  -0.060600   0.054885   0.030155
     13       0.033729   0.036672   0.095941   0.013366   0.027926  -0.003534
     14       0.062907  -0.014242  -0.038496   0.001356   0.050615   0.036808
     15       0.004641  -0.008509   0.018563   0.035026  -0.027266  -0.035508
     16      -0.071740   0.024847  -0.027594   0.002212   0.012904  -0.002667
     17      -0.072212   0.062774  -0.029399   0.021838  -0.075444  -0.014622
     18       0.012310   0.088479  -0.095105   0.017757  -0.052121   0.005419
     19       0.080225  -0.066319  -0.040919  -0.020772  -0.017700   0.020459
     20       0.037997   0.051163   0.066279   0.001152  -0.035455  -0.031337
     21       0.036415   0.059302   0.041457   0.051681   0.015573   0.027574
     22      -0.034012  -0.019672  -0.059769   0.041555   0.045978   0.064360
     23      -0.045229  -0.038358   0.037891  -0.076789  -0.071171   0.040641
     24       0.011822  -0.026847  -0.048319  -0.019263   0.016561  -0.092000
     25       0.004159  -0.010045   0.007039   0.011816   0.005349  -0.012546
     26       0.006448   0.005122   0.000068   0.008287   0.005551   0.024504
     27      -0.052877   0.042403   0.030539  -0.018080   0.000435   0.022280
     28      -0.039954   0.050554  -0.031447  -0.085263   0.007678  -0.069326
     29      -0.055477  -0.059987   0.031392   0.074345   0.018748  -0.046768
     30      -0.101178   0.026539  -0.152979   0.153053  -0.120170  -0.048226
     31      -0.232661  -0.054413   0.125012   0.011482  -0.006585  -0.060265
     32       0.146683  -0.002285  -0.087630  -0.004697   0.010424   0.038492
     33       0.061461  -0.102531   0.310803  -0.045272  -0.009532  -0.094763
     34       0.087120  -0.039289   0.225794   0.071934  -0.168450  -0.156397
     35      -0.054031  -0.087695   0.108824  -0.189763   0.221739   0.102654
     36      -0.218577   0.057675  -0.024520   0.142663   0.138406   0.023483
     37      -0.288404  -0.117689  -0.233244   0.049631  -0.122564  -0.015160
     38       0.054690   0.010585   0.012000  -0.047820   0.028471   0.019714
     39      -0.001641   0.304046   0.057594   0.041777   0.003732   0.034604
     40       0.117309   0.112389   0.138426  -0.108139   0.209584   0.065303
     41       0.147632   0.026178   0.094167  -0.063681   0.124811   0.031700
     42      -0.002142   0.155782  -0.062508   0.005639   0.123172   0.093950
     43      -0.211958   0.047197   0.120843  -0.036235   0.059360  -0.033965
     44       0.290261  -0.081714  -0.078026   0.039432  -0.132128  -0.003548
     45      -0.029314  -0.005708  -0.104246  -0.100982   0.126283   0.104188
     46      -0.037750   0.021309   0.066111   0.079187  -0.082132  -0.078294
     47      -0.218498   0.326786   0.179850  -0.064130   0.271673   0.099463
     48       0.109461  -0.073587   0.168310   0.004210  -0.025775   0.056141
     49       0.026624  -0.067516   0.049562  -0.009344  -0.049434   0.033579
     50      -0.066219  -0.270151  -0.257558  -0.108798   0.013212   0.068790
     51      -0.070290  -0.088935   0.102302  -0.046239   0.108467   0.014914
     52      -0.124085  -0.178220  -0.086464  -0.085926   0.025340   0.033576
     53       0.169115   0.193491   0.134106   0.094699   0.067657  -0.001223
     54      -0.102434   0.075674   0.179047   0.039065  -0.074790  -0.075732
     55       0.128546  -0.132992  -0.041735  -0.009760   0.221736  -0.024589
     56       0.271062  -0.202725   0.053859  -0.003000   0.311935  -0.078199
     57       0.046427   0.132026  -0.159235   0.042671  -0.127256  -0.027943
     58       0.141961  -0.115295   0.044608  -0.080561   0.055173   0.079095
     59      -0.336444  -0.006575   0.122286   0.067891   0.102296  -0.052302
     60      -0.204143   0.019571   0.009061   0.064766   0.091757  -0.011389
     61      -0.243949  -0.151016   0.007870  -0.035080   0.088298   0.046658
     62       0.149643   0.086477   0.053480   0.012569  -0.067906  -0.044655
     63       0.002610   0.039581   0.260019  -0.054719  -0.099344  -0.193819
     64      -0.012528   0.006064  -0.143944   0.149547   0.161726   0.063079
     65       0.023167   0.056699  -0.200410   0.297499   0.312955  -0.014879
     66       0.092917   0.193196   0.003991   0.145679   0.065135   0.198220
     67      -0.104224  -0.130745   0.216827  -0.369727  -0.373068   0.117367
     68      -0.043653  -0.033076   0.051988  -0.097662  -0.094730   0.062608
     69      -0.050017  -0.081542   0.235633   0.084283  -0.302255   0.728763
     70       0.019456   0.031347   0.099607  -0.120822  -0.151786   0.170653
     71       0.049219   0.058486  -0.069594  -0.149842   0.036348  -0.243187
     72      -0.081688   0.221317  -0.009637  -0.082499   0.006361   0.186995
     73      -0.019350   0.142042  -0.074771  -0.230353   0.010055  -0.122798
     74       0.003306   0.302361  -0.132625  -0.417501   0.029901  -0.154927
     75      -0.133714  -0.112631   0.185895   0.197183   0.052369  -0.171964
     76      -0.090134  -0.296129   0.128462   0.406331   0.000879   0.048453
     77      -0.063602  -0.081395   0.048747   0.104803   0.019672  -0.050441
                 30         31         32         33         34         35    
      0       0.047147   0.003618  -0.044368  -0.086826  -0.009473  -0.006184
      1       0.042087   0.004413  -0.016537  -0.074770  -0.002515  -0.080896
      2       0.060816   0.008076   0.060345  -0.000516   0.027300  -0.012581
      3      -0.114122  -0.045759   0.076954   0.103627   0.022386   0.012506
      4       0.022915  -0.005666  -0.027743  -0.001188  -0.008821   0.041177
      5      -0.015814   0.038547  -0.082364   0.023430  -0.039474   0.047446
      6       0.041535   0.067118  -0.073666  -0.031449  -0.020987  -0.007060
      7      -0.072710  -0.015322   0.092772   0.021884   0.037525  -0.039732
      8      -0.013500  -0.022834   0.053445   0.015013   0.033610  -0.016231
      9       0.040961  -0.098182   0.010368  -0.042511   0.016144  -0.073925
     10       0.046084  -0.023125   0.064960  -0.004137   0.016619   0.102527
     11       0.042565   0.001101   0.075365  -0.031004   0.013309   0.069528
     12       0.026547   0.022622   0.048749   0.038376   0.010167  -0.074836
     13       0.064796   0.011718  -0.057884   0.061924  -0.004629  -0.090716
     14      -0.011541  -0.022080  -0.036198   0.018018   0.000047  -0.088691
     15      -0.033622   0.020778  -0.023426  -0.044367  -0.002236   0.168237
     16      -0.036609  -0.025446   0.033417  -0.050879   0.004821  -0.018693
     17       0.048927   0.011849   0.022541  -0.001251   0.006095   0.027749
     18      -0.019884  -0.013355  -0.003685   0.038630  -0.008360  -0.094753
     19       0.004036   0.046878  -0.019508   0.082796  -0.006326   0.132122
     20      -0.051683  -0.005203  -0.066052  -0.025101  -0.028415   0.030125
     21      -0.007996   0.077135   0.011009  -0.015239   0.183792   0.031376
     22      -0.046895   0.100571  -0.032551  -0.044748   0.108536  -0.058392
     23      -0.032409   0.070286   0.016335  -0.006829   0.143441  -0.048129
     24       0.041980  -0.138368  -0.044890   0.044746  -0.009525   0.038857
     25       0.003831   0.003424   0.030826   0.012881  -0.249863  -0.015979
     26      -0.004460  -0.017842   0.015484  -0.005240  -0.195218  -0.007556
     27      -0.048758   0.080313   0.015698  -0.002176  -0.185203  -0.027715
     28      -0.008864  -0.071498  -0.069481   0.014985   0.150799   0.018526
     29       0.010391  -0.063478  -0.079197   0.060644   0.068041  -0.004023
     30       0.252824   0.003227   0.136585  -0.239110   0.037870  -0.134892
     31       0.111873   0.008367  -0.052119  -0.255042  -0.050020   0.086820
     32       0.010995   0.008200   0.055548   0.093254   0.042979  -0.069134
     33      -0.099768   0.009986  -0.141949  -0.185799  -0.043560   0.045689
     34      -0.133231   0.015417  -0.127462  -0.229549  -0.039771  -0.040997
     35      -0.001461   0.005709  -0.052271   0.134168  -0.019248   0.157884
     36       0.047219  -0.170798   0.569797   0.124188   0.141145   0.202978
     37      -0.092737   0.072157  -0.178883   0.096648  -0.085494   0.116668
     38       0.006962   0.027418  -0.096552  -0.017306  -0.025613  -0.009353
     39      -0.212735  -0.139787   0.064055   0.319789   0.050714  -0.188678
     40       0.092737  -0.061352   0.094208  -0.058350   0.051616  -0.023881
     41       0.099051  -0.017549   0.089210  -0.096185   0.038356   0.000866
     42       0.358594   0.002606   0.077728  -0.195315   0.009761   0.158959
     43      -0.210711  -0.048534  -0.166194   0.163291  -0.045469  -0.059178
     44      -0.013332   0.023612   0.213553  -0.037738   0.093466  -0.053888
     45      -0.007232   0.149844  -0.230077  -0.017461  -0.103711   0.115293
     46       0.046178  -0.120880   0.168829   0.003404   0.073274  -0.066967
     47       0.099781  -0.054381  -0.084070   0.007355  -0.047028   0.150655
     48       0.173632   0.156852  -0.051260   0.298234  -0.004622   0.086585
     49       0.081597   0.095943   0.019637   0.150930   0.002224   0.124701
     50      -0.145087  -0.029156   0.201135  -0.117933   0.025457   0.100297
     51       0.071194   0.029782  -0.042250   0.045071  -0.017527  -0.425830
     52      -0.045005   0.022729   0.105249  -0.041729   0.009761  -0.154209
     53       0.096306  -0.031776  -0.201807   0.099957  -0.015120  -0.152843
     54       0.108643   0.050034  -0.054990  -0.055830  -0.003171   0.202756
     55      -0.338169  -0.120443   0.029462  -0.214653   0.002700   0.018269
     56      -0.451446  -0.152353  -0.018805  -0.317136  -0.001922   0.119029
     57      -0.170858  -0.020650  -0.016762   0.018515  -0.038140   0.054686
     58       0.229803   0.085619  -0.053564   0.182637   0.022184  -0.066516
     59       0.021514  -0.084651   0.109358  -0.248149   0.034459  -0.091965
     60       0.102940  -0.076081   0.109741  -0.170181   0.058459  -0.362793
     61       0.144019   0.047648   0.122658   0.034851   0.033970   0.338325
     62      -0.098403  -0.014607  -0.113419  -0.030761  -0.038448  -0.092698
     63      -0.024175   0.439623   0.139070   0.111560   0.427822   0.023423
     64      -0.052156   0.124699  -0.057118  -0.072498   0.078450  -0.068347
     65      -0.050978   0.238207  -0.045302  -0.069690   0.105983  -0.066594
     66      -0.033430   0.033983   0.030016  -0.069620  -0.033832   0.176395
     67      -0.023907  -0.055082   0.071317   0.015363   0.076334  -0.073557
     68      -0.032965   0.049163   0.027751  -0.007879   0.096636  -0.033904
     69      -0.065159  -0.443917  -0.139186  -0.106975   0.008331   0.085527
     70      -0.016219  -0.071329   0.124545  -0.045481  -0.404406   0.027075
     71       0.039216   0.046503   0.127569   0.030759  -0.326786   0.010482
     72      -0.154590   0.081585  -0.100094  -0.037052  -0.018114   0.045764
     73      -0.024550  -0.026787  -0.015559  -0.013220   0.093807   0.017209
     74      -0.077000   0.070342   0.034418  -0.045336   0.018579   0.026413
     75      -0.051318   0.413495   0.109643   0.125734  -0.408864  -0.096802
     76       0.072906  -0.233742  -0.191638   0.135247   0.116214   0.013051
     77       0.012096  -0.054012  -0.079781   0.073484   0.050316  -0.007077
                 36         37         38         39         40         41    
      0      -0.012448   0.009442  -0.003602   0.007127  -0.040126  -0.028224
      1       0.018572  -0.017380   0.012320   0.012229  -0.006850  -0.030173
      2       0.124573  -0.008676   0.012617   0.031028  -0.013204  -0.045814
      3       0.010247   0.008189  -0.008109   0.036067   0.026850   0.011545
      4      -0.032615   0.024928  -0.014283   0.020718  -0.019145   0.019398
      5      -0.088095   0.001203  -0.009280   0.029903   0.006382   0.041516
      6       0.015662  -0.012376   0.011220  -0.017891  -0.032863  -0.027142
      7       0.053319  -0.013853   0.007451  -0.047903   0.027110   0.003320
      8       0.068326  -0.013359   0.012999  -0.061870  -0.027683  -0.001325
      9      -0.069412   0.154951  -0.081200   0.018140   0.030507   0.014186
     10      -0.112574  -0.036148   0.030019   0.129012  -0.048133   0.019047
     11      -0.077134   0.014353  -0.002709   0.089032   0.164042   0.007341
     12      -0.078320  -0.060141   0.043073   0.030618   0.022568  -0.005961
     13      -0.007540   0.013900  -0.016933  -0.037433   0.058427   0.019732
     14      -0.027845  -0.010528  -0.002339  -0.028858  -0.039703  -0.000167
     15       0.133965   0.068326  -0.042436  -0.006195  -0.037250   0.007181
     16      -0.010196  -0.032150   0.022821   0.035392  -0.030630  -0.027767
     17       0.062865   0.017338  -0.005479   0.042093   0.009010   0.012095
     18      -0.085431  -0.039550   0.020719  -0.017216   0.042483   0.017912
     19       0.033238   0.037611  -0.024769  -0.032919   0.018546   0.023447
     20      -0.126714   0.006893  -0.009092  -0.078120  -0.004282  -0.007384
     21      -0.031109  -0.024063  -0.025369   0.021295   0.030779  -0.001756
     22       0.008580   0.044102  -0.038442  -0.027877   0.037301  -0.016002
     23      -0.009040   0.004352  -0.037993  -0.011267  -0.069836   0.029680
     24       0.029035  -0.051916   0.032398  -0.006124  -0.014986  -0.002740
     25       0.007849   0.037220   0.040686  -0.003979  -0.051043   0.030825
     26       0.018937   0.032432   0.027913  -0.012424   0.057145  -0.043045
     27       0.038894   0.026431   0.014609  -0.020456   0.011315  -0.015616
     28       0.062231  -0.056126  -0.006845  -0.040122   0.037281  -0.027007
     29       0.022963  -0.032748   0.016207  -0.011693  -0.066176   0.013376
     30       0.046408  -0.105387   0.077679  -0.192809  -0.046709  -0.212011
     31      -0.335540  -0.059499   0.033701  -0.391254  -0.055631  -0.141050
     32       0.274262   0.021774  -0.005284   0.229341   0.006123   0.019374
     33      -0.001274  -0.067344   0.038915   0.092505   0.096248   0.165927
     34       0.086919  -0.135312   0.080861   0.142059   0.188785   0.228352
     35      -0.179193   0.108566  -0.071336  -0.078551  -0.125169  -0.085483
     36      -0.083384   0.006082  -0.002374  -0.519057   0.192957   0.295033
     37      -0.249598   0.025454  -0.037320   0.065490   0.027204   0.115686
     38       0.010821   0.001178  -0.001718   0.095789  -0.036033  -0.037383
     39      -0.082183   0.183772  -0.114920   0.227439  -0.376085  -0.329783
     40       0.095147   0.031193  -0.004002  -0.021994  -0.047541  -0.031863
     41       0.110395  -0.027937   0.027960  -0.066840   0.046353   0.039620
     42      -0.266294  -0.007266  -0.018866  -0.088284  -0.242930   0.131321
     43       0.101596   0.047167  -0.021230   0.182441   0.207434  -0.113016
     44       0.123138  -0.066324   0.045758  -0.217340  -0.098763   0.042453
     45       0.193327  -0.281624   0.164776   0.045023   0.225460   0.086622
     46      -0.220494   0.243104  -0.138716  -0.009263  -0.186388  -0.057817
     47      -0.072387  -0.056777   0.042928   0.105900   0.055589   0.094587
     48      -0.088294  -0.229677   0.138413  -0.053694   0.012008  -0.278129
     49      -0.065747  -0.143811   0.089508  -0.000427   0.015286  -0.168474
     50      -0.119929  -0.085777   0.066074   0.124731  -0.101005  -0.022425
     51       0.107169  -0.006889  -0.056944  -0.114180   0.074142   0.305463
     52       0.017635  -0.073565   0.028462   0.000608  -0.007342   0.145197
     53       0.023194   0.086210  -0.075878  -0.099256   0.032941   0.011592
     54       0.173251   0.177335  -0.101484  -0.013318   0.015630   0.012578
     55      -0.067356  -0.065810   0.042560   0.020676  -0.107497  -0.064878
     56      -0.038002   0.020390  -0.006859  -0.007734  -0.112393  -0.058620
     57      -0.233504  -0.106644   0.062733  -0.127864   0.083478  -0.035219
     58       0.211427   0.175386  -0.115391   0.098150  -0.032170   0.133858
     59       0.086559  -0.084351   0.063405   0.071615  -0.053453  -0.095349
     60       0.277551  -0.052186   0.036170   0.290808  -0.043689   0.104084
     61       0.081930   0.052624  -0.011978  -0.164114  -0.019574  -0.239511
     62      -0.119487  -0.005488  -0.009181   0.012774   0.001527   0.104988
     63      -0.144104   0.239101   0.472237   0.087548  -0.057493  -0.076958
     64       0.015453   0.074402  -0.050331  -0.037640   0.115346  -0.039451
     65      -0.008461   0.152790   0.039176  -0.027809   0.187598  -0.073430
     66       0.039162  -0.483861  -0.322774   0.068096  -0.212029   0.236449
     67      -0.017481  -0.012497  -0.095783  -0.009465  -0.192045   0.087843
     68      -0.000493  -0.061499  -0.086777  -0.004575  -0.123800   0.073419
     69       0.114989  -0.045307   0.014227  -0.050500   0.316111  -0.203115
     70       0.019446  -0.089019  -0.112742   0.017244   0.040060  -0.014458
     71      -0.009258  -0.080685  -0.078548   0.025510  -0.044484   0.025848
     72       0.185161   0.169886   0.501020  -0.136041  -0.267252   0.271321
     73       0.070502  -0.103788  -0.098012  -0.042083   0.145689  -0.100373
     74       0.104223  -0.101760  -0.032819  -0.064143   0.131932  -0.066644
     75       0.022113  -0.367330  -0.407827  -0.031815  -0.134421  -0.117575
     76       0.012193  -0.001162   0.141364   0.002564  -0.202315   0.077319
     77       0.023981  -0.053014   0.004793  -0.013066  -0.084966   0.014002
                 42         43         44         45         46         47    
      0      -0.012906   0.007291   0.013888   0.012183   0.004696   0.005636
      1      -0.026551  -0.023404   0.008530   0.005272  -0.000020   0.007940
      2       0.036961  -0.030669   0.014777  -0.044874  -0.012366  -0.005043
      3       0.009456  -0.001614   0.016788  -0.008886   0.002226   0.082696
      4       0.045581   0.043970   0.020474  -0.006686   0.002237   0.005897
      5      -0.016975   0.042756   0.009234   0.005239  -0.003316  -0.039742
      6      -0.011706   0.008247   0.020261   0.009554   0.011385   0.032854
      7      -0.039373  -0.013787  -0.000996   0.001787  -0.006429  -0.065284
      8       0.034876   0.001305  -0.039152   0.008250   0.009442   0.036296
      9       0.098722  -0.059446  -0.047992   0.022626   0.003650   0.008010
     10      -0.008913  -0.015005  -0.105543  -0.052847  -0.039938   0.063102
     11      -0.082933  -0.056301   0.123659   0.016578   0.005124  -0.000698
     12      -0.017840  -0.018468  -0.000845   0.009063  -0.012968  -0.067830
     13       0.009088  -0.026221   0.017011  -0.017842  -0.007352  -0.039103
     14       0.020011   0.011635  -0.019181  -0.016533   0.001730   0.014323
     15      -0.016832   0.014216  -0.018705  -0.005448   0.001371   0.020116
     16      -0.007908   0.018274  -0.009816   0.058555   0.015712  -0.012206
     17       0.003015   0.010094  -0.011611   0.029467   0.004645  -0.005197
     18       0.013921  -0.013501  -0.002477  -0.014329  -0.007333  -0.031301
     19       0.015403   0.005670   0.003881  -0.012923   0.002817   0.056775
     20      -0.036271  -0.025513  -0.016424  -0.006649  -0.003285  -0.008315
     21       0.003112  -0.016761   0.008221   0.041250  -0.110206   0.016171
     22       0.009569   0.007725   0.012548   0.004231   0.027753  -0.013371
     23       0.040243  -0.029379  -0.020616   0.009159  -0.004497   0.004197
     24      -0.024094   0.020871   0.004909  -0.011571  -0.003973   0.000391
     25       0.017440  -0.036274   0.016016   0.017750  -0.010819  -0.001249
     26      -0.014775   0.053656  -0.013790  -0.008175  -0.022978  -0.000119
     27       0.012436   0.003871  -0.019416  -0.016668   0.119782  -0.016609
     28      -0.026949   0.042098   0.020854  -0.000303  -0.000692  -0.010068
     29       0.017213  -0.007146  -0.021431  -0.006495   0.021147   0.001037
     30      -0.083796  -0.214755  -0.062778  -0.073345  -0.020253   0.047985
     31      -0.195191  -0.187235  -0.164164   0.044217   0.020190   0.151129
     32       0.120459   0.065111   0.102202  -0.058261  -0.020124  -0.076782
     33       0.265475   0.144088   0.042153  -0.075093  -0.023193  -0.177513
     34       0.369628   0.150609   0.045314  -0.123836  -0.041147  -0.235903
     35      -0.167959  -0.013559   0.009997   0.049939   0.018558   0.055688
     36       0.049450   0.094911  -0.179690   0.188977   0.055558  -0.173895
     37      -0.019952   0.130484   0.072889   0.002879  -0.000692  -0.086115
     38       0.005667  -0.002039   0.023364  -0.031345  -0.010226   0.031212
     39      -0.247406  -0.019720   0.116200  -0.146247  -0.083019  -0.457319
     40       0.079368   0.014184   0.037654  -0.026534   0.006174   0.008415
     41       0.081011   0.004979   0.008093   0.004946   0.018510   0.075331
     42       0.007052   0.360963   0.100491  -0.093560  -0.031134  -0.231640
     43       0.046491  -0.312206  -0.123027   0.059800   0.031191   0.215009
     44      -0.039496   0.119062   0.029863  -0.003461  -0.005725  -0.093423
     45      -0.048796  -0.242764  -0.366316  -0.022847  -0.078694  -0.202545
     46       0.020238   0.223072   0.334206   0.013865   0.054173   0.152058
     47       0.063932  -0.035098  -0.139715  -0.026924  -0.046853  -0.000089
     48       0.236378   0.114144   0.224575   0.356559   0.184866   0.167645
     49       0.133309   0.052782   0.120366   0.225459   0.098796   0.078556
     50      -0.040795  -0.007449  -0.090469   0.023687  -0.035245  -0.051615
     51      -0.309352   0.084591   0.135143  -0.412214  -0.064479   0.386084
     52      -0.193354   0.083094   0.064680  -0.222147  -0.025335   0.248921
     53       0.081792  -0.040659  -0.018279   0.009857  -0.000688  -0.059717
     54      -0.166225  -0.067834  -0.015097   0.006373  -0.020423  -0.131388
     55       0.001055   0.038447  -0.022235   0.065293   0.025027   0.016239
     56      -0.072169  -0.003654  -0.033482   0.040649   0.008636  -0.036732
     57       0.217998  -0.044831   0.124175  -0.173658  -0.030160   0.093168
     58      -0.369932   0.042892  -0.235911   0.255067   0.035817  -0.191770
     59       0.148378   0.008633   0.101515  -0.052613   0.004574   0.118459
     60      -0.086433   0.171331  -0.061043   0.243569   0.071275   0.064628
     61       0.189568  -0.229880   0.147037  -0.386163  -0.124487  -0.231621
     62      -0.119174   0.089582  -0.084060   0.184373   0.059819   0.120866
     63      -0.077722   0.219670  -0.255266  -0.276169   0.334548   0.016699
     64      -0.000450   0.016147   0.037247   0.017678   0.016441  -0.021523
     65      -0.025046   0.060477   0.021149  -0.014111   0.059589  -0.023383
     66      -0.116576  -0.280718   0.277494  -0.076153   0.558651  -0.100789
     67       0.107808  -0.092665  -0.049002   0.029053  -0.033522   0.016013
     68       0.035156  -0.081102   0.016236  -0.001772   0.089190  -0.009933
     69      -0.139822   0.272665  -0.039622  -0.082267  -0.044911  -0.005274
     70      -0.024894   0.015477  -0.004983  -0.014907   0.003759   0.013075
     71       0.005737  -0.033473  -0.002500   0.001095   0.009750   0.013879
     72      -0.095401  -0.213599   0.431614   0.206128  -0.411274  -0.008413
     73      -0.045521   0.115001  -0.026446  -0.034083   0.057864  -0.019986
     74      -0.087090   0.093550   0.067807   0.006424  -0.055043  -0.022117
     75       0.029561   0.211242  -0.142439   0.013554  -0.495014   0.074577
     76       0.033245  -0.060835  -0.042847  -0.020919   0.065419   0.004304
     77       0.016639   0.001645  -0.026528  -0.007446  -0.006542   0.007737
                 48         49         50         51         52         53    
      0       0.005649  -0.042654  -0.102703  -0.004474  -0.009922  -0.001309
      1       0.083308  -0.054476  -0.106278  -0.025499   0.043319   0.002069
      2      -0.034294   0.024657   0.062588   0.013403  -0.015021  -0.003909
      3       0.113135  -0.031831   0.121916   0.019961   0.029748  -0.000539
      4      -0.008970   0.026492   0.025847  -0.000122  -0.017759  -0.002767
      5      -0.003527  -0.022644  -0.027464  -0.005679   0.009856  -0.001558
      6      -0.010574   0.091980  -0.057150  -0.064144  -0.055019  -0.002683
      7      -0.008740  -0.079958   0.020669   0.041049   0.027062   0.000353
      8       0.005882   0.036651  -0.018014  -0.022572  -0.011197   0.005676
      9      -0.021518  -0.010067  -0.016064   0.128459   0.082953  -0.000158
     10      -0.020764   0.025174  -0.029585  -0.030134   0.006327   0.009989
     11      -0.033401   0.007356   0.000120   0.012961   0.004655   0.007982
     12       0.069516   0.022261   0.005849  -0.011580  -0.102216  -0.004291
     13       0.034539  -0.002389   0.007107   0.017301  -0.071648  -0.005462
     14      -0.002911   0.003172  -0.008132  -0.004661   0.035312  -0.001010
     15      -0.025544  -0.006519   0.011506   0.002821   0.004874  -0.000617
     16       0.002575   0.012559   0.005129  -0.012920   0.036712   0.001458
     17      -0.003120  -0.001827   0.010382   0.015947  -0.028931   0.000637
     18       0.019276   0.039828   0.030987  -0.021078   0.029603  -0.000995
     19      -0.042808  -0.046414   0.010450   0.062721  -0.108169  -0.002267
     20       0.017368   0.022167   0.005500  -0.028148   0.052970   0.002710
     21      -0.029295  -0.054325   0.028382  -0.125404  -0.019952  -0.004605
     22       0.003908   0.006288  -0.003345   0.033115   0.011636  -0.033273
     23      -0.003691  -0.016462   0.005290  -0.011785   0.008180   0.033853
     24       0.011326   0.020986  -0.008269   0.022290  -0.003591   0.000693
     25      -0.003363  -0.009759   0.008224  -0.015307  -0.003566   0.071265
     26       0.008503   0.011519  -0.004327   0.021729  -0.002113   0.055844
     27      -0.013941  -0.062010   0.034604  -0.120075  -0.024668   0.005145
     28       0.008834   0.006851   0.002481   0.007672  -0.008283   0.025966
     29       0.002836  -0.008939   0.004692  -0.031769  -0.008616  -0.038681
     30      -0.124601   0.027318   0.315728   0.114253  -0.072038   0.013300
     31      -0.209523   0.148458   0.426774   0.119596  -0.133259  -0.020318
     32       0.102666  -0.079209  -0.216440  -0.058079   0.064971   0.005263
     33      -0.217421   0.166654   0.106387  -0.011303  -0.038364   0.003466
     34      -0.215541   0.267377   0.211347  -0.048017   0.017722   0.002746
     35       0.054762  -0.212077  -0.167697   0.057907  -0.043997   0.019778
     36      -0.236904   0.158530  -0.484755  -0.123345  -0.061158   0.010264
     37       0.026732   0.009636  -0.027181  -0.066871   0.071710   0.006653
     38       0.034339  -0.037553   0.086304   0.036170  -0.008509  -0.006329
     39      -0.561162  -0.027190  -0.071497   0.074139  -0.109398  -0.003612
     40      -0.054643   0.114547   0.031084  -0.039098  -0.016281   0.000169
     41       0.072918   0.085931   0.015506  -0.064215   0.037420   0.002850
     42       0.057636  -0.327685   0.261740   0.120531   0.121251   0.027881
     43      -0.120784   0.286211  -0.195679  -0.078421  -0.059124   0.026443
     44       0.081204  -0.109097   0.039669   0.011267  -0.002849  -0.025446
     45      -0.116444  -0.305218  -0.055130   0.187224   0.162415   0.001250
     46       0.130864   0.233744   0.049592  -0.152521  -0.142852  -0.029181
     47       0.076049  -0.123099   0.033770   0.084870   0.074297  -0.042551
     48      -0.269731  -0.072433   0.008212   0.055281   0.476014   0.014401
     49      -0.142379  -0.055810   0.008917   0.035423   0.192108   0.010492
     50       0.072772   0.007288  -0.007006  -0.046292  -0.159453   0.004649
     51      -0.300418  -0.083071  -0.066069  -0.105247   0.236684   0.031049
     52      -0.190261  -0.006235  -0.040821  -0.083348   0.246332   0.022532
     53       0.046893  -0.039277   0.007114   0.043915  -0.122050  -0.012364
     54       0.186960   0.058732  -0.057462  -0.079100   0.060101   0.008363
     55      -0.034571   0.015199   0.011800  -0.023074   0.092866   0.002084
     56       0.053804   0.039259  -0.023576  -0.055975   0.119545   0.007217
     57      -0.050184  -0.122218  -0.104178   0.076008  -0.137699   0.002118
     58       0.074814   0.298596   0.276226  -0.156271   0.283055   0.000327
     59      -0.013984  -0.213212  -0.142335   0.147080  -0.283115  -0.017961
     60      -0.114746  -0.023314  -0.007333   0.042023  -0.024146   0.013399
     61       0.176631   0.141699  -0.082835  -0.244695   0.392147   0.015664
     62      -0.078327  -0.068546   0.040506   0.112749  -0.173415  -0.004654
     63       0.099339   0.210127  -0.131246   0.405460   0.064191  -0.066635
     64       0.004917   0.004513  -0.000346   0.033725  -0.002047  -0.091680
     65       0.022049   0.034987  -0.015732   0.096257  -0.012842  -0.156323
     66       0.078046   0.187671  -0.073745   0.346977   0.011977   0.117692
     67      -0.005998  -0.030787   0.008936  -0.033032  -0.017605  -0.023852
     68       0.010775   0.017754  -0.009109   0.050171   0.009151   0.051262
     69       0.053289   0.105534  -0.050367   0.178601   0.003755  -0.008284
     70      -0.017698   0.009490  -0.021151   0.004065   0.044301  -0.731806
     71      -0.021965  -0.010542  -0.008380  -0.034851   0.032361  -0.575365
     72       0.037631   0.164738  -0.054247   0.324830   0.059375  -0.118978
     73       0.008051  -0.020112   0.011255  -0.038490  -0.020862   0.043020
     74       0.022747   0.023310  -0.007448   0.042366  -0.005350  -0.042514
     75       0.100450   0.238653  -0.127004   0.408036   0.057041   0.065702
     76      -0.007195  -0.044249   0.012232  -0.101024  -0.008520  -0.179582
     77       0.005004   0.001777  -0.002168  -0.014490  -0.002051  -0.052682
                 54         55         56         57         58         59    
      0      -0.050962  -0.027346   0.003778   0.027279   0.020792   0.000534
      1       0.012975   0.002531   0.007202  -0.001188   0.003911  -0.001295
      2      -0.051148  -0.014244   0.002321   0.020471   0.013011   0.004498
      3       0.003041   0.006009  -0.003732   0.008359   0.000952  -0.005114
      4      -0.013115   0.035910   0.067297  -0.011738  -0.023957  -0.019004
      5      -0.006661   0.009703   0.025247   0.003188  -0.001080  -0.007210
      6      -0.006435  -0.000985   0.003829  -0.026112  -0.017728   0.008463
      7      -0.008137  -0.003244   0.001006   0.004055   0.001257  -0.000337
      8       0.033756   0.020655   0.008089   0.051470   0.032756  -0.022655
      9      -0.005685  -0.002816  -0.005287  -0.010478  -0.001242   0.005892
     10       0.003947   0.001169  -0.001380  -0.003984   0.003767   0.001948
     11       0.001931  -0.006469   0.008176   0.001835   0.001906  -0.008105
     12       0.005980  -0.019159  -0.001498   0.014591  -0.013484  -0.027647
     13      -0.003275  -0.007478  -0.004089   0.008787  -0.005383  -0.010614
     14       0.015214  -0.044575   0.009254   0.001906  -0.022721  -0.038065
     15       0.004565  -0.025648   0.011249  -0.006375   0.008173  -0.003949
     16       0.001000   0.005899   0.002707  -0.003605   0.004288   0.007177
     17       0.000891  -0.010650  -0.001973   0.000897  -0.003737  -0.008871
     18       0.012350  -0.014571   0.038731  -0.016221   0.037708   0.036981
     19       0.000158  -0.000380  -0.019299   0.007496  -0.011802  -0.006760
     20      -0.011544   0.013616  -0.016787   0.008040  -0.022245  -0.023862
     21       0.001830  -0.003845   0.002025  -0.000990   0.001143  -0.005486
     22       0.006155  -0.011628   0.006692   0.020549  -0.037205   0.023073
     23       0.002146  -0.010539   0.003862   0.009282  -0.024604   0.014779
     24       0.000706   0.001698   0.000042   0.001830   0.001145   0.000426
     25      -0.002878  -0.002726   0.000605  -0.003856   0.000979  -0.001209
     26      -0.002799  -0.000421  -0.000289  -0.002546   0.001296   0.000634
     27      -0.001026  -0.002378   0.001207   0.000672  -0.004076   0.002975
     28       0.005930  -0.000743   0.008665   0.030484  -0.018261   0.032282
     29       0.009465  -0.000283   0.005786   0.029731  -0.019714   0.028599
     30       0.493333   0.174487  -0.084267  -0.242560  -0.172574  -0.008212
     31      -0.286377  -0.097367  -0.014982   0.128288   0.060766   0.000211
     32       0.044247   0.015097   0.017671  -0.014636   0.003280   0.003048
     33       0.157544   0.063863  -0.003248  -0.095144  -0.052429   0.012460
     34       0.137754   0.079365   0.020747  -0.094093  -0.049822   0.015421
     35       0.538542   0.168362  -0.079549  -0.237578  -0.172135  -0.029875
     36      -0.002501   0.022330   0.087149  -0.029280  -0.020674  -0.009137
     37       0.122729  -0.249952  -0.518926   0.071687   0.172505   0.151589
     38      -0.053920   0.108991   0.219129  -0.021797  -0.069767  -0.068156
     39      -0.039606  -0.060534  -0.066433  -0.012792   0.007850   0.034694
     40       0.079736  -0.156285  -0.328617   0.023861   0.090436   0.099622
     41       0.117313  -0.223773  -0.466901   0.059135   0.147184   0.134049
     42       0.154818   0.105565   0.055812   0.352898   0.218826  -0.152993
     43       0.153252   0.075949   0.032126   0.207707   0.132961  -0.098610
     44      -0.165879  -0.089183  -0.039291  -0.260991  -0.167956   0.122487
     45      -0.055089  -0.047898  -0.034994  -0.056521  -0.026927   0.041981
     46      -0.111580  -0.048540  -0.007688  -0.221180  -0.150673   0.087525
     47      -0.246065  -0.154079  -0.089306  -0.423789  -0.262922   0.203225
     48       0.009082  -0.021806   0.026116  -0.043770   0.003908   0.010329
     49      -0.073179   0.249123  -0.043935  -0.035103   0.100126   0.213816
     50      -0.117717   0.433475  -0.100623  -0.011084   0.150444   0.331208
     51      -0.076365   0.274549  -0.028023  -0.042393   0.119178   0.239312
     52       0.080768  -0.261253   0.086020  -0.004316  -0.091064  -0.198134
     53      -0.095686   0.305328  -0.085436  -0.004303   0.099906   0.233040
     54       0.015150   0.212955  -0.070060   0.014473  -0.048122   0.075980
     55       0.003273  -0.028457   0.026291  -0.018002   0.026187   0.011385
     56       0.011532   0.068189  -0.007283  -0.013242   0.001021   0.043939
     57      -0.083534   0.092657  -0.143690   0.077022  -0.135414  -0.112524
     58       0.084364  -0.076647   0.161239  -0.089076   0.140609   0.123445
     59       0.154972  -0.241884   0.283023  -0.124517   0.315605   0.271964
     60      -0.162728   0.237980  -0.341507   0.151167  -0.343087  -0.293288
     61      -0.089949   0.089032  -0.058248   0.045630  -0.091398  -0.094572
     62       0.018286  -0.012819  -0.022745   0.003842  -0.015520  -0.013871
     63       0.004231   0.018636  -0.006761   0.020177  -0.010419   0.030093
     64      -0.012748   0.030048  -0.017334  -0.040868   0.074740  -0.047389
     65      -0.056573   0.120557  -0.071225  -0.184621   0.330723  -0.208990
     66      -0.014967   0.009125  -0.003365  -0.020388   0.023588  -0.019860
     67      -0.064212   0.120809  -0.075120  -0.204468   0.344506  -0.216515
     68      -0.007544   0.004003  -0.004813  -0.017593   0.016649  -0.012992
     69      -0.000493   0.005900  -0.002307   0.004114   0.001562   0.002765
     70       0.054051   0.004622   0.014387   0.099538  -0.065978   0.060292
     71       0.043133   0.003308   0.012019   0.078497  -0.051964   0.047880
     72       0.020078   0.009670   0.010848   0.043920  -0.002260   0.013094
     73      -0.029945   0.006242  -0.023502  -0.095783   0.062795  -0.089785
     74      -0.080229   0.027533  -0.079736  -0.309217   0.218688  -0.324421
     75      -0.004762   0.010946  -0.017518  -0.023206   0.020744  -0.013511
     76      -0.077103   0.026935  -0.086028  -0.319068   0.214781  -0.331113
     77       0.003611   0.003641  -0.001003   0.004339  -0.000633   0.001776
                 60         61         62         63         64         65    
      0      -0.000288   0.007156  -0.000116  -0.000313  -0.007838  -0.007394
      1       0.006524   0.018140  -0.000027   0.000269   0.005248   0.004304
      2      -0.008760  -0.019539  -0.000211   0.000212   0.002250   0.000984
      3      -0.001026   0.001201  -0.000085  -0.000119  -0.000400   0.000546
      4       0.000502  -0.002075  -0.000505  -0.000848  -0.002786   0.004352
      5       0.001503   0.000930  -0.000345  -0.000654  -0.001640   0.005503
      6       0.005199  -0.001264  -0.000728   0.001150  -0.001246   0.002617
      7       0.001915  -0.001668  -0.000622  -0.000530  -0.000253   0.001240
      8      -0.011790   0.003777   0.000073  -0.003413   0.001967  -0.002599
      9      -0.013849   0.002799  -0.000617   0.001904  -0.000522   0.000448
     10       0.002614  -0.007711  -0.000914  -0.000322   0.001003  -0.001030
     11      -0.000840   0.014372  -0.000873  -0.000004  -0.000059   0.000100
     12       0.005621   0.005767   0.001145   0.002517  -0.003755   0.000822
     13       0.007213   0.035615  -0.004218   0.000785   0.011064  -0.010957
     14      -0.000197  -0.050933  -0.009863   0.021730   0.040192  -0.049774
     15       0.027347   0.078576  -0.000056   0.000160   0.001248  -0.000223
     16      -0.002982  -0.011045  -0.000287   0.000158  -0.000877  -0.002819
     17       0.006408   0.018304  -0.000341   0.000213   0.000215  -0.000955
     18      -0.013927  -0.023564   0.000315   0.000692   0.024433   0.022328
     19      -0.016582  -0.050777  -0.000040  -0.000589  -0.008021  -0.005459
     20       0.017270   0.040359  -0.000227  -0.002963  -0.048929  -0.036808
     21       0.002212  -0.004192  -0.002290  -0.003939   0.001375  -0.001528
     22      -0.055433   0.022171   0.023269   0.053511  -0.010399   0.009209
     23      -0.045421   0.012858   0.013416   0.025933  -0.005685   0.005617
     24       0.004649  -0.000359  -0.000958   0.002119  -0.000605   0.000669
     25      -0.001134  -0.000303   0.001151  -0.000877   0.000189  -0.000151
     26       0.001580  -0.000049  -0.000305   0.001400  -0.000468   0.000537
     27       0.002704  -0.003290   0.004111  -0.001283   0.001029  -0.001268
     28       0.053282  -0.011429   0.032171  -0.011900   0.007418  -0.008856
     29       0.039341  -0.014088   0.051472  -0.023267   0.008944  -0.009956
     30       0.033730   0.019333  -0.000013  -0.000275  -0.003957  -0.001256
     31      -0.029091  -0.054547   0.000751  -0.000553  -0.003285   0.003182
     32       0.003742   0.010039   0.002034  -0.001917  -0.010769   0.005392
     33      -0.001323  -0.020409   0.001423   0.003765   0.092521   0.084299
     34      -0.007368  -0.033292  -0.001020  -0.003091  -0.068406  -0.061530
     35       0.057018   0.083910  -0.000344  -0.000630  -0.018357  -0.016765
     36       0.000772   0.005439   0.001770   0.002006   0.007727  -0.011335
     37      -0.016845   0.005091   0.002308   0.003702   0.014742  -0.029435
     38       0.007554  -0.002268   0.006309   0.011395   0.038024  -0.083513
     39       0.000327  -0.034063  -0.000229  -0.001832  -0.002285   0.003944
     40      -0.014183  -0.005516   0.002788   0.007412   0.020545  -0.019591
     41      -0.018867   0.002209  -0.002345  -0.006077  -0.016705   0.018650
     42      -0.059876   0.012224  -0.000165   0.009875  -0.005777   0.005756
     43      -0.052490   0.023531   0.001157   0.027639  -0.013578   0.014596
     44       0.056791  -0.021299   0.002612   0.029036  -0.014784   0.016311
     45       0.025223  -0.018900   0.006903  -0.022120   0.018342  -0.032859
     46       0.038521  -0.006543   0.006415  -0.021427   0.017183  -0.030505
     47       0.083824  -0.032415  -0.003413   0.011252  -0.008964   0.016903
     48      -0.013430  -0.121130   0.024716  -0.099251  -0.119578   0.170860
     49      -0.040439   0.062961  -0.037410   0.150875   0.190228  -0.262631
     50      -0.061986   0.128390   0.019460  -0.079457  -0.095315   0.139711
     51      -0.032526   0.062763  -0.035160   0.069064   0.152219  -0.172083
     52       0.036626  -0.149632   0.090427  -0.164689  -0.332126   0.408724
     53      -0.038848   0.136690   0.100233  -0.178310  -0.375518   0.460648
     54      -0.274678  -0.827219   0.000308  -0.001101   0.007184   0.006237
     55       0.049522   0.149702   0.001077  -0.002700   0.002021   0.015034
     56      -0.073157  -0.219295  -0.000763   0.003256  -0.000026  -0.010911
     57      -0.012238  -0.080077  -0.003004  -0.007892  -0.251710  -0.227815
     58       0.010925   0.075812  -0.001517  -0.006128  -0.161972  -0.141702
     59      -0.077879  -0.100293  -0.000271  -0.002998  -0.066661  -0.055647
     60       0.056072   0.030344  -0.001553  -0.000142  -0.045930  -0.045918
     61       0.059313   0.129936   0.002965   0.013227   0.278551   0.226063
     62      -0.009239  -0.032174   0.004994   0.034270   0.641283   0.504023
     63      -0.020556   0.020019  -0.021090  -0.046668   0.008523  -0.007521
     64       0.104554  -0.032372  -0.309083  -0.675116   0.129381  -0.114591
     65       0.477603  -0.170128   0.095934   0.204151  -0.038801   0.034118
     66       0.022318   0.011613   0.036404   0.069819  -0.015397   0.014675
     67       0.475930  -0.181518   0.028916   0.055067  -0.010041   0.009050
     68       0.008011  -0.003874  -0.260615  -0.502625   0.103642  -0.097487
     69      -0.001628   0.011215   0.008512  -0.017988   0.003957  -0.004007
     70      -0.007475   0.009778  -0.004748   0.019154  -0.004213   0.003851
     71      -0.000618   0.002367   0.015149  -0.020501   0.005662  -0.005671
     72       0.013025   0.019377  -0.065897   0.021727  -0.015544   0.018893
     73      -0.104087   0.027626  -0.429217   0.143954  -0.095475   0.114699
     74      -0.424209   0.117481   0.155462  -0.052382   0.032032  -0.038276
     75      -0.020717   0.005937   0.040511  -0.017915   0.004966  -0.005513
     76      -0.446631   0.109684   0.048957  -0.018430   0.006993  -0.008202
     77       0.005249  -0.006879  -0.762241   0.319722  -0.135960   0.154198
                 66         67         68         69         70         71    
      0      -0.021031  -0.032600  -0.023664  -0.006186   0.023199   0.000769
      1       0.009721   0.008444   0.000136   0.001480  -0.012795  -0.002831
      2      -0.011292  -0.030206  -0.030753  -0.006002   0.005678  -0.004347
      3       0.001854   0.001144   0.002322  -0.000816  -0.002791  -0.000345
      4      -0.054259  -0.007945   0.036898   0.006014  -0.003366   0.004893
      5       0.001312  -0.002429   0.021918  -0.005807  -0.014205  -0.003170
      6       0.018889  -0.016935   0.007738  -0.004071   0.002692   0.017351
      7       0.012904  -0.003279  -0.005163  -0.002620   0.004828   0.026514
      8      -0.027102   0.045294  -0.033988   0.007664   0.002753   0.014827
      9       0.000357  -0.000211   0.000142  -0.001001   0.000002   0.000528
     10       0.000003   0.000405  -0.000530   0.001116   0.000083   0.000169
     11      -0.000114  -0.000396   0.000453   0.000423   0.000018   0.001192
     12      -0.003400   0.006746   0.000947  -0.044662  -0.004219  -0.000125
     13       0.005074  -0.010922  -0.000943   0.075913   0.006515   0.000943
     14      -0.002559  -0.001405   0.006822  -0.005327  -0.000334   0.002779
     15      -0.000037  -0.000247  -0.000260   0.000374  -0.001362   0.000035
     16      -0.000031   0.000220   0.000422  -0.001477  -0.000793   0.000193
     17       0.000354  -0.000022   0.000447   0.002182   0.001436  -0.000129
     18       0.002883   0.011026   0.014268  -0.004847   0.057873  -0.002735
     19       0.004452   0.010934   0.013266  -0.003236   0.046980  -0.002462
     20       0.006658   0.013873   0.015795  -0.000567   0.035811  -0.001951
     21      -0.000559   0.000881  -0.000239  -0.002609  -0.000526   0.000811
     22      -0.003826   0.006303  -0.004384  -0.005834  -0.001442   0.004066
     23       0.003482  -0.006104   0.002449   0.017437   0.003269  -0.001812
     24      -0.000092   0.000228  -0.000278   0.000148   0.000026  -0.000489
     25       0.000250  -0.000384   0.000243   0.000378   0.000099   0.001374
     26      -0.000194   0.000443  -0.000347  -0.000395  -0.000170  -0.003437
     27      -0.000339   0.000472  -0.000286   0.000130  -0.000224  -0.012790
     28      -0.002992   0.004065  -0.002366   0.000141  -0.001206  -0.063844
     29       0.003059  -0.006317   0.005643  -0.001718   0.000773   0.058365
     30       0.010894   0.029526   0.034148   0.005822  -0.005384   0.003417
     31       0.082432   0.190932   0.188629   0.036809  -0.046039   0.020760
     32       0.175881   0.417647   0.411292   0.079924  -0.101499   0.047705
     33       0.242748   0.356014   0.239011   0.067419  -0.262090  -0.014886
     34      -0.195279  -0.285035  -0.185970  -0.053971   0.206126   0.011659
     35      -0.043681  -0.065788  -0.044155  -0.011905   0.042821   0.001161
     36       0.057582   0.011184  -0.071416   0.002026   0.022410  -0.000035
     37       0.131009   0.026334  -0.170366   0.004313   0.056299  -0.000361
     38       0.385504   0.076745  -0.468562   0.010921   0.153857  -0.003253
     39      -0.080174  -0.014905   0.040035   0.010507   0.005173   0.007640
     40       0.510206   0.065702  -0.259477  -0.076210  -0.023314  -0.054524
     41      -0.399897  -0.050359   0.202717   0.056962   0.015331   0.041354
     42       0.065197  -0.135547   0.111169  -0.019802  -0.016046  -0.086877
     43       0.139005  -0.293354   0.247201  -0.040006  -0.036261  -0.199280
     44       0.159840  -0.348111   0.295567  -0.048243  -0.045186  -0.249790
     45      -0.292191   0.331936  -0.191881   0.068488  -0.019573  -0.122961
     46      -0.289998   0.329057  -0.185861   0.068655  -0.020085  -0.115805
     47       0.157733  -0.177052   0.100962  -0.037537   0.011830   0.069733
     48       0.037991  -0.052173  -0.033101   0.410250   0.035334  -0.007111
     49      -0.058568   0.079226   0.052663  -0.640542  -0.054637   0.013170
     50       0.033060  -0.046504  -0.030194   0.370248   0.030217  -0.006022
     51      -0.000250  -0.024527   0.018762   0.115421   0.007765   0.011942
     52      -0.001001   0.052048  -0.046131  -0.266787  -0.026674  -0.023114
     53      -0.004037   0.062547  -0.051367  -0.325651  -0.033432  -0.027083
     54      -0.000006   0.000259   0.000716   0.001212   0.011462  -0.000904
     55       0.002779   0.000391   0.000318   0.025990   0.020288  -0.001835
     56      -0.001882  -0.000942  -0.000474  -0.014712  -0.010542   0.000531
     57      -0.043051  -0.143805  -0.180798   0.057770  -0.709870   0.033825
     58      -0.025925  -0.086612  -0.109432   0.036765  -0.445943   0.021623
     59      -0.008212  -0.030030  -0.039287   0.010071  -0.145964   0.006734
     60       0.006945   0.013133   0.016277   0.004275   0.034788  -0.001430
     61      -0.029733  -0.053071  -0.059949  -0.005555  -0.119984   0.006871
     62      -0.069198  -0.129959  -0.147370  -0.007161  -0.291338   0.016651
     63       0.002506  -0.003481   0.001942   0.005267   0.001041  -0.002934
     64       0.043104  -0.071602   0.052749   0.050561   0.013639  -0.048226
     65      -0.011511   0.019376  -0.014314  -0.015116  -0.003758   0.012841
     66       0.002941  -0.005754   0.001152   0.026629   0.005155  -0.002369
     67       0.002981  -0.005294   0.002088   0.013567   0.002732  -0.001205
     68      -0.028828   0.053767  -0.016928  -0.188919  -0.034869   0.017242
     69       0.001334  -0.002620   0.001997   0.003102   0.000549   0.010988
     70      -0.002545   0.004880  -0.003575  -0.004043  -0.001512  -0.024008
     71       0.003491  -0.006584   0.004962   0.004639   0.001742   0.033907
     72       0.004511  -0.006102   0.003288  -0.000644   0.002021   0.117707
     73       0.033005  -0.045102   0.025949  -0.004089   0.013093   0.742274
     74      -0.011441   0.014985  -0.008338   0.001593  -0.004467  -0.240727
     75       0.000851  -0.001632   0.001535  -0.001654   0.000180   0.019024
     76       0.000119  -0.001612   0.002062   0.000293   0.000091   0.018101
     77      -0.022601   0.057739  -0.056952   0.017317  -0.004653  -0.456459
                 72         73         74         75         76         77    
      0       0.001240  -0.009979  -0.026377  -0.025403   0.000022   0.000312
      1      -0.001298   0.016805   0.030700   0.045008   0.000021   0.000208
      2      -0.000686   0.018353   0.022447   0.053633  -0.000038  -0.000459
      3       0.000558  -0.001103  -0.012703   0.007188   0.000021  -0.000016
      4       0.000314  -0.008117   0.024947  -0.000953   0.000018   0.000206
      5       0.003685  -0.005623  -0.072110   0.047029  -0.000004  -0.000025
      6       0.004869  -0.046395   0.011933   0.010018   0.000186   0.000115
      7       0.004229  -0.063381   0.011949   0.015644   0.000122   0.000151
      8      -0.004346  -0.020034  -0.006827   0.010995  -0.000035  -0.000196
      9      -0.000269  -0.000801   0.000551  -0.000060   0.000564   0.000043
     10       0.001113  -0.000755  -0.000193   0.000245   0.000057   0.000085
     11      -0.000677   0.000016   0.000075   0.000028  -0.000085  -0.000416
     12      -0.009757  -0.000520   0.002814  -0.001822  -0.000026   0.002013
     13       0.016060   0.000631  -0.005114   0.003800   0.000112  -0.001679
     14      -0.001765  -0.001342  -0.001195   0.002269  -0.000072   0.003392
     15       0.000039  -0.000028   0.000122  -0.000034  -0.000029  -0.018975
     16      -0.000609  -0.000175   0.000093  -0.000111  -0.000087  -0.062963
     17       0.000647   0.000334  -0.000166   0.000191   0.000008   0.028682
     18       0.001201   0.004222  -0.001644   0.006545  -0.000019  -0.003263
     19       0.001123   0.004801   0.001268   0.010531   0.000029  -0.000424
     20       0.000936   0.005256   0.004998   0.013799  -0.000041   0.001790
     21       0.012730   0.001174   0.000325  -0.000320   0.002673   0.000015
     22       0.051587   0.004425   0.000934  -0.001071   0.005704  -0.000210
     23      -0.076949  -0.005471  -0.002500   0.002145  -0.003278   0.000032
     24       0.000762  -0.000056  -0.000021  -0.000037  -0.029939  -0.000008
     25      -0.003501   0.000532  -0.000184  -0.000049   0.040622  -0.000007
     26       0.002872  -0.001226   0.000387  -0.000050  -0.051174   0.000029
     27       0.000476  -0.004731   0.001006   0.000224   0.002653  -0.000008
     28       0.005301  -0.026041   0.004630   0.002371   0.001731  -0.000066
     29      -0.002264   0.022604  -0.004146  -0.001298  -0.006346   0.000226
     30       0.000743  -0.016716  -0.023663  -0.058171   0.000032   0.000026
     31       0.002628  -0.085406  -0.097361  -0.258675   0.000047   0.000763
     32       0.006315  -0.196484  -0.228065  -0.581791   0.000057   0.000787
     33      -0.016040   0.143925   0.342371   0.368585  -0.000077   0.000242
     34       0.012303  -0.112262  -0.267070  -0.285046   0.000054  -0.001801
     35       0.002580  -0.020120  -0.052732  -0.054864  -0.000011   0.001265
     36      -0.005899   0.012419   0.074801  -0.065828  -0.000032  -0.000149
     37      -0.013128   0.037323   0.196871  -0.161641   0.000087  -0.000237
     38      -0.035823   0.106201   0.509139  -0.426056  -0.000031  -0.000274
     39      -0.000878  -0.008407   0.073521  -0.025610   0.000079   0.000263
     40       0.009017   0.053855  -0.489556   0.181116  -0.000145  -0.000885
     41      -0.007024  -0.042362   0.361386  -0.131434   0.000152   0.000616
     42       0.009417   0.165174  -0.000731  -0.054964   0.000160   0.000420
     43       0.013108   0.377130  -0.003507  -0.135604  -0.000276   0.000815
     44       0.016578   0.471790  -0.010204  -0.166646  -0.000014   0.000359
     45      -0.065000   0.393555  -0.142435  -0.059683  -0.001090  -0.000919
     46      -0.066961   0.381695  -0.139272  -0.056935  -0.001563  -0.000893
     47       0.036972  -0.230216   0.079915   0.034615   0.000989   0.000655
     48       0.088240   0.007269  -0.020283   0.009564  -0.000312  -0.014527
     49      -0.141760  -0.010163   0.031551  -0.015935  -0.000846   0.026354
     50       0.083676   0.005940  -0.018267   0.008063   0.000763  -0.015904
     51       0.023648  -0.001762  -0.013741   0.011576  -0.000192   0.001746
     52      -0.053104   0.004387   0.028900  -0.031478  -0.000238   0.001831
     53      -0.062998   0.004269   0.034777  -0.037570   0.000382   0.004680
     54       0.000648   0.000807  -0.000888   0.001256   0.000141   0.266845
     55       0.007970   0.002267  -0.002968   0.002787   0.000917   0.853284
     56      -0.003820  -0.000718   0.000815  -0.002718  -0.000360  -0.439996
     57      -0.014753  -0.055393   0.009391  -0.096334   0.000119   0.022463
     58      -0.009687  -0.034861   0.006801  -0.062520   0.000035   0.013747
     59      -0.003276  -0.010978   0.002533  -0.019485  -0.000009   0.002873
     60       0.002058   0.004713   0.003540   0.014198  -0.000014  -0.002414
     61      -0.004262  -0.020700  -0.023048  -0.057848   0.000017  -0.000494
     62      -0.009114  -0.049695  -0.051782  -0.144685   0.000031  -0.003189
     63      -0.031312  -0.003374  -0.000801   0.000904   0.000843   0.000059
     64      -0.550496  -0.044942  -0.008659   0.009735  -0.044755   0.002444
     65       0.154611   0.012475   0.002783  -0.002929   0.016936  -0.000598
     66      -0.110846  -0.009659  -0.003906   0.004049  -0.007245   0.000006
     67      -0.061133  -0.004356  -0.001630   0.001541  -0.002486   0.000235
     68       0.764738   0.056436   0.025966  -0.023145   0.026391  -0.000293
     69      -0.014503   0.004370  -0.001444   0.000041   0.357802  -0.000506
     70       0.034823  -0.007846   0.002989  -0.000299  -0.575726   0.000432
     71      -0.038941   0.013137  -0.003964  -0.000325   0.727400  -0.000521
     72      -0.008483   0.050408  -0.008860  -0.004968  -0.007449  -0.000415
     73      -0.056199   0.303914  -0.054400  -0.027193  -0.025050   0.000079
     74       0.018480  -0.096832   0.017088   0.008753   0.008372  -0.000177
     75       0.000170   0.006526  -0.001162  -0.000401   0.001284   0.000058
     76      -0.000545   0.008549  -0.001995  -0.000297  -0.006205  -0.000056
     77       0.006016  -0.174395   0.033630   0.005882   0.047893  -0.000992
# -----------------------------------------------------------
$ THERMOCHEMISTRY_Energies
   description: The Thermochemistry energies
   geom. index: 1
   prop. index: 1
        Temperature (Kelvin)           :        298.1500000000
        Pressure (atm)                 :          1.0000000000
        Total Mass (AMU)               :        140.2300000000
        Spin Degeneracy                :          1.0000000000
        Electronic Energy (Hartree)    :       -424.1910167903
        Translational Energy (Hartree) :          0.0014162714
        Rotational Energy (Hartree)    :          0.0014162714
        Vibrational Energy (Hartree)   :          0.0059254256
        Number of frequencies          :     78      
        Scaling Factor for frequencies :          1.0000000000
        Vibrational frequencies        :     
                  0    
      0       0.000000
      1       0.000000
      2       0.000000
      3       0.000000
      4       0.000000
      5       0.000000
      6      27.731111
      7      88.859926
      8     203.903685
      9     287.375613
     10     304.008909
     11     314.562724
     12     357.321208
     13     413.596125
     14     443.867727
     15     516.868115
     16     530.985798
     17     587.806242
     18     699.849252
     19     816.630717
     20     855.861556
     21     879.417468
     22     904.940878
     23     950.661064
     24     961.871605
     25     976.597521
     26     987.029031
     27     1012.458949
     28     1031.533636
     29     1057.687996
     30     1069.076187
     31     1087.121389
     32     1117.068252
     33     1126.123697
     34     1151.656009
     35     1166.383700
     36     1183.008016
     37     1215.121842
     38     1220.420337
     39     1253.766157
     40     1271.839769
     41     1299.538034
     42     1302.917501
     43     1319.108355
     44     1348.672150
     45     1353.979718
     46     1364.052339
     47     1397.338426
     48     1418.658544
     49     1426.881769
     50     1434.214082
     51     1442.755631
     52     1460.283455
     53     1492.144275
     54     1505.368885
     55     1512.417900
     56     1518.022691
     57     1521.955298
     58     1533.229248
     59     1539.717414
     60     1549.535581
     61     1564.418603
     62     2904.475645
     63     2912.071909
     64     2920.874990
     65     2923.759256
     66     2938.968317
     67     2946.964802
     68     2953.122289
     69     2956.950829
     70     2968.604663
     71     2972.767581
     72     2974.100626
     73     2982.596112
     74     2985.651231
     75     2997.054750
     76     3208.079052
     77     3224.048584
        Zero Point Energy (Hartree)    :          0.2418236500
        Inner Energy (Hartree)         :       -423.9404351718
        Enthalpy (Hartree)             :       -423.9394909628
        Electronic entropy             :          0.0000000000
        Rotational entropy             :          0.0139999940
        Vibrational entropy            :          0.0098643882
        Translational entropy          :          0.0139999940
        Entropy                        :          0.0432144851
        Gibbs Energy (Hartree)         :       -423.9827054479
        Is Linear                      :                 false
# -----------------------------------------------------------
$ PAL_Flags
   description: The PAL Flags
   geom. index: 2
   prop. index: 1
        Diskflag:     2
# -----------------------------------------------------------
$ SCF_Energy
   description: The SCF energy
   geom. index: 2
   prop. index: 1
        SCF Energy:     -424.1542070066
# -----------------------------------------------------------
$ DFT_Energy
   description: The DFT energy
   geom. index: 2
   prop. index: 1
   Number of Alpha Electrons                 38.9999690697 
   Number of Beta  Electrons                 38.9999690697 
   Total number of  Electrons                77.9999381394 
   Exchange energy                          -40.0983397875 
   Correlation energy                        -3.1784097475 
   Correlation energy NL                      0.0000000000 
   Exchange-Correlation energy              -43.2767495350 
   Embedding correction                       0.0000000000 
   Total DFT Energy (No VdW correction)    -424.1542070066 
# -----------------------------------------------------------
$ VdW_Correction
   description: The Van der Waals Correction
   geom. index: 2
   prop. index: 1
        Van der Waals Correction:       -0.0464422839
# -----------------------------------------------------------
$ PAL_Flags
   description: The PAL Flags
   geom. index: 3
   prop. index: 1
        Diskflag:     2
# -----------------------------------------------------------
$ SCF_Energy
   description: The SCF energy
   geom. index: 3
   prop. index: 1
        SCF Energy:     -424.1549932128
# -----------------------------------------------------------
$ DFT_Energy
   description: The DFT energy
   geom. index: 3
   prop. index: 1
   Number of Alpha Electrons                 38.9999175271 
   Number of Beta  Electrons                 38.9999175271 
   Total number of  Electrons                77.9998350542 
   Exchange energy                          -40.0967275404 
   Correlation energy                        -3.1782342088 
   Correlation energy NL                      0.0000000000 
   Exchange-Correlation energy              -43.2749617492 
   Embedding correction                       0.0000000000 
   Total DFT Energy (No VdW correction)    -424.1549932128 
# -----------------------------------------------------------
$ VdW_Correction
   description: The Van der Waals Correction
   geom. index: 3
   prop. index: 1
        Van der Waals Correction:       -0.0463844158
# -----------------------------------------------------------
$ PAL_Flags
   description: The PAL Flags
   geom. index: 4
   prop. index: 1
        Diskflag:     2
# -----------------------------------------------------------
$ SCF_Energy
   description: The SCF energy
   geom. index: 4
   prop. index: 1
        SCF Energy:     -424.1552101537
# -----------------------------------------------------------
$ DFT_Energy
   description: The DFT energy
   geom. index: 4
   prop. index: 1
   Number of Alpha Electrons                 38.9999150791 
   Number of Beta  Electrons                 38.9999150791 
   Total number of  Electrons                77.9998301582 
   Exchange energy                          -40.0950113499 
   Correlation energy                        -3.1781005108 
   Correlation energy NL                      0.0000000000 
   Exchange-Correlation energy              -43.2731118607 
   Embedding correction                       0.0000000000 
   Total DFT Energy (No VdW correction)    -424.1552101537 
# -----------------------------------------------------------
$ VdW_Correction
   description: The Van der Waals Correction
   geom. index: 4
   prop. index: 1
        Van der Waals Correction:       -0.0463631264
# -----------------------------------------------------------
$ PAL_Flags
   description: The PAL Flags
   geom. index: 5
   prop. index: 1
        Diskflag:     2
# -----------------------------------------------------------
$ SCF_Energy
   description: The SCF energy
   geom. index: 5
   prop. index: 1
        SCF Energy:     -424.1554864656
# -----------------------------------------------------------
$ DFT_Energy
   description: The DFT energy
   geom. index: 5
   prop. index: 1
   Number of Alpha Electrons                 38.9999180806 
   Number of Beta  Electrons                 38.9999180806 
   Total number of  Electrons                77.9998361612 
   Exchange energy                          -40.0949051638 
   Correlation energy                        -3.1780995758 
   Correlation energy NL                      0.0000000000 
   Exchange-Correlation energy              -43.2730047396 
   Embedding correction                       0.0000000000 
   Total DFT Energy (No VdW correction)    -424.1554864656 
# -----------------------------------------------------------
$ VdW_Correction
   description: The Van der Waals Correction
   geom. index: 5
   prop. index: 1
        Van der Waals Correction:       -0.0463442674
# -----------------------------------------------------------
$ PAL_Flags
   description: The PAL Flags
   geom. index: 6
   prop. index: 1
        Diskflag:     2
# -----------------------------------------------------------
$ SCF_Energy
   description: The SCF energy
   geom. index: 6
   prop. index: 1
        SCF Energy:     -424.1558118234
# -----------------------------------------------------------
$ DFT_Energy
   description: The DFT energy
   geom. index: 6
   prop. index: 1
   Number of Alpha Electrons                 38.9999502550 
   Number of Beta  Electrons                 38.9999502550 
   Total number of  Electrons                77.9999005099 
   Exchange energy                          -40.0965148376 
   Correlation energy                        -3.1782783223 
   Correlation energy NL                      0.0000000000 
   Exchange-Correlation energy              -43.2747931599 
   Embedding correction                       0.0000000000 
   Total DFT Energy (No VdW correction)    -424.1558118234 
# -----------------------------------------------------------
$ VdW_Correction
   description: The Van der Waals Correction
   geom. index: 6
   prop. index: 1
        Van der Waals Correction:       -0.0463579837
# -----------------------------------------------------------
$ PAL_Flags
   description: The PAL Flags
   geom. index: 7
   prop. index: 1
        Diskflag:     2
# -----------------------------------------------------------
$ SCF_Energy
   description: The SCF energy
   geom. index: 7
   prop. index: 1
        SCF Energy:     -424.1561374100
# -----------------------------------------------------------
$ DFT_Energy
   description: The DFT energy
   geom. index: 7
   prop. index: 1
   Number of Alpha Electrons                 38.9999305661 
   Number of Beta  Electrons                 38.9999305661 
   Total number of  Electrons                77.9998611322 
   Exchange energy                          -40.0973880915 
   Correlation energy                        -3.1784235345 
   Correlation energy NL                      0.0000000000 
   Exchange-Correlation energy              -43.2758116261 
   Embedding correction                       0.0000000000 
   Total DFT Energy (No VdW correction)    -424.1561374100 
# -----------------------------------------------------------
$ VdW_Correction
   description: The Van der Waals Correction
   geom. index: 7
   prop. index: 1
        Van der Waals Correction:       -0.0463728411
# -----------------------------------------------------------
$ PAL_Flags
   description: The PAL Flags
   geom. index: 8
   prop. index: 1
        Diskflag:     2
# -----------------------------------------------------------
$ SCF_Energy
   description: The SCF energy
   geom. index: 8
   prop. index: 1
        SCF Energy:     -424.1564632460
# -----------------------------------------------------------
$ DFT_Energy
   description: The DFT energy
   geom. index: 8
   prop. index: 1
   Number of Alpha Electrons                 38.9998720228 
   Number of Beta  Electrons                 38.9998720228 
   Total number of  Electrons                77.9997440456 
   Exchange energy                          -40.0980099781 
   Correlation energy                        -3.1785789553 
   Correlation energy NL                      0.0000000000 
   Exchange-Correlation energy              -43.2765889334 
   Embedding correction                       0.0000000000 
   Total DFT Energy (No VdW correction)    -424.1564632460 
# -----------------------------------------------------------
$ VdW_Correction
   description: The Van der Waals Correction
   geom. index: 8
   prop. index: 1
        Van der Waals Correction:       -0.0463965469
# -----------------------------------------------------------
$ PAL_Flags
   description: The PAL Flags
   geom. index: 9
   prop. index: 1
        Diskflag:     2
# -----------------------------------------------------------
$ SCF_Energy
   description: The SCF energy
   geom. index: 9
   prop. index: 1
        SCF Energy:     -424.1567262465
# -----------------------------------------------------------
$ DFT_Energy
   description: The DFT energy
   geom. index: 9
   prop. index: 1
   Number of Alpha Electrons                 38.9998402194 
   Number of Beta  Electrons                 38.9998402194 
   Total number of  Electrons                77.9996804388 
   Exchange energy                          -40.0984907451 
   Correlation energy                        -3.1787383979 
   Correlation energy NL                      0.0000000000 
   Exchange-Correlation energy              -43.2772291430 
   Embedding correction                       0.0000000000 
   Total DFT Energy (No VdW correction)    -424.1567262465 
# -----------------------------------------------------------
$ VdW_Correction
   description: The Van der Waals Correction
   geom. index: 9
   prop. index: 1
        Van der Waals Correction:       -0.0464279529
# -----------------------------------------------------------
$ PAL_Flags
   description: The PAL Flags
   geom. index: 10
   prop. index: 1
        Diskflag:     2
# -----------------------------------------------------------
$ SCF_Energy
   description: The SCF energy
   geom. index: 10
   prop. index: 1
        SCF Energy:     -424.1563107505
# -----------------------------------------------------------
$ DFT_Energy
   description: The DFT energy
   geom. index: 10
   prop. index: 1
   Number of Alpha Electrons                 38.9998374203 
   Number of Beta  Electrons                 38.9998374203 
   Total number of  Electrons                77.9996748406 
   Exchange energy                          -40.0966863912 
   Correlation energy                        -3.1785890914 
   Correlation energy NL                      0.0000000000 
   Exchange-Correlation energy              -43.2752754826 
   Embedding correction                       0.0000000000 
   Total DFT Energy (No VdW correction)    -424.1563107505 
# -----------------------------------------------------------
$ VdW_Correction
   description: The Van der Waals Correction
   geom. index: 10
   prop. index: 1
        Van der Waals Correction:       -0.0464548815
# -----------------------------------------------------------
$ PAL_Flags
   description: The PAL Flags
   geom. index: 11
   prop. index: 1
        Diskflag:     2
# -----------------------------------------------------------
$ SCF_Energy
   description: The SCF energy
   geom. index: 11
   prop. index: 1
        SCF Energy:     -424.1567143923
# -----------------------------------------------------------
$ DFT_Energy
   description: The DFT energy
   geom. index: 11
   prop. index: 1
   Number of Alpha Electrons                 38.9998273971 
   Number of Beta  Electrons                 38.9998273971 
   Total number of  Electrons                77.9996547943 
   Exchange energy                          -40.0971290503 
   Correlation energy                        -3.1788210606 
   Correlation energy NL                      0.0000000000 
   Exchange-Correlation energy              -43.2759501110 
   Embedding correction                       0.0000000000 
   Total DFT Energy (No VdW correction)    -424.1567143923 
# -----------------------------------------------------------
$ VdW_Correction
   description: The Van der Waals Correction
   geom. index: 11
   prop. index: 1
        Van der Waals Correction:       -0.0464933187
# -----------------------------------------------------------
$ PAL_Flags
   description: The PAL Flags
   geom. index: 12
   prop. index: 1
        Diskflag:     2
# -----------------------------------------------------------
$ SCF_Energy
   description: The SCF energy
   geom. index: 12
   prop. index: 1
        SCF Energy:     -424.1569648715
# -----------------------------------------------------------
$ DFT_Energy
   description: The DFT energy
   geom. index: 12
   prop. index: 1
   Number of Alpha Electrons                 38.9998158924 
   Number of Beta  Electrons                 38.9998158924 
   Total number of  Electrons                77.9996317848 
   Exchange energy                          -40.0972747135 
   Correlation energy                        -3.1787837319 
   Correlation energy NL                      0.0000000000 
   Exchange-Correlation energy              -43.2760584454 
   Embedding correction                       0.0000000000 
   Total DFT Energy (No VdW correction)    -424.1569648715 
# -----------------------------------------------------------
$ VdW_Correction
   description: The Van der Waals Correction
   geom. index: 12
   prop. index: 1
        Van der Waals Correction:       -0.0464512328
# -----------------------------------------------------------
$ PAL_Flags
   description: The PAL Flags
   geom. index: 13
   prop. index: 1
        Diskflag:     2
# -----------------------------------------------------------
$ SCF_Energy
   description: The SCF energy
   geom. index: 13
   prop. index: 1
        SCF Energy:     -424.1570301498
# -----------------------------------------------------------
$ DFT_Energy
   description: The DFT energy
   geom. index: 13
   prop. index: 1
   Number of Alpha Electrons                 38.9998125835 
   Number of Beta  Electrons                 38.9998125835 
   Total number of  Electrons                77.9996251671 
   Exchange energy                          -40.0969954549 
   Correlation energy                        -3.1788610067 
   Correlation energy NL                      0.0000000000 
   Exchange-Correlation energy              -43.2758564616 
   Embedding correction                       0.0000000000 
   Total DFT Energy (No VdW correction)    -424.1570301498 
# -----------------------------------------------------------
$ VdW_Correction
   description: The Van der Waals Correction
   geom. index: 13
   prop. index: 1
        Van der Waals Correction:       -0.0464783031
# -----------------------------------------------------------
$ PAL_Flags
   description: The PAL Flags
   geom. index: 14
   prop. index: 1
        Diskflag:     2
# -----------------------------------------------------------
$ SCF_Energy
   description: The SCF energy
   geom. index: 14
   prop. index: 1
        SCF Energy:     -424.1570345294
# -----------------------------------------------------------
$ DFT_Energy
   description: The DFT energy
   geom. index: 14
   prop. index: 1
   Number of Alpha Electrons                 38.9998145023 
   Number of Beta  Electrons                 38.9998145023 
   Total number of  Electrons                77.9996290046 
   Exchange energy                          -40.0969875485 
   Correlation energy                        -3.1788407901 
   Correlation energy NL                      0.0000000000 
   Exchange-Correlation energy              -43.2758283386 
   Embedding correction                       0.0000000000 
   Total DFT Energy (No VdW correction)    -424.1570345294 
# -----------------------------------------------------------
$ Mayer_Pop
   description: The Mayer population analysis
   geom. index: 14
   prop. index: 1
     Number of atoms                     : 26
     Threshold for printing              : 0.1000000
     Number of bond orders printed       : 34
  NA   - Mulliken gross atomic population
  ZA   - Total nuclear charge
  QA   - Mulliken gross atomic charge
  VA   - Mayer's total valence
  BVA  - Mayer's bonded valence
  FA   - Mayer's free valence
  ATOM       NA         ZA         QA         VA         BVA        FA
  0   0     6.4130     6.0000    -0.4130     3.8934     3.8934     0.0000
  1   0     6.2889     6.0000    -0.2889     3.7508     3.7508     0.0000
  2   0     6.2129     6.0000    -0.2129     3.4253     3.4253     0.0000
  3   0     6.1430     6.0000    -0.1430     3.8632     3.8632     0.0000
  4   0     6.5295     6.0000    -0.5295     4.2679     4.2679     0.0000
  5   0     7.3241     7.0000    -0.3241     2.4942     2.4942     0.0000
  6   0     6.2353     6.0000    -0.2353     3.7531     3.7531     0.0000
  7   0     6.0347     6.0000    -0.0347     3.2599     3.2599     0.0000
  8   0     7.3477     7.0000    -0.3477     2.7049     2.7049     0.0000
  9   0     6.2110     6.0000    -0.2110     3.7069     3.7069    -0.0000
 10   0     0.8368     1.0000     0.1632     0.9261     0.9261     0.0000
 11   0     0.8630     1.0000     0.1370     0.9551     0.9551     0.0000
 12   0     0.8481     1.0000     0.1519     0.9334     0.9334     0.0000
 13   0     0.8395     1.0000     0.1605     0.9274     0.9274    -0.0000
 14   0     0.8342     1.0000     0.1658     0.9397     0.9397     0.0000
 15   0     0.8090     1.0000     0.1910     0.9076     0.9076    -0.0000
 16   0     0.8569     1.0000     0.1431     0.9382     0.9382     0.0000
 17   0     0.8544     1.0000     0.1456     0.9192     0.9192     0.0000
 18   0     0.6740     1.0000     0.3260     0.8191     0.8191     0.0000
 19   0     0.8712     1.0000     0.1288     0.9606     0.9606     0.0000
 20   0     0.8572     1.0000     0.1428     0.9205     0.9205    -0.0000
 21   0     0.8666     1.0000     0.1334     0.9217     0.9217    -0.0000
 22   0     0.8405     1.0000     0.1595     0.9211     0.9211    -0.0000
 23   0     0.6980     1.0000     0.3020     0.8577     0.8577     0.0000
 24   0     0.8422     1.0000     0.1578     0.9149     0.9149     0.0000
 25   0     0.8684     1.0000     0.1316     0.9364     0.9364     0.0000
      Bond orders larger than 0.1000000
           Atom A     A.N. of A          Atom B    A.N. of B              Bond order
                0             6               1            6                0.951248
                0             6               6            6                0.979195
                0             6              10            1                0.993338
                0             6              11            1                0.949494
                1             6               2            6                0.904634
                1             6              12            1                0.981910
                1             6              13            1                0.935972
                2             6               3            6                0.734431
                2             6               4            6                0.191990
                2             6               5            7               -0.106244
                2             6               8            7               -0.131655
                2             6              12            1               -0.100049
                2             6              14            1                0.921360
                2             6              15            1                0.988022
                3             6               4            6                0.803043
                3             6               7            6                0.759145
                3             6               8            7                0.510203
                3             6               9            6                1.006560
                3             6              22            1               -0.113735
                4             6               5            7                0.943793
                4             6               9            6                0.116533
                4             6              16            1                1.023684
                4             6              17            1                1.011303
                5             7               6            6                0.947117
                5             7              18            1                0.858676
                6             6              19            1                0.993454
                6             6              20            1                0.987442
                7             6               8            7                0.654201
                7             6              21            1                0.928753
                7             6              22            1                1.026696
                8             7               9            6                0.766940
                8             7              23            1                0.854192
                9             6              24            1                0.974535
                9             6              25            1                0.945491
# -----------------------------------------------------------
$ VdW_Correction
   description: The Van der Waals Correction
   geom. index: 14
   prop. index: 1
        Van der Waals Correction:       -0.0464737653
# -----------------------------------------------------------
$ SCF_Electric_Properties
   description: The SCF Calculated Electric Properties
   geom. index: 14
   prop. index: 1
       Filename                          : file.scfp 
       Do Dipole Moment Calculation      : true 
       Do Quadrupole Moment Calculation  : false 
       Do Polarizability Calculation     : false 
** Dipole moment part of electric properties **
        Magnitude of dipole moment (Debye) :        2.2741811723
        Electronic Contribution:
                  0    
      0      -2.879873
      1       1.622800
      2       0.173613
        Nuclear Contribution:
                  0    
      0       3.253588
      1      -1.280280
      2      -0.910858
        Total Dipole moment:
                  0    
      0       0.373715
      1       0.342519
      2      -0.737245
# -------------------------------------------------------------
----------------------- !GEOMETRIES! ------------------------
# -------------------------------------------------------------
------------------------ !GEOMETRY! -------------------------
    Number of atoms:    26 
    Geometry Index:     1 
    Coordinates:
               0 C      2.263200000000   -0.659400000000    0.694900000000
               1 C      0.979500000000   -1.501900000000    0.616800000000
               2 C     -0.254500000000   -0.724000000000    1.103100000000
               3 C     -0.933700000000    0.116000000000   -0.010200000000
               4 C      0.021300000000    0.841700000000   -0.990100000000
               5 N      1.202900000000    1.369900000000   -0.287600000000
               6 C      2.345400000000    0.444000000000   -0.366700000000
               7 C     -2.054600000000    1.004500000000    0.535300000000
               8 N     -3.098900000000    0.278100000000   -0.188500000000
               9 C     -2.070800000000   -0.609700000000   -0.734000000000
              10 H      2.364200000000   -0.210100000000    1.707100000000
              11 H      3.133800000000   -1.336200000000    0.554100000000
              12 H      0.825600000000   -1.894200000000   -0.412100000000
              13 H      1.115800000000   -2.382200000000    1.282300000000
              14 H      0.034700000000   -0.053800000000    1.942600000000
              15 H     -0.983900000000   -1.444800000000    1.534400000000
              16 H     -0.516200000000    1.676700000000   -1.494500000000
              17 H      0.305600000000    0.148200000000   -1.813200000000
              18 H      1.489400000000    2.252900000000   -0.772400000000
              19 H      3.281700000000    1.014900000000   -0.177900000000
              20 H      2.454800000000    0.000600000000   -1.381800000000
              21 H     -1.991000000000    2.072900000000    0.224900000000
              22 H     -2.210800000000    0.908600000000    1.632700000000
              23 H     -3.451900000000    0.890700000000   -0.961900000000
              24 H     -2.234800000000   -1.654600000000   -0.391100000000
              25 H     -2.016600000000   -0.549000000000   -1.846000000000
------------------------ !GEOMETRY! -------------------------
    Number of atoms:    26 
    Geometry Index:     2 
    Coordinates:
               0 C      2.276543389004   -0.659081851368    0.690345926250
               1 C      0.991655647217   -1.499191967039    0.628035880278
               2 C     -0.252025650925   -0.715849039922    1.081864150824
               3 C     -0.943386735144    0.112880730059   -0.006655369594
               4 C      0.021671281712    0.819713876356   -0.967033426643
               5 N      1.213302610887    1.361803727176   -0.310896893512
               6 C      2.358277673392    0.445639355193   -0.362675648884
               7 C     -2.064018041615    1.023142660518    0.561025074222
               8 N     -3.112451260716    0.297163196816   -0.205378905676
               9 C     -2.081777237793   -0.613969473879   -0.771021818424
              10 H      2.361967794749   -0.208301056134    1.687919178314
              11 H      3.146153737996   -1.318358976695    0.558378762455
              12 H      0.845924561548   -1.899397106197   -0.386296196229
              13 H      1.121947240008   -2.366123079550    1.288415147695
              14 H      0.036453701905   -0.043660532445    1.900792272192
              15 H     -0.992373589392   -1.409952435905    1.500456382725
              16 H     -0.517260820523    1.640054817534   -1.459415951822
              17 H      0.302539362341    0.114966494497   -1.772130378955
              18 H      1.479551186324    2.218193616703   -0.779139466230
              19 H      3.270089642177    1.029664899126   -0.185553448118
              20 H      2.460453903420   -0.012504511556   -1.365184498478
              21 H     -1.978057662849    2.084660696011    0.297753463812
              22 H     -2.212536693546    0.928724737300    1.643232933987
              23 H     -3.484943740814    0.890860247156   -0.936421426481
              24 H     -2.239811637884   -1.654723447735   -0.463889970374
              25 H     -2.007688661479   -0.566555576019   -1.866325773334
------------------------ !GEOMETRY! -------------------------
    Number of atoms:    26 
    Geometry Index:     3 
    Coordinates:
               0 C      2.278897754516   -0.646469526146    0.696724471085
               1 C      1.008178231531   -1.508366234139    0.628608675291
               2 C     -0.252573919522   -0.744846522520    1.064600424396
               3 C     -0.950619122479    0.089443176664   -0.014465806917
               4 C      0.019693472285    0.775472488121   -0.981982048858
               5 N      1.192377658781    1.357133134355   -0.329852295481
               6 C      2.357637219920    0.469297526476   -0.345386505143
               7 C     -2.033779397660    1.036680906774    0.566018683316
               8 N     -3.109229702038    0.336591029734   -0.189227157755
               9 C     -2.114755987907   -0.598965087095   -0.781803932948
              10 H      2.343559541691   -0.199962494437    1.697701517912
              11 H      3.162820128876   -1.285994426863    0.572011100292
              12 H      0.880943499950   -1.921780730497   -0.382365305539
              13 H      1.146262488143   -2.369445501960    1.293778898356
              14 H      0.025175806009   -0.069468956051    1.883907790907
              15 H     -0.993312947592   -1.441775614532    1.477200118990
              16 H     -0.527460390483    1.569970722191   -1.505821800005
              17 H      0.324714720132    0.047221503148   -1.755743142905
              18 H      1.440369407972    2.224413867695   -0.790286048407
              19 H      3.249205904654    1.075484649561   -0.147263426124
              20 H      2.489533101856    0.012930693075   -1.345467646557
              21 H     -1.904484884944    2.096191185515    0.312681868219
              22 H     -2.173558409992    0.951800819725    1.649877071225
              23 H     -3.526434148879    0.931992084118   -0.896100537354
              24 H     -2.297934744061   -1.643066816928   -0.500574016345
              25 H     -2.035025280758   -0.544681875984   -1.876570949648
------------------------ !GEOMETRY! -------------------------
    Number of atoms:    26 
    Geometry Index:     4 
    Coordinates:
               0 C      2.277812111073   -0.670302564435    0.674053222204
               1 C      0.987515484292   -1.503101915665    0.631290242104
               2 C     -0.251559386567   -0.712223226079    1.083668118035
               3 C     -0.949993242382    0.118150881664    0.002846934445
               4 C      0.028495804368    0.799646867576   -0.961599967262
               5 N      1.216717031494    1.361425894918   -0.324277284334
               6 C      2.368469356505    0.455909594987   -0.356654922142
               7 C     -2.069096595406    1.041398535915    0.560476142135
               8 N     -3.109894336639    0.282542109451   -0.186966061329
               9 C     -2.075332743778   -0.601017618372   -0.789613211447
              10 H      2.366108144431   -0.232742842741    1.677090480059
              11 H      3.146944989561   -1.326406579570    0.531135879637
              12 H      0.834824288558   -1.921937928562   -0.374208751721
              13 H      1.119235714784   -2.364075009491    1.297687681384
              14 H      0.048225616771   -0.035021493043    1.893330508098
              15 H     -0.999170220706   -1.393394944246    1.510087034698
              16 H     -0.511280238129    1.597001869829   -1.488436691350
              17 H      0.320705824653    0.061862873972   -1.731481650390
              18 H      1.465421811018    2.235283820114   -0.770844582991
              19 H      3.269342463020    1.047369451097   -0.156633919672
              20 H      2.485717756998    0.008389226584   -1.362744107968
              21 H     -1.961911910298    2.100614899536    0.290535268874
              22 H     -2.212868808546    0.979319158589    1.645829714083
              23 H     -3.594125144064    0.848112663977   -0.874445386383
              24 H     -2.224415994624   -1.658142753508   -0.538703770864
              25 H     -1.975687776387   -0.518860972496   -1.881220917903
------------------------ !GEOMETRY! -------------------------
    Number of atoms:    26 
    Geometry Index:     5 
    Coordinates:
               0 C      2.276475429179   -0.665047504154    0.684048035374
               1 C      0.990571852450   -1.505741220443    0.627815644643
               2 C     -0.257348591468   -0.723455908565    1.070224104606
               3 C     -0.949343225864    0.112110350767   -0.013035845308
               4 C      0.035942446884    0.781996221205   -0.977201700218
               5 N      1.211202415851    1.357508483327   -0.327548652378
               6 C      2.372366046288    0.464494966835   -0.343651362296
               7 C     -2.048443972068    1.052299413358    0.552889109309
               8 N     -3.108421163706    0.271956768961   -0.140531499300
               9 C     -2.091801192794   -0.590998572543   -0.796063996728
              10 H      2.355674005562   -0.230866952533    1.689510487250
              11 H      3.149255977278   -1.317810550958    0.546423142344
              12 H      0.849191050512   -1.927137281330   -0.378237117680
              13 H      1.122666963408   -2.364600226770    1.297363623090
              14 H      0.033766973153   -0.047761763678    1.884653339337
              15 H     -1.004322897896   -1.409849823438    1.489641565471
              16 H     -0.500491373349    1.568193462901   -1.524105774877
              17 H      0.342247674840    0.034405010455   -1.732050222587
              18 H      1.453931245112    2.236646641609   -0.765091155062
              19 H      3.264504984193    1.063859109695   -0.126991978207
              20 H      2.512162803968    0.020930267627   -1.348611774224
              21 H     -1.943090481721    2.101597769307    0.244017172575
              22 H     -2.162319331919    1.025309927150    1.643158326432
              23 H     -3.658181945948    0.818663224928   -0.791493435742
              24 H     -2.233497692868   -1.656780054970   -0.578386525945
              25 H     -2.012497999074   -0.470121758744   -1.886543509880
------------------------ !GEOMETRY! -------------------------
    Number of atoms:    26 
    Geometry Index:     6 
    Coordinates:
               0 C      2.274603855293   -0.673062483539    0.690510153109
               1 C      0.981848676593   -1.504210363690    0.628714183028
               2 C     -0.260471568191   -0.709866472151    1.063164511052
               3 C     -0.944155951596    0.119992177890   -0.029622909600
               4 C      0.046538489415    0.794721068591   -0.984339765469
               5 N      1.221262174583    1.355128813901   -0.318847295952
               6 C      2.376993792365    0.456323429341   -0.336962918070
               7 C     -2.045690367225    1.052196926708    0.540783986618
               8 N     -3.104015621752    0.227174647086   -0.095691251937
               9 C     -2.089288861464   -0.591612445951   -0.803119427681
              10 H      2.360272525257   -0.241916739370    1.696895976549
              11 H      3.140487152000   -1.334375677888    0.550480809043
              12 H      0.840687430779   -1.924955319818   -0.377545657666
              13 H      1.104569803734   -2.361986021917    1.301707504913
              14 H      0.036046185108   -0.027710532331    1.870368223666
              15 H     -1.012427313565   -1.386413155674    1.489450003596
              16 H     -0.480292194807    1.592848849845   -1.522808509979
              17 H      0.350422361062    0.056730446945   -1.749672025090
              18 H      1.473334158336    2.236027220910   -0.748055346676
              19 H      3.272989484311    1.049215110110   -0.117683873608
              20 H      2.517381987499    0.014723352981   -1.342497371046
              21 H     -1.978164946050    2.088900622936    0.183759266309
              22 H     -2.127109762674    1.063215837619    1.634004001595
              23 H     -3.715663104644    0.744763130290   -0.715204756197
              24 H     -2.197571376818   -1.667617781726   -0.617321934619
              25 H     -2.042387007549   -0.428434641097   -1.890265575889
------------------------ !GEOMETRY! -------------------------
    Number of atoms:    26 
    Geometry Index:     7 
    Coordinates:
               0 C      2.271694085711   -0.682108677794    0.694212048986
               1 C      0.971931697473   -1.501785219251    0.628130954022
               2 C     -0.264395947060   -0.695640903742    1.057325458988
               3 C     -0.938900998696    0.132491190840   -0.042598679382
               4 C      0.058384679070    0.807650938549   -0.989396491469
               5 N      1.233928300867    1.354293910436   -0.312981941395
               6 C      2.383461950045    0.447862503520   -0.331673912994
               7 C     -2.047868289760    1.055078279132    0.529287576075
               8 N     -3.095358419964    0.182383947319   -0.053750149436
               9 C     -2.082254611885   -0.589966753687   -0.808811178309
              10 H      2.361254322019   -0.254070670838    1.701587755788
              11 H      3.131249430582   -1.351430549466    0.553023481334
              12 H      0.830280240968   -1.921240182804   -0.378637724743
              13 H      1.084496793988   -2.359983880085    1.302409711583
              14 H      0.035928901547   -0.010701480631    1.860677456128
              15 H     -1.022616156674   -1.363533025489    1.486005101145
              16 H     -0.459367753650    1.614534953883   -1.523254281415
              17 H      0.360635933840    0.074491139583   -1.760039476025
              18 H      1.495310033805    2.236383940886   -0.734591279774
              19 H      3.283415170210    1.033637963598   -0.109224241350
              20 H      2.523269777585    0.007797747500   -1.337878118978
              21 H     -2.020383002349    2.077317366929    0.128002199082
              22 H     -2.099647749331    1.105661693073    1.623405852435
              23 H     -3.771969708290    0.663285196993   -0.635069069585
              24 H     -2.155176778756   -1.674387947144   -0.655450854789
              25 H     -2.067101901294   -0.388221481311   -1.890510195921
------------------------ !GEOMETRY! -------------------------
    Number of atoms:    26 
    Geometry Index:     8 
    Coordinates:
               0 C      2.266830511137   -0.693057045506    0.695975207634
               1 C      0.959387669240   -1.497736051236    0.625769034593
               2 C     -0.269491024270   -0.678590098387    1.052452136700
               3 C     -0.932216088958    0.152283697984   -0.052431672590
               4 C      0.071937990056    0.826349995124   -0.991714945346
               5 N      1.252079551286    1.356117791355   -0.309417524682
               6 C      2.391683087257    0.436495661257   -0.328355839336
               7 C     -2.056836912862    1.059505443220    0.518583651783
               8 N     -3.082297436859    0.134330401838   -0.014431399475
               9 C     -2.067842873822   -0.587997567200   -0.811001437151
              10 H      2.357319665697   -0.267009497554    1.703938151415
              11 H      3.120120855611   -1.370617772033    0.555942055593
              12 H      0.817016453455   -1.912851854333   -0.382863506749
              13 H      1.058802057603   -2.359324586325    1.297499867185
              14 H      0.032951512657    0.004155535787    1.856426258557
              15 H     -1.037090624742   -1.338106216289    1.477044192435
              16 H     -0.436512969805    1.643100963513   -1.519058014865
              17 H      0.370204939543    0.096800660716   -1.767264192082
              18 H      1.526887115703    2.236224209185   -0.727735135382
              19 H      3.297646811539    1.012402332599   -0.105107071732
              20 H      2.526251258671   -0.004314427160   -1.334995704855
              21 H     -2.077078018233    2.064804719040    0.075680531960
              22 H     -2.080839844509    1.150943489942    1.611600336857
              23 H     -3.822224181155    0.570053305434   -0.554779484235
              24 H     -2.097867452733   -1.678321050170   -0.685166747139
              25 H     -2.088622051508   -0.355842040800   -1.886388749094
------------------------ !GEOMETRY! -------------------------
    Number of atoms:    26 
    Geometry Index:     9 
    Coordinates:
               0 C      2.263305120876   -0.701669319334    0.699639582211
               1 C      0.948466446294   -1.495150288275    0.627228635291
               2 C     -0.273466259510   -0.663558415345    1.048121734746
               3 C     -0.928396356346    0.163468597242   -0.064571117350
               4 C      0.082280008300    0.839674069779   -0.995099276906
               5 N      1.263887574376    1.354984115903   -0.303474023266
               6 C      2.396375282949    0.427443502812   -0.324341827151
               7 C     -2.059231359493    1.060299658891    0.506675521948
               8 N     -3.066892345479    0.088637108537    0.026909579340
               9 C     -2.060818502133   -0.584972953979   -0.819982827369
              10 H      2.359577704973   -0.277714313472    1.708053328464
              11 H      3.109690625602   -1.387491872176    0.558048746785
              12 H      0.803946208519   -1.910509992253   -0.380953680159
              13 H      1.039279097845   -2.355695379368    1.301715455664
              14 H      0.035202928647    0.023724125683    1.846006674411
              15 H     -1.046450673174   -1.313221765198    1.478052931221
              16 H     -0.417902339544    1.665478747237   -1.515880579001
              17 H      0.376752475185    0.116152456056   -1.777901533196
              18 H      1.546713658851    2.235551381228   -0.715091084282
              19 H      3.307086114119    0.995597676580   -0.099978204906
              20 H      2.528684095089   -0.012520082777   -1.331545995215
              21 H     -2.116566312002    2.046068430622    0.024489024947
              22 H     -2.061850199341    1.192912378103    1.595383367514
              23 H     -3.856753315758    0.484056998121   -0.471368315566
              24 H     -2.061378511998   -1.679704102980   -0.734668212652
              25 H     -2.111341166849   -0.312040761638   -1.885267905526
------------------------ !GEOMETRY! -------------------------
    Number of atoms:    26 
    Geometry Index:     10 
    Coordinates:
               0 C      2.256164014275   -0.705186862359    0.694948300900
               1 C      0.932419525914   -1.486433406802    0.645189906954
               2 C     -0.280539640331   -0.646974798957    1.070070611249
               3 C     -0.930448250976    0.189494489659   -0.040016327105
               4 C      0.081403567534    0.867917520248   -0.969235254117
               5 N      1.292197667253    1.364806497430   -0.320405930066
               6 C      2.397680623327    0.405160592044   -0.347526370310
               7 C     -2.085177043446    1.052446293206    0.521423276481
               8 N     -3.057670854542    0.033911044034    0.029929528342
               9 C     -2.013522269834   -0.573844993079   -0.840571939688
              10 H      2.357494524573   -0.260105653968    1.693922696181
              11 H      3.097694688481   -1.398600748873    0.564234152500
              12 H      0.772356968765   -1.903912210420   -0.359693727103
              13 H      1.023600713517   -2.348752048994    1.317615839772
              14 H      0.030962058255    0.028466023118    1.878111935652
              15 H     -1.063360652674   -1.294467124079    1.485019019062
              16 H     -0.424286311034    1.700587650864   -1.473908229411
              17 H      0.340067320581    0.139060683835   -1.760828859148
              18 H      1.583027555057    2.223721439486   -0.766078889912
              19 H      3.326876849514    0.954514815176   -0.155415259691
              20 H      2.491939179451   -0.057481679918   -1.349367082908
              21 H     -2.142562879800    2.044265338793    0.045591050589
              22 H     -2.111739534962    1.194175348878    1.605943056152
              23 H     -3.846779435032    0.410494148087   -0.469793167706
              24 H     -1.984986399657   -1.668837567753   -0.799887618256
              25 H     -2.042611984207   -0.264624789655   -1.899070718414
------------------------ !GEOMETRY! -------------------------
    Number of atoms:    26 
    Geometry Index:     11 
    Coordinates:
               0 C      2.252357137758   -0.716819938034    0.696432465256
               1 C      0.921624619944   -1.484520802389    0.640974374560
               2 C     -0.283494512317   -0.631657545850    1.062863912446
               3 C     -0.924169203325    0.202139523441   -0.054059443851
               4 C      0.094141033598    0.882440372847   -0.974151940379
               5 N      1.303888290463    1.364118635437   -0.310715416462
               6 C      2.403618903898    0.397737238703   -0.340149261530
               7 C     -2.089481205936    1.055489118456    0.504568388349
               8 N     -3.036930577945   -0.006482081852    0.070363095579
               9 C     -2.009649128170   -0.573050367865   -0.840454209378
              10 H      2.358100547077   -0.279185304324    1.698128193130
              11 H      3.086933830259   -1.417920295332    0.561410912936
              12 H      0.761308790091   -1.899041027155   -0.365249378340
              13 H      1.000910413327   -2.348006428722    1.313224592038
              14 H      0.034523396880    0.047539068382    1.864695347997
              15 H     -1.072457667462   -1.268027734207    1.482767933406
              16 H     -0.401451652316    1.724988207884   -1.472034205759
              17 H      0.354428148335    0.161875552104   -1.772625843563
              18 H      1.605077379815    2.226155691132   -0.744533368111
              19 H      3.335868527015    0.939762822899   -0.142059422373
              20 H      2.498358525759   -0.059541096280   -1.344337579431
              21 H     -2.191646158001    2.020268643870   -0.017033259397
              22 H     -2.094315761489    1.242720663218    1.583279421132
              23 H     -3.876435515368    0.321477555179   -0.384242958909
              24 H     -1.950566887665   -1.668088151964   -0.829048682528
              25 H     -2.080341274224   -0.234572319577   -1.887813666817
------------------------ !GEOMETRY! -------------------------
    Number of atoms:    26 
    Geometry Index:     12 
    Coordinates:
               0 C      2.259012288260   -0.717941597248    0.698044038937
               1 C      0.933758122533   -1.491915685045    0.628877977622
               2 C     -0.275528060569   -0.641449049595    1.051398874414
               3 C     -0.920701709816    0.184595811514   -0.067536322529
               4 C      0.093812349797    0.869161847936   -0.987940213446
               5 N      1.287609587803    1.357532174111   -0.297415800227
               6 C      2.403774658440    0.409544218957   -0.325556827132
               7 C     -2.078208957414    1.058284857166    0.491808624733
               8 N     -3.050128038582    0.028127165915    0.065583874364
               9 C     -2.039899403244   -0.584619081999   -0.821036968779
              10 H      2.360217737008   -0.294120537444    1.705897422292
              11 H      3.097983963596   -1.412773026148    0.555870320197
              12 H      0.783059702818   -1.903740419540   -0.380149443590
              13 H      1.011806534554   -2.355576988411    1.300598127575
              14 H      0.045312999158    0.047553734110    1.842435423405
              15 H     -1.057870491405   -1.276102894400    1.485147859030
              16 H     -0.399853613526    1.713311617586   -1.484992110929
              17 H      0.373836065875    0.160136446156   -1.789372316295
              18 H      1.585475719091    2.233565839622   -0.708438764820
              19 H      3.325549216246    0.962714104352   -0.109445227961
              20 H      2.518643944074   -0.032873677358   -1.333981781775
              21 H     -2.180545231699    2.014259583307   -0.042680626192
              22 H     -2.070150814647    1.245618697208    1.572685813603
              23 H     -3.885103863420    0.375057975603   -0.396667631138
              24 H     -1.999441274460   -1.680974075116   -0.780361176897
              25 H     -2.122221430470   -0.267577041238   -1.872573144463
------------------------ !GEOMETRY! -------------------------
    Number of atoms:    26 
    Geometry Index:     13 
    Coordinates:
               0 C      2.255211890839   -0.722266696047    0.698106519739
               1 C      0.925247155350   -1.488588105440    0.632705024623
               2 C     -0.279658108533   -0.632234419968    1.054059496655
               3 C     -0.919658497779    0.195870251859   -0.066482552679
               4 C      0.098641166324    0.880436400562   -0.983227826740
               5 N      1.299236848119    1.359639671312   -0.299278531351
               6 C      2.406423724081    0.401220383761   -0.328847701810
               7 C     -2.085359422439    1.058384737684    0.489098635933
               8 N     -3.036378294213   -0.002924107755    0.084850147970
               9 C     -2.026005283087   -0.579169971191   -0.828898027237
              10 H      2.359187078647   -0.295122861070    1.704314392451
              11 H      3.090223309433   -1.422168250303    0.557741516071
              12 H      0.770910729977   -1.900473992688   -0.375766588208
              13 H      0.999269922751   -2.352685184960    1.304400205786
              14 H      0.042711708240    0.054523330059    1.846706892669
              15 H     -1.066804638411   -1.263316464519    1.484430097376
              16 H     -0.392633438210    1.728396914870   -1.476018605034
              17 H      0.370633764269    0.170943797736   -1.787229874432
              18 H      1.602228026428    2.231497696462   -0.714561045851
              19 H      3.333788524143    0.947209757753   -0.118704555598
              20 H      2.512555499230   -0.045936532894   -1.336280320439
              21 H     -2.204040031374    2.003494323726   -0.062474091088
              22 H     -2.075907338385    1.268923460121    1.565229642528
              23 H     -3.892731322811    0.316660686504   -0.354604825206
              24 H     -1.967598394883   -1.675215285188   -0.816782105938
              25 H     -2.119294577704   -0.237299540386   -1.872285920191
------------------------ !GEOMETRY! -------------------------
    Number of atoms:    26 
    Geometry Index:     14 
    Coordinates:
               0 C      2.255771879480   -0.721287621284    0.697806381375
               1 C      0.926565225740   -1.488966679625    0.632763972523
               2 C     -0.279086515357   -0.634023414281    1.054815756656
               3 C     -0.920094116260    0.194475206565   -0.064849557780
               4 C      0.097460803665    0.878779008026   -0.982678719683
               5 N      1.298032989648    1.359551630987   -0.299893672521
               6 C      2.406001722304    0.402068916460   -0.329404802167
               7 C     -2.084995595475    1.058409870244    0.490191521682
               8 N     -3.038599776259    0.001092568930    0.081453321399
               9 C     -2.026691688896   -0.579268668697   -0.828340198221
              10 H      2.359160682151   -0.293619405981    1.703860920398
              11 H      3.091537600238   -1.420355681573    0.557826978303
              12 H      0.772194992314   -1.900923054313   -0.375671970794
              13 H      1.001783511920   -2.353127068220    1.304256091105
              14 H      0.042617079281    0.052211631516    1.848214435310
              15 H     -1.065529917839   -1.266343382429    1.484686453883
              16 H     -0.394847134422    1.725814310313   -1.476069705844
              17 H      0.369596939735    0.168611917628   -1.786013925548
              18 H      1.599900536157    2.231568210923   -0.715596208461
              19 H      3.332931728001    0.948892240326   -0.119503610590
              20 H      2.512328409602   -0.045235807936   -1.336759273216
              21 H     -2.199536238981    2.005497563724   -0.058813859922
              22 H     -2.077602116041    1.266021814847    1.566879036319
              23 H     -3.890777441314    0.325211932792   -0.362587489855
              24 H     -1.971452601391   -1.675417816458   -0.813567475877
              25 H     -2.116470958000   -0.239838222482   -1.872804398473
