-------------------------------------------------------------
----------------------- !PROPERTIES! ------------------------
-------------------------------------------------------------
# -----------------------------------------------------------
$ PAL_Flags
   description: The PAL Flags
   geom. index: 1
   prop. index: 1
        Diskflag:     2
# -----------------------------------------------------------
$ SCF_Energy
   description: The SCF energy
   geom. index: 1
   prop. index: 1
        SCF Energy:     -460.0584679213
# -----------------------------------------------------------
$ DFT_Energy
   description: The DFT energy
   geom. index: 1
   prop. index: 1
   Number of Alpha Electrons                 39.0000922113 
   Number of Beta  Electrons                 39.0000922113 
   Total number of  Electrons                78.0001844227 
   Exchange energy                          -41.9755037744 
   Correlation energy                        -3.2230751619 
   Correlation energy NL                      0.0000000000 
   Exchange-Correlation energy              -45.1985789363 
   Embedding correction                       0.0000000000 
   Total DFT Energy (No VdW correction)    -460.0584679213 
# -----------------------------------------------------------
$ Mayer_Pop
   description: The Mayer population analysis
   geom. index: 1
   prop. index: 1
     Number of atoms                     : 24
     Threshold for printing              : 0.1000000
     Number of bond orders printed       : 32
  NA   - Mulliken gross atomic population
  ZA   - Total nuclear charge
  QA   - Mulliken gross atomic charge
  VA   - Mayer's total valence
  BVA  - Mayer's bonded valence
  FA   - Mayer's free valence
  ATOM       NA         ZA         QA         VA         BVA        FA
  0   0     6.3013     6.0000    -0.3013     3.7752     3.7752     0.0000
  1   0     5.8925     6.0000     0.1075     3.3833     3.3833    -0.0000
  2   0     8.2660     8.0000    -0.2660     1.6246     1.6246     0.0000
  3   0     6.1512     6.0000    -0.1512     4.2942     4.2942     0.0000
  4   0     6.2668     6.0000    -0.2668     3.6432     3.6432     0.0000
  5   0     6.2561     6.0000    -0.2561     3.6687     3.6687    -0.0000
  6   0     7.3218     7.0000    -0.3218     2.5502     2.5502    -0.0000
  7   0     6.4454     6.0000    -0.4454     3.8055     3.8055     0.0000
  8   0     6.2808     6.0000    -0.2808     3.6943     3.6943     0.0000
  9   0     7.2874     7.0000    -0.2874     2.6095     2.6095    -0.0000
 10   0     0.8455     1.0000     0.1545     0.9252     0.9252    -0.0000
 11   0     0.8647     1.0000     0.1353     0.9343     0.9343     0.0000
 12   0     0.8275     1.0000     0.1725     0.9320     0.9320     0.0000
 13   0     0.8682     1.0000     0.1318     0.9337     0.9337    -0.0000
 14   0     0.8296     1.0000     0.1704     0.9202     0.9202     0.0000
 15   0     0.8691     1.0000     0.1309     0.9962     0.9962     0.0000
 16   0     0.8499     1.0000     0.1501     0.9357     0.9357    -0.0000
 17   0     0.8474     1.0000     0.1526     0.9256     0.9256     0.0000
 18   0     0.6898     1.0000     0.3102     0.8525     0.8525    -0.0000
 19   0     0.8285     1.0000     0.1715     0.8975     0.8975    -0.0000
 20   0     0.8164     1.0000     0.1836     0.9373     0.9373    -0.0000
 21   0     0.8485     1.0000     0.1515     0.9362     0.9362    -0.0000
 22   0     0.8491     1.0000     0.1509     0.8942     0.8942     0.0000
 23   0     0.6965     1.0000     0.3035     0.8438     0.8438    -0.0000
      Bond orders larger than 0.1000000
           Atom A     A.N. of A          Atom B    A.N. of B              Bond order
                0             6               1            6                0.938870
                0             6               3            6                0.108057
                0             6               8            6               -0.109782
                0             6               9            7                0.923578
                0             6              10            1                1.005049
                0             6              11            1                0.976318
                1             6               2            8                0.715997
                1             6               3            6                0.159112
                1             6               4            6               -0.149718
                1             6              12            1                0.966620
                1             6              13            1                0.958116
                2             8               3            6                1.285070
                2             8               5            6               -0.152385
                2             8               7            6               -0.203365
                3             6               4            6                0.932986
                3             6               7            6                1.001822
                3             6               8            6                0.819827
                4             6               5            6                0.921341
                4             6               6            7               -0.108570
                4             6              14            1                0.995173
                4             6              15            1                0.906704
                5             6               6            7                0.909477
                5             6              16            1                0.994121
                5             6              17            1                1.006320
                6             7               7            6                1.010334
                6             7              18            1                0.886182
                7             6              19            1                0.903647
                7             6              20            1                1.039602
                8             6               9            7                1.073703
                8             6              21            1                0.999896
                8             6              22            1                0.939582
                9             7              23            1                0.857758
# -----------------------------------------------------------
$ VdW_Correction
   description: The Van der Waals Correction
   geom. index: 1
   prop. index: 1
        Van der Waals Correction:       -0.0421036509
# -----------------------------------------------------------
$ Hessian
   description: Details about the Hessian
   geom. index: 1
   prop. index: 1
Normal modes:
Number of Rows: 72 Number of Columns: 72
                  0          1          2          3          4          5    
      0       0.000000   0.000000   0.000000   0.000000   0.000000   0.000000
      1       0.000000   0.000000   0.000000   0.000000   0.000000   0.000000
      2       0.000000   0.000000   0.000000   0.000000   0.000000   0.000000
      3       0.000000   0.000000   0.000000   0.000000   0.000000   0.000000
      4       0.000000   0.000000   0.000000   0.000000   0.000000   0.000000
      5       0.000000   0.000000   0.000000   0.000000   0.000000   0.000000
      6       0.000000   0.000000   0.000000   0.000000   0.000000   0.000000
      7       0.000000   0.000000   0.000000   0.000000   0.000000   0.000000
      8       0.000000   0.000000   0.000000   0.000000   0.000000   0.000000
      9       0.000000   0.000000   0.000000   0.000000   0.000000   0.000000
     10       0.000000   0.000000   0.000000   0.000000   0.000000   0.000000
     11       0.000000   0.000000   0.000000   0.000000   0.000000   0.000000
     12       0.000000   0.000000   0.000000   0.000000   0.000000   0.000000
     13       0.000000   0.000000   0.000000   0.000000   0.000000   0.000000
     14       0.000000   0.000000   0.000000   0.000000   0.000000   0.000000
     15       0.000000   0.000000   0.000000   0.000000   0.000000   0.000000
     16       0.000000   0.000000   0.000000   0.000000   0.000000   0.000000
     17       0.000000   0.000000   0.000000   0.000000   0.000000   0.000000
     18       0.000000   0.000000   0.000000   0.000000   0.000000   0.000000
     19       0.000000   0.000000   0.000000   0.000000   0.000000   0.000000
     20       0.000000   0.000000   0.000000   0.000000   0.000000   0.000000
     21       0.000000   0.000000   0.000000   0.000000   0.000000   0.000000
     22       0.000000   0.000000   0.000000   0.000000   0.000000   0.000000
     23       0.000000   0.000000   0.000000   0.000000   0.000000   0.000000
     24       0.000000   0.000000   0.000000   0.000000   0.000000   0.000000
     25       0.000000   0.000000   0.000000   0.000000   0.000000   0.000000
     26       0.000000   0.000000   0.000000   0.000000   0.000000   0.000000
     27       0.000000   0.000000   0.000000   0.000000   0.000000   0.000000
     28       0.000000   0.000000   0.000000   0.000000   0.000000   0.000000
     29       0.000000   0.000000   0.000000   0.000000   0.000000   0.000000
     30       0.000000   0.000000   0.000000   0.000000   0.000000   0.000000
     31       0.000000   0.000000   0.000000   0.000000   0.000000   0.000000
     32       0.000000   0.000000   0.000000   0.000000   0.000000   0.000000
     33       0.000000   0.000000   0.000000   0.000000   0.000000   0.000000
     34       0.000000   0.000000   0.000000   0.000000   0.000000   0.000000
     35       0.000000   0.000000   0.000000   0.000000   0.000000   0.000000
     36       0.000000   0.000000   0.000000   0.000000   0.000000   0.000000
     37       0.000000   0.000000   0.000000   0.000000   0.000000   0.000000
     38       0.000000   0.000000   0.000000   0.000000   0.000000   0.000000
     39       0.000000   0.000000   0.000000   0.000000   0.000000   0.000000
     40       0.000000   0.000000   0.000000   0.000000   0.000000   0.000000
     41       0.000000   0.000000   0.000000   0.000000   0.000000   0.000000
     42       0.000000   0.000000   0.000000   0.000000   0.000000   0.000000
     43       0.000000   0.000000   0.000000   0.000000   0.000000   0.000000
     44       0.000000   0.000000   0.000000   0.000000   0.000000   0.000000
     45       0.000000   0.000000   0.000000   0.000000   0.000000   0.000000
     46       0.000000   0.000000   0.000000   0.000000   0.000000   0.000000
     47       0.000000   0.000000   0.000000   0.000000   0.000000   0.000000
     48       0.000000   0.000000   0.000000   0.000000   0.000000   0.000000
     49       0.000000   0.000000   0.000000   0.000000   0.000000   0.000000
     50       0.000000   0.000000   0.000000   0.000000   0.000000   0.000000
     51       0.000000   0.000000   0.000000   0.000000   0.000000   0.000000
     52       0.000000   0.000000   0.000000   0.000000   0.000000   0.000000
     53       0.000000   0.000000   0.000000   0.000000   0.000000   0.000000
     54       0.000000   0.000000   0.000000   0.000000   0.000000   0.000000
     55       0.000000   0.000000   0.000000   0.000000   0.000000   0.000000
     56       0.000000   0.000000   0.000000   0.000000   0.000000   0.000000
     57       0.000000   0.000000   0.000000   0.000000   0.000000   0.000000
     58       0.000000   0.000000   0.000000   0.000000   0.000000   0.000000
     59       0.000000   0.000000   0.000000   0.000000   0.000000   0.000000
     60       0.000000   0.000000   0.000000   0.000000   0.000000   0.000000
     61       0.000000   0.000000   0.000000   0.000000   0.000000   0.000000
     62       0.000000   0.000000   0.000000   0.000000   0.000000   0.000000
     63       0.000000   0.000000   0.000000   0.000000   0.000000   0.000000
     64       0.000000   0.000000   0.000000   0.000000   0.000000   0.000000
     65       0.000000   0.000000   0.000000   0.000000   0.000000   0.000000
     66       0.000000   0.000000   0.000000   0.000000   0.000000   0.000000
     67       0.000000   0.000000   0.000000   0.000000   0.000000   0.000000
     68       0.000000   0.000000   0.000000   0.000000   0.000000   0.000000
     69       0.000000   0.000000   0.000000   0.000000   0.000000   0.000000
     70       0.000000   0.000000   0.000000   0.000000   0.000000   0.000000
     71       0.000000   0.000000   0.000000   0.000000   0.000000   0.000000
                  6          7          8          9         10         11    
      0      -0.010811  -0.035154  -0.055198   0.001679  -0.017415  -0.201992
      1      -0.107558   0.012905   0.042890   0.026554   0.035295  -0.033087
      2      -0.198701  -0.093868  -0.067585  -0.122585  -0.074493   0.029479
      3       0.101360  -0.029091  -0.098553  -0.009044  -0.032031  -0.161907
      4      -0.021397   0.003223  -0.006207  -0.020591  -0.035983   0.007164
      5       0.010780   0.033398  -0.048771   0.005419   0.202578   0.052630
      6       0.002187  -0.057328  -0.083602   0.002821   0.050248  -0.081162
      7       0.128060   0.025481  -0.086253  -0.011494  -0.037451   0.017657
      8       0.113268   0.085657   0.013149  -0.038027  -0.014381  -0.083163
      9       0.000215  -0.000585   0.000812  -0.008074  -0.000204   0.039340
     10       0.080121  -0.033668  -0.074086  -0.034722  -0.003341  -0.006083
     11       0.056934   0.047082   0.080357  -0.076883  -0.006052  -0.041528
     12      -0.082102  -0.038832   0.003337   0.029210   0.023399   0.171139
     13       0.014258  -0.094454  -0.026826  -0.080166   0.151116   0.039013
     14       0.019860   0.034992   0.056280  -0.017612  -0.060712  -0.012919
     15      -0.086540   0.086278   0.020088   0.007953  -0.015490   0.167590
     16      -0.134995   0.171777  -0.020655   0.003892   0.013644  -0.011741
     17      -0.011514  -0.125589  -0.008368   0.058692  -0.035916   0.044832
     18       0.058003   0.015102   0.161972  -0.066181  -0.012646   0.125637
     19      -0.035527  -0.055144   0.233481   0.057643  -0.036427  -0.016746
     20      -0.067496   0.014211  -0.161926   0.018547  -0.000288   0.038946
     21       0.096115   0.033083  -0.015571  -0.060853  -0.026661   0.145983
     22       0.044211  -0.040377  -0.053312   0.045778  -0.047914   0.024295
     23      -0.014744   0.024057   0.095036  -0.105677   0.063588  -0.121784
     24      -0.011552   0.028981   0.042808  -0.027680   0.008922  -0.052398
     25       0.098953  -0.002907  -0.038610  -0.012986  -0.043945   0.026641
     26       0.086105   0.020594   0.041044   0.019310  -0.038782   0.076070
     27      -0.073629  -0.001254   0.019148   0.141242   0.024252  -0.140895
     28      -0.061768   0.004830   0.018523   0.007145   0.016144  -0.071146
     29       0.010005  -0.020441   0.005317   0.243919  -0.036907   0.025583
     30      -0.223857  -0.144251  -0.108364  -0.271948  -0.229191  -0.232516
     31      -0.180995   0.017786   0.033609  -0.074422   0.113755  -0.008417
     32      -0.312048  -0.149151  -0.095368  -0.270601  -0.177927   0.017530
     33       0.176937   0.049608  -0.022940   0.208768   0.139302  -0.184470
     34      -0.123325   0.023748   0.102994   0.199071   0.005969  -0.044724
     35      -0.380806  -0.180782  -0.114588  -0.373031  -0.223450   0.014111
     36       0.112513  -0.065411  -0.159777  -0.023010  -0.041566  -0.074402
     37      -0.002407   0.033428  -0.004894   0.038375   0.140155   0.044078
     38       0.042223   0.058091  -0.077086   0.080742   0.446686   0.146797
     39       0.244816   0.033703  -0.077768  -0.012039  -0.119142  -0.248002
     40      -0.085641  -0.047615   0.009279  -0.117797  -0.323876  -0.068989
     41       0.047690   0.057203  -0.051631   0.038577   0.291930   0.071492
     42      -0.036808  -0.208099  -0.032412   0.048396   0.048759   0.229209
     43       0.034402  -0.216011   0.007310  -0.135023   0.296321   0.107052
     44       0.042002  -0.085229   0.079797  -0.061519   0.062666   0.048985
     45      -0.167052   0.009196   0.019661   0.070204   0.021684   0.226839
     46       0.055674  -0.183270  -0.021006  -0.116286   0.220464   0.061526
     47      -0.009497   0.215181   0.027798   0.037273  -0.233639  -0.119721
     48      -0.225788   0.413221  -0.088273   0.032504  -0.111693   0.134156
     49      -0.146900   0.193059  -0.001567   0.022566  -0.015442  -0.019414
     50       0.048629  -0.297605   0.166310   0.114327  -0.077216   0.040022
     51      -0.055592  -0.078775   0.023495   0.023386   0.034978   0.196869
     52      -0.288889   0.493456  -0.233242   0.001690  -0.020431  -0.023308
     53      -0.054706  -0.161868  -0.116049   0.077030   0.009138   0.073877
     54       0.076951  -0.047583   0.473061  -0.116439   0.017446   0.026512
     55       0.013025  -0.175444   0.362268   0.088337  -0.062741  -0.012917
     56      -0.031252  -0.074473  -0.072931   0.043882  -0.022253   0.047620
     57       0.127760   0.047755  -0.270075  -0.044333  -0.042634   0.223225
     58       0.030148  -0.048778   0.040340   0.008573  -0.007643  -0.069739
     59      -0.036748   0.006980   0.241175  -0.190474   0.154293  -0.326425
     60       0.149351   0.053943   0.077329  -0.117899  -0.028131   0.161778
     61       0.079854  -0.020214  -0.272308   0.131718  -0.147141   0.259071
     62       0.003181   0.029605   0.156156  -0.138093   0.072965  -0.140890
     63      -0.060842   0.048486   0.081414  -0.010651   0.028148  -0.135878
     64       0.134913  -0.006651  -0.056335  -0.031779  -0.062379   0.075519
     65       0.200271   0.036437   0.024227  -0.048788  -0.111515   0.198392
     66       0.065264   0.050484   0.052660  -0.227858  -0.005166  -0.007041
     67       0.175174   0.007171  -0.052692  -0.013893  -0.114897   0.126325
     68       0.031078   0.009767   0.043198   0.077349  -0.008493   0.023706
     69      -0.080871   0.022802   0.060798   0.149170   0.037144  -0.100029
     70      -0.060960   0.027464   0.060198   0.141844   0.033522  -0.035512
     71       0.022087  -0.030161  -0.006919   0.421548  -0.036381   0.008687
                 12         13         14         15         16         17    
      0       0.032196  -0.027929   0.040464   0.010541   0.196430  -0.048376
      1      -0.011378  -0.057962  -0.050515   0.047174  -0.010804   0.011149
      2       0.009428   0.045566   0.035898  -0.014151  -0.023915   0.017233
      3       0.001545   0.010157  -0.073494   0.099984   0.018843  -0.012871
      4      -0.052830   0.015736  -0.099089   0.104056  -0.218512   0.088364
      5       0.092809   0.024508   0.006603   0.003587  -0.030764   0.049313
      6       0.064032  -0.084715  -0.169242   0.052842  -0.117713   0.072168
      7      -0.063243   0.234430   0.067626   0.003479  -0.022222  -0.112892
      8      -0.095068  -0.021004   0.114384   0.191204   0.029132   0.071688
      9      -0.006566   0.020351  -0.023443  -0.013651  -0.122053  -0.062821
     10       0.000251   0.073744  -0.077956  -0.156135  -0.000569   0.012311
     11      -0.059815  -0.125017   0.000223  -0.043650  -0.002325  -0.005338
     12      -0.011627   0.079040   0.013814   0.131532   0.008745  -0.013954
     13      -0.113718  -0.056497   0.081767  -0.012071   0.032931   0.022742
     14      -0.011414  -0.043791  -0.039500  -0.099667   0.090813   0.109628
     15      -0.006388   0.061816  -0.019311   0.097949   0.073470   0.034949
     16       0.000253  -0.030072   0.024427  -0.020355  -0.005128  -0.016691
     17       0.027259  -0.000175  -0.015842  -0.004040   0.027121   0.004321
     18      -0.029264   0.015603  -0.062069  -0.064329   0.104263   0.034965
     19       0.050449  -0.014465   0.022783   0.004739  -0.017416  -0.019055
     20      -0.006655  -0.020041  -0.016703  -0.039695   0.017469  -0.014300
     21      -0.056356  -0.055000  -0.054202  -0.124946   0.035802  -0.000208
     22      -0.027408  -0.103676  -0.005766  -0.132464  -0.066185  -0.007678
     23       0.003699   0.122456  -0.086736  -0.079749  -0.032348  -0.007701
     24       0.050924  -0.045420   0.171991  -0.063059  -0.161547  -0.098971
     25       0.205580   0.024084   0.064394   0.013738   0.133391   0.111585
     26       0.062514  -0.101103   0.007280   0.075633  -0.124521  -0.202744
     27      -0.044514   0.038906   0.171155  -0.141422  -0.035252   0.071983
     28       0.015399  -0.079157  -0.105191   0.107102   0.182077  -0.124079
     29      -0.053905   0.050561  -0.036667   0.005091   0.035688  -0.033535
     30       0.027918   0.012534   0.183577  -0.048787   0.345476  -0.185013
     31       0.048522  -0.047137   0.044897  -0.031792  -0.080930   0.121809
     32       0.012124   0.067476   0.116487  -0.049462   0.041191  -0.041054
     33       0.026857  -0.062122  -0.105159   0.091562   0.069127   0.059953
     34      -0.076964  -0.026441   0.025879  -0.054360   0.079926  -0.080642
     35       0.033126   0.071275   0.163481  -0.070020   0.088324  -0.080269
     36       0.017752   0.143146  -0.069510  -0.016388  -0.083034  -0.074933
     37       0.050765   0.009569  -0.109284  -0.000000  -0.063485  -0.079306
     38       0.248916   0.081070  -0.003535  -0.201329   0.148635  -0.219756
     39      -0.108092   0.014031   0.014821   0.259889   0.065610   0.005901
     40      -0.214906  -0.018307  -0.079424   0.292016  -0.450740   0.384700
     41       0.133740   0.036210   0.010314  -0.042215   0.050595  -0.051208
     42      -0.000951   0.121740   0.001812   0.146180   0.034873   0.007293
     43      -0.264852  -0.154546   0.298418   0.183422   0.110919   0.096643
     44      -0.134586  -0.121223   0.138741   0.063546   0.156965   0.172015
     45      -0.014711   0.070544   0.091527   0.288629   0.076587  -0.017741
     46      -0.183581  -0.090899   0.160008   0.035262   0.062162   0.068156
     47       0.164593   0.045668  -0.301673  -0.357967  -0.042623   0.003061
     48       0.050824   0.065164  -0.078350   0.057459   0.107139   0.103788
     49       0.023386  -0.027027   0.013509  -0.022043  -0.011441  -0.014436
     50       0.076754   0.017311  -0.012190   0.029833  -0.019634  -0.037647
     51      -0.022743   0.078936   0.021237   0.162219   0.019327  -0.037469
     52       0.011295  -0.037947  -0.005713  -0.039646   0.022615   0.037942
     53       0.013216   0.015022   0.018924   0.063845  -0.029359  -0.061013
     54       0.022468   0.148613  -0.085355  -0.001519   0.109672   0.045825
     55       0.077324   0.002469   0.025912   0.039790  -0.014309  -0.008312
     56       0.011415  -0.015016  -0.013434  -0.017701   0.023716  -0.006107
     57      -0.096046  -0.125115  -0.052384  -0.204619   0.056296   0.021944
     58       0.010336   0.069006  -0.063491  -0.099079  -0.111662  -0.004943
     59       0.084270   0.515838  -0.221555  -0.017147  -0.131936   0.008138
     60      -0.106357  -0.142147  -0.063499  -0.195362   0.108690   0.046507
     61      -0.117952  -0.523440   0.127743  -0.227620   0.056118  -0.013609
     62      -0.004523   0.133525  -0.106252  -0.097788  -0.018003   0.010638
     63       0.092324  -0.150694   0.221010   0.064420  -0.091837  -0.142331
     64       0.248622   0.057922   0.097698  -0.013737   0.084146   0.175379
     65       0.401356  -0.122478   0.306816   0.177048  -0.300506   0.066747
     66       0.146595  -0.108949   0.252753  -0.100061  -0.306437  -0.059556
     67       0.507639  -0.000032   0.333070   0.157202   0.002030   0.324008
     68      -0.087507  -0.071736  -0.126710   0.029819  -0.030247  -0.304385
     69      -0.071363   0.008899   0.172776  -0.131789  -0.194204   0.004212
     70      -0.039807  -0.028755  -0.049909   0.030776  -0.013619   0.130733
     71      -0.085705   0.180475   0.053828  -0.133636   0.005004   0.488210
                 18         19         20         21         22         23    
      0       0.002827   0.028911   0.050074   0.070623  -0.234760   0.040485
      1      -0.006274   0.001051   0.007131   0.077712   0.010668   0.020107
      2      -0.006588   0.007981  -0.002484  -0.090264  -0.045091  -0.008947
      3      -0.027236   0.078793  -0.007554  -0.001051   0.066071  -0.060743
      4      -0.049546   0.113565   0.033818   0.082546  -0.118125  -0.015041
      5      -0.020187   0.012464   0.008746  -0.054266  -0.052797  -0.005703
      6      -0.009198   0.012775  -0.017476   0.011526   0.101824   0.013256
      7      -0.031649   0.109970  -0.004566   0.000455   0.012376  -0.028622
      8      -0.023402  -0.161425   0.000082   0.011959   0.050028   0.049644
      9       0.012736  -0.066560  -0.026555   0.001055   0.020390   0.015740
     10       0.116556  -0.040170   0.032676  -0.026095   0.019809   0.078369
     11       0.122122   0.018193   0.036731   0.017884  -0.006802  -0.065361
     12       0.160005  -0.079854   0.045232   0.003151  -0.007480  -0.038804
     13       0.009998   0.034896   0.104974  -0.024461   0.049427   0.050650
     14       0.201091   0.227196   0.008786  -0.023201   0.054038   0.053399
     15       0.215002   0.016998   0.039823   0.003629  -0.001945   0.046930
     16      -0.152432  -0.020379   0.048328  -0.006751   0.016757  -0.031273
     17      -0.095884   0.032297  -0.015028  -0.002856   0.007743  -0.011445
     18      -0.268509   0.026630  -0.023615  -0.000716   0.001642   0.085770
     19      -0.101390   0.000887  -0.025222   0.003186  -0.006802   0.024224
     20      -0.252025  -0.017868  -0.025078   0.006235  -0.004827   0.046289
     21      -0.100793  -0.083672  -0.037999   0.007279  -0.025486  -0.028884
     22       0.188291  -0.174576  -0.090670   0.026146  -0.063883   0.010095
     23       0.033599  -0.109345  -0.017356   0.019910  -0.054228  -0.135028
     24       0.028788   0.031446  -0.015690  -0.089770   0.041070  -0.003230
     25       0.013015  -0.054932   0.003191  -0.043442   0.012392  -0.012485
     26       0.037318   0.055199   0.020451   0.050737  -0.026823   0.068016
     27      -0.007527   0.003494   0.010655  -0.007498   0.008232   0.014061
     28       0.023550  -0.031053  -0.034979  -0.101653   0.060182  -0.030438
     29       0.014215  -0.005308  -0.014977  -0.037007   0.005315  -0.008700
     30       0.044251  -0.018270   0.014648   0.462316   0.148956   0.031937
     31      -0.021715  -0.019991   0.020632   0.000953   0.002325   0.040936
     32       0.012722  -0.017540  -0.019814   0.107282   0.153547  -0.013152
     33      -0.038363   0.090537   0.083676  -0.235460  -0.568575   0.029153
     34       0.040958  -0.064756  -0.034433   0.046728   0.180274   0.060206
     35       0.025824  -0.035656  -0.027955   0.214597   0.248006  -0.008226
     36      -0.024079   0.211470  -0.049777  -0.211144   0.163886  -0.169448
     37       0.005306   0.168385   0.033207   0.387722  -0.054892  -0.015402
     38       0.061029   0.146103  -0.013568   0.269231   0.085516  -0.057947
     39      -0.059019  -0.043978  -0.016626   0.038950   0.186931  -0.039458
     40      -0.138833  -0.001744   0.050711  -0.354190  -0.275241   0.015520
     41       0.006945   0.035596   0.001599   0.103493   0.016728  -0.011249
     42       0.230325  -0.024993  -0.167123   0.005368  -0.063209  -0.037281
     43       0.036010   0.245273  -0.287807   0.023867  -0.055264  -0.024515
     44       0.227998   0.411185  -0.336465   0.016351  -0.036500  -0.009163
     45      -0.063557  -0.144733   0.068743   0.032983  -0.036136  -0.198664
     46       0.113872   0.166220  -0.115392  -0.011255   0.002604   0.063582
     47       0.144795  -0.031322   0.531525  -0.083277   0.199084   0.160792
     48       0.390826   0.264012  -0.385095   0.023670  -0.086516   0.011506
     49      -0.114094  -0.002864  -0.017487  -0.000108  -0.003130  -0.036444
     50      -0.054961  -0.085998   0.056451   0.009564  -0.007966  -0.010995
     51       0.172964  -0.194866   0.259270   0.007014   0.013978   0.029699
     52      -0.009014   0.178730  -0.268336   0.003919  -0.038097  -0.068331
     53      -0.089455  -0.131056   0.090316   0.007443  -0.001776  -0.045477
     54      -0.173589   0.175418   0.095444  -0.025550   0.034378  -0.475455
     55       0.042191   0.090297  -0.011860  -0.008392   0.007792  -0.206375
     56      -0.172934   0.046532  -0.024165  -0.001010   0.004076  -0.089945
     57      -0.146536  -0.117801  -0.018077   0.002154  -0.027346  -0.104720
     58       0.254149  -0.249964  -0.179868   0.033051  -0.060349   0.187932
     59       0.169684  -0.289757  -0.226618   0.033441  -0.039785   0.298312
     60       0.140814  -0.099746   0.044189   0.023215  -0.093543  -0.265245
     61       0.035930  -0.017312   0.122358   0.009797  -0.091815  -0.466591
     62       0.146291  -0.137234  -0.011958   0.029716  -0.080577  -0.173989
     63      -0.019361   0.060127  -0.057336  -0.129425   0.092561  -0.111433
     64       0.016036  -0.064938   0.011472  -0.009778  -0.008553   0.010986
     65      -0.037379   0.086397  -0.008542   0.191701  -0.059220  -0.002256
     66       0.059242   0.070019   0.027980  -0.026552   0.049462   0.008515
     67      -0.078077  -0.042301  -0.052375   0.060717  -0.010062  -0.089363
     68       0.068649   0.038075   0.027756  -0.016551  -0.014807   0.092289
     69      -0.003560   0.032455  -0.006422   0.024248   0.125506   0.032936
     70      -0.023924  -0.036583  -0.023443   0.157376   0.335532  -0.128107
     71      -0.067943  -0.058378   0.041932   0.333549   0.209913  -0.187299
                 24         25         26         27         28         29    
      0       0.007622   0.024300   0.005834   0.000735  -0.007517  -0.038562
      1       0.008796   0.009755   0.103852   0.066964  -0.055946   0.029334
      2       0.007791  -0.018923   0.023806   0.026453  -0.002340  -0.009257
      3       0.010171  -0.058871   0.027494   0.051911   0.023959  -0.015644
      4       0.000325  -0.007289  -0.116580  -0.083909   0.047739   0.001174
      5      -0.004749  -0.003987   0.001130   0.026884   0.009892  -0.031307
      6      -0.003898   0.016759   0.008558  -0.018061  -0.031001   0.062485
      7       0.013502  -0.034759   0.034772   0.024638  -0.016251   0.016725
      8      -0.017815   0.054113   0.001070  -0.042544  -0.018364   0.011672
      9      -0.033901   0.036627  -0.084667  -0.021509  -0.051534  -0.006389
     10      -0.059991   0.089324   0.022161   0.012183  -0.013578   0.002619
     11      -0.056797  -0.036384  -0.058265   0.066703   0.024243   0.018731
     12       0.038872  -0.007277  -0.019012  -0.010363  -0.158826  -0.051212
     13       0.005190   0.017930   0.046088  -0.058370   0.027818  -0.042202
     14       0.112683  -0.027986  -0.023879  -0.033853  -0.086003  -0.012467
     15      -0.094381  -0.054763   0.042828   0.015635   0.179674   0.055623
     16       0.137568   0.034171  -0.045160   0.026520  -0.009508   0.027166
     17       0.074337   0.118963   0.019352   0.020902   0.062721   0.000941
     18      -0.050634  -0.093380   0.014751  -0.019614  -0.073428  -0.029646
     19      -0.047759  -0.035419  -0.028074   0.035328   0.018003   0.020604
     20      -0.095469  -0.063950   0.008850  -0.018940   0.012394  -0.007348
     21       0.138288   0.087268  -0.006487   0.032789   0.098130   0.012286
     22       0.011084  -0.085527   0.047499  -0.050716  -0.009702  -0.051763
     23      -0.048291  -0.066976   0.022717  -0.011600  -0.044277   0.041920
     24      -0.017654   0.006920  -0.103076  -0.047265   0.034991  -0.045877
     25      -0.066092   0.045073  -0.131289   0.041858  -0.028938   0.028372
     26      -0.019248   0.052674   0.067930   0.093133  -0.044161  -0.020991
     27      -0.009288   0.012053   0.044532   0.021294  -0.014104   0.064559
     28       0.018397  -0.039206  -0.002773  -0.027037   0.036252  -0.038663
     29       0.015137  -0.012398  -0.059542  -0.103313   0.015222   0.035945
     30      -0.021034   0.055760  -0.140251  -0.127387   0.036952  -0.013489
     31      -0.025623   0.043213   0.210481   0.239463  -0.115822   0.046399
     32      -0.009501  -0.000695  -0.043438  -0.025893   0.015569   0.004452
     33       0.034397  -0.018747   0.071890   0.081180   0.004036  -0.125942
     34       0.017865   0.031843   0.233355   0.033351  -0.171065   0.305089
     35      -0.019012   0.015295  -0.078362  -0.056827   0.018257   0.015247
     36       0.024039  -0.178639   0.109319   0.206935   0.026467   0.028937
     37       0.017549  -0.009224  -0.232488  -0.223061   0.070732   0.044006
     38       0.025118  -0.062000  -0.120554  -0.092094   0.043265   0.044368
     39       0.009196  -0.026590   0.032315   0.000164   0.002424   0.015987
     40      -0.022505   0.024053   0.071036   0.122653  -0.010602  -0.067641
     41       0.002678  -0.009056  -0.064554  -0.053090   0.024950   0.000041
     42      -0.028062   0.186609   0.033506   0.036519  -0.316825  -0.098273
     43       0.037896  -0.025486  -0.097486   0.057920   0.051116   0.096099
     44       0.135434  -0.041323  -0.136266   0.063948  -0.090837   0.092911
     45       0.384783  -0.047158  -0.098079   0.064314  -0.388960  -0.065735
     46      -0.093867   0.030318   0.013499  -0.019489   0.082189   0.020247
     47       0.072623  -0.016214   0.117231  -0.199430  -0.040077  -0.158326
     48      -0.285510   0.230972   0.154244   0.011637   0.112362  -0.038844
     49       0.132763   0.061061  -0.058648   0.069798   0.007595   0.053548
     50       0.192114  -0.001494  -0.111887   0.199150   0.209976   0.189477
     51      -0.034198  -0.178888  -0.016417   0.077784   0.343921   0.150565
     52      -0.108666   0.311472   0.109279  -0.070716  -0.051635  -0.126822
     53       0.013725   0.098215   0.019427   0.049844   0.239238   0.037692
     54      -0.203059   0.485757   0.330941  -0.364520  -0.024980  -0.095133
     55      -0.126008   0.353412   0.178351  -0.150432   0.177401  -0.067821
     56      -0.164457   0.182450   0.147079  -0.141906   0.118591  -0.072450
     57       0.081774   0.073815   0.090595  -0.091149  -0.011897   0.001011
     58       0.164356  -0.032012   0.047293  -0.040511   0.104004  -0.112411
     59       0.295023   0.032311   0.043850  -0.025231   0.177798  -0.113003
     60       0.259716   0.038991  -0.005549   0.192949   0.223638   0.161241
     61      -0.344943  -0.187090   0.063660  -0.062617  -0.233344   0.112853
     62       0.036536  -0.080398   0.024386   0.051086   0.030236   0.080415
     63       0.161128  -0.213929   0.064248  -0.230763   0.281711  -0.261726
     64      -0.084672   0.077305  -0.121419   0.061462  -0.100883   0.114781
     65       0.244810  -0.217375   0.500007  -0.159550   0.035354   0.032266
     66      -0.073258   0.035894  -0.069362   0.097512   0.027560  -0.123621
     67       0.225073  -0.246183   0.296631  -0.262783   0.076371   0.060584
     68      -0.118633   0.158305  -0.125249   0.159337  -0.078582  -0.014689
     69       0.000524   0.012692   0.116451   0.046832  -0.024533   0.057853
     70      -0.034981  -0.076550   0.038156   0.280494   0.119769  -0.430285
     71      -0.090585  -0.063094  -0.113272   0.357153   0.156348  -0.572904
                 30         31         32         33         34         35    
      0      -0.012487  -0.044521   0.069995   0.000214  -0.020115  -0.015576
      1      -0.032809  -0.086468  -0.034478   0.019295   0.020857  -0.087798
      2      -0.022842  -0.104347  -0.083263   0.107725   0.018239   0.036170
      3       0.003103   0.038395  -0.174437  -0.037575   0.131052  -0.039257
      4       0.031838   0.070744  -0.069943  -0.012376   0.028847   0.020808
      5       0.016244   0.105491   0.051400  -0.119965   0.028475  -0.038690
      6      -0.000456  -0.026596   0.122286   0.077903  -0.131425   0.041271
      7      -0.012641  -0.046738   0.091181   0.019043  -0.105611  -0.005182
      8       0.012948  -0.035022   0.000377   0.042516   0.019735   0.014894
      9      -0.084092  -0.179040   0.027064  -0.156939   0.074294  -0.131297
     10       0.056819   0.032194   0.015165   0.093772   0.131691   0.172663
     11       0.005319  -0.044818  -0.074253   0.024046  -0.121470   0.061165
     12       0.038887  -0.020996  -0.029895  -0.053065  -0.005882   0.065895
     13       0.043884  -0.030182  -0.038345  -0.050670  -0.053363  -0.076416
     14      -0.053601  -0.004388   0.041139  -0.040342   0.032327   0.037575
     15      -0.045766   0.038622   0.034095   0.044132   0.019984  -0.021894
     16      -0.037903   0.026248   0.044541   0.069506   0.082132  -0.052532
     17       0.063284   0.013078  -0.013577   0.064917  -0.017016  -0.219109
     18       0.037884   0.055519  -0.021892   0.083371  -0.015870  -0.122924
     19       0.042437  -0.061828   0.011429  -0.082673   0.000697   0.143281
     20      -0.044292  -0.004622  -0.015218  -0.046587  -0.022667   0.156978
     21      -0.011322  -0.044137  -0.009961  -0.097437  -0.004939   0.129184
     22      -0.062315   0.077639  -0.037832   0.033130  -0.036539  -0.116774
     23       0.024575   0.002822   0.065177  -0.009003   0.046880  -0.047776
     24       0.011320  -0.006024   0.008035   0.078086   0.005940  -0.052193
     25      -0.034919   0.039196  -0.040081  -0.003226  -0.058258  -0.051726
     26      -0.014662   0.099867   0.020397  -0.010068   0.006175   0.011467
     27       0.013738   0.092070  -0.042306  -0.034165  -0.014819   0.067770
     28       0.016001   0.016527   0.025106  -0.030935   0.015180   0.063587
     29       0.022961  -0.011950   0.007470  -0.006999   0.004239  -0.025464
     30       0.082204   0.300553   0.239594  -0.285101  -0.027553  -0.070072
     31      -0.058214   0.119785   0.057729  -0.198989  -0.055553  -0.172081
     32       0.022453   0.078993   0.004815  -0.048147   0.012321  -0.003236
     33      -0.069161  -0.292631  -0.069250   0.230766   0.026818   0.085937
     34      -0.056223  -0.191196  -0.187129   0.115420  -0.045249  -0.105115
     35       0.044861   0.179032   0.088771  -0.149492  -0.010161  -0.050748
     36      -0.057208   0.047885  -0.306245  -0.165803  -0.025078  -0.150153
     37       0.035258  -0.079362  -0.243236   0.218536   0.056594   0.118832
     38      -0.008690  -0.102062  -0.255076   0.137723   0.007189   0.046230
     39       0.064122   0.165801  -0.128202  -0.091806   0.145740  -0.064057
     40       0.024579   0.265488   0.282403  -0.295733  -0.078202  -0.095124
     41       0.024906   0.044936  -0.054329  -0.017814   0.048620   0.002313
     42       0.401005  -0.006657   0.044329   0.150492   0.236875   0.294075
     43      -0.181109   0.004091   0.081799  -0.010516   0.047439  -0.034279
     44      -0.197280   0.019643   0.147247   0.004801   0.140356   0.091154
     45      -0.144246   0.370933  -0.209469   0.239982  -0.409279   0.327634
     46       0.046056  -0.110102   0.076552  -0.074707   0.153644  -0.075758
     47       0.094411  -0.157830  -0.080352  -0.251796  -0.118246  -0.194473
     48       0.323090  -0.080763  -0.055363  -0.016485  -0.090970  -0.204945
     49       0.038013  -0.008031   0.085511   0.078650   0.146155  -0.072665
     50       0.070234  -0.013604   0.221427   0.168244   0.314997  -0.171131
     51      -0.186215   0.066487   0.066211   0.089204   0.053968   0.038776
     52       0.188300  -0.092700  -0.171465  -0.105499  -0.215955  -0.136267
     53       0.010844  -0.027377  -0.090723   0.010738  -0.135321  -0.171367
     54      -0.409406   0.197106   0.031553   0.167370   0.102086   0.028409
     55      -0.180076  -0.012988  -0.111286  -0.132203  -0.156412   0.222369
     56      -0.180508   0.024301  -0.112933  -0.088938  -0.151227   0.213277
     57      -0.094261   0.105039   0.179470   0.120759   0.305888   0.146112
     58      -0.112975   0.105823  -0.137714   0.014278  -0.134822  -0.061286
     59      -0.121789   0.121827  -0.121580   0.036792  -0.090487   0.064732
     60       0.355747  -0.045721  -0.051568  -0.126754  -0.277276   0.060578
     61       0.093930   0.039979   0.192818   0.070623   0.178541  -0.162492
     62       0.148237   0.012452   0.021289  -0.020620  -0.087187  -0.071266
     63       0.175586   0.074550   0.251737   0.202795  -0.103781   0.096824
     64      -0.076794  -0.036987  -0.126899  -0.057896   0.005542  -0.074252
     65       0.085015  -0.189475   0.015604  -0.054789   0.166584   0.197212
     66       0.016126  -0.127222  -0.077309   0.292039   0.089786   0.174495
     67       0.070307  -0.165736   0.037327  -0.138262   0.047490   0.016676
     68      -0.051663   0.218725   0.018359  -0.011696  -0.056964  -0.081743
     69       0.028332   0.189978  -0.069421  -0.075468   0.098087   0.123904
     70      -0.020600  -0.008301   0.126785   0.012160   0.131770   0.124236
     71      -0.068402  -0.230167   0.215506   0.148547  -0.021490  -0.037898
                 36         37         38         39         40         41    
      0      -0.036885   0.029292  -0.000952  -0.008234  -0.015306   0.012665
      1      -0.190632  -0.019258  -0.001626   0.010899   0.032419  -0.026054
      2       0.067081  -0.075336  -0.009146   0.012748  -0.007817   0.000828
      3      -0.066380  -0.035987   0.003509   0.014542   0.032096  -0.009785
      4       0.045981  -0.005648   0.013280  -0.011218  -0.029321   0.022327
      5      -0.080238   0.070021  -0.040061  -0.004277  -0.043864   0.015661
      6       0.029034  -0.008333  -0.002268   0.004402  -0.003987  -0.006631
      7       0.019274   0.003139  -0.003682   0.003534   0.001312  -0.019200
      8       0.030437  -0.041358   0.017906   0.002655   0.002214   0.011500
      9       0.099097   0.049434  -0.009095  -0.007487   0.017570   0.008961
     10      -0.045890   0.091341  -0.021801   0.019588   0.060396   0.044099
     11       0.013664   0.213925   0.067753  -0.051500   0.024960  -0.018085
     12      -0.004492   0.018831   0.039318   0.034779  -0.013630   0.013921
     13       0.008490  -0.068062  -0.019278  -0.070545  -0.005376  -0.022698
     14      -0.011085  -0.056412  -0.007120   0.028323  -0.004652   0.014706
     15      -0.007646  -0.031021  -0.016890  -0.009392  -0.008044  -0.020694
     16       0.024219   0.061932   0.044702   0.045634  -0.028777  -0.031625
     17       0.061916   0.029974  -0.028038  -0.004002   0.015493   0.017518
     18       0.031074   0.054532  -0.000223   0.029005   0.006520   0.007899
     19      -0.041086  -0.063959  -0.013786  -0.018413   0.019946   0.045878
     20      -0.051443  -0.024390   0.015998   0.010905  -0.032075  -0.055742
     21      -0.038286  -0.045008   0.005051  -0.040176   0.004264   0.008128
     22       0.016423   0.003910   0.007875   0.011616  -0.025812  -0.031174
     23       0.013461  -0.082249  -0.031737  -0.021433   0.013949   0.029262
     24      -0.140359  -0.041797  -0.031650   0.017392   0.010338  -0.027476
     25      -0.000012  -0.075340   0.039879  -0.001480  -0.019022   0.009115
     26       0.076008  -0.080917   0.012239   0.013506  -0.020434   0.017729
     27       0.157047   0.003121   0.011405  -0.005588  -0.004132   0.000353
     28       0.136585   0.059936  -0.038131  -0.005831  -0.005964  -0.010902
     29      -0.114005   0.053189  -0.010795   0.000571   0.050190  -0.034306
     30      -0.147380   0.213080  -0.034555  -0.035802  -0.076242   0.033336
     31      -0.186563  -0.046223   0.306909   0.022791   0.572526  -0.212010
     32      -0.004008   0.013330  -0.008469   0.000506  -0.005724  -0.000635
     33       0.175484  -0.121766  -0.027782   0.029491   0.038276  -0.037680
     34      -0.386188   0.077788  -0.033945  -0.103737  -0.579400   0.368596
     35      -0.084765   0.064984   0.018869  -0.001079   0.071147  -0.036729
     36      -0.023853   0.194248   0.320757  -0.193232  -0.157065   0.185460
     37       0.187919  -0.170278   0.024882   0.024660   0.060945  -0.021495
     38       0.138602  -0.052706   0.119431  -0.048615  -0.000628   0.043082
     39      -0.245852  -0.073860  -0.237588   0.068437  -0.041794  -0.113128
     40      -0.174002   0.207598  -0.029147  -0.045393  -0.104085   0.055968
     41      -0.013395  -0.010452  -0.049850   0.011206  -0.030760  -0.006586
     42      -0.074395   0.132587   0.338752   0.069298  -0.199459  -0.220855
     43       0.031540   0.009953  -0.077532   0.033679   0.057946   0.078099
     44       0.003059   0.015320  -0.019609   0.118538   0.024190   0.070482
     45      -0.140684  -0.052062  -0.348827  -0.335414   0.225727   0.058026
     46       0.032069  -0.007355   0.108507   0.101593  -0.072101  -0.023208
     47       0.054055  -0.151760   0.010282  -0.075926  -0.043259  -0.016655
     48       0.053516  -0.110194  -0.075476  -0.374478   0.041107  -0.062063
     49       0.040223   0.040204   0.065508  -0.116385  -0.044766  -0.107827
     50       0.079035  -0.000484   0.088108  -0.383247  -0.078842  -0.250241
     51      -0.016188   0.116840   0.023696   0.187930   0.075940   0.192788
     52       0.044572   0.070989  -0.062604   0.137626   0.132360   0.266057
     53       0.058841   0.220541  -0.033720   0.305789   0.212054   0.459204
     54      -0.003913   0.100154   0.106267   0.030549  -0.093058  -0.136374
     55      -0.080578  -0.009647  -0.012285   0.067742  -0.020575  -0.048542
     56      -0.081232   0.013611   0.009326   0.079412  -0.053835  -0.112235
     57      -0.061634  -0.204951   0.048692  -0.292889   0.099878   0.310211
     58      -0.016679   0.037205   0.036875   0.043899  -0.059375  -0.078059
     59      -0.062985  -0.022200   0.058143  -0.036012  -0.027931   0.021170
     60      -0.090160  -0.246556  -0.103045   0.436829  -0.162968  -0.203846
     61       0.036288  -0.188949  -0.083142   0.005298   0.030308   0.083288
     62      -0.009848  -0.142168  -0.063303   0.161300  -0.057414  -0.064951
     63      -0.265566  -0.232595   0.428828  -0.016496   0.039795   0.268111
     64       0.057436   0.059524  -0.143896   0.003778  -0.016302  -0.103134
     65       0.116803   0.356086  -0.149368  -0.023331   0.057809  -0.047205
     66      -0.220311   0.350411  -0.342583  -0.035503  -0.100698  -0.072220
     67       0.126964   0.103426   0.077457   0.007206   0.063505   0.002244
     68       0.024915  -0.258411   0.087834   0.026617  -0.009777   0.029240
     69       0.308993  -0.063899  -0.088928   0.049055   0.015498  -0.041039
     70       0.339172  -0.045585  -0.148765   0.044501  -0.051476  -0.012166
     71      -0.080958  -0.015911   0.006078  -0.019405  -0.077404   0.055961
                 42         43         44         45         46         47    
      0       0.025039   0.003211   0.004492  -0.000695   0.004101  -0.005270
      1      -0.010651  -0.021891   0.028517   0.094301  -0.001191  -0.029538
      2      -0.043720   0.010013  -0.004037  -0.003244   0.007278  -0.010713
      3      -0.004808   0.017406  -0.009333  -0.026013  -0.042397   0.130197
      4       0.014997   0.002357  -0.003245  -0.020573   0.010972  -0.043848
      5      -0.032780   0.015090   0.000151   0.009046   0.000273   0.027916
      6      -0.003019  -0.022038  -0.001667   0.002609  -0.010630  -0.006417
      7      -0.026668  -0.019780  -0.003652  -0.005216  -0.006176   0.025453
      8       0.064183  -0.000643   0.012986   0.003648  -0.013105  -0.007748
      9       0.002931   0.102206   0.012552  -0.024507   0.091281  -0.002584
     10       0.031277   0.126401  -0.016402   0.048522  -0.000752  -0.027107
     11      -0.085945   0.002513  -0.029604   0.051312   0.038738   0.048154
     12      -0.015622  -0.022674  -0.132191   0.039869  -0.096229  -0.016143
     13       0.000438  -0.013019   0.033935  -0.016613   0.005954   0.004593
     14       0.006104  -0.013877   0.040010  -0.020172  -0.007579  -0.014010
     15       0.020660   0.010689   0.019992  -0.010863   0.083382   0.025132
     16      -0.004558   0.001015  -0.001438  -0.001989   0.018000   0.007647
     17       0.014724   0.018622  -0.039949   0.006567   0.083842   0.031876
     18      -0.001949   0.009570   0.000769   0.004276  -0.023060  -0.009261
     19       0.002078  -0.037500  -0.010685   0.005578   0.034843   0.013149
     20       0.014726   0.015771  -0.017179   0.010465  -0.010063  -0.006599
     21      -0.030427  -0.015806   0.067716  -0.033411  -0.062244  -0.002427
     22      -0.007249  -0.013380   0.011774  -0.015237  -0.018520   0.001028
     23       0.003470  -0.007310   0.051561  -0.031051  -0.023932  -0.007406
     24       0.018159  -0.031081   0.038759   0.087580  -0.017076   0.017905
     25      -0.023174  -0.007298  -0.011749  -0.021340  -0.003173   0.000996
     26       0.001188   0.011622  -0.002086  -0.016945  -0.007830  -0.012652
     27      -0.020192  -0.004267  -0.014764  -0.025395   0.006823  -0.014821
     28       0.018069  -0.017762  -0.009105  -0.032601   0.006215  -0.009369
     29       0.025546  -0.026159  -0.005045  -0.012131  -0.007992   0.000276
     30       0.089875  -0.033122   0.043435   0.102831  -0.016171  -0.033264
     31       0.137718  -0.003533  -0.159838  -0.471462   0.049372  -0.038381
     32      -0.006492  -0.005457   0.004187   0.014695  -0.000654  -0.018827
     33      -0.027912  -0.027435   0.023891   0.083005   0.020685  -0.111890
     34      -0.048771   0.215277  -0.071175  -0.266035  -0.026342   0.211487
     35       0.021477  -0.016828  -0.001649  -0.008025  -0.002810   0.032106
     36       0.520306  -0.116659   0.138201   0.200333   0.119460  -0.544237
     37      -0.017382   0.012335  -0.028026  -0.091535  -0.049558   0.158385
     38       0.163556  -0.028766   0.034915   0.018620  -0.003684  -0.017083
     39      -0.622286   0.003070  -0.084970  -0.063856   0.297511  -0.604986
     40       0.056734   0.010617   0.026678   0.029328  -0.062752   0.227723
     41      -0.117696   0.008014  -0.018256  -0.015687   0.062355  -0.137699
     42      -0.098102  -0.247268   0.577801  -0.187546   0.326031   0.123083
     43       0.036972   0.089736  -0.154612   0.043892  -0.105401  -0.040817
     44       0.024004   0.038542  -0.025652  -0.000332  -0.050400  -0.033758
     45       0.114850   0.297966   0.273809  -0.011165   0.173115   0.007588
     46      -0.032787  -0.087857  -0.076005   0.005288  -0.057364  -0.010270
     47      -0.022527  -0.094607  -0.029804  -0.032123  -0.087076  -0.000921
     48      -0.035973   0.051740  -0.046287   0.037227  -0.277264  -0.084041
     49      -0.039151   0.026271  -0.018214   0.016587  -0.191116  -0.060859
     50      -0.078011   0.085538  -0.039887   0.040503  -0.465406  -0.155891
     51      -0.073225  -0.134991   0.224116  -0.056321  -0.168883  -0.067894
     52      -0.045627  -0.090592   0.058600  -0.016580  -0.071005  -0.028033
     53      -0.128431  -0.219586   0.250902  -0.059343  -0.289695  -0.107018
     54      -0.007442  -0.016357  -0.074469   0.035884  -0.074132  -0.028861
     55       0.018396   0.066014   0.041686  -0.009983  -0.014659  -0.016548
     56       0.028130   0.092111   0.023628  -0.000577  -0.044039  -0.028284
     57      -0.046202  -0.513596  -0.395065   0.171301   0.396853   0.143808
     58      -0.003275  -0.017880  -0.015875  -0.008425  -0.035205  -0.002690
     59       0.000193  -0.191705  -0.187172   0.067979   0.114972   0.048672
     60       0.280451   0.137193  -0.241731   0.093946   0.169419  -0.040400
     61       0.068397  -0.002266   0.019410  -0.032655  -0.004505  -0.026833
     62       0.114782   0.044275  -0.067221   0.018239   0.059941  -0.018604
     63      -0.136897   0.416044  -0.113984  -0.178804   0.044316  -0.070798
     64       0.038469  -0.166297   0.036585   0.070264  -0.017305   0.029952
     65       0.062046  -0.047749  -0.038157  -0.018299   0.039998  -0.035857
     66       0.232257  -0.273492  -0.201951  -0.573562  -0.082897  -0.119161
     67      -0.064938   0.160622   0.099470   0.205236   0.027528   0.065457
     68      -0.043006   0.017020   0.027890   0.096282   0.003571   0.000220
     69      -0.023966  -0.029027   0.074449   0.217954  -0.066815   0.118189
     70       0.025696  -0.014556   0.081063   0.185191  -0.048729   0.102390
     71       0.035601   0.036768  -0.022219  -0.103216   0.039998  -0.068885
                 48         49         50         51         52         53    
      0       0.010077  -0.053482  -0.000645  -0.002577  -0.062905  -0.005325
      1      -0.032091   0.125086   0.004205   0.002205  -0.021205   0.004781
      2       0.002572  -0.011281  -0.001813   0.000440   0.012161  -0.005779
      3       0.011877   0.031447   0.003381  -0.001297   0.009705   0.025313
      4       0.000971  -0.034609  -0.003853  -0.003765   0.033440   0.041781
      5       0.007142   0.016750   0.002382  -0.002746   0.013104   0.016635
      6      -0.011824  -0.008355  -0.001830  -0.001329   0.004689   0.001271
      7      -0.001566   0.010103   0.001328  -0.003017   0.006031   0.003958
      8      -0.004259  -0.001106  -0.001102   0.001829  -0.000516   0.003802
      9       0.078659   0.054918   0.026400  -0.006678  -0.002243  -0.008158
     10      -0.004130  -0.018534  -0.008975   0.004578  -0.006011  -0.000033
     11       0.002150  -0.002799  -0.002070  -0.007050   0.010309  -0.006494
     12      -0.065076  -0.022772   0.004753  -0.001045  -0.001082   0.000298
     13       0.024804   0.005558   0.027004  -0.005717   0.002067  -0.001362
     14       0.014250  -0.003421   0.086560  -0.012711  -0.000077  -0.001671
     15      -0.058661  -0.003412   0.001674  -0.015843   0.000021  -0.002594
     16      -0.020215  -0.000639  -0.015469   0.004398   0.000530   0.002847
     17      -0.095542  -0.007474  -0.020830   0.006515   0.002366  -0.000121
     18       0.021461   0.001077   0.004512  -0.008634  -0.001269   0.002228
     19      -0.005115  -0.003630  -0.002642   0.012351   0.001506  -0.002973
     20       0.035276   0.001553   0.003096   0.011589  -0.000175  -0.001110
     21      -0.112900  -0.019360  -0.021315  -0.014901   0.001035   0.000045
     22      -0.006423  -0.000137   0.017251   0.074020  -0.001475   0.014576
     23      -0.068557  -0.009867  -0.000868   0.032466  -0.002473   0.010928
     24       0.005949  -0.121284  -0.012784  -0.003635   0.004069   0.026997
     25      -0.005386   0.063280   0.006303  -0.004294   0.000224   0.013628
     26      -0.002225   0.001319  -0.000755   0.013197  -0.001616  -0.036670
     27      -0.010962   0.046365   0.000965  -0.001528  -0.020898   0.027621
     28       0.006491  -0.030882  -0.001296  -0.002797  -0.013466   0.023227
     29      -0.005426   0.017394   0.001598   0.003472   0.010095  -0.027218
     30      -0.035352   0.135423   0.001083   0.021785   0.505224  -0.090318
     31       0.110955  -0.497439  -0.023011   0.004695   0.190954  -0.078927
     32      -0.010689   0.044869  -0.002417   0.012180   0.293349  -0.048916
     33      -0.030012   0.080793  -0.004136   0.019887   0.388089  -0.098150
     34       0.129336  -0.424413  -0.013605  -0.005771   0.135042  -0.017856
     35       0.004206  -0.017462   0.005108  -0.017624  -0.435096   0.080666
     36      -0.086743  -0.065636  -0.017330   0.012597  -0.030158  -0.041314
     37       0.016932  -0.061033   0.002524   0.021526  -0.175948  -0.193408
     38      -0.017142  -0.056868   0.001578   0.038121  -0.281836  -0.330108
     39       0.004704  -0.204178  -0.033249   0.015756  -0.132797  -0.202636
     40       0.012895   0.015928   0.017077   0.031148  -0.295884  -0.329057
     41       0.003474  -0.032952  -0.008139  -0.011246   0.099732   0.104512
     42       0.213178   0.078743  -0.173570   0.013038   0.006113   0.008352
     43       0.056047   0.048887  -0.503385   0.087552  -0.018130   0.012413
     44       0.084815   0.046375  -0.391224   0.067109  -0.016085   0.011475
     45       0.222802   0.050346   0.039224   0.001850   0.007818   0.005817
     46      -0.109879  -0.048598   0.269382  -0.046233   0.004792  -0.009258
     47       0.126515   0.077695  -0.580696   0.092409  -0.015317   0.013911
     48       0.260375   0.027835  -0.095604   0.139432   0.005272   0.021401
     49       0.145947   0.011298   0.023996  -0.005466  -0.002943   0.002045
     50       0.345253   0.020163   0.187061  -0.121371  -0.012853  -0.018155
     51       0.263111   0.025300  -0.034176   0.077035  -0.000590   0.013280
     52       0.027336  -0.009479   0.176945  -0.148154  -0.008673  -0.030801
     53       0.334801   0.022322   0.050782   0.030326  -0.003941  -0.000103
     54       0.149370   0.005535   0.015924   0.075137   0.003684  -0.025771
     55      -0.000637   0.009933   0.007345  -0.072398  -0.008493   0.029631
     56       0.039787   0.011721   0.010432  -0.056572  -0.007958   0.024704
     57       0.324308   0.025540   0.099716   0.193739   0.005975   0.015686
     58       0.040355   0.018568  -0.049811  -0.218074   0.006400  -0.041342
     59       0.205866   0.045783  -0.106921  -0.561659   0.020670  -0.115926
     60       0.432670   0.062985   0.067350   0.056068  -0.007792  -0.002893
     61       0.013853   0.033508  -0.158442  -0.659517   0.012295  -0.118823
     62       0.135653   0.018469   0.048455   0.125432  -0.006764   0.022552
     63      -0.028788   0.401843   0.030425   0.001581  -0.006887   0.007577
     64       0.010630  -0.119323  -0.008052  -0.022699  -0.003568   0.087570
     65       0.027546  -0.017017   0.009590  -0.126731  -0.072847   0.485485
     66      -0.088898   0.379386   0.028688   0.066074   0.012149  -0.242015
     67       0.027062  -0.200113  -0.022820   0.091806   0.066993  -0.385988
     68       0.014461  -0.041682  -0.002166  -0.052847  -0.037677   0.232940
     69      -0.009023   0.065474   0.011140   0.016179   0.089961  -0.239798
     70       0.030943  -0.126759   0.000139   0.005639   0.077441  -0.178663
     71       0.028965  -0.167298  -0.015163  -0.014642  -0.055480   0.146372
                 54         55         56         57         58         59    
      0      -0.034845  -0.068175   0.004584  -0.006615  -0.002194  -0.056632
      1      -0.002181   0.018676  -0.020732   0.004509  -0.001306  -0.009922
      2       0.003307  -0.004136   0.009968  -0.002109  -0.003260  -0.030414
      3      -0.000478   0.016600  -0.021643   0.004698  -0.001423  -0.001016
      4      -0.032420  -0.036872  -0.030324   0.000369   0.005873   0.018893
      5      -0.010814  -0.005770  -0.013372   0.000278   0.011355   0.026297
      6      -0.001389  -0.003940  -0.000316   0.000990   0.000555   0.001404
      7      -0.002740  -0.002771  -0.003292   0.000255   0.000552   0.000786
      8      -0.000276  -0.000196  -0.000514  -0.000362   0.000223   0.000515
      9      -0.005540   0.001582   0.010009  -0.000440   0.000477  -0.000112
     10       0.004143   0.011029  -0.003293  -0.001283  -0.002286  -0.000447
     11      -0.006897  -0.010977  -0.002968  -0.002194  -0.000268   0.000417
     12      -0.000152   0.000114   0.001164   0.010788   0.000418  -0.000531
     13      -0.006838   0.002536   0.001848  -0.003609  -0.001158  -0.000089
     14      -0.020770   0.015074   0.010042   0.013251   0.004947  -0.004225
     15       0.041609  -0.020637  -0.027655  -0.037463   0.000292  -0.002140
     16      -0.017306   0.003331   0.021446   0.052469   0.000118   0.001674
     17      -0.029590   0.014404   0.013529  -0.008258  -0.000413   0.000768
     18       0.023609  -0.015658  -0.003487   0.037255  -0.000134   0.000007
     19      -0.024772   0.017296   0.001003  -0.040619   0.000059   0.000034
     20      -0.018288   0.015640   0.000755  -0.037731   0.000071   0.000060
     21      -0.016025   0.008505   0.006143  -0.016965   0.000416   0.000052
     22       0.008620  -0.005347  -0.000135  -0.020463  -0.000234   0.001085
     23       0.022226  -0.014641   0.000961   0.025555   0.000472  -0.000192
     24       0.012961   0.029301  -0.010502   0.002818  -0.020500   0.002332
     25       0.003036  -0.030816   0.043495  -0.012350  -0.014769   0.000264
     26      -0.010292   0.025754  -0.059785   0.018694  -0.069963   0.008657
     27       0.010239   0.053809  -0.034492   0.010364   0.002771   0.001037
     28       0.009634   0.042670  -0.024368   0.008114  -0.001534  -0.002979
     29      -0.009155  -0.035908   0.016282  -0.004313  -0.001843   0.000081
     30       0.182625   0.215924   0.117762   0.000389  -0.006278   0.093877
     31       0.023648  -0.077273   0.111830  -0.024767   0.000775   0.012390
     32       0.108954   0.129575   0.068247   0.000495   0.009240  -0.231661
     33       0.132897   0.126113   0.116557  -0.007721   0.040794   0.571196
     34       0.004389  -0.080692   0.079556  -0.021200   0.016537   0.134691
     35      -0.158936  -0.173233  -0.116546   0.004070   0.033666   0.599631
     36      -0.024977  -0.081444   0.030282  -0.012564  -0.009136  -0.042560
     37       0.154378   0.161018   0.152370  -0.005516  -0.020604  -0.099416
     38       0.230181   0.218297   0.255105  -0.015612   0.021356   0.082935
     39       0.080157   0.024355   0.144836  -0.019873   0.016983   0.043884
     40       0.249089   0.254291   0.261209  -0.011074  -0.051200  -0.130860
     41      -0.090093  -0.097852  -0.085614   0.001241  -0.160625  -0.411949
     42       0.052854  -0.040200  -0.024155  -0.015693   0.003926  -0.003765
     43       0.122485  -0.064233  -0.050579  -0.060994   0.042024  -0.031008
     44       0.096595  -0.046221  -0.039274  -0.039356  -0.049134   0.035156
     45      -0.006857   0.008043  -0.024415  -0.036641  -0.009900   0.011055
     46      -0.066998   0.037478   0.037375   0.052836  -0.019951   0.031917
     47       0.137399  -0.078872  -0.060490  -0.084096  -0.006545   0.011541
     48      -0.354732   0.176188   0.221518   0.241598   0.000514   0.004859
     49       0.011890  -0.009887   0.008814   0.065438   0.000707  -0.030002
     50       0.318933  -0.152466  -0.190369  -0.154247   0.000366   0.007911
     51      -0.177197   0.093619   0.113765   0.137639  -0.006635   0.020728
     52       0.388210  -0.179277  -0.265322  -0.345115  -0.002703   0.009854
     53      -0.067999   0.052112   0.023828  -0.019602   0.005366  -0.017023
     54      -0.214421   0.168102   0.006619  -0.446766  -0.000192  -0.000443
     55       0.254633  -0.195554  -0.003763   0.533870   0.000448   0.000591
     56       0.204558  -0.154047  -0.003867   0.421121   0.000101  -0.000655
     57       0.119870  -0.088841  -0.050871   0.164174   0.001634  -0.001495
     58      -0.068879   0.042889   0.009207  -0.046900   0.005242  -0.011814
     59      -0.112041   0.063287  -0.004432   0.035580  -0.001936   0.005134
     60      -0.011606   0.025907  -0.006494  -0.050098  -0.000580   0.001365
     61      -0.121451   0.075438   0.016862   0.048102  -0.000295  -0.000415
     62       0.039140  -0.018477  -0.006348   0.010548   0.000850  -0.003961
     63      -0.004038  -0.119593   0.154357  -0.053970  -0.065009   0.013497
     64       0.031625   0.014881   0.052275  -0.012393  -0.170965   0.039067
     65       0.165546   0.017609   0.409721  -0.111605   0.005079  -0.003829
     66      -0.081691  -0.107331  -0.089443   0.025633   0.261794  -0.036420
     67      -0.133110   0.067330  -0.415311   0.116385   0.362963  -0.044165
     68       0.079284   0.027189   0.166428  -0.046398   0.850019  -0.098191
     69      -0.111751  -0.478688   0.274061  -0.089019  -0.005096  -0.020887
     70      -0.084334  -0.389294   0.235790  -0.075089   0.012750   0.011097
     71       0.063719   0.263007  -0.149004   0.049038  -0.005969  -0.000769
                 60         61         62         63         64         65    
      0       0.005642  -0.030883   0.013074  -0.003989   0.001520  -0.012954
      1       0.000863  -0.003326   0.001422  -0.000211  -0.000016   0.000627
      2       0.002030  -0.000265  -0.000765   0.002066  -0.005252   0.083687
      3      -0.000543   0.004856  -0.002148   0.000516  -0.000307   0.007859
      4       0.001189  -0.031666   0.015028  -0.006466   0.000460   0.026098
      5       0.002800  -0.047521   0.022040  -0.009676   0.002398  -0.010577
      6       0.000101  -0.001870   0.000871  -0.000148  -0.000057   0.000248
      7      -0.000102  -0.000974   0.000459  -0.000312   0.000010   0.000076
      8       0.000057  -0.000468   0.000209   0.000029  -0.000066  -0.000088
      9      -0.000252   0.000860  -0.000355  -0.002109   0.001262  -0.000238
     10       0.000317   0.000289  -0.001590   0.000503  -0.000295  -0.000505
     11       0.000068  -0.001403  -0.001434  -0.000998  -0.000308   0.000290
     12      -0.001805   0.001968   0.001881  -0.001653   0.008942   0.000398
     13      -0.003381  -0.005212  -0.010760   0.011667   0.021977   0.000706
     14      -0.021790   0.026396   0.040940  -0.041729   0.019379   0.001704
     15      -0.044832  -0.005572   0.000301   0.002311  -0.045180  -0.002656
     16       0.046468   0.014536   0.015811  -0.027411  -0.055085  -0.003018
     17       0.009274  -0.002998  -0.007581   0.009502   0.046532   0.002657
     18       0.000972  -0.000231  -0.001040  -0.001238   0.000225  -0.000001
     19      -0.000409  -0.000431  -0.000903   0.000609   0.003208   0.000138
     20       0.002217   0.000626   0.000646  -0.000549  -0.001538  -0.000049
     21       0.000169  -0.000934  -0.002333  -0.003229  -0.000756   0.000805
     22       0.003698   0.011409   0.045789   0.048424  -0.004998  -0.000136
     23       0.001427   0.004030   0.010189   0.013350   0.002185  -0.002144
     24      -0.000801  -0.001590  -0.000605  -0.004551   0.001207   0.000002
     25      -0.000877  -0.001627  -0.004751  -0.008965   0.002767  -0.002025
     26      -0.001725  -0.006700   0.007029  -0.005099   0.001223  -0.000584
     27      -0.000074   0.000709  -0.000543   0.000273  -0.000028  -0.001399
     28       0.000224  -0.001547   0.000683  -0.000496   0.000083   0.000026
     29       0.000029  -0.000092  -0.000162  -0.000089   0.000015  -0.000577
     30      -0.013601   0.118269  -0.053211   0.023773  -0.026712   0.383829
     31      -0.001833   0.014957  -0.006819   0.002713  -0.003221   0.044626
     32       0.030902  -0.253562   0.113481  -0.049381   0.053934  -0.768817
     33      -0.052183   0.242968  -0.099848   0.023930   0.008827  -0.237674
     34      -0.011914   0.052809  -0.022013   0.004677   0.001866  -0.048963
     35      -0.055116   0.256135  -0.104850   0.024873   0.008170  -0.226244
     36      -0.000427   0.052291  -0.025148   0.012050   0.000800  -0.097662
     37      -0.001588   0.141449  -0.068140   0.029566   0.003432  -0.279750
     38       0.002200  -0.117511   0.056339  -0.023716  -0.002392   0.205459
     39       0.004013  -0.075887   0.035738  -0.015214   0.002511   0.009334
     40      -0.011681   0.227053  -0.105913   0.046000  -0.009041  -0.021465
     41      -0.035671   0.693101  -0.323383   0.140737  -0.026796  -0.077103
     42      -0.024691   0.030992   0.053235  -0.053700   0.010831   0.002065
     43      -0.158837   0.212200   0.342873  -0.348041   0.075626   0.010956
     44       0.184008  -0.248869  -0.404945   0.412033  -0.085029  -0.013214
     45       0.060172  -0.052204  -0.071091   0.069035  -0.117477  -0.006547
     46       0.190171  -0.148983  -0.207206   0.200592  -0.338677  -0.018358
     47       0.069663  -0.053021  -0.071946   0.071198  -0.131921  -0.006953
     48       0.124384   0.033141   0.032204  -0.056179  -0.079847  -0.004289
     49      -0.735994  -0.184423  -0.171604   0.305072   0.385956   0.020350
     50       0.193163   0.048056   0.044786  -0.077312  -0.095937  -0.005081
     51       0.385679   0.022260  -0.044916   0.047295   0.604797   0.034791
     52       0.186794   0.014124  -0.015267   0.015830   0.262620   0.015130
     53      -0.314524  -0.018173   0.036419  -0.035173  -0.471969  -0.027142
     54      -0.007768  -0.000564   0.000621   0.003942  -0.000728  -0.000170
     55       0.014598   0.007119   0.011834  -0.004457  -0.026184  -0.001053
     56      -0.016425  -0.005874  -0.008425   0.009156   0.027224   0.000856
     57      -0.007744  -0.020339  -0.077541  -0.081747   0.006782   0.000092
     58      -0.046896  -0.129598  -0.513400  -0.533924   0.053816  -0.001304
     59       0.020057   0.055505   0.220837   0.229434  -0.022711   0.000423
     60       0.013311   0.038698   0.127156   0.142327   0.001514  -0.009659
     61      -0.002605  -0.006643  -0.024174  -0.029301  -0.000391   0.002292
     62      -0.036850  -0.098612  -0.329336  -0.370124  -0.003950   0.024716
     63       0.000793  -0.004933   0.030242   0.027741  -0.009060   0.007019
     64       0.001020  -0.011497   0.085480   0.076475  -0.026081   0.021564
     65      -0.000319   0.001900  -0.011244  -0.011705   0.003924  -0.003835
     66       0.007485   0.022808  -0.021688   0.024902  -0.006628   0.004094
     67       0.008551   0.033797  -0.031958   0.027770  -0.006493   0.004101
     68       0.021207   0.081463  -0.068627   0.076992  -0.018376   0.006271
     69       0.001973  -0.011556   0.005455  -0.001015  -0.000525   0.011131
     70      -0.000843   0.006415  -0.004152   0.001416   0.000184  -0.010753
     71      -0.000067  -0.001402   0.001789  -0.000346  -0.000263   0.006697
                 66         67         68         69         70         71    
      0       0.000909  -0.000597  -0.002585   0.005960  -0.000012   0.002728
      1       0.000607  -0.000445   0.000055  -0.000193   0.000015   0.001876
      2      -0.001255  -0.001411   0.011157  -0.027211  -0.000003   0.003226
      3      -0.001428   0.000414  -0.008427   0.020628  -0.000071  -0.000214
      4      -0.004463   0.000924  -0.020870   0.047651  -0.000126   0.000428
      5       0.002408  -0.002005   0.023935  -0.060394  -0.000022   0.000397
      6      -0.000144  -0.000137  -0.000032   0.000215   0.000032  -0.000107
      7       0.000194  -0.000284   0.000365  -0.000010  -0.000020   0.000090
      8      -0.000177   0.000388  -0.000227  -0.000005   0.000028  -0.000080
      9       0.000115   0.001114  -0.000773  -0.001283   0.000354  -0.000376
     10       0.000576   0.000748  -0.000999  -0.000923   0.000023   0.000307
     11      -0.000815  -0.001033   0.000560   0.000430  -0.000136  -0.000267
     12       0.000839  -0.002795  -0.022844  -0.009422   0.000225   0.000040
     13       0.001875  -0.008887  -0.078355  -0.032468   0.000535  -0.000079
     14       0.001668  -0.000323   0.004876   0.001669   0.000237   0.000144
     15      -0.002186  -0.002264  -0.008227  -0.003454   0.001754   0.000007
     16      -0.001300  -0.003989  -0.021450  -0.008247   0.005715  -0.000014
     17       0.001602   0.002681   0.013343   0.005314  -0.000586  -0.000004
     18      -0.000557  -0.001596   0.000272   0.000219  -0.006483   0.000005
     19      -0.000488  -0.001359   0.001343   0.000567   0.040835   0.000028
     20       0.001481   0.002831  -0.000884  -0.000330  -0.058769   0.000005
     21       0.017230   0.027036  -0.002478  -0.000941   0.003754  -0.000062
     22       0.010149   0.032243  -0.003786  -0.001920   0.002772  -0.000012
     23      -0.045530  -0.067652   0.006675   0.002375  -0.003764   0.000025
     24      -0.025260   0.015445  -0.000760  -0.002642   0.000029  -0.000089
     25      -0.069446   0.043243  -0.002985  -0.006816   0.000216  -0.000385
     26       0.000114  -0.000750   0.000863  -0.000735   0.000008   0.003378
     27      -0.000109   0.000220  -0.000195   0.000470   0.000003   0.050064
     28       0.000336  -0.000338   0.000315  -0.000468  -0.000005  -0.045162
     29      -0.000635   0.000496  -0.000180   0.000228  -0.000005   0.024524
     30      -0.006143  -0.005306   0.053226  -0.128599   0.000072   0.002823
     31      -0.000819  -0.000740   0.006420  -0.014084  -0.000022  -0.004259
     32       0.012603   0.009923  -0.105628   0.254513  -0.000162  -0.005154
     33       0.000582   0.008994  -0.024585   0.063373   0.000231  -0.022257
     34       0.000348   0.001641  -0.005877   0.015794  -0.000040  -0.000302
     35      -0.000842   0.009564  -0.023982   0.061840   0.000135  -0.021570
     36       0.017179  -0.005707   0.092309  -0.215031   0.000250   0.000665
     37       0.050016  -0.016743   0.275383  -0.644857   0.000648   0.000602
     38      -0.036486   0.012030  -0.199376   0.467062  -0.000494  -0.000572
     39      -0.000539  -0.000469   0.010583  -0.029272   0.000023   0.000390
     40       0.003032   0.004835  -0.032229   0.093175   0.000185  -0.001378
     41       0.009676   0.013670  -0.084238   0.250341   0.000466  -0.002746
     42       0.000970   0.002933   0.038475   0.015132   0.000252   0.000100
     43       0.003244   0.024411   0.271736   0.108800  -0.001716   0.000455
     44      -0.004307  -0.028448  -0.337147  -0.135174   0.002098  -0.000495
     45      -0.009479   0.029113   0.231601   0.096286  -0.000652   0.000134
     46      -0.024361   0.083098   0.667183   0.279648  -0.002496  -0.000504
     47      -0.010197   0.033848   0.267242   0.111953  -0.000889  -0.000181
     48      -0.001357  -0.006997  -0.038398  -0.014589   0.007033   0.000069
     49       0.007147   0.036179   0.186810   0.070542  -0.039660  -0.000058
     50      -0.001544  -0.008900  -0.048130  -0.018152   0.014503   0.000079
     51       0.023951   0.031207   0.142808   0.058159  -0.016345   0.000119
     52       0.010642   0.014092   0.061211   0.024872  -0.008335  -0.000036
     53      -0.017856  -0.023533  -0.110802  -0.044877   0.009949   0.000059
     54       0.001582   0.004426   0.000423   0.000024   0.045681  -0.000039
     55       0.012743   0.022301  -0.013602  -0.005954  -0.596158   0.000013
     56      -0.018365  -0.032697   0.015678   0.006842   0.795500   0.000068
     57      -0.025292  -0.068780   0.007817   0.003871  -0.006208   0.000185
     58      -0.179582  -0.464580   0.054418   0.025544  -0.027255   0.000535
     59       0.071527   0.187444  -0.021441  -0.009779   0.012852  -0.000232
     60      -0.176858  -0.235528   0.020610   0.006510  -0.012357   0.000167
     61       0.049783   0.067994  -0.006271  -0.001956   0.001069  -0.000071
     62       0.465271   0.620823  -0.056207  -0.017514   0.032607  -0.000413
     63       0.265399  -0.165289   0.012858   0.023676  -0.000515   0.005368
     64       0.770062  -0.484213   0.040662   0.071637  -0.002112   0.009409
     65      -0.116484   0.073719  -0.005537  -0.010034   0.000393  -0.003978
     66       0.035864  -0.021966  -0.000993   0.006038   0.000167  -0.005939
     67       0.041022  -0.025469  -0.002965   0.007256  -0.000247  -0.003941
     68       0.130089  -0.075913  -0.005119   0.023007   0.000107  -0.007939
     69       0.002228  -0.002336   0.001940  -0.003970   0.000012  -0.700063
     70      -0.005464   0.004633  -0.001871   0.003123   0.000059   0.600029
     71       0.006157  -0.003932   0.001342  -0.002554   0.000036  -0.378714
# -----------------------------------------------------------
$ THERMOCHEMISTRY_Energies
   description: The Thermochemistry energies
   geom. index: 1
   prop. index: 1
        Temperature (Kelvin)           :        298.1500000000
        Pressure (atm)                 :          1.0000000000
        Total Mass (AMU)               :        142.2020000000
        Spin Degeneracy                :          1.0000000000
        Electronic Energy (Hartree)    :       -460.1005715721
        Translational Energy (Hartree) :          0.0014162714
        Rotational Energy (Hartree)    :          0.0014162714
        Vibrational Energy (Hartree)   :          0.0056300387
        Number of frequencies          :     72      
        Scaling Factor for frequencies :          1.0000000000
        Vibrational frequencies        :     
                  0    
      0       0.000000
      1       0.000000
      2       0.000000
      3       0.000000
      4       0.000000
      5       0.000000
      6      89.712628
      7     114.164848
      8     178.744432
      9     211.701684
     10     263.228194
     11     353.826135
     12     385.423623
     13     423.258273
     14     473.283958
     15     512.296507
     16     619.539687
     17     720.081264
     18     725.010773
     19     800.172930
     20     888.671213
     21     891.394649
     22     910.897717
     23     959.747290
     24     969.249767
     25     977.895011
     26     1006.877782
     27     1028.272247
     28     1062.025281
     29     1087.330909
     30     1096.923530
     31     1127.139819
     32     1161.789265
     33     1176.749895
     34     1187.605352
     35     1211.557089
     36     1217.128010
     37     1241.412264
     38     1284.644386
     39     1295.811827
     40     1309.489702
     41     1316.975243
     42     1338.487685
     43     1357.652937
     44     1383.573165
     45     1396.486226
     46     1422.038702
     47     1445.513452
     48     1451.094220
     49     1467.573717
     50     1511.347156
     51     1527.083947
     52     1533.417519
     53     1534.701365
     54     1551.046121
     55     1552.219449
     56     1553.962554
     57     1562.362106
     58     2895.991766
     59     2917.920170
     60     2928.065258
     61     2935.945811
     62     2939.326337
     63     2945.145194
     64     2969.098384
     65     2972.621844
     66     2981.723359
     67     2990.125741
     68     3002.363991
     69     3003.871340
     70     3220.084024
     71     3228.976034
        Zero Point Energy (Hartree)    :          0.2182481235
        Inner Energy (Hartree)         :       -459.8738608672
        Enthalpy (Hartree)             :       -459.8729166581
        Electronic entropy             :          0.0000000000
        Rotational entropy             :          0.0138888920
        Vibrational entropy            :          0.0093268026
        Translational entropy          :          0.0138888920
        Entropy                        :          0.0425855752
        Gibbs Energy (Hartree)         :       -459.9155022333
        Is Linear                      :                 false
# -----------------------------------------------------------
$ PAL_Flags
   description: The PAL Flags
   geom. index: 2
   prop. index: 1
        Diskflag:     2
# -----------------------------------------------------------
$ SCF_Energy
   description: The SCF energy
   geom. index: 2
   prop. index: 1
        SCF Energy:     -460.0661446225
# -----------------------------------------------------------
$ DFT_Energy
   description: The DFT energy
   geom. index: 2
   prop. index: 1
   Number of Alpha Electrons                 39.0001047680 
   Number of Beta  Electrons                 39.0001047680 
   Total number of  Electrons                78.0002095359 
   Exchange energy                          -42.0303541825 
   Correlation energy                        -3.2263634197 
   Correlation energy NL                      0.0000000000 
   Exchange-Correlation energy              -45.2567176022 
   Embedding correction                       0.0000000000 
   Total DFT Energy (No VdW correction)    -460.0661446225 
# -----------------------------------------------------------
$ VdW_Correction
   description: The Van der Waals Correction
   geom. index: 2
   prop. index: 1
        Van der Waals Correction:       -0.0421954926
# -----------------------------------------------------------
$ PAL_Flags
   description: The PAL Flags
   geom. index: 3
   prop. index: 1
        Diskflag:     2
# -----------------------------------------------------------
$ SCF_Energy
   description: The SCF energy
   geom. index: 3
   prop. index: 1
        SCF Energy:     -460.0671137551
# -----------------------------------------------------------
$ DFT_Energy
   description: The DFT energy
   geom. index: 3
   prop. index: 1
   Number of Alpha Electrons                 39.0000996693 
   Number of Beta  Electrons                 39.0000996693 
   Total number of  Electrons                78.0001993386 
   Exchange energy                          -42.0292732225 
   Correlation energy                        -3.2265379030 
   Correlation energy NL                      0.0000000000 
   Exchange-Correlation energy              -45.2558111255 
   Embedding correction                       0.0000000000 
   Total DFT Energy (No VdW correction)    -460.0671137551 
# -----------------------------------------------------------
$ VdW_Correction
   description: The Van der Waals Correction
   geom. index: 3
   prop. index: 1
        Van der Waals Correction:       -0.0422900691
# -----------------------------------------------------------
$ PAL_Flags
   description: The PAL Flags
   geom. index: 4
   prop. index: 1
        Diskflag:     2
# -----------------------------------------------------------
$ SCF_Energy
   description: The SCF energy
   geom. index: 4
   prop. index: 1
        SCF Energy:     -460.0675066932
# -----------------------------------------------------------
$ DFT_Energy
   description: The DFT energy
   geom. index: 4
   prop. index: 1
   Number of Alpha Electrons                 39.0000637686 
   Number of Beta  Electrons                 39.0000637686 
   Total number of  Electrons                78.0001275372 
   Exchange energy                          -42.0280305342 
   Correlation energy                        -3.2266229792 
   Correlation energy NL                      0.0000000000 
   Exchange-Correlation energy              -45.2546535134 
   Embedding correction                       0.0000000000 
   Total DFT Energy (No VdW correction)    -460.0675066932 
# -----------------------------------------------------------
$ VdW_Correction
   description: The Van der Waals Correction
   geom. index: 4
   prop. index: 1
        Van der Waals Correction:       -0.0423588623
# -----------------------------------------------------------
$ PAL_Flags
   description: The PAL Flags
   geom. index: 5
   prop. index: 1
        Diskflag:     2
# -----------------------------------------------------------
$ SCF_Energy
   description: The SCF energy
   geom. index: 5
   prop. index: 1
        SCF Energy:     -460.0676932088
# -----------------------------------------------------------
$ DFT_Energy
   description: The DFT energy
   geom. index: 5
   prop. index: 1
   Number of Alpha Electrons                 39.0000266627 
   Number of Beta  Electrons                 39.0000266627 
   Total number of  Electrons                78.0000533255 
   Exchange energy                          -42.0274889267 
   Correlation energy                        -3.2266873297 
   Correlation energy NL                      0.0000000000 
   Exchange-Correlation energy              -45.2541762564 
   Embedding correction                       0.0000000000 
   Total DFT Energy (No VdW correction)    -460.0676932088 
# -----------------------------------------------------------
$ VdW_Correction
   description: The Van der Waals Correction
   geom. index: 5
   prop. index: 1
        Van der Waals Correction:       -0.0423963327
# -----------------------------------------------------------
$ PAL_Flags
   description: The PAL Flags
   geom. index: 6
   prop. index: 1
        Diskflag:     2
# -----------------------------------------------------------
$ SCF_Energy
   description: The SCF energy
   geom. index: 6
   prop. index: 1
        SCF Energy:     -460.0678197172
# -----------------------------------------------------------
$ DFT_Energy
   description: The DFT energy
   geom. index: 6
   prop. index: 1
   Number of Alpha Electrons                 39.0000052357 
   Number of Beta  Electrons                 39.0000052357 
   Total number of  Electrons                78.0000104714 
   Exchange energy                          -42.0270463313 
   Correlation energy                        -3.2267066874 
   Correlation energy NL                      0.0000000000 
   Exchange-Correlation energy              -45.2537530187 
   Embedding correction                       0.0000000000 
   Total DFT Energy (No VdW correction)    -460.0678197172 
# -----------------------------------------------------------
$ VdW_Correction
   description: The Van der Waals Correction
   geom. index: 6
   prop. index: 1
        Van der Waals Correction:       -0.0424150140
# -----------------------------------------------------------
$ PAL_Flags
   description: The PAL Flags
   geom. index: 7
   prop. index: 1
        Diskflag:     2
# -----------------------------------------------------------
$ SCF_Energy
   description: The SCF energy
   geom. index: 7
   prop. index: 1
        SCF Energy:     -460.0679081712
# -----------------------------------------------------------
$ DFT_Energy
   description: The DFT energy
   geom. index: 7
   prop. index: 1
   Number of Alpha Electrons                 38.9999727758 
   Number of Beta  Electrons                 38.9999727758 
   Total number of  Electrons                77.9999455516 
   Exchange energy                          -42.0267058023 
   Correlation energy                        -3.2266992893 
   Correlation energy NL                      0.0000000000 
   Exchange-Correlation energy              -45.2534050915 
   Embedding correction                       0.0000000000 
   Total DFT Energy (No VdW correction)    -460.0679081712 
# -----------------------------------------------------------
$ VdW_Correction
   description: The Van der Waals Correction
   geom. index: 7
   prop. index: 1
        Van der Waals Correction:       -0.0424176490
# -----------------------------------------------------------
$ PAL_Flags
   description: The PAL Flags
   geom. index: 8
   prop. index: 1
        Diskflag:     2
# -----------------------------------------------------------
$ SCF_Energy
   description: The SCF energy
   geom. index: 8
   prop. index: 1
        SCF Energy:     -460.0679773088
# -----------------------------------------------------------
$ DFT_Energy
   description: The DFT energy
   geom. index: 8
   prop. index: 1
   Number of Alpha Electrons                 38.9999406712 
   Number of Beta  Electrons                 38.9999406712 
   Total number of  Electrons                77.9998813424 
   Exchange energy                          -42.0263214885 
   Correlation energy                        -3.2266410280 
   Correlation energy NL                      0.0000000000 
   Exchange-Correlation energy              -45.2529625166 
   Embedding correction                       0.0000000000 
   Total DFT Energy (No VdW correction)    -460.0679773088 
# -----------------------------------------------------------
$ VdW_Correction
   description: The Van der Waals Correction
   geom. index: 8
   prop. index: 1
        Van der Waals Correction:       -0.0424049842
# -----------------------------------------------------------
$ PAL_Flags
   description: The PAL Flags
   geom. index: 9
   prop. index: 1
        Diskflag:     2
# -----------------------------------------------------------
$ SCF_Energy
   description: The SCF energy
   geom. index: 9
   prop. index: 1
        SCF Energy:     -460.0679967251
# -----------------------------------------------------------
$ DFT_Energy
   description: The DFT energy
   geom. index: 9
   prop. index: 1
   Number of Alpha Electrons                 38.9999362498 
   Number of Beta  Electrons                 38.9999362498 
   Total number of  Electrons                77.9998724996 
   Exchange energy                          -42.0265291618 
   Correlation energy                        -3.2266482565 
   Correlation energy NL                      0.0000000000 
   Exchange-Correlation energy              -45.2531774183 
   Embedding correction                       0.0000000000 
   Total DFT Energy (No VdW correction)    -460.0679967251 
# -----------------------------------------------------------
$ VdW_Correction
   description: The Van der Waals Correction
   geom. index: 9
   prop. index: 1
        Van der Waals Correction:       -0.0423972290
# -----------------------------------------------------------
$ PAL_Flags
   description: The PAL Flags
   geom. index: 10
   prop. index: 1
        Diskflag:     2
# -----------------------------------------------------------
$ SCF_Energy
   description: The SCF energy
   geom. index: 10
   prop. index: 1
        SCF Energy:     -460.0680034988
# -----------------------------------------------------------
$ DFT_Energy
   description: The DFT energy
   geom. index: 10
   prop. index: 1
   Number of Alpha Electrons                 38.9999392121 
   Number of Beta  Electrons                 38.9999392121 
   Total number of  Electrons                77.9998784243 
   Exchange energy                          -42.0264501479 
   Correlation energy                        -3.2266208801 
   Correlation energy NL                      0.0000000000 
   Exchange-Correlation energy              -45.2530710281 
   Embedding correction                       0.0000000000 
   Total DFT Energy (No VdW correction)    -460.0680034988 
# -----------------------------------------------------------
$ Mayer_Pop
   description: The Mayer population analysis
   geom. index: 10
   prop. index: 1
     Number of atoms                     : 24
     Threshold for printing              : 0.1000000
     Number of bond orders printed       : 31
  NA   - Mulliken gross atomic population
  ZA   - Total nuclear charge
  QA   - Mulliken gross atomic charge
  VA   - Mayer's total valence
  BVA  - Mayer's bonded valence
  FA   - Mayer's free valence
  ATOM       NA         ZA         QA         VA         BVA        FA
  0   0     6.2572     6.0000    -0.2572     3.7568     3.7568     0.0000
  1   0     5.9615     6.0000     0.0385     3.5252     3.5252    -0.0000
  2   0     8.3018     8.0000    -0.3018     1.6009     1.6009    -0.0000
  3   0     6.0948     6.0000    -0.0948     4.0044     4.0044     0.0000
  4   0     6.2069     6.0000    -0.2069     3.5565     3.5565     0.0000
  5   0     6.2950     6.0000    -0.2950     3.7375     3.7375     0.0000
  6   0     7.2904     7.0000    -0.2904     2.5437     2.5437     0.0000
  7   0     6.4393     6.0000    -0.4393     3.8175     3.8175     0.0000
  8   0     6.3475     6.0000    -0.3475     3.8429     3.8429     0.0000
  9   0     7.3128     7.0000    -0.3128     2.5639     2.5639    -0.0000
 10   0     0.8419     1.0000     0.1581     0.9191     0.9191     0.0000
 11   0     0.8693     1.0000     0.1307     0.9392     0.9392     0.0000
 12   0     0.8330     1.0000     0.1670     0.9412     0.9412    -0.0000
 13   0     0.8650     1.0000     0.1350     0.9306     0.9306     0.0000
 14   0     0.8348     1.0000     0.1652     0.9207     0.9207     0.0000
 15   0     0.8655     1.0000     0.1345     0.9863     0.9863    -0.0000
 16   0     0.8518     1.0000     0.1482     0.9482     0.9482    -0.0000
 17   0     0.8433     1.0000     0.1567     0.9165     0.9165     0.0000
 18   0     0.6701     1.0000     0.3299     0.8266     0.8266    -0.0000
 19   0     0.8333     1.0000     0.1667     0.9020     0.9020     0.0000
 20   0     0.8078     1.0000     0.1922     0.9359     0.9359     0.0000
 21   0     0.8521     1.0000     0.1479     0.9464     0.9464     0.0000
 22   0     0.8420     1.0000     0.1580     0.8942     0.8942     0.0000
 23   0     0.6830     1.0000     0.3170     0.8352     0.8352     0.0000
      Bond orders larger than 0.1000000
           Atom A     A.N. of A          Atom B    A.N. of B              Bond order
                0             6               1            6                0.966790
                0             6               9            7                0.901243
                0             6              10            1                1.000917
                0             6              11            1                0.970947
                1             6               2            8                0.740433
                1             6               3            6                0.180403
                1             6               4            6               -0.122933
                1             6              12            1                0.973854
                1             6              13            1                0.959987
                2             8               3            6                1.202465
                2             8               5            6               -0.110344
                2             8               7            6               -0.144200
                3             6               4            6                0.865808
                3             6               7            6                0.976144
                3             6               8            6                0.778281
                3             6               9            7               -0.181407
                4             6               5            6                0.900811
                4             6               6            7               -0.126774
                4             6              14            1                0.985752
                4             6              15            1                0.902343
                5             6               6            7                0.920115
                5             6              16            1                1.001574
                5             6              17            1                0.999919
                6             7               7            6                0.966495
                6             7              18            1                0.864445
                7             6              19            1                0.911320
                7             6              20            1                1.046985
                8             6               9            7                1.146170
                8             6              21            1                1.011130
                8             6              22            1                0.963705
                9             7              23            1                0.854225
# -----------------------------------------------------------
$ VdW_Correction
   description: The Van der Waals Correction
   geom. index: 10
   prop. index: 1
        Van der Waals Correction:       -0.0423903247
# -----------------------------------------------------------
$ SCF_Electric_Properties
   description: The SCF Calculated Electric Properties
   geom. index: 10
   prop. index: 1
       Filename                          : file.scfp 
       Do Dipole Moment Calculation      : true 
       Do Quadrupole Moment Calculation  : false 
       Do Polarizability Calculation     : false 
** Dipole moment part of electric properties **
        Magnitude of dipole moment (Debye) :        3.5038973795
        Electronic Contribution:
                  0    
      0      -0.383512
      1       0.036770
      2      -2.681679
        Nuclear Contribution:
                  0    
      0       1.392873
      1       0.147113
      2       3.602369
        Total Dipole moment:
                  0    
      0       1.009361
      1       0.183883
      2       0.920691
# -------------------------------------------------------------
----------------------- !GEOMETRIES! ------------------------
# -------------------------------------------------------------
------------------------ !GEOMETRY! -------------------------
    Number of atoms:    24 
    Geometry Index:     1 
    Coordinates:
               0 C      2.556200000000    0.277300000000   -0.418600000000
               1 C      1.470200000000    1.366800000000   -0.330200000000
               2 O      0.230800000000    0.883000000000   -0.810100000000
               3 C     -0.282000000000   -0.177700000000   -0.001500000000
               4 C     -1.233500000000    0.381400000000    1.046900000000
               5 C     -2.571100000000    0.500400000000    0.328200000000
               6 N     -2.520700000000   -0.324300000000   -0.883300000000
               7 C     -1.225800000000   -1.003400000000   -0.874900000000
               8 C      0.838900000000   -1.063000000000    0.623300000000
               9 N      1.994700000000   -1.075700000000   -0.274600000000
              10 H      3.056800000000    0.342300000000   -1.408200000000
              11 H      3.325000000000    0.464100000000    0.364700000000
              12 H      1.776600000000    2.239500000000   -0.944600000000
              13 H      1.370300000000    1.728800000000    0.717800000000
              14 H     -1.339900000000   -0.329400000000    1.897400000000
              15 H     -0.896900000000    1.364500000000    1.440800000000
              16 H     -2.766900000000    1.565600000000    0.067200000000
              17 H     -3.394800000000    0.145500000000    0.983900000000
              18 H     -2.546500000000    0.311600000000   -1.715700000000
              19 H     -1.379600000000   -2.022800000000   -0.457900000000
              20 H     -0.825600000000   -1.115600000000   -1.908000000000
              21 H      0.491400000000   -2.104200000000    0.799300000000
              22 H      1.144400000000   -0.658900000000    1.616400000000
              23 H      2.728300000000   -1.695800000000    0.141800000000
------------------------ !GEOMETRY! -------------------------
    Number of atoms:    24 
    Geometry Index:     2 
    Coordinates:
               0 C      2.574408714872    0.275627564974   -0.439860391264
               1 C      1.477834758533    1.347045636820   -0.320832826928
               2 O      0.238614617316    0.857581126710   -0.791739829322
               3 C     -0.280603942707   -0.203320164107    0.022851593441
               4 C     -1.250128903514    0.361098628859    1.069246965141
               5 C     -2.591386318960    0.516152450162    0.320819270448
               6 N     -2.498582619135   -0.293547382716   -0.912355855381
               7 C     -1.221360784059   -1.013082850965   -0.878648545757
               8 C      0.852292141486   -1.034112884801    0.645632747624
               9 N      1.990086876195   -1.064967800300   -0.271219370534
              10 H      3.047092943286    0.330065654392   -1.427636072428
              11 H      3.351263636879    0.485173580279    0.315882178541
              12 H      1.733018041029    2.215943973488   -0.933954964533
              13 H      1.382618800248    1.696383401502    0.720228460491
              14 H     -1.348567463229   -0.347612186010    1.901447299638
              15 H     -0.893944476617    1.313881896176    1.474757135879
              16 H     -2.778968008788    1.565562773465    0.067585214237
              17 H     -3.426180431422    0.171830294902    0.943643632957
              18 H     -2.502206106523    0.323208295165   -1.712551739026
              19 H     -1.371928875162   -2.017088813482   -0.457390786270
              20 H     -0.807606091686   -1.124429819404   -1.884230038817
              21 H      0.499289956585   -2.056457140656    0.814752189047
              22 H      1.127737772865   -0.619103107226    1.634001704127
              23 H      2.697505762508   -1.685833127226    0.099672028689
------------------------ !GEOMETRY! -------------------------
    Number of atoms:    24 
    Geometry Index:     3 
    Coordinates:
               0 C      2.566416213804    0.275808375974   -0.469108687283
               1 C      1.470332512333    1.342290988959   -0.309709261645
               2 O      0.224932300413    0.855778250000   -0.770264011298
               3 C     -0.283984938404   -0.214042577662    0.047025779472
               4 C     -1.267368866854    0.346444595210    1.082787534569
               5 C     -2.591826132526    0.522232720699    0.301971230400
               6 N     -2.462474088730   -0.260933774845   -0.946139541692
               7 C     -1.214545101227   -1.022796269564   -0.864355440427
               8 C      0.866769236796   -1.016278401015    0.669423602668
               9 N      1.977353533696   -1.057720122704   -0.274982466134
              10 H      3.002810020685    0.324840436587   -1.473032302284
              11 H      3.366868632870    0.493529667814    0.258741265080
              12 H      1.704421880486    2.225668874106   -0.909773988678
              13 H      1.388493519727    1.665487961012    0.739996990541
              14 H     -1.383565953228   -0.373340271867    1.902941858768
              15 H     -0.900205048227    1.284055815110    1.511900461477
              16 H     -2.774595607239    1.574997088940    0.063401956442
              17 H     -3.443705836200    0.166377265632    0.893477734623
              18 H     -2.420461065378    0.367468713327   -1.738909707192
              19 H     -1.401003830621   -2.010239920782   -0.418817230041
              20 H     -0.775382982961   -1.166051242057   -1.853976975714
              21 H      0.518864487699   -2.037354778144    0.857432399931
              22 H      1.145966262872   -0.582707977828    1.647932877086
              23 H      2.686190850212   -1.703515416902    0.052135921330
------------------------ !GEOMETRY! -------------------------
    Number of atoms:    24 
    Geometry Index:     4 
    Coordinates:
               0 C      2.557645465791    0.275659591703   -0.491516825572
               1 C      1.465645629875    1.341691274566   -0.303074507615
               2 O      0.213569402356    0.859285993450   -0.750889264563
               3 C     -0.286654285933   -0.218101621956    0.066354660239
               4 C     -1.281734372888    0.338081681363    1.092132772655
               5 C     -2.593251079996    0.520391151799    0.286131208564
               6 N     -2.430694748575   -0.231430695743   -0.977854914068
               7 C     -1.209204887788   -1.028042913895   -0.850924282675
               8 C      0.875059030419   -1.006815744635    0.686956846699
               9 N      1.967718430956   -1.052545469787   -0.276099863899
              10 H      2.959974069773    0.319776458513   -1.510044523269
              11 H      3.380842107383    0.497175934271    0.209668346871
              12 H      1.689070075991    2.234549771495   -0.893501715860
              13 H      1.398857342652    1.648519469267    0.752615354211
              14 H     -1.414362714862   -0.389485522961    1.903100019429
              15 H     -0.915099404166    1.268855318786    1.537116719088
              16 H     -2.783304265567    1.575947551192    0.066967357609
              17 H     -3.454767736650    0.141133121598    0.848555992620
              18 H     -2.326318601706    0.415868371863   -1.749294507473
              19 H     -1.436278755911   -1.995938351955   -0.381442174383
              20 H     -0.749053362983   -1.210603404318   -1.824530047247
              21 H      0.534629938062   -2.027219501051    0.893023013323
              22 H      1.162759736577   -0.559088648705    1.656455658421
              23 H      2.675252987191   -1.717663814861    0.010194676896
------------------------ !GEOMETRY! -------------------------
    Number of atoms:    24 
    Geometry Index:     5 
    Coordinates:
               0 C      2.554004921616    0.271098744041   -0.504741449208
               1 C      1.468630705395    1.340889149050   -0.302157298349
               2 O      0.210909705420    0.864623266396   -0.740268584547
               3 C     -0.287926612232   -0.215374802413    0.076363129251
               4 C     -1.290399390123    0.340888237801    1.094850527601
               5 C     -2.601666271694    0.504948519002    0.279829510721
               6 N     -2.409278327616   -0.206256668272   -1.003466517498
               7 C     -1.206215249987   -1.024940573378   -0.845773954880
               8 C      0.875886903691   -1.000784289740    0.696771808698
               9 N      1.961193304183   -1.052086018642   -0.273525931611
              10 H      2.935481903087    0.309656464263   -1.531625920265
              11 H      3.391633975628    0.492981869712    0.179084205100
              12 H      1.690448533612    2.235940672814   -0.889978780487
              13 H      1.412724068414    1.643129765419    0.755494464827
              14 H     -1.423552157046   -0.382437757367    1.909383202458
              15 H     -0.931852435080    1.276829414348    1.535639874815
              16 H     -2.825568423422    1.558385615054    0.086093705567
              17 H     -3.455511860143    0.082046186960    0.822530117403
              18 H     -2.243177470653    0.468985352989   -1.740862792281
              19 H     -1.464343279482   -1.977435643644   -0.361050362474
              20 H     -0.734445800014   -1.236772837343   -1.807767210917
              21 H      0.537368277723   -2.019612789644    0.913428346509
              22 H      1.170173766039   -0.545608446895    1.660653206601
              23 H      2.665781212683   -1.729093430512   -0.008803297034
------------------------ !GEOMETRY! -------------------------
    Number of atoms:    24 
    Geometry Index:     6 
    Coordinates:
               0 C      2.553801771524    0.263393817393   -0.511352554491
               1 C      1.475804986275    1.339536760970   -0.305130207083
               2 O      0.213526497419    0.869999420182   -0.736794197766
               3 C     -0.288788554087   -0.209331953457    0.079462997817
               4 C     -1.294978976860    0.349688192738    1.093448124789
               5 C     -2.612818133372    0.483620246379    0.279863846443
               6 N     -2.397068278314   -0.185173753619   -1.022369068432
               7 C     -1.204692292427   -1.016942733010   -0.847726062515
               8 C      0.872425965452   -0.996177293036    0.702403783415
               9 N      1.956311497833   -1.055178226313   -0.268749822176
              10 H      2.925228137900    0.295699859286   -1.542289796993
              11 H      3.399302200266    0.484112436886    0.163110621877
              12 H      1.700788459105    2.232331873111   -0.895320725872
              13 H      1.426716197281    1.644119748223    0.752197930931
              14 H     -1.417469797369   -0.361621570289    1.920124672843
              15 H     -0.946686054696    1.297314192171    1.517140197118
              16 H     -2.884829741482    1.530243854309    0.113823185122
              17 H     -3.446934199643    0.007924059895    0.809359556284
              18 H     -2.179009303651    0.519474016413   -1.718647126941
              19 H     -1.483197607898   -1.960697583365   -0.357323204607
              20 H     -0.726123382595   -1.244170347236   -1.802897007891
              21 H      0.531258566027   -2.012791708058    0.925385722409
              22 H      1.170582104794   -0.537023570200    1.663174244953
              23 H      2.657149938520   -1.738349739372   -0.010795109235
------------------------ !GEOMETRY! -------------------------
    Number of atoms:    24 
    Geometry Index:     7 
    Coordinates:
               0 C      2.557095238118    0.252522418277   -0.512147852702
               1 C      1.487063786153    1.337005377844   -0.309560032052
               2 O      0.221387725695    0.875632375973   -0.739764534701
               3 C     -0.289145400493   -0.200068479226    0.076283541352
               4 C     -1.295761085411    0.365125937282    1.088207449307
               5 C     -2.626165506741    0.456950329852    0.286310398746
               6 N     -2.392054209797   -0.167087761436   -1.033756312171
               7 C     -1.204026520571   -1.004578244238   -0.855821114052
               8 C      0.865705260540   -0.992066078629    0.704108297159
               9 N      1.952116605920   -1.061663387600   -0.263629869201
              10 H      2.927989091234    0.278781316604   -1.543517048421
              11 H      3.404823425348    0.469950520163    0.160550317102
              12 H      1.719299333230    2.225468658530   -0.903530437568
              13 H      1.440289148516    1.646559403036    0.746451650459
              14 H     -1.397630509360   -0.325338172230    1.934995715610
              15 H     -0.958226532360    1.329262552042    1.482170319546
              16 H     -2.956522152743    1.490863016240    0.149928591720
              17 H     -3.429242319090   -0.077253224422    0.808045051654
              18 H     -2.144859945800    0.563373780328   -1.693845357661
              19 H     -1.491518853378   -1.946707958487   -0.367499354642
              20 H     -0.722429272872   -1.233597527431   -1.809044001764
              21 H      0.517633400172   -2.005638728179    0.930314808788
              22 H      1.165379522694   -0.531360736620    1.663689628643
              23 H      2.649099770994   -1.746135387675    0.001160144850
------------------------ !GEOMETRY! -------------------------
    Number of atoms:    24 
    Geometry Index:     8 
    Coordinates:
               0 C      2.562110162562    0.239706083963   -0.509664940090
               1 C      1.500803952319    1.333648906023   -0.313118144135
               2 O      0.232158296436    0.882193589823   -0.745007485033
               3 C     -0.289032848850   -0.189420977686    0.069624490240
               4 C     -1.294679760488    0.383098723465    1.080955474293
               5 C     -2.638639310163    0.430207049971    0.296653042492
               6 N     -2.394920090416   -0.155907193052   -1.037502539422
               7 C     -1.202315479399   -0.989481854632   -0.868838561401
               8 C      0.857244794854   -0.987949722383    0.704041319890
               9 N      1.948005132609   -1.070364352080   -0.258234499278
              10 H      2.936647037883    0.260096619559   -1.539852609927
              11 H      3.409498172218    0.452448891869    0.164816517170
              12 H      1.742548333676    2.217407341819   -0.910301765572
              13 H      1.454143981088    1.647968661147    0.741496226749
              14 H     -1.371407835655   -0.280669443326    1.951365979110
              15 H     -0.968099218983    1.365350975755    1.437421433462
              16 H     -3.027339317820    1.447206023230    0.189430378698
              17 H     -3.403956369638   -0.159767420835    0.815089616985
              18 H     -2.143057218711    0.595194254693   -1.673030477876
              19 H     -1.487375343443   -1.936894841683   -0.389501413254
              20 H     -0.719535296858   -1.207365582930   -1.824019878114
              21 H      0.499645222939   -1.997745311133    0.932343557579
              22 H      1.156722286736   -0.526463082498    1.663323547972
              23 H      2.641130717105   -1.752497339079    0.022610729460
------------------------ !GEOMETRY! -------------------------
    Number of atoms:    24 
    Geometry Index:     9 
    Coordinates:
               0 C      2.564827000354    0.235516054828   -0.506792872719
               1 C      1.505506860700    1.332156293491   -0.314027611874
               2 O      0.236854882564    0.883198325453   -0.748537317400
               3 C     -0.288679420500   -0.186108776490    0.066379656701
               4 C     -1.293083615077    0.390504777343    1.077826285806
               5 C     -2.642137558157    0.420899166408    0.301578008031
               6 N     -2.396205391421   -0.152175294790   -1.036767865504
               7 C     -1.202509887884   -0.983888353967   -0.873483729309
               8 C      0.854557194676   -0.987427170797    0.702923773084
               9 N      1.947018411305   -1.073563852442   -0.257349768943
              10 H      2.942977465655    0.254540881255   -1.535612271144
              11 H      3.410245869734    0.446362844506    0.170666368742
              12 H      1.750419325528    2.214686616469   -0.911658641849
              13 H      1.457040809468    1.647509358092    0.740160957440
              14 H     -1.359907918504   -0.261152202587    1.958052131153
              15 H     -0.969706371444    1.379469771642    1.418249551248
              16 H     -3.050091528739    1.431211458738    0.204302038490
              17 H     -3.393359681808   -0.187136646089    0.819996931728
              18 H     -2.153674816407    0.602628662843   -1.671298119327
              19 H     -1.484351231567   -1.934299118858   -0.398021823497
              20 H     -0.720402360639   -1.195828935297   -1.830228093816
              21 H      0.493193936461   -1.996050975296    0.930578041632
              22 H      1.152926785395   -0.526747509451    1.662873464063
              23 H      2.638841240307   -1.754305375005    0.030290907262
------------------------ !GEOMETRY! -------------------------
    Number of atoms:    24 
    Geometry Index:     10 
    Coordinates:
               0 C      2.565558988812    0.234608811066   -0.506200264501
               1 C      1.506824200885    1.331776946340   -0.313189574521
               2 O      0.238116973477    0.883886269384   -0.748775311897
               3 C     -0.288508585399   -0.185524275012    0.065527414838
               4 C     -1.292844075180    0.391342672922    1.077084990472
               5 C     -2.642404318023    0.420726171053    0.302664305276
               6 N     -2.399490511437   -0.155604990909   -1.035028976905
               7 C     -1.201676989341   -0.982766981787   -0.875429530880
               8 C      0.854118086432   -0.986897178367    0.702957404791
               9 N      1.946845637735   -1.074151182084   -0.256898212565
              10 H      2.943789063787    0.253403056544   -1.534970901457
              11 H      3.410946977866    0.445017526653    0.171400341455
              12 H      1.752474256378    2.214654001570   -0.909980357801
              13 H      1.457900065035    1.646219997862    0.741229889819
              14 H     -1.357861697015   -0.258257279376    1.959010484338
              15 H     -0.969831405388    1.381504749582    1.414287237716
              16 H     -3.051309965627    1.430747114590    0.205564664251
              17 H     -3.391866570297   -0.187812631774    0.822912829070
              18 H     -2.163020662228    0.598826106475   -1.672317303412
              19 H     -1.479761254955   -1.935367080437   -0.402348094704
              20 H     -0.719647597112   -1.190335608366   -1.833144821807
              21 H      0.491956968357   -1.995137922378    0.931015627891
              22 H      1.151919769030   -0.525821480824    1.662875457297
              23 H      2.638072644208   -1.755036812728    0.031852703238
