-------------------------------------------------------------
----------------------- !PROPERTIES! ------------------------
-------------------------------------------------------------
# -----------------------------------------------------------
$ PAL_Flags
   description: The PAL Flags
   geom. index: 1
   prop. index: 1
        Diskflag:     2
# -----------------------------------------------------------
$ SCF_Energy
   description: The SCF energy
   geom. index: 1
   prop. index: 1
        SCF Energy:     -384.8212472015
# -----------------------------------------------------------
$ DFT_Energy
   description: The DFT energy
   geom. index: 1
   prop. index: 1
   Number of Alpha Electrons                 34.9998968606 
   Number of Beta  Electrons                 34.9998968606 
   Total number of  Electrons                69.9997937213 
   Exchange energy                          -36.1915198742 
   Correlation energy                        -2.8570835160 
   Correlation energy NL                      0.0000000000 
   Exchange-Correlation energy              -39.0486033902 
   Embedding correction                       0.0000000000 
   Total DFT Energy (No VdW correction)    -384.8212472015 
# -----------------------------------------------------------
$ Mayer_Pop
   description: The Mayer population analysis
   geom. index: 1
   prop. index: 1
     Number of atoms                     : 23
     Threshold for printing              : 0.1000000
     Number of bond orders printed       : 26
  NA   - Mulliken gross atomic population
  ZA   - Total nuclear charge
  QA   - Mulliken gross atomic charge
  VA   - Mayer's total valence
  BVA  - Mayer's bonded valence
  FA   - Mayer's free valence
  ATOM       NA         ZA         QA         VA         BVA        FA
  0   0     6.3252     6.0000    -0.3252     3.7817     3.7817     0.0000
  1   0     6.3710     6.0000    -0.3710     3.8610     3.8610     0.0000
  2   0     6.5768     6.0000    -0.5768     4.9778     4.9778     0.0000
  3   0     6.1038     6.0000    -0.1038     3.3207     3.3207     0.0000
  4   0     6.2540     6.0000    -0.2540     3.6705     3.6705     0.0000
  5   0     7.3385     7.0000    -0.3385     2.5826     2.5826     0.0000
  6   0     6.1441     6.0000    -0.1441     3.4755     3.4755     0.0000
  7   0     6.1729     6.0000    -0.1729     3.5782     3.5782     0.0000
  8   0     7.1970     7.0000    -0.1970     2.6109     2.6109    -0.0000
  9   0     0.8441     1.0000     0.1559     0.9286     0.9286    -0.0000
 10   0     0.8312     1.0000     0.1688     0.9213     0.9213     0.0000
 11   0     0.8683     1.0000     0.1317     0.9672     0.9672     0.0000
 12   0     0.8255     1.0000     0.1745     0.9121     0.9121     0.0000
 13   0     0.8651     1.0000     0.1349     0.9773     0.9773     0.0000
 14   0     0.8207     1.0000     0.1793     0.9195     0.9195     0.0000
 15   0     0.8306     1.0000     0.1694     0.9174     0.9174     0.0000
 16   0     0.8489     1.0000     0.1511     0.9318     0.9318     0.0000
 17   0     0.7078     1.0000     0.2922     0.8582     0.8582     0.0000
 18   0     0.8469     1.0000     0.1531     0.9535     0.9535     0.0000
 19   0     0.8265     1.0000     0.1735     0.9436     0.9436     0.0000
 20   0     0.8404     1.0000     0.1596     0.9148     0.9148    -0.0000
 21   0     0.8623     1.0000     0.1377     0.9450     0.9450     0.0000
 22   0     0.6985     1.0000     0.3015     0.8373     0.8373    -0.0000
      Bond orders larger than 0.1000000
           Atom A     A.N. of A          Atom B    A.N. of B              Bond order
                0             6               1            6                0.940763
                0             6               5            7                0.926319
                0             6               9            1                0.993436
                0             6              10            1                0.977294
                1             6               2            6                1.112508
                1             6              11            1                0.920720
                1             6              12            1                0.960162
                2             6               3            6                0.929848
                2             6               6            6                0.914433
                2             6               8            7                1.705755
                3             6               4            6                0.939616
                3             6               8            7               -0.517631
                3             6              13            1                0.943545
                3             6              14            1                0.960588
                4             6               5            7                0.913489
                4             6              15            1                0.977867
                4             6              16            1                0.975306
                5             7              17            1                0.877128
                6             6               7            6                0.909961
                6             6               8            7               -0.196974
                6             6              18            1                0.955160
                6             6              19            1                0.962832
                7             6               8            7                0.871055
                7             6              20            1                0.983499
                7             6              21            1                0.975679
                8             7              22            1                0.834373
# -----------------------------------------------------------
$ VdW_Correction
   description: The Van der Waals Correction
   geom. index: 1
   prop. index: 1
        Van der Waals Correction:       -0.0408719775
# -----------------------------------------------------------
$ Hessian
   description: Details about the Hessian
   geom. index: 1
   prop. index: 1
Normal modes:
Number of Rows: 69 Number of Columns: 69
                  0          1          2          3          4          5    
      0       0.000000   0.000000   0.000000   0.000000   0.000000   0.000000
      1       0.000000   0.000000   0.000000   0.000000   0.000000   0.000000
      2       0.000000   0.000000   0.000000   0.000000   0.000000   0.000000
      3       0.000000   0.000000   0.000000   0.000000   0.000000   0.000000
      4       0.000000   0.000000   0.000000   0.000000   0.000000   0.000000
      5       0.000000   0.000000   0.000000   0.000000   0.000000   0.000000
      6       0.000000   0.000000   0.000000   0.000000   0.000000   0.000000
      7       0.000000   0.000000   0.000000   0.000000   0.000000   0.000000
      8       0.000000   0.000000   0.000000   0.000000   0.000000   0.000000
      9       0.000000   0.000000   0.000000   0.000000   0.000000   0.000000
     10       0.000000   0.000000   0.000000   0.000000   0.000000   0.000000
     11       0.000000   0.000000   0.000000   0.000000   0.000000   0.000000
     12       0.000000   0.000000   0.000000   0.000000   0.000000   0.000000
     13       0.000000   0.000000   0.000000   0.000000   0.000000   0.000000
     14       0.000000   0.000000   0.000000   0.000000   0.000000   0.000000
     15       0.000000   0.000000   0.000000   0.000000   0.000000   0.000000
     16       0.000000   0.000000   0.000000   0.000000   0.000000   0.000000
     17       0.000000   0.000000   0.000000   0.000000   0.000000   0.000000
     18       0.000000   0.000000   0.000000   0.000000   0.000000   0.000000
     19       0.000000   0.000000   0.000000   0.000000   0.000000   0.000000
     20       0.000000   0.000000   0.000000   0.000000   0.000000   0.000000
     21       0.000000   0.000000   0.000000   0.000000   0.000000   0.000000
     22       0.000000   0.000000   0.000000   0.000000   0.000000   0.000000
     23       0.000000   0.000000   0.000000   0.000000   0.000000   0.000000
     24       0.000000   0.000000   0.000000   0.000000   0.000000   0.000000
     25       0.000000   0.000000   0.000000   0.000000   0.000000   0.000000
     26       0.000000   0.000000   0.000000   0.000000   0.000000   0.000000
     27       0.000000   0.000000   0.000000   0.000000   0.000000   0.000000
     28       0.000000   0.000000   0.000000   0.000000   0.000000   0.000000
     29       0.000000   0.000000   0.000000   0.000000   0.000000   0.000000
     30       0.000000   0.000000   0.000000   0.000000   0.000000   0.000000
     31       0.000000   0.000000   0.000000   0.000000   0.000000   0.000000
     32       0.000000   0.000000   0.000000   0.000000   0.000000   0.000000
     33       0.000000   0.000000   0.000000   0.000000   0.000000   0.000000
     34       0.000000   0.000000   0.000000   0.000000   0.000000   0.000000
     35       0.000000   0.000000   0.000000   0.000000   0.000000   0.000000
     36       0.000000   0.000000   0.000000   0.000000   0.000000   0.000000
     37       0.000000   0.000000   0.000000   0.000000   0.000000   0.000000
     38       0.000000   0.000000   0.000000   0.000000   0.000000   0.000000
     39       0.000000   0.000000   0.000000   0.000000   0.000000   0.000000
     40       0.000000   0.000000   0.000000   0.000000   0.000000   0.000000
     41       0.000000   0.000000   0.000000   0.000000   0.000000   0.000000
     42       0.000000   0.000000   0.000000   0.000000   0.000000   0.000000
     43       0.000000   0.000000   0.000000   0.000000   0.000000   0.000000
     44       0.000000   0.000000   0.000000   0.000000   0.000000   0.000000
     45       0.000000   0.000000   0.000000   0.000000   0.000000   0.000000
     46       0.000000   0.000000   0.000000   0.000000   0.000000   0.000000
     47       0.000000   0.000000   0.000000   0.000000   0.000000   0.000000
     48       0.000000   0.000000   0.000000   0.000000   0.000000   0.000000
     49       0.000000   0.000000   0.000000   0.000000   0.000000   0.000000
     50       0.000000   0.000000   0.000000   0.000000   0.000000   0.000000
     51       0.000000   0.000000   0.000000   0.000000   0.000000   0.000000
     52       0.000000   0.000000   0.000000   0.000000   0.000000   0.000000
     53       0.000000   0.000000   0.000000   0.000000   0.000000   0.000000
     54       0.000000   0.000000   0.000000   0.000000   0.000000   0.000000
     55       0.000000   0.000000   0.000000   0.000000   0.000000   0.000000
     56       0.000000   0.000000   0.000000   0.000000   0.000000   0.000000
     57       0.000000   0.000000   0.000000   0.000000   0.000000   0.000000
     58       0.000000   0.000000   0.000000   0.000000   0.000000   0.000000
     59       0.000000   0.000000   0.000000   0.000000   0.000000   0.000000
     60       0.000000   0.000000   0.000000   0.000000   0.000000   0.000000
     61       0.000000   0.000000   0.000000   0.000000   0.000000   0.000000
     62       0.000000   0.000000   0.000000   0.000000   0.000000   0.000000
     63       0.000000   0.000000   0.000000   0.000000   0.000000   0.000000
     64       0.000000   0.000000   0.000000   0.000000   0.000000   0.000000
     65       0.000000   0.000000   0.000000   0.000000   0.000000   0.000000
     66       0.000000   0.000000   0.000000   0.000000   0.000000   0.000000
     67       0.000000   0.000000   0.000000   0.000000   0.000000   0.000000
     68       0.000000   0.000000   0.000000   0.000000   0.000000   0.000000
                  6          7          8          9         10         11    
      0       0.058662  -0.091860   0.078019   0.071251   0.091148  -0.043928
      1      -0.026009   0.042626  -0.075352  -0.056013  -0.032666  -0.011483
      2      -0.007364   0.032434  -0.136543  -0.034287   0.004965  -0.153229
      3       0.050973   0.016742  -0.008487   0.055941  -0.022242  -0.063653
      4       0.017362  -0.125814   0.020844  -0.137171   0.152407   0.008636
      5      -0.042595  -0.097535  -0.001473   0.033888  -0.050682  -0.024378
      6      -0.006105   0.007153   0.000477  -0.082925  -0.011174   0.060985
      7       0.069900  -0.101492  -0.005281   0.032654   0.045847   0.078712
      8      -0.059508  -0.099090   0.001765   0.035398  -0.064158   0.055999
      9      -0.062387  -0.006584   0.008010   0.039758   0.015345  -0.043354
     10       0.057669  -0.110928  -0.013230  -0.000856   0.019829  -0.031385
     11      -0.003357  -0.104894  -0.031430  -0.124371  -0.162077   0.003573
     12      -0.041756  -0.104804  -0.090747   0.081832  -0.063460  -0.026654
     13       0.001750   0.022617   0.145562  -0.047973   0.002811  -0.152751
     14       0.018990   0.045295   0.044187  -0.057781   0.033514   0.044645
     15       0.004776  -0.043698   0.001521   0.208578   0.024912  -0.097454
     16      -0.045938   0.147294  -0.013484   0.130946  -0.048452   0.104786
     17       0.026799   0.125826   0.030693   0.076071   0.066269   0.091524
     18      -0.029555   0.201910   0.017501  -0.148569  -0.015704  -0.000026
     19       0.059036  -0.017233  -0.117114   0.023303   0.037489   0.067213
     20      -0.063213  -0.058513   0.155076   0.031919  -0.060541   0.039067
     21       0.019346   0.101717   0.000181  -0.148968  -0.014492   0.064681
     22      -0.169236   0.086600  -0.011213   0.022238  -0.001082  -0.030002
     23       0.186999   0.109060   0.013846   0.032346   0.020066  -0.034846
     24       0.011259  -0.085433  -0.007310  -0.112325   0.001393   0.148066
     25       0.044776   0.024144   0.060212   0.055641  -0.154692   0.005454
     26      -0.077612   0.017613  -0.073659   0.027032   0.207850   0.009610
     27       0.066088  -0.259237   0.188343   0.028068   0.177798   0.002132
     28      -0.016806   0.034170   0.055353   0.027005   0.009961   0.176259
     29      -0.017869   0.002690  -0.291054  -0.157400  -0.033433  -0.401129
     30       0.094696  -0.039760   0.087469   0.017242   0.135242   0.028210
     31      -0.049426   0.092951  -0.288712  -0.139214  -0.119379  -0.298933
     32       0.005869   0.083235  -0.210822  -0.098177  -0.000290  -0.216729
     33       0.094186  -0.014474   0.011825   0.145092   0.068708  -0.109814
     34       0.031127  -0.196713   0.074910  -0.190871   0.303834  -0.009091
     35      -0.072853  -0.169909   0.056701  -0.157063   0.074404   0.003847
     36       0.042307   0.155408  -0.136507   0.074006  -0.116683  -0.174022
     37      -0.001395  -0.133495   0.016172  -0.272706   0.249677  -0.050233
     38      -0.023261  -0.054481  -0.027862   0.187959  -0.180932   0.015025
     39      -0.096833  -0.054851  -0.011093   0.150307  -0.068212  -0.100461
     40       0.094745  -0.188922  -0.092987  -0.159458  -0.154227  -0.055964
     41      -0.008632  -0.157010  -0.068729  -0.118198  -0.266764  -0.035651
     42      -0.086267   0.118486   0.141106   0.020327   0.093908  -0.143760
     43       0.039970  -0.068835   0.027501   0.090142   0.120374   0.007188
     44       0.018014  -0.132403  -0.053501  -0.271323  -0.294584  -0.083376
     45      -0.084068  -0.068989  -0.087831   0.032645  -0.113626   0.030732
     46      -0.021466   0.072534   0.278985  -0.143775   0.018368  -0.283482
     47       0.039750   0.070673   0.230471  -0.132166   0.120452  -0.214671
     48      -0.015633  -0.257577  -0.237606   0.072317  -0.145401   0.045166
     49       0.016582  -0.025148   0.245005  -0.152704   0.021797  -0.334044
     50       0.006219   0.069821  -0.108851   0.070450  -0.006663   0.282874
     51      -0.007333   0.085832   0.015444   0.419063   0.027700   0.139028
     52      -0.060334   0.170615  -0.088204   0.169069  -0.073153   0.145908
     53       0.042247   0.130621   0.131527   0.082634   0.098786   0.108849
     54      -0.223291   0.246722   0.055109  -0.160797  -0.050274  -0.038725
     55       0.018196  -0.037137  -0.053465   0.022405   0.036289   0.070298
     56      -0.200608  -0.102106   0.323373   0.024147  -0.065289   0.041763
     57       0.118481   0.309941  -0.002851  -0.158084   0.022373  -0.048312
     58       0.222092   0.001581  -0.298940   0.036615   0.047757   0.074954
     59      -0.084189  -0.080091   0.149079   0.036086  -0.067629   0.049036
     60       0.323480   0.175550  -0.065489  -0.143401  -0.084844   0.048001
     61      -0.347381   0.127172  -0.078649   0.000368   0.159485  -0.052237
     62       0.268917   0.174256  -0.061124   0.024535   0.065381  -0.056774
     63      -0.250873   0.076614   0.059818  -0.159873   0.047965   0.056206
     64      -0.265292   0.137455   0.086961   0.016940  -0.059647  -0.077290
     65       0.403191   0.194665   0.049630   0.038418  -0.119045  -0.075861
     66      -0.068817  -0.160087   0.003675  -0.105361  -0.114959   0.181338
     67       0.230752   0.057819   0.131450   0.055423  -0.414951   0.001507
     68      -0.027605   0.041139  -0.063110   0.025053   0.189915   0.001655
                 12         13         14         15         16         17    
      0      -0.015695  -0.072302   0.140999   0.072054   0.013680  -0.049869
      1      -0.028520  -0.021579   0.166190   0.124859   0.039130  -0.075916
      2      -0.008128   0.056068  -0.046923  -0.070725   0.014641   0.052194
      3      -0.078842   0.022909   0.163343   0.110560  -0.004618   0.033153
      4       0.038746  -0.101652  -0.009982   0.039909  -0.019731  -0.028891
      5       0.136027  -0.006632   0.118595  -0.112960   0.171978   0.123859
      6       0.005121   0.035919   0.016854   0.037498  -0.066656   0.119721
      7      -0.075493   0.097371  -0.033189  -0.025043  -0.003005  -0.014992
      8       0.094380   0.050998   0.084880  -0.019251  -0.001107  -0.042017
      9       0.091376   0.048884  -0.134937   0.127360  -0.018591   0.038103
     10      -0.135094   0.005397  -0.130062  -0.085112   0.152280   0.102571
     11      -0.017810  -0.117970   0.019729   0.057387  -0.060437  -0.083567
     12       0.013277  -0.042359  -0.175990   0.095311   0.017724  -0.047479
     13       0.028796   0.040422  -0.005409  -0.027481   0.028586   0.011101
     14       0.017405   0.008242  -0.154174   0.138271   0.033600  -0.082332
     15       0.003215  -0.063665  -0.023482  -0.176209  -0.051645  -0.087133
     16      -0.005091  -0.077651   0.036933  -0.040844  -0.020884   0.012754
     17      -0.001830  -0.039408  -0.073062  -0.015982  -0.012445   0.022921
     18      -0.011327  -0.045961  -0.012275  -0.078361   0.071607   0.022261
     19       0.082084   0.076061   0.023688  -0.041191  -0.025246  -0.233236
     20      -0.109959   0.063797   0.001248  -0.023419  -0.027351  -0.148443
     21       0.000117   0.017304   0.003147  -0.120416   0.057412  -0.168164
     22       0.013618  -0.016668  -0.006381   0.024276   0.000215  -0.007056
     23      -0.014261  -0.017697   0.005755   0.034452  -0.009056   0.042693
     24      -0.010615   0.119374   0.028608  -0.073753  -0.058513   0.143971
     25       0.040493   0.038137  -0.045330   0.062476  -0.088390   0.223789
     26      -0.054059   0.025501   0.073158   0.036543  -0.058753   0.119966
     27       0.103209  -0.177923   0.258719   0.130340   0.258149   0.029725
     28       0.035017  -0.134946   0.228562   0.193740   0.201541   0.023415
     29      -0.067377   0.187346  -0.106640  -0.156419  -0.156678  -0.064983
     30      -0.081909  -0.062621   0.094134   0.217578  -0.081630  -0.102629
     31      -0.133194   0.157569   0.029824  -0.035900  -0.253759  -0.229817
     32      -0.087294   0.129600  -0.128465  -0.046084  -0.153106  -0.034295
     33      -0.126621   0.025532   0.060801   0.034394  -0.022237   0.028785
     34       0.121027  -0.244025  -0.200059  -0.108914  -0.170363   0.033507
     35       0.322090  -0.228608  -0.050973  -0.252993  -0.035819   0.235197
     36      -0.199618   0.117514   0.342498   0.297721   0.153284   0.009208
     37       0.138682  -0.271645  -0.086840  -0.005802  -0.117514   0.046036
     38      -0.004803   0.205183   0.244511  -0.019448   0.316101   0.035698
     39       0.155841   0.024309  -0.045285   0.050705  -0.030350   0.005694
     40      -0.335511  -0.285444  -0.021733  -0.268694  -0.086727   0.348328
     41      -0.049717  -0.230704   0.104088  -0.044371  -0.149746  -0.023420
     42       0.203137   0.144162  -0.270593   0.315511   0.125500  -0.033155
     43      -0.018565   0.184717  -0.168602   0.005099   0.271258  -0.028824
     44      -0.163487  -0.364810   0.042185  -0.029866  -0.202152   0.099024
     45       0.074723  -0.043763  -0.115720   0.223369  -0.079785  -0.096992
     46       0.154732   0.124590   0.145076  -0.043959  -0.215504  -0.074248
     47       0.119210   0.129806  -0.019489  -0.041254  -0.190376  -0.146187
     48      -0.132884  -0.132897  -0.335291   0.172194   0.285284  -0.007760
     49       0.076322   0.115849   0.046652  -0.088355  -0.072654  -0.046651
     50      -0.072183  -0.103903  -0.250373   0.224845   0.209478  -0.001274
     51      -0.003121  -0.206601  -0.052522  -0.371241  -0.262233   0.028767
     52      -0.023861  -0.108559   0.081982  -0.072616  -0.058491   0.041319
     53       0.020500  -0.040304  -0.139655  -0.022411  -0.023350   0.027347
     54       0.033847  -0.097050  -0.001895  -0.086383   0.128169   0.009645
     55      -0.025811   0.090036  -0.015437  -0.045055  -0.030529  -0.303328
     56      -0.380554   0.088754  -0.096426  -0.040133  -0.026337  -0.324534
     57      -0.073418  -0.094319  -0.052121  -0.075338   0.122497   0.214144
     58       0.363586   0.059061   0.128012  -0.000600  -0.068159  -0.044610
     59      -0.081757   0.073793   0.015719  -0.019173  -0.042648  -0.180142
     60       0.155364  -0.006555  -0.013057  -0.118717   0.080998  -0.298146
     61      -0.035024  -0.047855   0.031662   0.016505   0.029399  -0.043234
     62       0.051226  -0.048587   0.017224   0.034390   0.017051  -0.046879
     63      -0.138084   0.013563   0.011619  -0.125772   0.066355  -0.054713
     64      -0.065940  -0.060587  -0.040902   0.036009   0.032839   0.078796
     65       0.064375  -0.061023  -0.041391   0.048816   0.020400  -0.007402
     66       0.084400   0.146785   0.033885  -0.098428  -0.054017   0.100500
     67       0.160556   0.024766  -0.099368  -0.003790   0.004891  -0.151397
     68      -0.057238   0.018130   0.061477   0.033645  -0.050378   0.086068
                 18         19         20         21         22         23    
      0       0.054749  -0.025751  -0.001891  -0.074652  -0.032243  -0.003401
      1      -0.019501   0.146912   0.002678  -0.087347  -0.009594   0.043643
      2      -0.052861  -0.094130  -0.004357   0.007431   0.019301  -0.070185
      3       0.074461  -0.097144   0.012130   0.116400   0.057636   0.059369
      4      -0.051967  -0.006723  -0.019719  -0.001526  -0.057044  -0.047274
      5      -0.029138  -0.008438   0.016650   0.089371   0.011573   0.039110
      6       0.009082   0.019900   0.013664  -0.004344   0.009241   0.052905
      7      -0.054444   0.005432  -0.006714   0.070124  -0.033766   0.056951
      8       0.070833   0.001874  -0.007312  -0.082832  -0.037194   0.047206
      9      -0.062096  -0.113400  -0.010268  -0.115257   0.034362   0.049012
     10       0.047193  -0.021666   0.000930  -0.092290  -0.013077   0.070329
     11       0.039510   0.012152   0.006332   0.051979  -0.056557  -0.031528
     12      -0.063136  -0.007568  -0.010793   0.093416  -0.018350   0.024613
     13       0.059235  -0.038708   0.000526   0.023231   0.015069  -0.094925
     14      -0.010336   0.173729   0.007202   0.067625  -0.002302   0.039476
     15      -0.014325   0.248324   0.011031  -0.021244   0.047037  -0.032535
     16       0.022286  -0.032930   0.005380   0.059360   0.033452  -0.008613
     17      -0.025149  -0.050179  -0.008621  -0.082337   0.013769   0.006396
     18       0.001797   0.024285  -0.004482  -0.001544  -0.033956  -0.021483
     19      -0.017721  -0.079087   0.015210   0.019151   0.055133  -0.042699
     20       0.009339  -0.044641  -0.060948  -0.028708   0.044147  -0.071588
     21      -0.007253  -0.042762  -0.026852   0.006391   0.026587  -0.021145
     22       0.002431  -0.014467   0.034738  -0.020153  -0.007304   0.037426
     23       0.002411   0.010027  -0.039852   0.019953  -0.000139   0.051149
     24       0.000670   0.057753   0.015491   0.004526  -0.005452  -0.031980
     25      -0.004270   0.068228   0.019227   0.002808   0.001716  -0.100221
     26       0.007442   0.030760   0.034025   0.002383   0.001295  -0.029587
     27      -0.206657  -0.033335  -0.009588  -0.074525  -0.077412  -0.224391
     28      -0.200156   0.069690   0.001885  -0.037503   0.089721  -0.016314
     29       0.140988   0.003826  -0.006004  -0.060763  -0.137794  -0.035854
     30       0.100417  -0.150866  -0.030252  -0.242135  -0.079769   0.037873
     31       0.305195   0.273805   0.012199  -0.109324  -0.138446   0.175245
     32       0.095068  -0.124694  -0.018232  -0.104864  -0.058864   0.004703
     33       0.046328  -0.292410  -0.004222   0.327458   0.139876   0.019761
     34       0.148861  -0.177183   0.013861   0.208350   0.139922   0.066121
     35       0.311276  -0.037822   0.089916   0.159254   0.217392   0.257736
     36      -0.191906  -0.070347  -0.017631   0.059376  -0.052313  -0.194542
     37       0.111273  -0.063565   0.027013   0.100221   0.120602  -0.003419
     38      -0.271554   0.058701  -0.042308  -0.032564  -0.213201  -0.062836
     39      -0.007221  -0.334613  -0.027199  -0.352593   0.084788   0.061459
     40      -0.302753  -0.161749  -0.027469  -0.290437   0.214572   0.157828
     41      -0.051152  -0.153626  -0.012768  -0.142946   0.046549   0.005005
     42       0.172169  -0.053517   0.010909  -0.059246  -0.047605  -0.261058
     43       0.237314   0.056378   0.014707   0.040237  -0.165529   0.062324
     44      -0.183914  -0.092263  -0.009286  -0.138863   0.149131  -0.103594
     45      -0.121225  -0.115493  -0.013105   0.278379  -0.042468   0.052337
     46      -0.191298  -0.074975  -0.016632   0.185847  -0.069660   0.124222
     47      -0.297247   0.262409  -0.014886   0.061019  -0.091274   0.316104
     48       0.240705   0.024752   0.004285   0.091324  -0.052325  -0.293848
     49      -0.071531   0.013978  -0.010472   0.106576  -0.095981   0.014667
     50       0.208706   0.108217   0.023142  -0.032706   0.118737  -0.154475
     51       0.018308  -0.417979  -0.058207   0.110139  -0.739565  -0.010268
     52      -0.016095  -0.176962  -0.008620   0.089483  -0.122077   0.029713
     53       0.036063  -0.097814  -0.014089  -0.077172  -0.045073  -0.035519
     54       0.022223   0.006252   0.302898  -0.184123  -0.138726  -0.030493
     55      -0.061268  -0.120647   0.154938   0.095287   0.068034   0.017046
     56      -0.098931  -0.150236   0.350291   0.135501   0.055379   0.082514
     57      -0.020559   0.127863  -0.225538   0.178502  -0.079706   0.026308
     58       0.095922   0.022231  -0.448086  -0.140495   0.077511  -0.183193
     59       0.020449  -0.062628  -0.037398  -0.075918   0.056114  -0.088594
     60      -0.036267  -0.127160   0.414754  -0.129595  -0.027458  -0.094306
     61       0.006792  -0.025262  -0.041565   0.042361   0.001531   0.198812
     62      -0.012667  -0.043926   0.182887  -0.025667  -0.027158   0.087607
     63       0.016971   0.032409  -0.425755   0.132167   0.057343   0.076242
     64       0.014685   0.039813  -0.247668   0.048066  -0.007276   0.068958
     65      -0.012356  -0.022317   0.128070  -0.055802  -0.036906  -0.023858
     66       0.065855   0.040087   0.049611  -0.146025  -0.038205   0.064770
     67       0.087061  -0.067063  -0.095494  -0.144343   0.001112   0.520888
     68       0.006733   0.019404   0.008146   0.015210   0.009922   0.029944
                 24         25         26         27         28         29    
      0       0.004379   0.027651  -0.163152   0.049977  -0.007372   0.007108
      1       0.014915  -0.078671  -0.050657  -0.019040   0.037941  -0.016577
      2       0.100262  -0.007154  -0.035023  -0.051074  -0.035065   0.024919
      3      -0.044336  -0.001658   0.092636  -0.041139   0.047143  -0.017091
      4      -0.034850   0.069703   0.123617   0.020848  -0.032406   0.011322
      5      -0.085476  -0.022821  -0.024313   0.070773   0.013684  -0.022657
      6      -0.041278  -0.040747   0.001876  -0.015915  -0.053604   0.023477
      7       0.013045   0.061379   0.006849   0.085545   0.035913   0.047822
      8       0.022256   0.080550   0.039919  -0.052398   0.014656   0.018307
      9      -0.031342  -0.036736   0.060658   0.081941   0.041056  -0.015015
     10       0.000043  -0.048591   0.029506  -0.066355   0.056981   0.013648
     11       0.089986  -0.029520   0.075549   0.054143   0.032509   0.070817
     12       0.009506   0.053457  -0.117560  -0.088628   0.002569   0.006158
     13      -0.001884   0.044761  -0.050840   0.016569  -0.083707  -0.021047
     14      -0.086607  -0.004593  -0.000177  -0.016189  -0.003895  -0.060641
     15       0.026629  -0.006495   0.080410   0.012138  -0.015558   0.013988
     16       0.007748   0.059900  -0.011235   0.012532  -0.011006   0.020361
     17       0.038623   0.011572  -0.023537   0.003988   0.019690   0.034784
     18       0.040733   0.064878   0.001958   0.009673   0.091899  -0.098971
     19       0.020079  -0.048989  -0.032880   0.035213   0.039292  -0.122122
     20      -0.046202   0.003076  -0.001527  -0.078194   0.052742  -0.055676
     21      -0.056880  -0.072115  -0.019543  -0.007299  -0.052427   0.136961
     22      -0.031336   0.012445   0.030558  -0.032251  -0.052198   0.066003
     23       0.021015  -0.014307   0.011269   0.028803  -0.055200   0.009323
     24       0.042486   0.011120   0.000434   0.002384  -0.040973  -0.007677
     25      -0.003365  -0.049525  -0.041205   0.004748   0.038154   0.020524
     26       0.006520  -0.011539  -0.009339  -0.018331  -0.021301  -0.016130
     27       0.146096  -0.111338  -0.089172  -0.044846  -0.169088  -0.076892
     28       0.214866  -0.149633   0.007450  -0.189871   0.042094   0.026902
     29      -0.149592   0.062684  -0.101748   0.167674  -0.076859  -0.056005
     30       0.096570   0.126641  -0.345796   0.001888   0.041506   0.123489
     31      -0.326394   0.066118  -0.093896   0.252183   0.069061  -0.083426
     32       0.029366   0.106364  -0.164318   0.022088   0.005930   0.072426
     33      -0.063050   0.248805   0.363226  -0.022959   0.056831  -0.000738
     34       0.004566   0.099713   0.153742  -0.047453   0.070596   0.001508
     35      -0.007686  -0.281417  -0.307498  -0.054173   0.159625  -0.050951
     36       0.021977  -0.146742   0.353727  -0.180838  -0.120739  -0.154069
     37       0.071776  -0.175390   0.091705  -0.167577   0.024891  -0.094475
     38      -0.188796   0.211234   0.075336   0.244956  -0.086656   0.060959
     39       0.181551  -0.030476   0.235968   0.263743   0.226378   0.123431
     40      -0.335663   0.062142  -0.143630  -0.059865  -0.071262  -0.218913
     41       0.092505   0.013496   0.113046   0.156681   0.090447   0.064275
     42      -0.014288  -0.287448   0.229382   0.173646  -0.046400  -0.086762
     43       0.192895  -0.089733   0.108211  -0.089092   0.134820   0.166663
     44      -0.206013  -0.040417   0.007524   0.117582  -0.112904  -0.189348
     45       0.014414   0.214449  -0.284203  -0.040245  -0.018361   0.055405
     46       0.055397   0.108559  -0.166152  -0.081688   0.055099   0.065662
     47      -0.010211  -0.120164   0.047904  -0.215225   0.224168  -0.000221
     48       0.037558  -0.043820  -0.066480  -0.058716  -0.169328  -0.058299
     49       0.071891  -0.046270  -0.059035  -0.153437   0.020249   0.019905
     50      -0.169523   0.086709   0.017848   0.194978  -0.161944  -0.123136
     51      -0.241054  -0.423882   0.056756  -0.104823  -0.036590  -0.263395
     52       0.041488  -0.079623  -0.024672  -0.094031   0.042274   0.007152
     53      -0.093396   0.056841  -0.031940   0.099952  -0.057421  -0.042112
     54       0.037004   0.357357   0.108762  -0.172424   0.134961  -0.289561
     55       0.093417  -0.147905  -0.069817   0.167371  -0.005216  -0.131714
     56       0.140126  -0.199753  -0.077844   0.231016  -0.061006  -0.090560
     57       0.274379   0.085662  -0.049342   0.287259   0.295759  -0.265611
     58      -0.201249   0.089452   0.046503  -0.287508   0.098636  -0.059433
     59      -0.105880   0.005758   0.013870  -0.154887   0.014023  -0.026165
     60      -0.205324   0.044065   0.033489  -0.163530   0.010446   0.282741
     61       0.038832  -0.047519   0.041094   0.068186  -0.262901   0.070183
     62      -0.031412   0.019286   0.045383  -0.009115  -0.125546   0.095723
     63       0.049871  -0.162210  -0.048811   0.145866  -0.117569   0.141122
     64      -0.070745  -0.032124   0.023338   0.034278   0.006148   0.295498
     65      -0.147308   0.045190   0.040016  -0.080376   0.077215   0.261322
     66       0.124429   0.127462   0.084539  -0.150102  -0.127573  -0.126480
     67       0.326176   0.054624   0.144751  -0.074520  -0.623347  -0.383983
     68       0.039005  -0.028613  -0.003568   0.004085  -0.098211  -0.049438
                 30         31         32         33         34         35    
      0       0.012962   0.106623  -0.034423   0.033396   0.013180   0.010441
      1       0.014298  -0.050405   0.055915   0.066571  -0.079812  -0.031609
      2       0.026383   0.107869  -0.011707  -0.046658  -0.069194  -0.032364
      3      -0.012427  -0.053641   0.018584  -0.000777  -0.000867  -0.010127
      4      -0.045046  -0.046270   0.011639  -0.014402   0.071443   0.042133
      5      -0.001063  -0.018412   0.026169   0.028701   0.054578   0.022678
      6      -0.019265   0.004594   0.059415  -0.297092  -0.002568  -0.004700
      7      -0.003474   0.028554   0.046151  -0.106562  -0.123698  -0.078558
      8      -0.056934  -0.031260  -0.025191  -0.038822  -0.085844   0.017558
      9       0.008465   0.054134  -0.013787  -0.021037  -0.006152   0.000032
     10      -0.025416   0.034443  -0.037774   0.001054   0.086097   0.023874
     11      -0.001317   0.038239   0.009443  -0.046159   0.053775  -0.003700
     12      -0.020091  -0.093960   0.009544   0.053484   0.020103   0.006791
     13       0.008184  -0.097900   0.009669  -0.021155  -0.090660  -0.028511
     14       0.002090   0.085350  -0.082386   0.034963  -0.055471  -0.015239
     15       0.002759  -0.009449   0.014030  -0.038323  -0.000008  -0.001421
     16      -0.004833   0.117871  -0.059339  -0.031923   0.063293   0.024227
     17      -0.013453  -0.154403   0.084186   0.015058   0.042580   0.014480
     18      -0.038301   0.006566   0.012905  -0.065527   0.006135   0.009777
     19       0.030506  -0.016200   0.001282  -0.017640   0.044891   0.009106
     20       0.044178   0.018707   0.012678  -0.022047   0.022819  -0.009965
     21      -0.155771   0.004507  -0.022995   0.082568  -0.026723   0.016786
     22       0.195084  -0.007001  -0.006337   0.025355  -0.000251   0.038912
     23       0.122791  -0.015186  -0.004339   0.050455   0.076494  -0.062943
     24       0.163558  -0.011829  -0.018726   0.142928   0.045057  -0.033815
     25      -0.151334   0.000300  -0.023106   0.067136   0.015404  -0.002448
     26      -0.126731   0.010421  -0.004378   0.028392  -0.039219   0.064469
     27       0.067406   0.116770  -0.356248  -0.220576  -0.088074  -0.133026
     28       0.049176   0.048941   0.148857   0.069654  -0.234233  -0.076319
     29      -0.009963  -0.022975  -0.211233  -0.099873   0.117770  -0.003826
     30      -0.003525   0.120868   0.117306   0.036197   0.158809   0.135940
     31      -0.050646  -0.143036  -0.030522   0.160444   0.095362   0.027529
     32      -0.008353   0.075757   0.053934  -0.015192   0.088576   0.067236
     33      -0.111187   0.194631   0.106728   0.484853  -0.234063   0.033346
     34      -0.044687   0.120007   0.070121   0.261098  -0.184043  -0.003872
     35       0.117608  -0.064136   0.008329  -0.162476  -0.043016  -0.096163
     36      -0.014053  -0.351092  -0.331838  -0.177969   0.219269   0.093111
     37       0.039227  -0.195406  -0.189600  -0.061764   0.054549  -0.004127
     38      -0.097614   0.072462   0.172615   0.032092   0.117527   0.092043
     39      -0.081634  -0.196514  -0.259995   0.267501  -0.205028  -0.178500
     40       0.011988   0.014062  -0.014714  -0.004530  -0.107045   0.017905
     41      -0.036375  -0.105080  -0.121690   0.119500  -0.126565  -0.103348
     42       0.155449   0.375895   0.381908   0.086373   0.164174   0.104614
     43      -0.073742   0.011540  -0.082924  -0.093991   0.173247   0.002441
     44       0.113767   0.174013   0.191378   0.121496  -0.038618   0.058604
     45      -0.026977  -0.112010  -0.104927  -0.075099   0.175051  -0.016637
     46      -0.027073  -0.047955  -0.051021  -0.033591   0.128170   0.003380
     47      -0.038117   0.168411  -0.018098   0.194188   0.052647   0.057293
     48       0.075311  -0.131609   0.351994   0.107437  -0.178067   0.031961
     49       0.012979  -0.004071   0.189032   0.084855   0.013338   0.058619
     50       0.015159  -0.041608  -0.237641  -0.079822  -0.225851  -0.119796
     51       0.064882  -0.045257  -0.022479   0.087181  -0.303798  -0.115238
     52       0.029886   0.308487   0.046443   0.056192  -0.012386   0.032461
     53      -0.036868  -0.412745  -0.066553  -0.048511   0.026872  -0.038490
     54      -0.095574   0.103426   0.086600   0.074195   0.154187  -0.505835
     55       0.035071  -0.068400  -0.017275  -0.055739   0.049225   0.095370
     56       0.032307  -0.096512  -0.030219  -0.074543   0.047181   0.129849
     57       0.221379  -0.099450  -0.056058  -0.009001  -0.279088   0.349934
     58       0.091702   0.098376   0.068019  -0.139794   0.085738  -0.069078
     59      -0.002233   0.047877   0.032002  -0.049085   0.088835  -0.084264
     60       0.005238   0.017859  -0.023648   0.059891  -0.183550   0.133259
     61      -0.035409   0.002747   0.066908   0.125855   0.190516  -0.361029
     62       0.077482  -0.001144   0.038046   0.081574   0.092156  -0.219125
     63      -0.187027  -0.027512  -0.055640   0.168405   0.037981  -0.123616
     64       0.426112  -0.055071  -0.079877  -0.106277  -0.182317   0.095241
     65       0.410920  -0.029967  -0.048998  -0.175064  -0.199047   0.162448
     66       0.293407  -0.013783  -0.116879   0.218729  -0.100827   0.334768
     67      -0.369456   0.111999   0.062449   0.043998  -0.067578   0.172593
     68      -0.211801   0.028337   0.026759   0.023403  -0.011307   0.001107
                 36         37         38         39         40         41    
      0      -0.023738   0.003454   0.013312   0.005044  -0.028304   0.022148
      1      -0.055571   0.029676   0.025487  -0.021976   0.012132   0.005679
      2       0.008161   0.000122   0.022810  -0.013300   0.040091   0.003451
      3       0.033578  -0.027655  -0.014873   0.027061   0.043265  -0.028594
      4       0.066121  -0.020859   0.013030   0.007711   0.041839   0.009524
      5      -0.012783  -0.016435   0.002841   0.023727   0.005091   0.003585
      6       0.025662   0.003824   0.031396  -0.022572  -0.021314   0.128696
      7      -0.047725  -0.038660  -0.062672   0.060461  -0.044220  -0.101984
      8       0.095233   0.067439  -0.051089  -0.107129  -0.044798  -0.065015
      9      -0.028671   0.029263  -0.010404  -0.053571   0.033226   0.007495
     10      -0.022578   0.020646   0.005442  -0.017861   0.018747   0.003713
     11      -0.066146   0.008446   0.015487  -0.007302   0.031910   0.027756
     12       0.016766  -0.006541   0.011629   0.016518  -0.029362   0.022551
     13       0.029936  -0.005593   0.029816  -0.010120   0.039261   0.015657
     14       0.056564  -0.027298   0.014715   0.015588   0.006788  -0.006699
     15      -0.000360   0.001996  -0.005270  -0.008972   0.042154  -0.026640
     16       0.030256  -0.016613  -0.021814   0.016830  -0.059131   0.017729
     17      -0.051987   0.019390  -0.014031   0.004333  -0.048293   0.014922
     18      -0.002113   0.001743   0.150844   0.004182  -0.053725  -0.123506
     19       0.046673   0.057423  -0.001413  -0.000936   0.010832   0.035622
     20      -0.055432  -0.074282  -0.016186  -0.008513   0.009896   0.032711
     21      -0.009061  -0.000547  -0.055410   0.007720   0.026625   0.023582
     22      -0.041597  -0.058511   0.023933   0.014160   0.027951   0.043710
     23       0.047130   0.047134   0.026440  -0.008392   0.015457   0.023030
     24      -0.005603  -0.012200   0.008059   0.015257   0.004921  -0.004373
     25       0.013302   0.009791  -0.006196  -0.031875   0.000889  -0.005690
     26      -0.034346  -0.001281  -0.006847   0.060452   0.013536  -0.005834
     27      -0.225178   0.085478  -0.074010  -0.026704  -0.371208   0.142215
     28       0.013829   0.031295   0.075142  -0.056243   0.174706  -0.027897
     29      -0.133893   0.020670  -0.065211   0.023757  -0.265115   0.081121
     30       0.384060  -0.122179  -0.070168  -0.008452   0.247098  -0.212093
     31      -0.150542   0.053304  -0.006863   0.013530  -0.170381   0.087899
     32       0.223595  -0.070862  -0.040802  -0.005671   0.145020  -0.110424
     33      -0.197968   0.267380   0.177487  -0.237712  -0.153985   0.209890
     34      -0.115617   0.148750   0.095435  -0.138878  -0.082045   0.092747
     35       0.000819  -0.118908  -0.100987   0.118141   0.052327  -0.150722
     36       0.066289  -0.039607  -0.237989   0.013208  -0.142501  -0.234602
     37      -0.015441  -0.013235  -0.162512   0.017142  -0.095782  -0.153346
     38       0.084397  -0.029775   0.141591   0.015034   0.114597   0.124035
     39       0.168794  -0.304500   0.174260   0.352047  -0.105859   0.081174
     40       0.075806   0.070171  -0.065818  -0.097195  -0.004160  -0.085212
     41       0.078432  -0.158947   0.090590   0.187216  -0.050037   0.035075
     42      -0.127384   0.053202  -0.265525   0.107504  -0.130315  -0.372201
     43      -0.091925   0.016993   0.077748  -0.023003   0.066163   0.082036
     44       0.014050   0.023486  -0.174087   0.041002  -0.089137  -0.217967
     45      -0.371458   0.113747  -0.062660  -0.029857   0.236644  -0.286611
     46      -0.217472   0.059988  -0.044476  -0.011044   0.118995  -0.149111
     47       0.200915  -0.092508   0.003983   0.081063  -0.226551   0.152971
     48       0.227957  -0.088185  -0.056431   0.095557  -0.331463   0.127023
     49       0.127359  -0.039511  -0.043189   0.064946  -0.231411   0.076890
     50      -0.021158  -0.006372   0.090581  -0.056677   0.276947  -0.059858
     51       0.009329   0.008414   0.081267  -0.044381   0.179558  -0.041552
     52       0.136950  -0.034467   0.000378   0.016537  -0.033767   0.019210
     53      -0.186041   0.044590  -0.006549  -0.007138  -0.038921   0.017807
     54       0.067119   0.275968  -0.484385   0.259628   0.179010   0.310701
     55       0.120411   0.111966   0.104504  -0.042022  -0.015799   0.005679
     56       0.143777   0.112492   0.145815  -0.079441  -0.026901   0.012098
     57      -0.048606  -0.297780  -0.511281  -0.305020   0.127470   0.346942
     58      -0.154855  -0.146536   0.128187   0.049073  -0.009261   0.020450
     59      -0.055630  -0.021983   0.131190   0.054268  -0.027616  -0.059845
     60      -0.145637  -0.209647  -0.120990  -0.058253  -0.023279  -0.062542
     61       0.051308  -0.277119  -0.058114  -0.460672  -0.174065  -0.176780
     62       0.020548  -0.197307  -0.051980  -0.316805  -0.129227  -0.149782
     63       0.165286   0.270663  -0.120637   0.035913   0.001274  -0.052187
     64       0.124822   0.395688  -0.098679   0.226132  -0.057396  -0.105031
     65       0.022236   0.220713  -0.039298   0.184780  -0.045439  -0.053030
     66      -0.037777   0.086642   0.025046  -0.054708  -0.014019  -0.149261
     67      -0.215097  -0.093295  -0.013160   0.276137   0.053989   0.003140
     68      -0.058974  -0.037994  -0.013664   0.115206   0.025236   0.027999
                 42         43         44         45         46         47    
      0      -0.048096   0.094984  -0.040953  -0.030421  -0.100874  -0.008656
      1       0.004576  -0.032373  -0.006398  -0.008284   0.028583   0.008477
      2       0.026642   0.046602  -0.004034   0.002481  -0.042199  -0.004935
      3       0.108108   0.004709   0.063236   0.105013  -0.008008  -0.008903
      4       0.053192   0.040553   0.005246   0.040389  -0.019860  -0.009452
      5      -0.070964  -0.024530  -0.033785  -0.022904   0.021909  -0.001984
      6       0.016517   0.018003  -0.061568  -0.105477   0.035520   0.024138
      7      -0.052779  -0.032242   0.038498  -0.022886  -0.045268   0.043426
      8       0.046298   0.012302   0.058035  -0.047763  -0.031564  -0.079131
      9      -0.108667  -0.005720   0.071163   0.120866  -0.014882   0.004843
     10       0.040290   0.014818  -0.015723  -0.014465   0.017466  -0.003964
     11      -0.050383  -0.034661  -0.003566   0.051759  -0.026452   0.013351
     12       0.055612  -0.081794  -0.063982  -0.021118  -0.092996  -0.000113
     13      -0.018301  -0.036219  -0.020961   0.009620  -0.039995   0.003869
     14      -0.005200   0.048560   0.011159  -0.015290   0.047905  -0.007993
     15      -0.004763  -0.000786   0.009007  -0.003562   0.034394   0.000656
     16       0.005534  -0.012571   0.013457   0.016757  -0.003389   0.005237
     17       0.000440   0.018366   0.013056   0.009724  -0.005736  -0.006669
     18      -0.011825  -0.010535   0.015766   0.018365  -0.009098  -0.017563
     19       0.013681   0.012121  -0.025911   0.008541   0.013302  -0.011368
     20      -0.008873   0.000631  -0.031095   0.014411   0.011390   0.003721
     21       0.001038  -0.006123   0.059571  -0.034106  -0.019509   0.013202
     22      -0.005868  -0.023247   0.099299  -0.067085  -0.022786  -0.026366
     23       0.006135  -0.004703   0.092870  -0.067148  -0.025680   0.042110
     24      -0.009074  -0.012065  -0.017694   0.028390   0.007366  -0.088757
     25       0.005879   0.009294  -0.004358   0.011161   0.001680   0.014056
     26      -0.002292  -0.002861  -0.025718   0.032851   0.007419   0.017188
     27       0.338154  -0.355718   0.260303   0.193717   0.358399   0.013206
     28       0.001346   0.039257  -0.029983  -0.039911   0.001609  -0.003849
     29       0.115636  -0.158033   0.099341   0.093042   0.110246   0.016417
     30      -0.214067  -0.469366  -0.030800  -0.097225   0.424890   0.056974
     31      -0.030129   0.079446   0.000784  -0.019879  -0.033602  -0.019626
     32      -0.088238  -0.258974   0.002699  -0.040619   0.253092   0.026481
     33      -0.169947  -0.163348  -0.146327  -0.265867   0.214896  -0.020148
     34      -0.077299  -0.100817  -0.077986  -0.167729   0.129741   0.093949
     35       0.073482  -0.041837   0.088786   0.098135  -0.005487   0.180384
     36      -0.480739  -0.009283  -0.119878  -0.323997  -0.068383   0.078937
     37      -0.288745  -0.014342  -0.030035  -0.138138  -0.068922  -0.098937
     38       0.164406   0.021805  -0.037516   0.065734   0.067047   0.123303
     39       0.174010   0.164393  -0.159413  -0.292426   0.221158   0.055423
     40      -0.022870   0.061557   0.075769  -0.050491   0.048376  -0.134820
     41       0.083174   0.069730  -0.096204  -0.178895   0.105251  -0.001863
     42       0.400888  -0.073264  -0.131615  -0.393157  -0.063021  -0.083127
     43      -0.016738   0.012640  -0.053872  -0.028308   0.043507  -0.045254
     44       0.189393  -0.042671  -0.001109  -0.097836  -0.073689   0.036183
     45       0.107041   0.374090   0.081796  -0.193084   0.396322  -0.053524
     46       0.054064   0.225020   0.064654  -0.105542   0.268168  -0.019090
     47       0.032239  -0.164752  -0.051618   0.038668  -0.130838   0.031065
     48      -0.268521   0.333456   0.318337   0.164417   0.336717   0.035586
     49      -0.103402   0.162540   0.143195   0.077535   0.120216  -0.000427
     50       0.037440  -0.109853  -0.111735  -0.065663  -0.051625   0.005338
     51      -0.002230  -0.014970  -0.023214  -0.023212   0.043668   0.002086
     52      -0.064003   0.111205   0.022977   0.000311  -0.008876  -0.050424
     53       0.092791  -0.145095  -0.015560   0.026287  -0.011542   0.065320
     54      -0.057940   0.018571  -0.087076  -0.008761   0.012488   0.153076
     55       0.043223   0.026711  -0.050119   0.015251   0.032029  -0.000251
     56       0.059372   0.037943  -0.089134   0.015381   0.057216   0.047676
     57       0.114061   0.049704  -0.109153  -0.030643   0.035357  -0.056947
     58      -0.038817   0.004125  -0.145576   0.063732   0.065736   0.121139
     59      -0.036006  -0.010535  -0.018454   0.029803   0.007145   0.019572
     60      -0.006449   0.010625  -0.164154   0.162373   0.042840  -0.001204
     61       0.043448   0.095676  -0.357327   0.191708   0.078246   0.057866
     62       0.029434   0.071964  -0.292107   0.187374   0.066706   0.080493
     63       0.019458   0.040036  -0.077853   0.094993   0.012185   0.132737
     64      -0.009830   0.054813  -0.433120   0.306843   0.117654  -0.066182
     65      -0.019520   0.026310  -0.317729   0.188779   0.086991  -0.128043
     66       0.087383   0.112511  -0.005384   0.034902  -0.047354   0.828367
     67      -0.063405  -0.037990  -0.138173   0.152149   0.046777  -0.157253
     68      -0.036482  -0.038145  -0.051141   0.054527   0.028630  -0.233101
                 48         49         50         51         52         53    
      0      -0.005069   0.005352   0.018479  -0.001363   0.006797  -0.001041
      1       0.017529  -0.018168   0.048611  -0.036301   0.052617   0.003147
      2      -0.011720   0.003882  -0.009639   0.007489  -0.014138  -0.000977
      3       0.025372  -0.009436  -0.009798  -0.007097  -0.004947   0.008428
      4       0.002711   0.000357   0.001052   0.004915   0.000454  -0.001931
      5       0.051606  -0.044133  -0.029833  -0.029878  -0.031454   0.006181
      6       0.000242  -0.031853  -0.003420  -0.007147  -0.010942  -0.028952
      7       0.007655  -0.000166  -0.007956  -0.009132  -0.006729   0.011572
      8      -0.015758   0.017238   0.014844  -0.016269  -0.006199   0.008968
      9      -0.012794  -0.000055   0.003591  -0.002227   0.000025   0.006231
     10      -0.057699  -0.037426   0.021106  -0.034823  -0.031820   0.004583
     11       0.018897   0.010851  -0.008176   0.017603   0.010450  -0.004104
     12      -0.000029   0.004200  -0.020039  -0.002503   0.010951  -0.000362
     13       0.007602  -0.001337  -0.005637  -0.001373   0.002080  -0.000675
     14      -0.021861  -0.007321  -0.053483  -0.033594   0.053028   0.003028
     15       0.000588  -0.002465  -0.000906  -0.003156   0.005236  -0.000386
     16      -0.005053   0.002368   0.002283   0.002214   0.001677   0.000232
     17       0.007820   0.003045  -0.002796   0.000974   0.001309  -0.000792
     18      -0.003649  -0.009559   0.001170   0.005610  -0.000276  -0.014639
     19      -0.005457  -0.055261  -0.000235   0.039940   0.015526  -0.049481
     20      -0.002071  -0.038367  -0.003557   0.027502   0.010859  -0.036756
     21       0.000551  -0.019683  -0.000841   0.031490   0.012919   0.086708
     22      -0.005286   0.015696   0.003180  -0.013443  -0.003642  -0.010812
     23       0.008432   0.004626  -0.002645  -0.011629  -0.004626  -0.016456
     24      -0.018676   0.014963   0.010721   0.002181   0.004438   0.004995
     25       0.002834   0.001112  -0.000660   0.000111   0.000318   0.003227
     26       0.005206  -0.001772  -0.003743   0.004122   0.001560   0.001745
     27      -0.033814   0.051413  -0.196918   0.110315  -0.152480  -0.003646
     28      -0.117337   0.065130  -0.234805   0.142631  -0.216516  -0.009085
     29       0.157936  -0.096405   0.313829  -0.208376   0.311532   0.015615
     30       0.026950  -0.047062  -0.000936  -0.040217   0.025117   0.007738
     31      -0.168589   0.135834  -0.406559   0.271957  -0.387385  -0.019106
     32      -0.054195   0.022877  -0.180965   0.089715  -0.157691  -0.002978
     33       0.003478  -0.034185   0.004933  -0.038118   0.003104  -0.005653
     34      -0.246650   0.170758   0.131097   0.133317   0.153616  -0.044936
     35      -0.333589   0.272266   0.160543   0.222851   0.201565  -0.044840
     36      -0.264689   0.196915   0.114802   0.139970   0.104701  -0.034952
     37       0.208081  -0.162089  -0.111260  -0.149011  -0.147215   0.043519
     38      -0.264920   0.196323   0.132729   0.182849   0.167371  -0.056396
     39      -0.043248  -0.069188  -0.006686  -0.052119  -0.012520   0.000010
     40       0.425544   0.299002  -0.128666   0.270887   0.238900  -0.053947
     41       0.150118   0.076072  -0.062843   0.084154   0.091520  -0.026960
     42       0.198701   0.136367  -0.046009   0.112060   0.069741  -0.020381
     43       0.235760   0.147104  -0.073338   0.157255   0.128296  -0.043340
     44      -0.345985  -0.219086   0.116046  -0.233939  -0.203850   0.058708
     45      -0.033008  -0.028291   0.001732  -0.042933   0.010475   0.004114
     46       0.094129   0.005312   0.302213   0.126110  -0.254395  -0.008986
     47       0.157261   0.049110   0.379816   0.215374  -0.329256  -0.015674
     48       0.077996   0.024079   0.248236   0.122357  -0.188987  -0.003062
     49      -0.112890  -0.018670  -0.248879  -0.132053   0.228060   0.013254
     50       0.151267   0.017661   0.318443   0.156275  -0.274364  -0.014342
     51      -0.010663  -0.025794  -0.004402  -0.028419   0.001218   0.004934
     52       0.081550  -0.001618   0.012935  -0.007789  -0.000388  -0.003944
     53      -0.107851  -0.000001  -0.017596   0.006470  -0.002619   0.006719
     54       0.030398   0.076134  -0.003866  -0.057157  -0.009457   0.104576
     55       0.008611   0.127479   0.007808  -0.087608  -0.035569   0.100431
     56       0.041998   0.422829   0.012571  -0.297663  -0.120524   0.357093
     57      -0.005107   0.057940  -0.000723  -0.041430   0.000628   0.051174
     58       0.051664   0.448343   0.004066  -0.316085  -0.127063   0.377339
     59       0.004101  -0.018675  -0.004160   0.014256   0.002833  -0.025529
     60       0.020526   0.203872  -0.002307  -0.239925  -0.091352  -0.474486
     61       0.004267  -0.156911  -0.013253   0.172181   0.060317   0.270362
     62       0.025436   0.034017  -0.012658  -0.061792  -0.028390  -0.182633
     63       0.042392   0.151787  -0.009947  -0.196531  -0.076898  -0.398205
     64      -0.010261   0.021401   0.006794  -0.022901  -0.010794  -0.130835
     65      -0.041096  -0.179998   0.010345   0.232456   0.088246   0.403150
     66       0.186323  -0.140403  -0.104915   0.065954   0.009191   0.032077
     67      -0.030474   0.018116   0.012901   0.007180   0.002979  -0.019311
     68      -0.049466   0.039522   0.026852  -0.011372   0.000234  -0.007179
                 54         55         56         57         58         59    
      0      -0.020724   0.000178   0.001666  -0.008291   0.003956   0.013867
      1      -0.021460  -0.000047   0.000734  -0.018197   0.009466   0.050560
      2      -0.050158  -0.000453  -0.003290   0.009799  -0.005033  -0.003109
      3      -0.000436   0.000266   0.007788  -0.019581   0.007786  -0.001169
      4      -0.000515  -0.000061  -0.000833   0.000257  -0.002529  -0.009446
      5      -0.005841   0.000065   0.018736  -0.052930   0.019320  -0.015111
      6      -0.000073  -0.001361   0.002591  -0.000043   0.001087   0.000204
      7       0.004154   0.000121  -0.001103  -0.000945   0.000678  -0.000688
      8      -0.006626  -0.000209  -0.001097  -0.000034   0.000794   0.001038
      9      -0.000843   0.000033   0.001668   0.006624   0.014152   0.003308
     10       0.005562  -0.000036   0.004222   0.023814   0.046325   0.021381
     11      -0.001102   0.000225  -0.001742  -0.006132  -0.018347  -0.000294
     12       0.017971   0.000188  -0.000124   0.003825   0.016021  -0.010952
     13       0.055462  -0.000431  -0.002032  -0.002053  -0.001023  -0.011047
     14       0.004275  -0.000061  -0.002570   0.006010   0.034157  -0.032499
     15       0.005952   0.000039   0.000009   0.000022  -0.000081  -0.000106
     16      -0.062180  -0.000027   0.000012  -0.000108  -0.000482   0.000128
     17       0.082784   0.000009  -0.000050   0.000263  -0.000138  -0.000524
     18      -0.000465   0.001732   0.014586   0.003816  -0.001968   0.000102
     19      -0.000406   0.012109   0.050162   0.012574  -0.007432  -0.000755
     20       0.000810   0.005612   0.033401   0.009812  -0.005327   0.000985
     21       0.001435   0.062765  -0.015537  -0.003929   0.002233  -0.000065
     22      -0.000595  -0.015875   0.002649   0.000160  -0.000873   0.000027
     23      -0.000376  -0.001451   0.000137   0.000747   0.000668   0.000048
     24      -0.002580  -0.000111  -0.000373   0.000134  -0.000341   0.000001
     25      -0.000598  -0.001169  -0.000170   0.000039  -0.000171   0.000147
     26       0.002578  -0.001913   0.000044   0.000167  -0.000335  -0.000372
     27       0.183754  -0.000629  -0.000567  -0.028416   0.014745   0.084168
     28      -0.093233   0.002038   0.002600   0.143487  -0.073825  -0.471307
     29       0.090834   0.001680   0.001067   0.109205  -0.054258  -0.351309
     30      -0.031279  -0.001658  -0.022851   0.131386  -0.064414  -0.236384
     31       0.104797  -0.001291  -0.014101   0.076942  -0.038904  -0.131167
     32      -0.017229   0.003087   0.038845  -0.224643   0.110801   0.387752
     33      -0.007563  -0.000163  -0.123474   0.327751  -0.127784   0.046778
     34       0.037954  -0.000192   0.157996  -0.426038   0.167326  -0.053350
     35       0.069740   0.000398  -0.094793   0.257246  -0.102387   0.031160
     36       0.070966  -0.000318   0.034695  -0.098319   0.033471  -0.037628
     37      -0.032707  -0.000064  -0.148411   0.422975  -0.140297   0.166850
     38       0.045471   0.000237  -0.126150   0.366039  -0.122486   0.148385
     39       0.012930   0.001111  -0.026090  -0.120369  -0.256632  -0.079869
     40      -0.076882   0.000894  -0.014012  -0.066414  -0.147564  -0.042653
     41      -0.017435  -0.002351   0.046417   0.221088   0.482021   0.141115
     42      -0.060973  -0.000269   0.007667   0.044947   0.084715   0.043181
     43      -0.038606  -0.000627  -0.034981  -0.214255  -0.393599  -0.209259
     44       0.050112  -0.000567  -0.025651  -0.147822  -0.269590  -0.140584
     45       0.021381  -0.001635   0.005745  -0.055612  -0.243916   0.176707
     46      -0.007772   0.001741  -0.007363   0.065300   0.285252  -0.200243
     47      -0.104190  -0.001459   0.003892  -0.042937  -0.187704   0.128841
     48      -0.165718  -0.000774  -0.006203   0.007891   0.052108  -0.057490
     49      -0.076050   0.003483   0.031573  -0.040915  -0.278307   0.329847
     50       0.133036   0.002618   0.025258  -0.030734  -0.219887   0.260877
     51      -0.056415  -0.000286   0.000502  -0.000318   0.000800  -0.000174
     52       0.546463  -0.000192  -0.001341  -0.000567   0.005394   0.003857
     53      -0.724753  -0.000071  -0.000761  -0.001773   0.003831   0.000115
     54       0.004477  -0.007094  -0.035580  -0.008792   0.004597   0.000385
     55      -0.003569  -0.154192  -0.614513  -0.153369   0.086814   0.008463
     56      -0.006665   0.063901   0.250748   0.061976  -0.033556  -0.002833
     57      -0.001881  -0.026105  -0.128882  -0.034772   0.018458  -0.001722
     58       0.007196   0.009600   0.044537   0.011053  -0.004837   0.000482
     59       0.001501  -0.134555  -0.629826  -0.172385   0.092635  -0.009693
     60      -0.005658  -0.252138   0.053141   0.016690  -0.005166  -0.000438
     61       0.009210  -0.251342   0.052879   0.016892  -0.004874  -0.000241
     62       0.000736   0.451830  -0.093189  -0.028707   0.008304   0.000205
     63      -0.004153  -0.479952   0.099459   0.022805  -0.018723   0.000966
     64      -0.003836   0.455344  -0.094472  -0.021360   0.016432  -0.000786
     65       0.002469  -0.423818   0.089003   0.019792  -0.016123   0.000667
     66       0.030622   0.010682  -0.003084   0.002432  -0.001935  -0.000111
     67      -0.003485   0.001705   0.000749   0.001216  -0.001514  -0.000479
     68      -0.006558   0.021090  -0.003989  -0.002339   0.002407   0.000929
                 60         61         62         63         64         65    
      0      -0.008824  -0.000571   0.020597  -0.006623   0.029322  -0.013740
      1      -0.035937  -0.000252  -0.002487   0.000357  -0.022958   0.012734
      2       0.001620   0.000776  -0.040645   0.013107  -0.063379   0.030431
      3       0.002779   0.000196  -0.035635   0.009273   0.015874  -0.010381
      4       0.008282  -0.000205   0.068182  -0.017933  -0.035115   0.023150
      5       0.019717   0.000086   0.004928  -0.000740  -0.010858   0.006541
      6       0.001101  -0.000441  -0.000941   0.001367   0.000039  -0.000284
      7       0.000463  -0.000292   0.001006  -0.000959  -0.000808   0.001081
      8       0.000676  -0.000110   0.000140  -0.000917   0.000523   0.001214
      9       0.004271  -0.000394   0.008974   0.027052  -0.010025  -0.020101
     10       0.031860   0.001121  -0.005785  -0.015285   0.011541   0.024157
     11      -0.000068   0.001145  -0.018838  -0.058702   0.022269   0.045709
     12      -0.012963   0.001188  -0.006390  -0.031059  -0.015740  -0.027533
     13      -0.013398  -0.001731   0.010979   0.051898   0.030235   0.055036
     14      -0.041284   0.000382  -0.000483  -0.005070   0.003278   0.008200
     15       0.000325  -0.000005  -0.000107   0.000257  -0.000168   0.000521
     16       0.001232   0.000076  -0.000115  -0.000776   0.000932  -0.002648
     17       0.000862  -0.000084   0.000292  -0.000383   0.000686  -0.002081
     18      -0.001615   0.002462   0.001125  -0.000187  -0.001079   0.000080
     19      -0.007177  -0.017626  -0.003703  -0.002410   0.005630   0.004317
     20      -0.004635   0.024586   0.006351   0.002869  -0.008344  -0.004541
     21       0.002089   0.000861  -0.000160   0.000475  -0.000153  -0.000108
     22      -0.000859   0.054828  -0.000439   0.000664   0.002559   0.001277
     23       0.000410  -0.074402   0.000539  -0.000983  -0.003354  -0.001679
     24      -0.000475   0.001658   0.000085  -0.000153   0.000097   0.000085
     25      -0.000161  -0.001681  -0.000290   0.000115   0.000083  -0.000264
     26      -0.000286   0.003534   0.000151   0.000388   0.000013  -0.000272
     27      -0.060285   0.000302  -0.028696   0.009866  -0.067863   0.036060
     28       0.333125  -0.000210   0.175223  -0.057012   0.431990  -0.227304
     29       0.244968  -0.000172   0.124346  -0.038806   0.312972  -0.161147
     30       0.158179   0.006052  -0.220213   0.070461  -0.276512   0.125546
     31       0.090337   0.003776  -0.132492   0.041542  -0.166434   0.073703
     32      -0.260210  -0.009922   0.357126  -0.114451   0.444607  -0.201264
     33      -0.077782  -0.002568   0.348415  -0.091705  -0.132757   0.088970
     34       0.095721   0.003110  -0.438067   0.115687   0.165556  -0.111510
     35      -0.057958  -0.002639   0.285774  -0.074726  -0.109411   0.073119
     36       0.045617  -0.000292   0.083267  -0.022147  -0.053370   0.035561
     37      -0.195304   0.000153  -0.384597   0.098491   0.256546  -0.165514
     38      -0.174063  -0.000122  -0.352132   0.091677   0.231038  -0.151329
     39      -0.115526   0.003253  -0.083422  -0.260104   0.081346   0.163559
     40      -0.063009   0.002511  -0.052139  -0.161128   0.051014   0.102439
     41       0.205974  -0.005577   0.151480   0.474686  -0.147410  -0.297246
     42       0.065436   0.002929  -0.022070  -0.068994   0.034451   0.073659
     43      -0.310950  -0.013595   0.118505   0.355914  -0.184215  -0.386884
     44      -0.207858  -0.009102   0.077442   0.227467  -0.120666  -0.250531
     45       0.215732  -0.012293   0.068042   0.329550   0.156416   0.266896
     46      -0.244951   0.014133  -0.075226  -0.366016  -0.171854  -0.293661
     47       0.161399  -0.009894   0.052928   0.254485   0.121703   0.204184
     48      -0.072457  -0.001367   0.008782   0.041378   0.028489   0.056525
     49       0.405848   0.006568  -0.055780  -0.252721  -0.188688  -0.363719
     50       0.325620   0.005314  -0.045128  -0.208998  -0.150275  -0.297773
     51       0.001661   0.000007   0.002238  -0.004409   0.000232  -0.000588
     52      -0.017456  -0.000153  -0.004141   0.015447  -0.006666   0.033663
     53      -0.013707  -0.000357  -0.004246   0.009992  -0.015904   0.022283
     54       0.004044   0.011239   0.003760   0.002619  -0.005519  -0.003024
     55       0.087004   0.198443   0.037396   0.027820  -0.061166  -0.054139
     56      -0.034696  -0.077286  -0.016474  -0.009294   0.024672   0.020022
     57       0.016690  -0.042595  -0.013813  -0.004822   0.016906   0.007564
     58      -0.005618   0.011962   0.002763   0.003231  -0.004353  -0.002858
     59       0.086608  -0.216755  -0.058668  -0.021254   0.075652   0.029465
     60      -0.004807  -0.355397   0.003343  -0.007054  -0.014600  -0.007570
     61      -0.004674  -0.332800   0.003187  -0.005948  -0.013787  -0.007503
     62       0.008421   0.598771  -0.006154   0.011417   0.025099   0.012494
     63      -0.016047   0.341378  -0.001309   0.000193   0.016764   0.008504
     64       0.014852  -0.310311   0.001515  -0.000053  -0.015414  -0.008341
     65      -0.013939   0.290496  -0.001724   0.000730   0.014445   0.006791
     66      -0.001516  -0.012940   0.000090   0.000160  -0.000329  -0.001354
     67      -0.000033   0.011622   0.002153  -0.000680  -0.000399   0.001342
     68       0.002224  -0.044263   0.001317  -0.002013  -0.002898   0.000369
                 66         67         68    
      0       0.001138   0.000030  -0.001123
      1      -0.001890   0.000051  -0.002355
      2      -0.002660   0.000093  -0.003823
      3       0.003630  -0.000551   0.000144
      4      -0.006791  -0.000019  -0.000026
      5      -0.000387  -0.000269  -0.000098
      6       0.000514  -0.001656   0.000083
      7      -0.000552  -0.002255  -0.000009
      8       0.001011   0.000925  -0.000017
      9      -0.004156  -0.000027   0.000126
     10       0.003249   0.000569  -0.000080
     11       0.008903   0.000112   0.000026
     12      -0.002087  -0.000087  -0.000900
     13       0.004918  -0.000264  -0.004420
     14       0.001698   0.000042  -0.001159
     15       0.000009   0.000025   0.017070
     16       0.000025   0.000021  -0.054322
     17      -0.000182  -0.000143  -0.042217
     18       0.008279  -0.000002  -0.000026
     19      -0.053364  -0.000760  -0.000030
     20       0.074564   0.000175  -0.000040
     21       0.000777   0.002431  -0.000004
     22      -0.017869  -0.005710  -0.000010
     23       0.024036   0.003418  -0.000013
     24      -0.000609   0.017449  -0.000028
     25       0.000443  -0.006161  -0.000003
     26      -0.001455   0.069439  -0.000037
     27      -0.002927  -0.000019  -0.005182
     28       0.025245  -0.000686   0.024702
     29       0.018506  -0.000420   0.020349
     30      -0.008394  -0.000564  -0.003512
     31      -0.005023  -0.000215  -0.005434
     32       0.013169   0.000518   0.011934
     33      -0.034996   0.001856  -0.003345
     34       0.045387   0.001424   0.003111
     35      -0.032103  -0.002523  -0.001325
     36      -0.008178   0.002101   0.002104
     37       0.035791   0.000508   0.003160
     38       0.030866  -0.002786   0.002897
     39       0.035957  -0.000265  -0.002805
     40       0.025571   0.000226  -0.000586
     41      -0.068536  -0.001010   0.003431
     42       0.011962   0.000496   0.002083
     43      -0.058569  -0.001614   0.003548
     44      -0.039462  -0.001221   0.001920
     45       0.017782   0.000622  -0.005171
     46      -0.019286   0.000210   0.009903
     47       0.013491   0.000087  -0.008140
     48       0.004986   0.000021  -0.005204
     49      -0.038943   0.000328   0.026014
     50      -0.031429   0.000313   0.018558
     51      -0.000077  -0.000175  -0.195865
     52       0.001756   0.000526   0.772680
     53      -0.000525   0.000272   0.597472
     54       0.037768   0.000130  -0.000051
     55       0.604238   0.002756   0.000540
     56      -0.235242  -0.000665  -0.000285
     57      -0.136887  -0.000771   0.000071
     58       0.033051   0.000221  -0.000130
     59      -0.657517  -0.003261   0.000756
     60       0.110598   0.012626   0.000018
     61       0.103070   0.013678  -0.000008
     62      -0.182327  -0.019067   0.000026
     63      -0.121057  -0.027472   0.000063
     64       0.107607   0.024473  -0.000001
     65      -0.102769  -0.029172   0.000028
     66       0.005342  -0.233053   0.000230
     67      -0.004913   0.143440  -0.000016
     68       0.019673  -0.957560   0.000592
# -----------------------------------------------------------
$ THERMOCHEMISTRY_Energies
   description: The Thermochemistry energies
   geom. index: 1
   prop. index: 1
        Temperature (Kelvin)           :        298.1500000000
        Pressure (atm)                 :          1.0000000000
        Total Mass (AMU)               :        126.2030000000
        Spin Degeneracy                :          1.0000000000
        Electronic Energy (Hartree)    :       -384.8621191790
        Translational Energy (Hartree) :          0.0014162714
        Rotational Energy (Hartree)    :          0.0014162714
        Vibrational Energy (Hartree)   :          0.0047479783
        Number of frequencies          :     69      
        Scaling Factor for frequencies :          1.0000000000
        Vibrational frequencies        :     
                  0    
      0       0.000000
      1       0.000000
      2       0.000000
      3       0.000000
      4       0.000000
      5       0.000000
      6      55.922875
      7     136.864107
      8     256.537971
      9     338.292976
     10     351.903897
     11     429.878805
     12     460.774540
     13     487.909879
     14     502.159725
     15     608.660803
     16     691.401451
     17     845.276219
     18     865.182947
     19     882.649685
     20     918.931113
     21     941.864029
     22     956.043765
     23     1014.341877
     24     1029.393611
     25     1036.887302
     26     1039.825934
     27     1051.468652
     28     1063.079570
     29     1076.537783
     30     1131.332801
     31     1152.618965
     32     1182.888943
     33     1202.650474
     34     1236.093614
     35     1247.403204
     36     1262.106492
     37     1287.664008
     38     1305.897646
     39     1321.398173
     40     1348.957695
     41     1360.811405
     42     1387.242497
     43     1394.553978
     44     1403.631582
     45     1423.649541
     46     1431.775971
     47     1488.956053
     48     1501.205036
     49     1507.156725
     50     1512.648542
     51     1520.661002
     52     1524.501073
     53     1551.347379
     54     1557.093749
     55     2909.486895
     56     2936.899599
     57     2940.842487
     58     2946.259515
     59     2949.806646
     60     2954.652670
     61     2976.205202
     62     2985.198771
     63     2990.045827
     64     2997.973790
     65     3002.186961
     66     3016.453260
     67     3208.602938
     68     3222.524890
        Zero Point Energy (Hartree)    :          0.2126058375
        Inner Energy (Hartree)         :       -384.6419328203
        Enthalpy (Hartree)             :       -384.6409886113
        Electronic entropy             :          0.0000000000
        Rotational entropy             :          0.0136026081
        Vibrational entropy            :          0.0076471192
        Translational entropy          :          0.0136026081
        Entropy                        :          0.0404505663
        Gibbs Energy (Hartree)         :       -384.6814391775
        Is Linear                      :                 false
# -----------------------------------------------------------
$ PAL_Flags
   description: The PAL Flags
   geom. index: 2
   prop. index: 1
        Diskflag:     2
# -----------------------------------------------------------
$ SCF_Energy
   description: The SCF energy
   geom. index: 2
   prop. index: 1
        SCF Energy:     -384.8311273161
# -----------------------------------------------------------
$ DFT_Energy
   description: The DFT energy
   geom. index: 2
   prop. index: 1
   Number of Alpha Electrons                 34.9999338102 
   Number of Beta  Electrons                 34.9999338102 
   Total number of  Electrons                69.9998676204 
   Exchange energy                          -36.2368048258 
   Correlation energy                        -2.8590387805 
   Correlation energy NL                      0.0000000000 
   Exchange-Correlation energy              -39.0958436063 
   Embedding correction                       0.0000000000 
   Total DFT Energy (No VdW correction)    -384.8311273161 
# -----------------------------------------------------------
$ VdW_Correction
   description: The Van der Waals Correction
   geom. index: 2
   prop. index: 1
        Van der Waals Correction:       -0.0407477839
# -----------------------------------------------------------
$ PAL_Flags
   description: The PAL Flags
   geom. index: 3
   prop. index: 1
        Diskflag:     2
# -----------------------------------------------------------
$ SCF_Energy
   description: The SCF energy
   geom. index: 3
   prop. index: 1
        SCF Energy:     -384.8321324284
# -----------------------------------------------------------
$ DFT_Energy
   description: The DFT energy
   geom. index: 3
   prop. index: 1
   Number of Alpha Electrons                 35.0000002334 
   Number of Beta  Electrons                 35.0000002334 
   Total number of  Electrons                70.0000004667 
   Exchange energy                          -36.2336800092 
   Correlation energy                        -2.8586851674 
   Correlation energy NL                      0.0000000000 
   Exchange-Correlation energy              -39.0923651766 
   Embedding correction                       0.0000000000 
   Total DFT Energy (No VdW correction)    -384.8321324284 
# -----------------------------------------------------------
$ VdW_Correction
   description: The Van der Waals Correction
   geom. index: 3
   prop. index: 1
        Van der Waals Correction:       -0.0406859388
# -----------------------------------------------------------
$ PAL_Flags
   description: The PAL Flags
   geom. index: 4
   prop. index: 1
        Diskflag:     2
# -----------------------------------------------------------
$ SCF_Energy
   description: The SCF energy
   geom. index: 4
   prop. index: 1
        SCF Energy:     -384.8325657456
# -----------------------------------------------------------
$ DFT_Energy
   description: The DFT energy
   geom. index: 4
   prop. index: 1
   Number of Alpha Electrons                 35.0000499268 
   Number of Beta  Electrons                 35.0000499268 
   Total number of  Electrons                70.0000998537 
   Exchange energy                          -36.2327174588 
   Correlation energy                        -2.8586116532 
   Correlation energy NL                      0.0000000000 
   Exchange-Correlation energy              -39.0913291120 
   Embedding correction                       0.0000000000 
   Total DFT Energy (No VdW correction)    -384.8325657456 
# -----------------------------------------------------------
$ VdW_Correction
   description: The Van der Waals Correction
   geom. index: 4
   prop. index: 1
        Van der Waals Correction:       -0.0406607967
# -----------------------------------------------------------
$ PAL_Flags
   description: The PAL Flags
   geom. index: 5
   prop. index: 1
        Diskflag:     2
# -----------------------------------------------------------
$ SCF_Energy
   description: The SCF energy
   geom. index: 5
   prop. index: 1
        SCF Energy:     -384.8329271114
# -----------------------------------------------------------
$ DFT_Energy
   description: The DFT energy
   geom. index: 5
   prop. index: 1
   Number of Alpha Electrons                 35.0000598288 
   Number of Beta  Electrons                 35.0000598288 
   Total number of  Electrons                70.0001196577 
   Exchange energy                          -36.2328739993 
   Correlation energy                        -2.8586548258 
   Correlation energy NL                      0.0000000000 
   Exchange-Correlation energy              -39.0915288252 
   Embedding correction                       0.0000000000 
   Total DFT Energy (No VdW correction)    -384.8329271114 
# -----------------------------------------------------------
$ VdW_Correction
   description: The Van der Waals Correction
   geom. index: 5
   prop. index: 1
        Van der Waals Correction:       -0.0406440347
# -----------------------------------------------------------
$ PAL_Flags
   description: The PAL Flags
   geom. index: 6
   prop. index: 1
        Diskflag:     2
# -----------------------------------------------------------
$ SCF_Energy
   description: The SCF energy
   geom. index: 6
   prop. index: 1
        SCF Energy:     -384.8332313078
# -----------------------------------------------------------
$ DFT_Energy
   description: The DFT energy
   geom. index: 6
   prop. index: 1
   Number of Alpha Electrons                 35.0000298194 
   Number of Beta  Electrons                 35.0000298194 
   Total number of  Electrons                70.0000596389 
   Exchange energy                          -36.2334796547 
   Correlation energy                        -2.8587576191 
   Correlation energy NL                      0.0000000000 
   Exchange-Correlation energy              -39.0922372738 
   Embedding correction                       0.0000000000 
   Total DFT Energy (No VdW correction)    -384.8332313078 
# -----------------------------------------------------------
$ VdW_Correction
   description: The Van der Waals Correction
   geom. index: 6
   prop. index: 1
        Van der Waals Correction:       -0.0406494914
# -----------------------------------------------------------
$ PAL_Flags
   description: The PAL Flags
   geom. index: 7
   prop. index: 1
        Diskflag:     2
# -----------------------------------------------------------
$ SCF_Energy
   description: The SCF energy
   geom. index: 7
   prop. index: 1
        SCF Energy:     -384.8334986870
# -----------------------------------------------------------
$ DFT_Energy
   description: The DFT energy
   geom. index: 7
   prop. index: 1
   Number of Alpha Electrons                 35.0000391494 
   Number of Beta  Electrons                 35.0000391494 
   Total number of  Electrons                70.0000782987 
   Exchange energy                          -36.2343485012 
   Correlation energy                        -2.8588950907 
   Correlation energy NL                      0.0000000000 
   Exchange-Correlation energy              -39.0932435919 
   Embedding correction                       0.0000000000 
   Total DFT Energy (No VdW correction)    -384.8334986870 
# -----------------------------------------------------------
$ VdW_Correction
   description: The Van der Waals Correction
   geom. index: 7
   prop. index: 1
        Van der Waals Correction:       -0.0406590667
# -----------------------------------------------------------
$ PAL_Flags
   description: The PAL Flags
   geom. index: 8
   prop. index: 1
        Diskflag:     2
# -----------------------------------------------------------
$ SCF_Energy
   description: The SCF energy
   geom. index: 8
   prop. index: 1
        SCF Energy:     -384.8336258400
# -----------------------------------------------------------
$ DFT_Energy
   description: The DFT energy
   geom. index: 8
   prop. index: 1
   Number of Alpha Electrons                 35.0000647522 
   Number of Beta  Electrons                 35.0000647522 
   Total number of  Electrons                70.0001295045 
   Exchange energy                          -36.2338730246 
   Correlation energy                        -2.8589765234 
   Correlation energy NL                      0.0000000000 
   Exchange-Correlation energy              -39.0928495480 
   Embedding correction                       0.0000000000 
   Total DFT Energy (No VdW correction)    -384.8336258400 
# -----------------------------------------------------------
$ VdW_Correction
   description: The Van der Waals Correction
   geom. index: 8
   prop. index: 1
        Van der Waals Correction:       -0.0407080228
# -----------------------------------------------------------
$ PAL_Flags
   description: The PAL Flags
   geom. index: 9
   prop. index: 1
        Diskflag:     2
# -----------------------------------------------------------
$ SCF_Energy
   description: The SCF energy
   geom. index: 9
   prop. index: 1
        SCF Energy:     -384.8336617065
# -----------------------------------------------------------
$ DFT_Energy
   description: The DFT energy
   geom. index: 9
   prop. index: 1
   Number of Alpha Electrons                 35.0000142809 
   Number of Beta  Electrons                 35.0000142809 
   Total number of  Electrons                70.0000285619 
   Exchange energy                          -36.2350109534 
   Correlation energy                        -2.8591885452 
   Correlation energy NL                      0.0000000000 
   Exchange-Correlation energy              -39.0941994986 
   Embedding correction                       0.0000000000 
   Total DFT Energy (No VdW correction)    -384.8336617065 
# -----------------------------------------------------------
$ VdW_Correction
   description: The Van der Waals Correction
   geom. index: 9
   prop. index: 1
        Van der Waals Correction:       -0.0407358881
# -----------------------------------------------------------
$ PAL_Flags
   description: The PAL Flags
   geom. index: 10
   prop. index: 1
        Diskflag:     2
# -----------------------------------------------------------
$ SCF_Energy
   description: The SCF energy
   geom. index: 10
   prop. index: 1
        SCF Energy:     -384.8336858401
# -----------------------------------------------------------
$ DFT_Energy
   description: The DFT energy
   geom. index: 10
   prop. index: 1
   Number of Alpha Electrons                 35.0000426562 
   Number of Beta  Electrons                 35.0000426562 
   Total number of  Electrons                70.0000853123 
   Exchange energy                          -36.2345338859 
   Correlation energy                        -2.8591026962 
   Correlation energy NL                      0.0000000000 
   Exchange-Correlation energy              -39.0936365821 
   Embedding correction                       0.0000000000 
   Total DFT Energy (No VdW correction)    -384.8336858401 
# -----------------------------------------------------------
$ VdW_Correction
   description: The Van der Waals Correction
   geom. index: 10
   prop. index: 1
        Van der Waals Correction:       -0.0407280169
# -----------------------------------------------------------
$ PAL_Flags
   description: The PAL Flags
   geom. index: 11
   prop. index: 1
        Diskflag:     2
# -----------------------------------------------------------
$ SCF_Energy
   description: The SCF energy
   geom. index: 11
   prop. index: 1
        SCF Energy:     -384.8336827842
# -----------------------------------------------------------
$ DFT_Energy
   description: The DFT energy
   geom. index: 11
   prop. index: 1
   Number of Alpha Electrons                 35.0000416058 
   Number of Beta  Electrons                 35.0000416058 
   Total number of  Electrons                70.0000832117 
   Exchange energy                          -36.2344809194 
   Correlation energy                        -2.8591060929 
   Correlation energy NL                      0.0000000000 
   Exchange-Correlation energy              -39.0935870123 
   Embedding correction                       0.0000000000 
   Total DFT Energy (No VdW correction)    -384.8336827842 
# -----------------------------------------------------------
$ Mayer_Pop
   description: The Mayer population analysis
   geom. index: 11
   prop. index: 1
     Number of atoms                     : 23
     Threshold for printing              : 0.1000000
     Number of bond orders printed       : 27
  NA   - Mulliken gross atomic population
  ZA   - Total nuclear charge
  QA   - Mulliken gross atomic charge
  VA   - Mayer's total valence
  BVA  - Mayer's bonded valence
  FA   - Mayer's free valence
  ATOM       NA         ZA         QA         VA         BVA        FA
  0   0     6.3657     6.0000    -0.3657     3.8106     3.8106     0.0000
  1   0     6.2078     6.0000    -0.2078     3.6543     3.6543     0.0000
  2   0     6.5492     6.0000    -0.5492     4.8031     4.8031    -0.0000
  3   0     6.1889     6.0000    -0.1889     3.4029     3.4029    -0.0000
  4   0     6.2628     6.0000    -0.2628     3.6874     3.6874     0.0000
  5   0     7.3375     7.0000    -0.3375     2.5584     2.5584     0.0000
  6   0     6.2116     6.0000    -0.2116     3.6355     3.6355    -0.0000
  7   0     6.1367     6.0000    -0.1367     3.5812     3.5812     0.0000
  8   0     7.2166     7.0000    -0.2166     2.6012     2.6012    -0.0000
  9   0     0.8365     1.0000     0.1635     0.9252     0.9252    -0.0000
 10   0     0.8346     1.0000     0.1654     0.9282     0.9282     0.0000
 11   0     0.8700     1.0000     0.1300     0.9778     0.9778    -0.0000
 12   0     0.8346     1.0000     0.1654     0.9203     0.9203    -0.0000
 13   0     0.8492     1.0000     0.1508     0.9743     0.9743    -0.0000
 14   0     0.8394     1.0000     0.1606     0.9362     0.9362    -0.0000
 15   0     0.8333     1.0000     0.1667     0.9180     0.9180     0.0000
 16   0     0.8462     1.0000     0.1538     0.9294     0.9294    -0.0000
 17   0     0.6965     1.0000     0.3035     0.8481     0.8481    -0.0000
 18   0     0.8456     1.0000     0.1544     0.9537     0.9537    -0.0000
 19   0     0.8382     1.0000     0.1618     0.9376     0.9376     0.0000
 20   0     0.8413     1.0000     0.1587     0.9225     0.9225    -0.0000
 21   0     0.8659     1.0000     0.1341     0.9385     0.9385     0.0000
 22   0     0.6918     1.0000     0.3082     0.8378     0.8378    -0.0000
      Bond orders larger than 0.1000000
           Atom A     A.N. of A          Atom B    A.N. of B              Bond order
                0             6               1            6                0.898432
                0             6               2            6                0.100509
                0             6               5            7                0.914564
                0             6               9            1                0.990715
                0             6              10            1                0.983295
                1             6               2            6                1.007699
                1             6              11            1                0.932323
                1             6              12            1                0.939191
                2             6               3            6                0.860863
                2             6               6            6                1.007787
                2             6               8            7                1.611758
                3             6               4            6                0.943435
                3             6               8            7               -0.385355
                3             6              13            1                1.002372
                3             6              14            1                0.959904
                4             6               5            7                0.915473
                4             6              15            1                0.984987
                4             6              16            1                0.972096
                5             7              17            1                0.877662
                6             6               7            6                0.938730
                6             6               8            7               -0.151820
                6             6              18            1                0.951158
                6             6              19            1                0.948069
                7             6               8            7                0.829399
                7             6              20            1                0.991026
                7             6              21            1                0.949969
                8             7              22            1                0.831311
# -----------------------------------------------------------
$ VdW_Correction
   description: The Van der Waals Correction
   geom. index: 11
   prop. index: 1
        Van der Waals Correction:       -0.0407325606
# -----------------------------------------------------------
$ SCF_Electric_Properties
   description: The SCF Calculated Electric Properties
   geom. index: 11
   prop. index: 1
       Filename                          : file.scfp 
       Do Dipole Moment Calculation      : true 
       Do Quadrupole Moment Calculation  : false 
       Do Polarizability Calculation     : false 
** Dipole moment part of electric properties **
        Magnitude of dipole moment (Debye) :        1.3384673965
        Electronic Contribution:
                  0    
      0       0.074526
      1       1.249059
      2       0.310660
        Nuclear Contribution:
                  0    
      0       0.143268
      1      -1.433872
      2       0.131719
        Total Dipole moment:
                  0    
      0       0.217794
      1      -0.184813
      2       0.442379
# -------------------------------------------------------------
----------------------- !GEOMETRIES! ------------------------
# -------------------------------------------------------------
------------------------ !GEOMETRY! -------------------------
    Number of atoms:    23 
    Geometry Index:     1 
    Coordinates:
               0 C     -1.558100000000   -0.929900000000    0.901600000000
               1 C     -0.205400000000   -0.338000000000    1.323300000000
               2 C      0.542400000000    0.229800000000    0.094400000000
               3 C     -0.354000000000    1.192300000000   -0.707300000000
               4 C     -1.701100000000    0.530100000000   -1.032900000000
               5 N     -2.377700000000    0.058300000000    0.184600000000
               6 C      1.223300000000   -0.837000000000   -0.764100000000
               7 C      2.508400000000   -0.128100000000   -0.380600000000
               8 N      1.818600000000    0.871600000000    0.438600000000
               9 H     -1.400700000000   -1.826000000000    0.261700000000
              10 H     -2.105100000000   -1.264500000000    1.809200000000
              11 H      0.401600000000   -1.120500000000    1.829200000000
              12 H     -0.381500000000    0.479700000000    2.056300000000
              13 H      0.146400000000    1.505000000000   -1.650000000000
              14 H     -0.537000000000    2.108900000000   -0.104800000000
              15 H     -2.352500000000    1.269800000000   -1.546000000000
              16 H     -1.550600000000   -0.319500000000   -1.734700000000
              17 H     -2.555900000000    0.876000000000    0.814700000000
              18 H      1.169400000000   -1.867200000000   -0.349200000000
              19 H      1.007100000000   -0.765800000000   -1.852500000000
              20 H      3.006500000000    0.349500000000   -1.252500000000
              21 H      3.192200000000   -0.772400000000    0.218400000000
              22 H      2.063800000000    0.697700000000    1.442600000000
------------------------ !GEOMETRY! -------------------------
    Number of atoms:    23 
    Geometry Index:     2 
    Coordinates:
               0 C     -1.575673124552   -0.911852596768    0.903665011479
               1 C     -0.217647605799   -0.321527269268    1.318001672198
               2 C      0.534108567043    0.233536993533    0.105995515830
               3 C     -0.363342643596    1.189910165916   -0.683808715405
               4 C     -1.713128369798    0.534555266200   -1.015615240875
               5 N     -2.410298961149    0.041900131334    0.174286288027
               6 C      1.237138781336   -0.838339727862   -0.768229331789
               7 C      2.561258351041   -0.139743561337   -0.391878141179
               8 N      1.842728620903    0.863280939422    0.441901674530
               9 H     -1.416959411483   -1.789692336400    0.261634143123
              10 H     -2.124887706262   -1.255179205912    1.788297051068
              11 H      0.392768857304   -1.088797054412    1.816689427426
              12 H     -0.383015363370    0.492419268349    2.040948453507
              13 H      0.150628519862    1.501573586550   -1.602618157657
              14 H     -0.530767000268    2.094774497625   -0.082260744794
              15 H     -2.365090707977    1.248802893701   -1.532071147066
              16 H     -1.561835039196   -0.313719842155   -1.698185243741
              17 H     -2.612334348130    0.830286920900    0.782617696845
              18 H      1.153630983707   -1.860026208550   -0.386209824938
              19 H      0.994953173450   -0.795204515979   -1.833891064175
              20 H      3.081538796294    0.325622334521   -1.235324271337
              21 H      3.259427464999   -0.766048663922    0.174268118992
              22 H      2.066898165643    0.723267984515    1.421786829932
------------------------ !GEOMETRY! -------------------------
    Number of atoms:    23 
    Geometry Index:     3 
    Coordinates:
               0 C     -1.559004844472   -0.914238532032    0.907020182305
               1 C     -0.207759955431   -0.305351947375    1.314393333130
               2 C      0.534235094167    0.250265601326    0.098656488639
               3 C     -0.374984473932    1.207264504162   -0.671870079062
               4 C     -1.714775282538    0.538518102147   -1.011976652457
               5 N     -2.413394261458    0.010310729448    0.162501253196
               6 C      1.228717132521   -0.827707019062   -0.781101586058
               7 C      2.569379675833   -0.175655373371   -0.378415174652
               8 N      1.858192795969    0.865548162051    0.416362769180
               9 H     -1.387795728801   -1.792134751313    0.268217483382
              10 H     -2.104693369922   -1.266245459980    1.789313636973
              11 H      0.413132443839   -1.059530355037    1.818512890660
              12 H     -0.377241340330    0.513165256038    2.030512700780
              13 H      0.138508259446    1.541025929530   -1.582155435931
              14 H     -0.546488431957    2.100568038395   -0.054876927718
              15 H     -2.378269544947    1.240644487739   -1.528344489501
              16 H     -1.547942158837   -0.303205770610   -1.699095522546
              17 H     -2.665920973461    0.786485345277    0.769753975439
              18 H      1.098994954124   -1.854418063891   -0.426810153370
              19 H      0.983961294819   -0.783414331740   -1.846541758715
              20 H      3.140081012310    0.257910925801   -1.205708886690
              21 H      3.239587109389   -0.818038877970    0.205494937361
              22 H      2.073580593669    0.788033400466    1.406157015655
------------------------ !GEOMETRY! -------------------------
    Number of atoms:    23 
    Geometry Index:     4 
    Coordinates:
               0 C     -1.541929062799   -0.918590692220    0.909653739310
               1 C     -0.194273352817   -0.296586660823    1.308896648375
               2 C      0.535429394990    0.262125276364    0.086388705610
               3 C     -0.385686209301    1.220398246937   -0.667529586074
               4 C     -1.719459914096    0.540930113991   -1.008393676813
               5 N     -2.409492856182   -0.010553438478    0.160347060640
               6 C      1.221663839543   -0.819319128015   -0.796130634930
               7 C      2.570600993053   -0.207571349114   -0.358714641572
               8 N      1.865388189980    0.870334153385    0.388364515159
               9 H     -1.362606418488   -1.798521946598    0.275679200226
              10 H     -2.082253434511   -1.272863203264    1.794435807905
              11 H      0.435973936891   -1.042986678506    1.813196177715
              12 H     -0.367016441934    0.523771181177    2.022268793963
              13 H      0.121372963136    1.571201902144   -1.574985892816
              14 H     -0.561935938598    2.103819888244   -0.037368180867
              15 H     -2.394067601543    1.237996651252   -1.517395545913
              16 H     -1.542333265064   -0.291493009474   -1.704490416323
              17 H     -2.700727548188    0.751879744529    0.766494379187
              18 H      1.055100106306   -1.849767527908   -0.467668777138
              19 H      0.995767935046   -0.754539322058   -1.865200438139
              20 H      3.191931275513    0.188453209936   -1.168800104225
              21 H      3.193312181927   -0.866827965015    0.259252914172
              22 H      2.075341227136    0.858510553514    1.381699952548
------------------------ !GEOMETRY! -------------------------
    Number of atoms:    23 
    Geometry Index:     5 
    Coordinates:
               0 C     -1.527086867312   -0.923041671252    0.911900884709
               1 C     -0.180332400013   -0.292491423114    1.300919492912
               2 C      0.536634839538    0.270688679949    0.071970920002
               3 C     -0.395827101479    1.229167448560   -0.667452337948
               4 C     -1.727123532644    0.542876543255   -1.003865184921
               5 N     -2.405392724179   -0.025316756589    0.163360645064
               6 C      1.218754491723   -0.812298787341   -0.811506787503
               7 C      2.570188179813   -0.235032754001   -0.335908650851
               8 N      1.868565286282    0.875172921408    0.360474452231
               9 H     -1.344991592654   -1.805061405176    0.281624968306
              10 H     -2.060477197611   -1.276866478650    1.801166813509
              11 H      0.458456059776   -1.034226761962    1.801540734290
              12 H     -0.353147286690    0.527844448898    2.014451696023
              13 H      0.102355738021    1.592226132246   -1.574946227506
              14 H     -0.574085442772    2.104983736359   -0.026930031240
              15 H     -2.411461026650    1.238658479675   -1.501811096442
              16 H     -1.546416850178   -0.280632154502   -1.709707860457
              17 H     -2.723267274095    0.725670252245    0.770089938092
              18 H      1.020656914797   -1.845518475869   -0.509811413747
              19 H      1.020943608584   -0.720551542041   -1.884111805381
              20 H      3.240751479201    0.121452387121   -1.125465142154
              21 H      3.138290342027   -0.906676789306    0.320504191346
              22 H      2.074112356515    0.928773970086    1.353511801667
------------------------ !GEOMETRY! -------------------------
    Number of atoms:    23 
    Geometry Index:     6 
    Coordinates:
               0 C     -1.512319630081   -0.928014818564    0.913362622397
               1 C     -0.165682085016   -0.290018524812    1.291225212532
               2 C      0.537509076704    0.280197925849    0.056389863541
               3 C     -0.406824443423    1.236364743459   -0.670149453214
               4 C     -1.736476962269    0.542839811582   -0.998823913482
               5 N     -2.401119257186   -0.036467605898    0.170431645080
               6 C      1.217008018578   -0.803574415296   -0.827790395204
               7 C      2.567148084305   -0.261730963175   -0.308745897005
               8 N      1.870780404833    0.881577595240    0.332926643925
               9 H     -1.330624990450   -1.811070950387    0.284448899518
              10 H     -2.037013718655   -1.281785565756    1.807888955156
              11 H      0.481689448624   -1.028742122607    1.785273072473
              12 H     -0.337378920532    0.528194005541    2.007559985456
              13 H      0.081317317250    1.607723094749   -1.579631715756
              14 H     -0.586892295790    2.107248541545   -0.023049664163
              15 H     -2.429718837534    1.237653371618   -1.485820684008
              16 H     -1.555670865545   -0.274145173426   -1.712290186106
              17 H     -2.731177554708    0.706847006210    0.779657134814
              18 H      0.989145724741   -1.838727213951   -0.556376839941
              19 H      1.052349826539   -0.679351145913   -1.902623090090
              20 H      3.286295497646    0.052291019378   -1.073215163204
              21 H      3.075840369957   -0.941637049150    0.387467955734
              22 H      2.071915792012    0.994128433764    1.321885011548
------------------------ !GEOMETRY! -------------------------
    Number of atoms:    23 
    Geometry Index:     7 
    Coordinates:
               0 C     -1.500496421933   -0.932328956828    0.915375152056
               1 C     -0.151600149076   -0.291157254570    1.280481394891
               2 C      0.537838370585    0.286612161692    0.040598327595
               3 C     -0.417170520271    1.239394895084   -0.675763309944
               4 C     -1.747339696510    0.541280705907   -0.993222455830
               5 N     -2.398017997631   -0.042312423054    0.181430782170
               6 C      1.219209270258   -0.795221218613   -0.844612978602
               7 C      2.563353471542   -0.283609953726   -0.281339603556
               8 N      1.870869357311    0.886854689643    0.307567317510
               9 H     -1.324177637097   -1.816306665370    0.286412600413
              10 H     -2.015361479158   -1.284387741776    1.816307470635
              11 H      0.503037460290   -1.029143849298    1.765783033562
              12 H     -0.318960012396    0.524061244655    2.001297125190
              13 H      0.060278180235    1.614753449067   -1.589181132604
              14 H     -0.597329036037    2.107938973534   -0.025302759668
              15 H     -2.447609359994    1.236611557453   -1.469431663393
              16 H     -1.571493071908   -0.272000484875   -1.712146195552
              17 H     -2.727733747911    0.697943543515    0.794486026102
              18 H      0.965032735446   -1.832498684592   -0.607718085974
              19 H      1.092999937127   -0.632366393084   -1.919070630885
              20 H      3.329065725762   -0.011247972693   -1.016306834446
              21 H      3.008915779999   -0.966811929704    0.454014525809
              22 H      2.066788841366    1.053742307633    1.290341894518
------------------------ !GEOMETRY! -------------------------
    Number of atoms:    23 
    Geometry Index:     8 
    Coordinates:
               0 C     -1.483338971428   -0.936614867269    0.916341279223
               1 C     -0.135318203444   -0.286704049318    1.269235761923
               2 C      0.538210784463    0.300263988261    0.023710663712
               3 C     -0.430470951875    1.247870387157   -0.679019827042
               4 C     -1.756686276673    0.538146502346   -0.987153106521
               5 N     -2.393964130228   -0.052575634238    0.191349158158
               6 C      1.216956146128   -0.781527349560   -0.862684378470
               7 C      2.554009482273   -0.312966227625   -0.247765020435
               8 N      1.875947905791    0.895948440605    0.279703526946
               9 H     -1.307461017540   -1.818831924672    0.284817778254
              10 H     -1.988025939464   -1.293523334963    1.821091070650
              11 H      0.528930576021   -1.021478783756    1.746224271803
              12 H     -0.301248268393    0.525153924406    1.994151974061
              13 H      0.037263692435    1.629233801615   -1.594799491281
              14 H     -0.612797490200    2.113688172908   -0.025307427095
              15 H     -2.466491340890    1.226527058908   -1.459058536506
              16 H     -1.578039628002   -0.273795643009   -1.706923732559
              17 H     -2.721988110688    0.685055499868    0.808436415414
              18 H      0.931324416150   -1.818282560739   -0.665539923176
              19 H      1.124532516972   -0.586264339780   -1.935654605025
              20 H      3.365359576188   -0.087568740519   -0.947635707127
              21 H      2.936796078268   -0.998399125415    0.521747602202
              22 H      2.066599154137    1.106444804789    1.254732252894
------------------------ !GEOMETRY! -------------------------
    Number of atoms:    23 
    Geometry Index:     9 
    Coordinates:
               0 C     -1.475417217997   -0.939641575422    0.918928644009
               1 C     -0.122766820823   -0.291889850245    1.258824668334
               2 C      0.537260751358    0.302197743127    0.008960424151
               3 C     -0.439009940927    1.245660494239   -0.687749520004
               4 C     -1.768076248543    0.534803253279   -0.980991312427
               5 N     -2.392455093181   -0.051424421443    0.206564940393
               6 C      1.223203528171   -0.774382573308   -0.877679420037
               7 C      2.548151808330   -0.327186092653   -0.223349759191
               8 N      1.873811878155    0.899586992078    0.257847233448
               9 H     -1.309307660476   -1.821397238620    0.284376830870
              10 H     -1.969785692697   -1.295401484736    1.829817603540
              11 H      0.546112925480   -1.029095417627    1.724923940101
              12 H     -0.280177293702    0.515956535941    1.990044464090
              13 H      0.018338556620    1.625153177229   -1.609569163753
              14 H     -0.618250087370    2.112665554874   -0.034718874928
              15 H     -2.482314575977    1.224039585961   -1.445069297882
              16 H     -1.598704366021   -0.278160166197   -1.701717502753
              17 H     -2.703284548513    0.689878296849    0.828431732598
              18 H      0.917831163874   -1.812629249205   -0.720767701447
              19 H      1.173347782775   -0.533726380851   -1.943641883367
              20 H      3.398632058050   -0.139792787486   -0.887819657978
              21 H      2.865121925223   -1.007695730024    0.579254628886
              22 H      2.057837168191    1.152281334240    1.225098983345
------------------------ !GEOMETRY! -------------------------
    Number of atoms:    23 
    Geometry Index:     10 
    Coordinates:
               0 C     -1.479004173083   -0.938112956330    0.917958780575
               1 C     -0.127872398135   -0.290134329857    1.262848392844
               2 C      0.537096966854    0.300982431606    0.014358445220
               3 C     -0.436091772775    1.245614537300   -0.685384358175
               4 C     -1.764528047346    0.535475472903   -0.982991585272
               5 N     -2.393891136645   -0.050213989951    0.202358956242
               6 C      1.221564868537   -0.777014107105   -0.871677506370
               7 C      2.550751835855   -0.321071932317   -0.232699363927
               8 N      1.874271287272    0.898788140385    0.266356920095
               9 H     -1.309593248584   -1.818928604788    0.282885778500
              10 H     -1.976780027142   -1.295897788007    1.826188743098
              11 H      0.538612265251   -1.026823174350    1.733150390447
              12 H     -0.288086126253    0.519198649371    1.991800464661
              13 H      0.025000189811    1.624683231661   -1.605520811926
              14 H     -0.615708212482    2.112941135083   -0.032939577448
              15 H     -2.476794175507    1.223662089693   -1.451565874084
              16 H     -1.592112667423   -0.278751937783   -1.701564556271
              17 H     -2.705885590301    0.691648632019    0.823023774808
              18 H      0.923357732160   -1.815347301453   -0.702022525480
              19 H      1.156591992320   -0.550515000449   -1.940172743342
              20 H      3.387016368514   -0.119051335483   -0.910588543008
              21 H      2.892975064417   -1.003186252482    0.558094004403
              22 H      2.059209004684    1.131854390335    1.238102794408
------------------------ !GEOMETRY! -------------------------
    Number of atoms:    23 
    Geometry Index:     11 
    Coordinates:
               0 C     -1.478679087836   -0.938019522617    0.918048616766
               1 C     -0.127505929456   -0.289975486656    1.262528315480
               2 C      0.537058867159    0.301283156458    0.013913125740
               3 C     -0.436539026469    1.245650512443   -0.685687720259
               4 C     -1.764856209191    0.535053267708   -0.982684273705
               5 N     -2.393987499489   -0.049881694735    0.203224625051
               6 C      1.221591096234   -0.776352879042   -0.872318687257
               7 C      2.550328370417   -0.321658803967   -0.231727498372
               8 N      1.874352269889    0.899288066851    0.265946151247
               9 H     -1.309357843216   -1.818272525561    0.282193167003
              10 H     -1.975991462859   -1.296688414589    1.826182848333
              11 H      0.539267048746   -1.026522704118    1.732674961866
              12 H     -0.287597344422    0.519378773522    1.991504629751
              13 H      0.024277470614    1.624592850088   -1.605999161036
              14 H     -0.616070901251    2.113134860318   -0.033431608372
              15 H     -2.477360223933    1.222389131728   -1.452133972654
              16 H     -1.592101881954   -0.279952056559   -1.700301473780
              17 H     -2.704063569667    0.692638998734    0.824124377773
              18 H      0.922460589530   -1.814770956642   -0.704757898117
              19 H      1.157662192047   -0.548638081738   -1.940596805764
              20 H      3.387798471248   -0.120854589085   -0.908496922362
              21 H      2.890933519897   -1.003751655079    0.559808536910
              22 H      2.058481083962    1.131729752541    1.237986665760
