-------------------------------------------------------------
----------------------- !PROPERTIES! ------------------------
-------------------------------------------------------------
# -----------------------------------------------------------
$ PAL_Flags
   description: The PAL Flags
   geom. index: 1
   prop. index: 1
        Diskflag:     2
# -----------------------------------------------------------
$ SCF_Energy
   description: The SCF energy
   geom. index: 1
   prop. index: 1
        SCF Energy:     -384.8459041802
# -----------------------------------------------------------
$ DFT_Energy
   description: The DFT energy
   geom. index: 1
   prop. index: 1
   Number of Alpha Electrons                 35.0001666386 
   Number of Beta  Electrons                 35.0001666386 
   Total number of  Electrons                70.0003332772 
   Exchange energy                          -36.2105700524 
   Correlation energy                        -2.8597993443 
   Correlation energy NL                      0.0000000000 
   Exchange-Correlation energy              -39.0703693967 
   Embedding correction                       0.0000000000 
   Total DFT Energy (No VdW correction)    -384.8459041802 
# -----------------------------------------------------------
$ Mayer_Pop
   description: The Mayer population analysis
   geom. index: 1
   prop. index: 1
     Number of atoms                     : 23
     Threshold for printing              : 0.1000000
     Number of bond orders printed       : 31
  NA   - Mulliken gross atomic population
  ZA   - Total nuclear charge
  QA   - Mulliken gross atomic charge
  VA   - Mayer's total valence
  BVA  - Mayer's bonded valence
  FA   - Mayer's free valence
  ATOM       NA         ZA         QA         VA         BVA        FA
  0   0     6.6513     6.0000    -0.6513     4.0175     4.0175     0.0000
  1   0     5.8871     6.0000     0.1129     3.4199     3.4199     0.0000
  2   0     6.2249     6.0000    -0.2249     3.5193     3.5193     0.0000
  3   0     7.3316     7.0000    -0.3316     2.7360     2.7360    -0.0000
  4   0     6.4365     6.0000    -0.4365     3.8804     3.8804    -0.0000
  5   0     5.7521     6.0000     0.2479     2.7937     2.7937     0.0000
  6   0     6.4575     6.0000    -0.4575     3.8378     3.8378    -0.0000
  7   0     7.3375     7.0000    -0.3375     2.5714     2.5714    -0.0000
  8   0     6.4155     6.0000    -0.4155     3.8186     3.8186    -0.0000
  9   0     0.8357     1.0000     0.1643     0.9385     0.9385     0.0000
 10   0     0.8452     1.0000     0.1548     0.9487     0.9487    -0.0000
 11   0     0.8417     1.0000     0.1583     0.9435     0.9435    -0.0000
 12   0     0.8476     1.0000     0.1524     0.9295     0.9295    -0.0000
 13   0     0.8520     1.0000     0.1480     0.9053     0.9053     0.0000
 14   0     0.6940     1.0000     0.3060     0.8538     0.8538    -0.0000
 15   0     0.8683     1.0000     0.1317     0.9343     0.9343    -0.0000
 16   0     0.8452     1.0000     0.1548     0.9281     0.9281    -0.0000
 17   0     0.7996     1.0000     0.2004     0.9140     0.9140     0.0000
 18   0     0.8504     1.0000     0.1496     0.9524     0.9524    -0.0000
 19   0     0.8480     1.0000     0.1520     0.9334     0.9334    -0.0000
 20   0     0.6802     1.0000     0.3198     0.8403     0.8403    -0.0000
 21   0     0.8547     1.0000     0.1453     0.9581     0.9581    -0.0000
 22   0     0.8433     1.0000     0.1567     0.9216     0.9216    -0.0000
      Bond orders larger than 0.1000000
           Atom A     A.N. of A          Atom B    A.N. of B              Bond order
                0             6               1            6                0.834784
                0             6               9            1                0.993884
                0             6              10            1                0.983912
                0             6              11            1                0.999810
                1             6               2            6                0.735972
                1             6               3            7                0.360465
                1             6               4            6                0.121145
                1             6               5            6                0.776907
                1             6               7            7               -0.132709
                1             6               8            6                0.757587
                2             6               3            7                0.704445
                2             6               4            6               -0.107002
                2             6               5            6                0.114580
                2             6              12            1                1.039980
                2             6              13            1                0.950932
                3             7               4            6                0.972430
                3             7              14            1                0.853125
                4             6               5            6                0.695781
                4             6              15            1                0.999196
                4             6              16            1                1.011306
                5             6               6            6                0.722128
                5             6               7            7               -0.100250
                5             6              17            1                0.839746
                5             6              18            1               -0.106252
                6             6               7            7                0.931852
                6             6              18            1                1.027474
                6             6              19            1                0.997817
                7             7               8            6                1.035786
                7             7              20            1                0.876359
                8             6              21            1                1.028942
                8             6              22            1                0.951387
# -----------------------------------------------------------
$ VdW_Correction
   description: The Van der Waals Correction
   geom. index: 1
   prop. index: 1
        Van der Waals Correction:       -0.0418873100
# -----------------------------------------------------------
$ Hessian
   description: Details about the Hessian
   geom. index: 1
   prop. index: 1
Normal modes:
Number of Rows: 69 Number of Columns: 69
                  0          1          2          3          4          5    
      0       0.000000   0.000000   0.000000   0.000000   0.000000   0.000000
      1       0.000000   0.000000   0.000000   0.000000   0.000000   0.000000
      2       0.000000   0.000000   0.000000   0.000000   0.000000   0.000000
      3       0.000000   0.000000   0.000000   0.000000   0.000000   0.000000
      4       0.000000   0.000000   0.000000   0.000000   0.000000   0.000000
      5       0.000000   0.000000   0.000000   0.000000   0.000000   0.000000
      6       0.000000   0.000000   0.000000   0.000000   0.000000   0.000000
      7       0.000000   0.000000   0.000000   0.000000   0.000000   0.000000
      8       0.000000   0.000000   0.000000   0.000000   0.000000   0.000000
      9       0.000000   0.000000   0.000000   0.000000   0.000000   0.000000
     10       0.000000   0.000000   0.000000   0.000000   0.000000   0.000000
     11       0.000000   0.000000   0.000000   0.000000   0.000000   0.000000
     12       0.000000   0.000000   0.000000   0.000000   0.000000   0.000000
     13       0.000000   0.000000   0.000000   0.000000   0.000000   0.000000
     14       0.000000   0.000000   0.000000   0.000000   0.000000   0.000000
     15       0.000000   0.000000   0.000000   0.000000   0.000000   0.000000
     16       0.000000   0.000000   0.000000   0.000000   0.000000   0.000000
     17       0.000000   0.000000   0.000000   0.000000   0.000000   0.000000
     18       0.000000   0.000000   0.000000   0.000000   0.000000   0.000000
     19       0.000000   0.000000   0.000000   0.000000   0.000000   0.000000
     20       0.000000   0.000000   0.000000   0.000000   0.000000   0.000000
     21       0.000000   0.000000   0.000000   0.000000   0.000000   0.000000
     22       0.000000   0.000000   0.000000   0.000000   0.000000   0.000000
     23       0.000000   0.000000   0.000000   0.000000   0.000000   0.000000
     24       0.000000   0.000000   0.000000   0.000000   0.000000   0.000000
     25       0.000000   0.000000   0.000000   0.000000   0.000000   0.000000
     26       0.000000   0.000000   0.000000   0.000000   0.000000   0.000000
     27       0.000000   0.000000   0.000000   0.000000   0.000000   0.000000
     28       0.000000   0.000000   0.000000   0.000000   0.000000   0.000000
     29       0.000000   0.000000   0.000000   0.000000   0.000000   0.000000
     30       0.000000   0.000000   0.000000   0.000000   0.000000   0.000000
     31       0.000000   0.000000   0.000000   0.000000   0.000000   0.000000
     32       0.000000   0.000000   0.000000   0.000000   0.000000   0.000000
     33       0.000000   0.000000   0.000000   0.000000   0.000000   0.000000
     34       0.000000   0.000000   0.000000   0.000000   0.000000   0.000000
     35       0.000000   0.000000   0.000000   0.000000   0.000000   0.000000
     36       0.000000   0.000000   0.000000   0.000000   0.000000   0.000000
     37       0.000000   0.000000   0.000000   0.000000   0.000000   0.000000
     38       0.000000   0.000000   0.000000   0.000000   0.000000   0.000000
     39       0.000000   0.000000   0.000000   0.000000   0.000000   0.000000
     40       0.000000   0.000000   0.000000   0.000000   0.000000   0.000000
     41       0.000000   0.000000   0.000000   0.000000   0.000000   0.000000
     42       0.000000   0.000000   0.000000   0.000000   0.000000   0.000000
     43       0.000000   0.000000   0.000000   0.000000   0.000000   0.000000
     44       0.000000   0.000000   0.000000   0.000000   0.000000   0.000000
     45       0.000000   0.000000   0.000000   0.000000   0.000000   0.000000
     46       0.000000   0.000000   0.000000   0.000000   0.000000   0.000000
     47       0.000000   0.000000   0.000000   0.000000   0.000000   0.000000
     48       0.000000   0.000000   0.000000   0.000000   0.000000   0.000000
     49       0.000000   0.000000   0.000000   0.000000   0.000000   0.000000
     50       0.000000   0.000000   0.000000   0.000000   0.000000   0.000000
     51       0.000000   0.000000   0.000000   0.000000   0.000000   0.000000
     52       0.000000   0.000000   0.000000   0.000000   0.000000   0.000000
     53       0.000000   0.000000   0.000000   0.000000   0.000000   0.000000
     54       0.000000   0.000000   0.000000   0.000000   0.000000   0.000000
     55       0.000000   0.000000   0.000000   0.000000   0.000000   0.000000
     56       0.000000   0.000000   0.000000   0.000000   0.000000   0.000000
     57       0.000000   0.000000   0.000000   0.000000   0.000000   0.000000
     58       0.000000   0.000000   0.000000   0.000000   0.000000   0.000000
     59       0.000000   0.000000   0.000000   0.000000   0.000000   0.000000
     60       0.000000   0.000000   0.000000   0.000000   0.000000   0.000000
     61       0.000000   0.000000   0.000000   0.000000   0.000000   0.000000
     62       0.000000   0.000000   0.000000   0.000000   0.000000   0.000000
     63       0.000000   0.000000   0.000000   0.000000   0.000000   0.000000
     64       0.000000   0.000000   0.000000   0.000000   0.000000   0.000000
     65       0.000000   0.000000   0.000000   0.000000   0.000000   0.000000
     66       0.000000   0.000000   0.000000   0.000000   0.000000   0.000000
     67       0.000000   0.000000   0.000000   0.000000   0.000000   0.000000
     68       0.000000   0.000000   0.000000   0.000000   0.000000   0.000000
                  6          7          8          9         10         11    
      0       0.076498  -0.058942  -0.003234  -0.087555   0.166250  -0.050914
      1      -0.074408  -0.013435  -0.083389  -0.089390  -0.166372  -0.039823
      2      -0.013626  -0.010335   0.005545   0.205030  -0.003657  -0.053294
      3      -0.015378  -0.025188  -0.040059  -0.001200  -0.029595  -0.045401
      4       0.018496  -0.031342  -0.008144   0.001119   0.041193  -0.042020
      5       0.000507  -0.046864  -0.043189  -0.058673   0.010072  -0.006890
      6       0.006147   0.012029  -0.055300  -0.002203  -0.076081  -0.031732
      7       0.122439  -0.015808   0.074313  -0.043457  -0.059247   0.048155
      8       0.093388  -0.092158   0.053917  -0.112082  -0.061140   0.060097
      9       0.024118  -0.095836  -0.026392  -0.002616  -0.090316  -0.040068
     10       0.032745   0.284792  -0.010189  -0.020959  -0.049692   0.032097
     11      -0.071882   0.121438  -0.010633  -0.005983   0.015166  -0.035125
     12      -0.050673  -0.049172  -0.004863   0.051946  -0.069937  -0.023321
     13      -0.125475  -0.068241   0.125355   0.071824  -0.018696   0.111132
     14      -0.124929  -0.016724   0.037964   0.026096   0.022074   0.000537
     15      -0.020096  -0.024676  -0.031754   0.037242  -0.046608  -0.048827
     16       0.023311  -0.026012  -0.006460   0.034555   0.054226  -0.045164
     17       0.000981  -0.050488  -0.044153  -0.025373   0.006879  -0.026108
     18       0.114563   0.054373  -0.055212   0.111814   0.012577   0.145202
     19       0.031267  -0.027533  -0.019613   0.048504   0.069949  -0.030425
     20       0.114600   0.021190  -0.012908   0.043566  -0.023246  -0.002464
     21      -0.024976   0.113350   0.227076  -0.047566   0.043598  -0.008539
     22      -0.021042  -0.066463  -0.098872   0.007930   0.092996  -0.026290
     23       0.069704   0.042966   0.082256  -0.008558  -0.015263  -0.055996
     24      -0.111304   0.052548  -0.016832  -0.050161   0.051670   0.058854
     25       0.006968  -0.033068   0.029849  -0.000621   0.078420  -0.052121
     26      -0.074489   0.011642  -0.078731  -0.104869   0.056942   0.083756
     27       0.056836  -0.069295  -0.033782  -0.210827  -0.062718  -0.066381
     28      -0.133365  -0.002217  -0.148449  -0.199580  -0.353802  -0.010458
     29      -0.046238   0.012376  -0.020810   0.245172   0.083633  -0.008918
     30       0.147807  -0.091877   0.027067  -0.201446   0.379604  -0.033230
     31      -0.051769  -0.020806  -0.094707  -0.197766   0.051908   0.021662
     32       0.014093  -0.026769   0.041439   0.244626  -0.092377  -0.111639
     33       0.089939  -0.044036   0.026946   0.061694   0.405223  -0.034254
     34      -0.102097  -0.004772  -0.071911   0.035783  -0.438600  -0.112205
     35      -0.022887   0.006601   0.035386   0.402083  -0.015980  -0.092388
     36       0.054343  -0.070633  -0.064879  -0.038753  -0.103315  -0.010334
     37       0.301455  -0.259415   0.228464  -0.162878  -0.189464   0.211291
     38       0.106189  -0.115682   0.056036  -0.120268  -0.068548   0.066848
     39      -0.043076   0.234788  -0.090445   0.012764  -0.088197  -0.029365
     40       0.065865   0.058138   0.024630  -0.005268  -0.017644  -0.007205
     41       0.264869  -0.311794   0.210549  -0.229067  -0.192312   0.234337
     42       0.001191   0.028267  -0.063069  -0.002692  -0.082201  -0.039573
     43       0.010345   0.421850  -0.048897  -0.021727  -0.042113   0.035360
     44      -0.049255   0.314583  -0.066067  -0.018941   0.011465  -0.054551
     45      -0.221789  -0.149017   0.162328   0.140950  -0.110204   0.180940
     46      -0.241135  -0.294735   0.246905   0.138889  -0.026226   0.230128
     47      -0.068236   0.183800  -0.023935  -0.011019   0.013366  -0.044730
     48       0.032168   0.022930  -0.099567   0.016026  -0.023737  -0.152125
     49      -0.219948  -0.165305   0.228151   0.116053  -0.056564   0.238330
     50      -0.289683  -0.239670   0.180362   0.125891   0.036909   0.128656
     51      -0.103335  -0.024224   0.014984   0.072732  -0.054220  -0.055847
     52       0.113437   0.010119  -0.021350   0.085228   0.052588  -0.042336
     53       0.003523  -0.058516  -0.053614  -0.046925   0.009201  -0.023417
     54       0.189764   0.079381  -0.119306   0.182214   0.036177   0.297570
     55      -0.047435  -0.063365   0.032087  -0.021425   0.033214  -0.207637
     56       0.252218   0.018098  -0.191597   0.193758  -0.044490   0.195381
     57       0.222766   0.048435  -0.236100   0.234952   0.019280   0.354061
     58       0.163921   0.036978  -0.059262   0.165557   0.090665   0.197197
     59       0.067183   0.062779   0.166011  -0.028592  -0.019388  -0.108514
     60      -0.082374   0.136957   0.313157  -0.111534   0.057410  -0.063240
     61      -0.085229  -0.139671  -0.339221   0.006959   0.117455   0.102506
     62       0.143457   0.012446  -0.018429   0.071669  -0.034373   0.003622
     63      -0.268594   0.068768  -0.217222  -0.151365   0.155815   0.303687
     64      -0.023539  -0.072819  -0.028756  -0.023314   0.104474  -0.029130
     65      -0.085257   0.003267  -0.098602  -0.111194   0.065492   0.094686
     66      -0.060808   0.051229   0.060787  -0.020962   0.021669  -0.022486
     67       0.055905   0.029265   0.234302  -0.003970   0.078657  -0.109237
     68      -0.217202   0.043310  -0.240219  -0.201694   0.154314   0.323900
                 12         13         14         15         16         17    
      0      -0.030699   0.020843  -0.000589  -0.255262  -0.021075  -0.056910
      1       0.035237   0.025807  -0.034470  -0.228465  -0.033857  -0.046414
      2       0.004423  -0.036645  -0.012672  -0.155168  -0.014268  -0.005888
      3       0.000877  -0.032847  -0.126633  -0.107774   0.071484  -0.052985
      4       0.003863  -0.032046   0.120206  -0.100984  -0.101989  -0.021971
      5      -0.003742   0.147068   0.002531  -0.061087   0.004115   0.128321
      6       0.007766   0.089830  -0.072058   0.104284  -0.045326   0.000051
      7       0.021506  -0.100285   0.149881   0.010150  -0.117958  -0.099124
      8       0.011870  -0.027387  -0.143266   0.012501   0.063983   0.066983
      9       0.021805   0.041873   0.028150   0.188512  -0.204043  -0.108166
     10       0.003674   0.025891   0.029543  -0.006265   0.061194   0.032540
     11       0.010634  -0.024298  -0.052070   0.050982  -0.122234  -0.105785
     12       0.024873  -0.054003   0.192334   0.031829   0.092908   0.129076
     13      -0.012505   0.071088  -0.029670  -0.029605   0.007528   0.009645
     14       0.004722   0.000230  -0.050964   0.048833  -0.113986  -0.063279
     15       0.019570  -0.091628   0.109478   0.006062   0.095588   0.131432
     16      -0.012517  -0.088965  -0.118228   0.035553  -0.071347   0.147808
     17      -0.001201   0.082199   0.008540   0.077934   0.023067   0.126229
     18      -0.006049   0.063534   0.010101  -0.024590  -0.013611   0.019278
     19      -0.019949  -0.066716  -0.184034   0.079088  -0.058348   0.154583
     20      -0.004659  -0.000707   0.047646   0.024085   0.102720  -0.105217
     21      -0.006446   0.036350  -0.020677   0.021087  -0.036753   0.050723
     22      -0.017166   0.033033   0.000996   0.151030   0.178138  -0.150241
     23      -0.004289  -0.020291   0.044306   0.023671   0.083029  -0.108141
     24      -0.021685  -0.102746  -0.135082   0.029835   0.105392  -0.133669
     25      -0.004788   0.104210   0.095516   0.089887   0.050645  -0.009550
     26      -0.018509  -0.037650   0.149334   0.005347  -0.050288   0.076791
     27      -0.359553   0.105897  -0.023980  -0.248783  -0.018094  -0.037110
     28       0.127046   0.112836  -0.204264  -0.227334   0.028873  -0.034052
     29       0.468143  -0.053002  -0.146777  -0.165388   0.041621  -0.018629
     30      -0.106214   0.103260   0.177392  -0.253710  -0.081781  -0.033149
     31       0.377488   0.125449  -0.027125  -0.225925  -0.025465  -0.025626
     32      -0.446587  -0.088571   0.115529  -0.160843  -0.071483  -0.012287
     33       0.346698  -0.083246   0.005921  -0.275038  -0.017136  -0.096701
     34      -0.372917  -0.089578  -0.048913  -0.242122  -0.047622  -0.082540
     35      -0.000195  -0.193011  -0.017834  -0.179877  -0.020598  -0.057089
     36       0.001869   0.184849  -0.012468   0.101402   0.024510   0.204884
     37       0.043445  -0.327366  -0.015561   0.058955   0.113277  -0.083881
     38       0.010998  -0.009426  -0.136781   0.011888   0.085804   0.114215
     39       0.001027   0.124901  -0.122722   0.178929  -0.007652  -0.008302
     40       0.014736  -0.026397   0.202357  -0.008266  -0.194677  -0.108140
     41       0.029634  -0.254392  -0.306571   0.086333   0.288397   0.078912
     42       0.009908   0.093491  -0.067218   0.118149   0.006961   0.064286
     43      -0.008714   0.074622  -0.060352  -0.096368   0.320910   0.243207
     44       0.014804  -0.072857   0.074140  -0.076443   0.236585   0.201065
     45       0.023362   0.056128   0.326664  -0.133982   0.275755  -0.042576
     46      -0.021732   0.150025   0.010493  -0.098511   0.092898  -0.018229
     47       0.014222  -0.040550  -0.042522   0.056882  -0.141478  -0.112064
     48       0.024285  -0.179393   0.097765   0.077445   0.033047   0.300854
     49      -0.013399   0.179071   0.061226  -0.091103   0.091461  -0.120975
     50      -0.007745   0.027948  -0.005901  -0.110028   0.079205  -0.011458
     51       0.026201  -0.159049   0.101196   0.116548   0.009332   0.106199
     52      -0.014627  -0.149878  -0.093913   0.121057   0.040198   0.055859
     53      -0.002618   0.116418   0.005679   0.025381   0.022527   0.152116
     54      -0.023711   0.154549  -0.081693  -0.059764  -0.122921  -0.049762
     55       0.003032  -0.195879  -0.073019   0.106443   0.054145   0.285291
     56      -0.013534   0.015939  -0.028247  -0.098642  -0.099419   0.018897
     57      -0.021465   0.143675  -0.061380  -0.090836  -0.142568   0.014647
     58      -0.046212   0.032051  -0.335068  -0.022398  -0.278049   0.085286
     59      -0.002095  -0.034639   0.045205   0.039476   0.124836  -0.140305
     60      -0.007410   0.017827  -0.035973   0.030583  -0.068515   0.124661
     61      -0.030270  -0.041419  -0.009585   0.178706   0.280859  -0.354985
     62      -0.002255   0.006816   0.064262   0.015379   0.130646  -0.203859
     63      -0.054011  -0.360241   0.045485   0.076883  -0.111676  -0.022089
     64      -0.005059   0.211441   0.035554   0.100089   0.039854   0.185786
     65      -0.019527  -0.016918   0.142525   0.009841  -0.058889   0.128443
     66      -0.010704  -0.014436  -0.185341   0.018836   0.166549  -0.159820
     67       0.005420   0.161784   0.143351   0.155477   0.034106   0.000196
     68      -0.046853  -0.298718   0.331488   0.075307  -0.255797   0.166311
                 18         19         20         21         22         23    
      0      -0.000169  -0.036234   0.043906  -0.004872  -0.022351  -0.052732
      1      -0.000096  -0.035548   0.022824   0.025712  -0.027517   0.066221
      2      -0.000554   0.025526  -0.018675   0.003159   0.006614  -0.004335
      3       0.010261  -0.014221   0.005877  -0.051138   0.002506  -0.067963
      4       0.012077  -0.029090  -0.021938   0.040965   0.031819   0.078872
      5      -0.000831   0.129763  -0.065818  -0.006745   0.038577  -0.022840
      6       0.060800  -0.077902   0.009162   0.012605   0.080498   0.103510
      7      -0.098311   0.142340  -0.003689  -0.007992   0.071450  -0.003193
      8       0.078816  -0.058212  -0.062099   0.073914   0.009954  -0.051351
      9       0.018976   0.001178  -0.001372   0.020058  -0.072255  -0.027220
     10      -0.027315  -0.001540  -0.001791   0.002392  -0.017137  -0.023341
     11       0.070434   0.010926  -0.026138   0.010349  -0.071910  -0.071817
     12       0.110979   0.124302   0.038075  -0.026748  -0.075820  -0.009672
     13      -0.072839  -0.048180  -0.018718  -0.058142  -0.027558  -0.074976
     14      -0.050919  -0.042329   0.027671  -0.041693   0.099188   0.104137
     15      -0.073251  -0.066533  -0.047341  -0.009442   0.051830  -0.038697
     16      -0.059856  -0.052193  -0.046227  -0.039950   0.008986  -0.005925
     17      -0.302651   0.060735   0.119512   0.040727  -0.072461   0.019036
     18      -0.065144  -0.049989  -0.055831   0.055618   0.134660  -0.027457
     19       0.119522   0.127519   0.012377   0.059926   0.025718   0.007712
     20      -0.025273  -0.034630  -0.048516   0.035862  -0.173899   0.009327
     21      -0.021759  -0.008419  -0.008867   0.000365   0.000608   0.000414
     22       0.026325  -0.003163   0.099143   0.012637   0.138532  -0.066527
     23       0.072131   0.015679   0.057057  -0.005984   0.130951  -0.017363
     24      -0.087734   0.134054  -0.037049  -0.009714  -0.087940   0.063157
     25       0.074062  -0.100441  -0.013588  -0.019238  -0.165412  -0.000314
     26       0.084156  -0.050163  -0.025401  -0.133934   0.074301  -0.006793
     27       0.032397   0.132229  -0.043619  -0.044131   0.048232  -0.193097
     28       0.022531   0.103443   0.004200  -0.067373   0.065396  -0.319690
     29      -0.019971  -0.037518   0.066936  -0.037816   0.009803  -0.202562
     30       0.022270   0.104551  -0.101174   0.087350  -0.034448   0.326744
     31       0.030833   0.116341  -0.089160   0.043484   0.012272   0.138432
     32      -0.021946  -0.041921   0.002384   0.054134  -0.048295   0.200414
     33      -0.046740  -0.219556   0.149682   0.044801  -0.110079   0.127152
     34      -0.040866  -0.190841   0.159454  -0.004916  -0.059890  -0.093465
     35      -0.063318  -0.217922   0.153413   0.018079  -0.080358   0.016988
     36       0.054169  -0.056461  -0.040769   0.099560   0.247189   0.218140
     37      -0.087108  -0.060710   0.229844  -0.242265  -0.083267   0.235976
     38       0.082462  -0.060316  -0.070222   0.090095   0.042468  -0.021691
     39       0.070126  -0.135167   0.009618  -0.006570   0.023223   0.041169
     40      -0.108626   0.211604  -0.077082   0.065285   0.114158  -0.084157
     41       0.097225  -0.266682   0.165981  -0.160447  -0.151437   0.168902
     42       0.104711  -0.150077   0.092787   0.052927  -0.028535   0.223858
     43       0.068731  -0.152845   0.119344   0.041005   0.044080   0.285470
     44       0.204829   0.120427   0.180213   0.083310  -0.057086   0.296521
     45       0.484951   0.254251  -0.012530   0.275718  -0.043033   0.064739
     46      -0.000153  -0.009445  -0.004218   0.102999  -0.005085   0.017311
     47       0.022301  -0.031031  -0.013336  -0.089544   0.078804   0.018863
     48       0.008136   0.056919   0.026815  -0.273244  -0.038866  -0.050724
     49       0.051089   0.021104  -0.012329   0.170326  -0.048176  -0.020333
     50       0.173937   0.031371   0.002361   0.100756   0.183938   0.219398
     51      -0.144520  -0.232680  -0.041712  -0.131111   0.190129   0.046760
     52      -0.108162  -0.217139  -0.182503   0.013782  -0.117302  -0.045407
     53      -0.280385   0.143531   0.152022   0.062435  -0.084411   0.006492
     54       0.047102   0.041251   0.154165  -0.112102   0.052169  -0.003497
     55       0.012946   0.022363  -0.260725   0.261142   0.087715  -0.015505
     56       0.194794   0.071176   0.062330  -0.152600  -0.494806   0.079323
     57       0.048741   0.037482   0.150163  -0.143486  -0.050572   0.004913
     58       0.448105   0.278784   0.231103  -0.183442  -0.155411   0.062840
     59       0.032512  -0.048838  -0.143335   0.120134  -0.057363  -0.001727
     60       0.050989   0.028581   0.257316  -0.026460   0.051963  -0.091931
     61      -0.139820   0.077392  -0.511490  -0.185440  -0.018514   0.264317
     62      -0.011770  -0.032207  -0.228499   0.038514   0.103414   0.069666
     63      -0.071883  -0.135968   0.141968   0.444858  -0.276071  -0.095156
     64       0.071380  -0.061071  -0.122233  -0.153616  -0.426735  -0.033428
     65       0.088542  -0.050605  -0.044315  -0.157070   0.014492  -0.022166
     66      -0.094403   0.214678  -0.085655  -0.150459  -0.029261   0.109149
     67       0.096031  -0.126133  -0.015303  -0.085085  -0.112910   0.041413
     68       0.108485  -0.314852   0.158137   0.311466  -0.068357  -0.151375
                 24         25         26         27         28         29    
      0      -0.050181   0.050917  -0.007350  -0.028978  -0.041319   0.036279
      1       0.075891   0.002213  -0.021262   0.009612  -0.026849  -0.018825
      2      -0.017459  -0.028665  -0.118180  -0.012998   0.005299   0.048303
      3      -0.053794   0.017109   0.072302   0.036082   0.047026  -0.062558
      4       0.064827  -0.041091   0.074022   0.000832   0.040221  -0.010126
      5       0.000858  -0.036509  -0.014319   0.008957   0.024094  -0.049202
      6      -0.097985  -0.015899   0.018405  -0.029028   0.022513  -0.068502
      7      -0.128148  -0.010998   0.048333  -0.004858   0.027519  -0.014753
      8       0.062123  -0.084094   0.100014  -0.023661  -0.019872   0.045745
      9       0.091930   0.033724  -0.030636   0.014554   0.014165   0.069036
     10       0.039564   0.007165  -0.015898   0.043926  -0.037224   0.003920
     11       0.074773   0.045565  -0.010803  -0.018108   0.055524  -0.025120
     12       0.050371  -0.012301  -0.010072  -0.110729  -0.035500  -0.045077
     13       0.072731  -0.057160  -0.017446  -0.039114  -0.046177  -0.038609
     14      -0.110619  -0.041133  -0.022157   0.018216  -0.055230  -0.017441
     15       0.004994  -0.043832   0.003084   0.129912  -0.015101   0.065096
     16       0.020549  -0.017675   0.005122  -0.099993   0.120373   0.005399
     17       0.017980   0.061900   0.027546  -0.002992  -0.013248   0.027461
     18       0.030053   0.070475  -0.042034   0.002012   0.019208  -0.068875
     19      -0.021490   0.083419  -0.019029   0.074803  -0.092598   0.004209
     20      -0.081943  -0.026894  -0.011497  -0.002046   0.026004  -0.023813
     21      -0.007033   0.035545   0.002278  -0.055254  -0.024079   0.031381
     22       0.037938  -0.029240  -0.026927  -0.013752   0.042476   0.000973
     23       0.050124  -0.024557  -0.000063   0.017236  -0.040244   0.004544
     24       0.016733  -0.061252   0.026018   0.050142   0.024950  -0.005644
     25      -0.091699  -0.020537   0.007112   0.037783  -0.036876  -0.015956
     26       0.024582   0.086888   0.036215   0.048765   0.042710   0.015422
     27      -0.269720  -0.013088  -0.279634  -0.089460   0.010696   0.182808
     28      -0.401720   0.074532  -0.179689  -0.131356  -0.019075   0.201239
     29      -0.208433   0.113027   0.042884  -0.074068  -0.050177   0.086150
     30       0.325579  -0.211768  -0.312154   0.077889   0.028224  -0.027938
     31       0.097645  -0.149383  -0.304140   0.014940   0.031356   0.052212
     32       0.240790  -0.051433  -0.026082   0.058106  -0.011363  -0.077564
     33       0.213087   0.111394   0.249160   0.048197  -0.103000  -0.120913
     34      -0.053919   0.195372   0.255026  -0.044616  -0.098022  -0.013934
     35       0.088278   0.151318   0.268796   0.007137  -0.089260  -0.067303
     36      -0.171254  -0.214188   0.131122  -0.076995  -0.125095  -0.069514
     37      -0.053190   0.263095  -0.353158   0.058715   0.067729  -0.149685
     38       0.048677  -0.123091   0.119260  -0.037000  -0.049800   0.043014
     39      -0.036622   0.028050  -0.042829   0.050204  -0.052094  -0.112901
     40      -0.143575  -0.095019   0.174742  -0.018155   0.022217   0.035423
     41       0.144963   0.192269  -0.315139   0.041731  -0.007721  -0.107035
     42       0.028032   0.041616  -0.029528  -0.085777   0.124612   0.247682
     43      -0.064230   0.018666  -0.006683  -0.086228   0.100550   0.212936
     44      -0.124628   0.132974   0.049354  -0.304422   0.319230   0.229765
     45      -0.064239   0.240826   0.054634   0.100895   0.154029   0.015773
     46      -0.006580   0.068235   0.054098   0.011784   0.138080   0.117925
     47      -0.058406  -0.068447  -0.071687   0.054124  -0.168309  -0.163366
     48       0.063250  -0.245574  -0.037506  -0.357418  -0.180208  -0.270443
     49       0.037129   0.150815   0.022199   0.153768   0.108087   0.149113
     50      -0.286278   0.046210   0.092775  -0.049946   0.173596  -0.052245
     51      -0.094376  -0.214078  -0.123919   0.257271  -0.135950   0.378063
     52      -0.062020  -0.032011  -0.112919  -0.217389   0.422110   0.119015
     53       0.062038   0.111865   0.094656  -0.008621  -0.047219  -0.086820
     54       0.066376  -0.070920   0.038821  -0.113811  -0.014736   0.049949
     55      -0.085892   0.245954  -0.110199   0.307952  -0.049751  -0.122981
     56      -0.147472  -0.231281   0.115881   0.283086   0.019726   0.162638
     57       0.038984  -0.114963   0.071588   0.060084   0.048798   0.121789
     58      -0.017157  -0.126855   0.084859  -0.026192  -0.212016   0.127673
     59      -0.083738   0.054378  -0.078787  -0.117943  -0.067268  -0.171325
     60       0.032866  -0.127632   0.008430   0.130255   0.186643   0.041934
     61       0.045350   0.336162   0.125221  -0.363591  -0.408792   0.296167
     62       0.011807   0.152718  -0.019974  -0.186841  -0.262736  -0.030824
     63      -0.205830  -0.220134  -0.130219  -0.124948  -0.143582  -0.081798
     64      -0.236866   0.071202  -0.016314   0.206595   0.123946  -0.271390
     65      -0.014793   0.107703   0.026022   0.085930   0.076043  -0.046558
     66       0.083441  -0.014251   0.076947   0.100382   0.079942   0.028924
     67      -0.044488   0.022724   0.046296  -0.036063  -0.127971   0.234764
     68      -0.163418  -0.063828  -0.118626  -0.147170  -0.163330   0.013597
                 30         31         32         33         34         35    
      0      -0.031557  -0.038608   0.061287  -0.025165   0.046553  -0.017934
      1      -0.060014  -0.035354   0.006638   0.071217  -0.001288   0.000222
      2      -0.012434   0.034375  -0.013966   0.011119   0.005539   0.039542
      3       0.086619   0.070558  -0.114779   0.015773  -0.120949   0.040819
      4       0.092386   0.060998  -0.060528  -0.144284  -0.015428  -0.002123
      5       0.040223  -0.020685  -0.006579  -0.048983  -0.042920  -0.103082
      6      -0.035345   0.084597  -0.079662   0.062107   0.072206  -0.022029
      7      -0.011011  -0.016525  -0.015055   0.095461   0.018896   0.008054
      8      -0.022429  -0.030577   0.036670   0.028623  -0.001228   0.069536
      9       0.036002  -0.062682   0.067065  -0.043193  -0.047439   0.027157
     10      -0.052222   0.016649   0.056132  -0.080565  -0.064521   0.017444
     11       0.006724   0.073227  -0.067996   0.035284   0.059308  -0.072741
     12      -0.032460  -0.034634   0.037718  -0.021961   0.020957   0.013304
     13       0.073990  -0.051373  -0.064552   0.046661   0.074932  -0.010661
     14      -0.003396  -0.083651   0.058325  -0.079594  -0.044288   0.043766
     15       0.013581   0.062595  -0.064000   0.019070  -0.032740  -0.038786
     16      -0.031681   0.072510   0.063080  -0.041450  -0.028442  -0.012816
     17      -0.026512   0.070560   0.003212   0.020013  -0.001796   0.012411
     18       0.045878  -0.038094   0.063316   0.002468   0.057642   0.029368
     19       0.003424  -0.035193  -0.018242   0.037703  -0.002036   0.004206
     20      -0.042395  -0.113079  -0.119331  -0.019730  -0.030657   0.011885
     21      -0.043684  -0.029637  -0.128738  -0.002993  -0.063275  -0.009432
     22      -0.053998  -0.081257  -0.087370  -0.006826  -0.021600  -0.001169
     23       0.063704   0.100110   0.122252   0.027148   0.025334  -0.015517
     24       0.024821   0.000881   0.123699  -0.023574   0.072180  -0.006937
     25       0.063828   0.098610   0.088460   0.016238   0.031217   0.011169
     26      -0.028109  -0.041127  -0.013128   0.015432   0.020615   0.037663
     27       0.024058   0.081403   0.026998  -0.071615   0.073178   0.082502
     28       0.036661   0.030159   0.093662  -0.139056   0.123009   0.026386
     29       0.005908  -0.049700   0.111531  -0.120671   0.091913  -0.054352
     30      -0.110696   0.043067  -0.088210   0.232951  -0.041007   0.100863
     31      -0.046930   0.080829  -0.074598   0.111913  -0.014977   0.108489
     32      -0.092939  -0.045012  -0.024091   0.157785  -0.037392  -0.000014
     33      -0.135587  -0.180623   0.088165   0.137018   0.009588  -0.082905
     34      -0.065914  -0.163672   0.167410  -0.064508   0.097654  -0.107240
     35      -0.091072  -0.161544   0.116699   0.033487   0.042353  -0.089881
     36      -0.145305  -0.087888   0.015037  -0.244456   0.238983  -0.513040
     37       0.093662   0.110876  -0.128543  -0.148550  -0.008379  -0.189868
     38      -0.044152  -0.061997   0.052840  -0.036510   0.040251  -0.035564
     39      -0.311930   0.263211   0.036776   0.260460   0.070620   0.289368
     40      -0.020820  -0.070092   0.021206   0.149430  -0.001196   0.068462
     41      -0.008949   0.147901  -0.049922  -0.153150   0.031055  -0.084587
     42       0.353035  -0.276738   0.070099  -0.057614  -0.072089   0.132329
     43       0.318940  -0.241298   0.053350  -0.056020  -0.076357   0.130449
     44       0.396120  -0.216164  -0.096448   0.382927   0.203396  -0.125512
     45      -0.298383   0.167474   0.124937  -0.210248  -0.131989  -0.093793
     46       0.020048   0.095629   0.030140   0.117774  -0.032274   0.062625
     47      -0.051429  -0.145817  -0.020560  -0.229252   0.015358  -0.092134
     48       0.021253  -0.102472   0.040839   0.001868   0.075877   0.251666
     49      -0.002432   0.043669  -0.037916   0.022280   0.002460  -0.172784
     50      -0.194687   0.217958   0.191837  -0.074301  -0.193262   0.301300
     51      -0.057128  -0.126011   0.124026   0.323958  -0.121702  -0.313486
     52      -0.370129  -0.059455   0.331323   0.011791   0.017411  -0.173315
     53       0.072257   0.156970  -0.113673  -0.078949   0.010265   0.127805
     54      -0.015111   0.110429   0.114055   0.081652  -0.181828  -0.077171
     55       0.082651  -0.233472  -0.146644  -0.102066   0.399662   0.166605
     56      -0.071953  -0.026873  -0.378760  -0.179178   0.253360   0.081523
     57      -0.051902   0.111537  -0.041443  -0.038194   0.101390   0.022299
     58      -0.019375   0.054623  -0.038782   0.104932  -0.285594  -0.147685
     59       0.059438  -0.220360  -0.004281   0.063779  -0.240228  -0.066544
     60      -0.127023  -0.102028  -0.138892  -0.068898   0.095618   0.047943
     61      -0.076418   0.157085  -0.274119  -0.008229  -0.082713  -0.028827
     62       0.165942   0.166594   0.151103   0.107054  -0.160498  -0.083260
     63       0.128485   0.147073   0.027490  -0.000175  -0.101734  -0.088149
     64       0.060918  -0.212989   0.455804   0.316307  -0.257951  -0.084852
     65      -0.027224  -0.111147   0.068752   0.091556  -0.053139   0.016289
     66      -0.019427  -0.044079   0.128480  -0.047100   0.143147   0.021427
     67      -0.094861   0.189727  -0.015842  -0.073281   0.388321   0.138627
     68       0.036682   0.135203  -0.106021   0.039145  -0.050779   0.000110
                 36         37         38         39         40         41    
      0      -0.026585  -0.034195   0.018877   0.009334  -0.003930  -0.008960
      1      -0.016423   0.053904  -0.012380   0.006278   0.007567   0.011129
      2       0.042236  -0.026004  -0.037298   0.012904  -0.009454  -0.000343
      3       0.078358   0.110535  -0.051792  -0.071235   0.005601   0.052112
      4       0.050794  -0.155482   0.057922  -0.042864  -0.037452  -0.040185
      5      -0.132428   0.086927   0.119010  -0.035000   0.030409   0.009885
      6       0.013795  -0.035093   0.044597  -0.018555   0.006974  -0.092416
      7      -0.007651   0.033609   0.005660   0.015294   0.010720   0.007500
      8       0.047838  -0.021621   0.011143   0.003665  -0.006156  -0.015631
      9      -0.040085   0.022397  -0.023198   0.004153  -0.000550   0.019635
     10      -0.030539  -0.000241  -0.040904  -0.029029  -0.010199   0.014118
     11      -0.036902  -0.033006  -0.048337  -0.013968  -0.004913  -0.026888
     12       0.057130  -0.009159   0.022158  -0.009320  -0.019401   0.046011
     13       0.018996   0.003476   0.008445  -0.006013  -0.002720  -0.039379
     14       0.041285   0.042159   0.015422   0.030305  -0.002090   0.071289
     15      -0.050567  -0.007540  -0.013759   0.087258   0.045665  -0.011686
     16      -0.021473   0.019291   0.012807   0.120436   0.055256   0.037383
     17       0.064301  -0.026858  -0.011918  -0.049029  -0.014969  -0.017319
     18       0.004681  -0.006471  -0.006928  -0.025193   0.025781   0.026283
     19       0.028787  -0.006337  -0.022486  -0.050667  -0.005992  -0.053731
     20      -0.002340  -0.047858  -0.014680  -0.009243   0.035469  -0.040096
     21      -0.013438   0.007486   0.012336   0.030825  -0.069055  -0.001069
     22      -0.027497  -0.013873   0.004603   0.030050  -0.007014   0.006466
     23      -0.007951   0.050295   0.005362   0.044867  -0.052294  -0.022444
     24      -0.006807  -0.041479   0.011349  -0.009446   0.028045  -0.005181
     25       0.018869   0.037259  -0.003862  -0.065156  -0.021096   0.073878
     26       0.045052  -0.031314  -0.034291  -0.039791   0.010590   0.025650
     27       0.106454  -0.141618  -0.084580   0.042446  -0.028096  -0.014364
     28       0.023074  -0.172069   0.000004   0.062868  -0.003498  -0.029988
     29      -0.079583  -0.098152   0.089326   0.027916   0.014890  -0.029494
     30       0.065776   0.102428  -0.114404   0.054913   0.031320   0.000827
     31       0.119002  -0.024781  -0.114894   0.036761  -0.025031  -0.018021
     32      -0.050441   0.157851  -0.010422   0.016352   0.052585   0.034791
     33      -0.117668   0.155859   0.005744   0.006305   0.031478   0.030434
     34      -0.120671  -0.064081   0.096672   0.023815  -0.008311  -0.057490
     35      -0.104787   0.038930   0.037748   0.017866   0.006726  -0.017542
     36       0.075530  -0.066470  -0.642321   0.103155  -0.084701   0.272758
     37      -0.112075   0.044475  -0.030548  -0.055864   0.010675  -0.063142
     38       0.060970  -0.034969  -0.125341   0.027925  -0.025608   0.059898
     39      -0.048169  -0.303996   0.462989   0.184302  -0.023142   0.396859
     40       0.017420   0.058562  -0.006718   0.015881   0.012003  -0.008579
     41      -0.062807  -0.115225   0.089337   0.007560  -0.012317   0.084888
     42      -0.033782   0.100228   0.021548   0.046928   0.032223  -0.162816
     43      -0.007552   0.092815   0.031082   0.031827   0.028598  -0.154595
     44      -0.014421   0.017456   0.023751   0.084726  -0.000268   0.231788
     45       0.211271   0.119712   0.136351   0.080601   0.112500  -0.242588
     46      -0.250342  -0.137358  -0.126606  -0.067979  -0.058240   0.140075
     47       0.393145   0.246169   0.200167   0.138447   0.115442  -0.240828
     48      -0.271925  -0.035089  -0.108381  -0.196303  -0.071192  -0.227709
     49       0.215338   0.012459   0.084108   0.118226   0.034124   0.153211
     50      -0.561683  -0.045983  -0.260535  -0.199794  -0.060249  -0.171583
     51      -0.065659  -0.231183   0.170912  -0.434996  -0.041042  -0.116225
     52       0.233921   0.357501   0.116279  -0.424607  -0.231534   0.011764
     53       0.012488  -0.044352  -0.087249   0.219209   0.076400   0.017562
     54       0.076034  -0.069279  -0.040964  -0.031390   0.099021  -0.093537
     55      -0.112165   0.127790   0.052199  -0.008477  -0.171124   0.156816
     56      -0.204563   0.141115   0.107706   0.164699  -0.256305   0.142203
     57      -0.007326   0.161240   0.004802   0.081578  -0.185337  -0.103446
     58      -0.014839  -0.170000   0.033561  -0.049578   0.215537   0.216098
     59      -0.013429  -0.331659   0.002696  -0.121907   0.401305   0.257867
     60      -0.010769   0.033942  -0.007360   0.007629  -0.000267  -0.051008
     61      -0.057551   0.143721   0.032174   0.120828  -0.137753  -0.072642
     62      -0.013119   0.005918   0.027876   0.074014  -0.124716   0.043807
     63      -0.080997   0.108765   0.062835   0.047136  -0.061083  -0.004825
     64       0.060331  -0.178462  -0.122166   0.500592  -0.158107  -0.355044
     65       0.053449  -0.072667  -0.062222   0.094067  -0.021678  -0.073508
     66       0.010841  -0.070928  -0.008202  -0.035603   0.098186  -0.015790
     67      -0.044162   0.275714  -0.090091  -0.048092   0.656982  -0.163918
     68      -0.054349   0.188072  -0.000312   0.046540   0.106847  -0.052752
                 42         43         44         45         46         47    
      0       0.011443  -0.001530  -0.011339  -0.102761   0.003864   0.024690
      1      -0.006586   0.007554  -0.013878  -0.090861   0.004592  -0.038250
      2      -0.002928   0.011812   0.000526  -0.060586   0.017266   0.009343
      3      -0.064181  -0.036895   0.025326   0.032496   0.058798   0.005212
      4       0.006307  -0.061256   0.048199   0.022639   0.049026  -0.011116
      5       0.001339  -0.049194  -0.006210   0.015501  -0.006445  -0.001877
      6       0.003981   0.052418   0.054445  -0.022761  -0.105125   0.020367
      7       0.020063   0.011823  -0.027706   0.003192   0.011943  -0.013982
      8      -0.008949   0.019419   0.017002  -0.009336  -0.024102   0.003736
      9      -0.006346  -0.008214  -0.024359   0.003203   0.034055   0.036686
     10      -0.031406  -0.008480   0.031220  -0.004553  -0.030573   0.033591
     11       0.016559   0.013404   0.002246   0.001310  -0.001882  -0.047635
     12      -0.041185  -0.027336   0.062355  -0.008962  -0.072883  -0.027783
     13       0.036494   0.007743  -0.029779   0.004300   0.049139   0.016795
     14       0.005809  -0.053791   0.039793  -0.007277  -0.064021   0.001452
     15       0.158770  -0.007193  -0.019148  -0.011254  -0.026432   0.016459
     16      -0.113227   0.055288  -0.047270  -0.004809  -0.038600  -0.001398
     17      -0.004096   0.049119   0.021899   0.003038   0.047694  -0.005267
     18      -0.030646   0.022897   0.017037  -0.000449   0.013094  -0.002613
     19       0.026212  -0.084258  -0.058992  -0.000189  -0.028443   0.000780
     20      -0.027059  -0.079273  -0.074236   0.000257  -0.050146   0.000080
     21      -0.002756   0.014333  -0.000940   0.002790   0.000771   0.000753
     22      -0.005134   0.023175   0.023730  -0.002101   0.012112   0.001048
     23      -0.008915  -0.009495   0.024899  -0.000533   0.015685  -0.001596
     24       0.013214   0.009901  -0.007905  -0.003755  -0.018352  -0.010633
     25       0.018017   0.058773  -0.098921  -0.000967  -0.061191   0.002099
     26       0.013974   0.026331  -0.038729  -0.003625  -0.017139   0.009612
     27      -0.003418   0.054931   0.017935   0.257164  -0.016361  -0.212722
     28       0.034975   0.035726   0.005065   0.487929  -0.098813  -0.229760
     29       0.049355  -0.022940  -0.015258   0.093537  -0.062302   0.076906
     30       0.020091   0.051852   0.026443   0.508461  -0.110268   0.191994
     31       0.011476   0.044981   0.037739   0.202023  -0.011767   0.329862
     32      -0.008394   0.008185  -0.030297   0.092032  -0.055493  -0.269056
     33      -0.014586   0.040158  -0.018852   0.285550  -0.061582  -0.335081
     34       0.060132  -0.000533   0.025862   0.239697  -0.067314   0.444752
     35       0.024084   0.033587   0.018697   0.432927  -0.083812   0.073860
     36       0.000463  -0.109089  -0.151660   0.053103   0.313947  -0.091750
     37       0.008692  -0.015072   0.083293  -0.028827  -0.031680  -0.102472
     38      -0.009904  -0.014374  -0.029705   0.007829   0.060806  -0.015253
     39       0.104110  -0.360062  -0.230871   0.099040   0.461793  -0.146240
     40       0.016864   0.029868  -0.001525  -0.017981  -0.006109  -0.051774
     41       0.011642  -0.093164  -0.078275   0.051640   0.092226   0.079859
     42       0.169294   0.106832  -0.092071   0.020755   0.077089  -0.261701
     43       0.150281   0.099105  -0.052421   0.014091   0.029687  -0.246654
     44      -0.084520  -0.136670  -0.104364   0.004253   0.161857   0.344915
     45      -0.120701   0.259111  -0.271348   0.042445   0.256058  -0.018635
     46      -0.021977  -0.148260   0.114178  -0.012443  -0.157875  -0.080424
     47       0.043886   0.237930  -0.248379   0.028237   0.291405   0.122894
     48       0.047213   0.069358  -0.128382   0.032086   0.225617   0.006909
     49      -0.035838  -0.051897   0.107802  -0.026058  -0.165431  -0.002077
     50       0.071242   0.101126  -0.062722   0.015784   0.198088   0.115085
     51      -0.625516   0.090958  -0.034605   0.050795   0.152911  -0.055796
     52       0.534154  -0.119396   0.264832   0.016772   0.156924   0.005446
     53       0.065448   0.066561  -0.044541  -0.022655  -0.038874   0.013454
     54       0.062080  -0.135222  -0.150042  -0.006245  -0.064111   0.000810
     55      -0.110922   0.221231   0.252495   0.008072   0.126142  -0.004067
     56      -0.103682   0.321861   0.228231   0.004148   0.176098  -0.003844
     57      -0.057213  -0.146577  -0.057918   0.006748  -0.070042   0.002176
     58       0.277088   0.302665   0.291497  -0.008037   0.125773   0.012885
     59       0.142732   0.336197   0.199672  -0.014116   0.129911   0.002559
     60      -0.020978  -0.077840  -0.002518  -0.005861   0.001727  -0.014477
     61      -0.026530  -0.055498   0.072341   0.002666   0.054125  -0.013408
     62       0.012193   0.112185   0.034639   0.008960   0.018434   0.017699
     63      -0.051329  -0.055273   0.006120  -0.012471   0.084649   0.086880
     64      -0.085555  -0.162811   0.396033  -0.008629   0.225262  -0.025735
     65      -0.010599  -0.024713   0.080431  -0.004388   0.048650   0.004034
     66       0.004549  -0.020270   0.000235  -0.015406   0.016661   0.021161
     67      -0.153499  -0.332680   0.360117   0.017900   0.238878   0.019168
     68      -0.048627  -0.079536   0.150764   0.030139   0.025751  -0.082496
                 48         49         50         51         52         53    
      0      -0.026067   0.014401  -0.002266   0.006404  -0.001109   0.000415
      1       0.003709  -0.011591   0.016211  -0.008618   0.000854  -0.002525
      2       0.039386  -0.001762  -0.026834   0.007354  -0.008271  -0.007269
      3      -0.023526   0.015638  -0.005478   0.005013  -0.007636  -0.007412
      4       0.002109  -0.023233   0.020216  -0.002041   0.003831  -0.002411
      5       0.019457   0.004481  -0.020592   0.004883  -0.010349  -0.003136
      6       0.012358  -0.022014   0.016463  -0.018316   0.010413  -0.012871
      7      -0.003970   0.040858   0.000599  -0.020332  -0.045613  -0.053138
      8      -0.000092  -0.017298  -0.004043   0.013534   0.028722   0.040219
      9       0.009620  -0.038632   0.022440  -0.000043   0.010327   0.002879
     10       0.008065  -0.035721   0.020712  -0.008563   0.013713  -0.005572
     11      -0.013839   0.050298  -0.027742   0.004131  -0.014526  -0.004228
     12      -0.000240   0.037040  -0.000433   0.002293  -0.062941   0.035872
     13       0.005316  -0.021791   0.013682   0.003133   0.003789   0.008032
     14      -0.004230  -0.008366  -0.021169  -0.014985   0.044587  -0.035678
     15       0.014140  -0.020578   0.008143  -0.005643   0.014112  -0.001691
     16       0.001231   0.014013  -0.006702   0.007648  -0.003378   0.004824
     17      -0.008686   0.004134   0.005174   0.002354   0.002154  -0.003267
     18      -0.002378   0.002186  -0.008066  -0.007112   0.005340   0.003613
     19      -0.014935  -0.029107  -0.032354  -0.040210  -0.019796   0.015448
     20       0.020943   0.023618   0.029665   0.044676   0.008936  -0.007527
     21      -0.006497  -0.003391   0.000146  -0.000158  -0.009257  -0.001636
     22      -0.004683  -0.002852  -0.002615  -0.006603  -0.008550  -0.000699
     23       0.004501   0.004431   0.002007  -0.002046   0.012988   0.000267
     24      -0.018255  -0.041365  -0.012865   0.046390  -0.026046  -0.020751
     25      -0.001313   0.000198  -0.004665   0.016729   0.004099   0.001914
     26       0.010952   0.024181   0.011289  -0.032018   0.011989   0.017558
     27       0.370340  -0.167026  -0.049414  -0.026588  -0.014034  -0.022282
     28      -0.082399  -0.124072   0.226191  -0.089317   0.072914   0.046865
     29      -0.501300   0.089893   0.240067  -0.034864   0.076697   0.066286
     30      -0.296766   0.123123   0.056304   0.003131   0.040145   0.053149
     31       0.114795   0.140674  -0.268470   0.092856  -0.057823  -0.018905
     32      -0.317460  -0.082484   0.348331  -0.111847   0.091474   0.052475
     33       0.341300  -0.199100   0.027061  -0.064234  -0.000649  -0.013967
     34      -0.082687   0.219414  -0.235909   0.105404  -0.042576   0.008342
     35       0.229985   0.001220  -0.165739   0.031249  -0.034125  -0.008401
     36      -0.069536   0.092107  -0.052151   0.048772  -0.033085   0.010432
     37      -0.028400  -0.075974  -0.201852   0.246634   0.328668   0.518089
     38      -0.012667   0.006336  -0.012955   0.020699   0.014839   0.037273
     39      -0.034725   0.087949  -0.123591   0.125855   0.012067   0.151808
     40      -0.017670   0.019934  -0.077471   0.070233   0.076382   0.138310
     41       0.034335   0.066802   0.176968  -0.217743  -0.304714  -0.474294
     42      -0.065999   0.291727  -0.142334   0.028784  -0.127828  -0.005726
     43      -0.062797   0.276123  -0.135669   0.018403  -0.116396  -0.018153
     44       0.086911  -0.378491   0.183969  -0.014050   0.154798   0.016048
     45      -0.061412  -0.032321  -0.131730  -0.016646   0.365386  -0.257003
     46      -0.065744   0.032328  -0.175925  -0.062488   0.305601  -0.259137
     47       0.057407  -0.103466   0.152532   0.049141  -0.142307   0.157888
     48      -0.034051  -0.054439  -0.064196  -0.018831   0.240913  -0.169262
     49       0.041111   0.049305   0.089851   0.028156  -0.291603   0.214280
     50       0.080708  -0.058449   0.225875   0.064463  -0.347695   0.282827
     51      -0.028745   0.080631  -0.011139   0.045589  -0.049856   0.009995
     52      -0.010895  -0.050858  -0.001738  -0.041850   0.018438  -0.026057
     53       0.004279  -0.009263   0.012389   0.001960   0.018678  -0.003658
     54      -0.083229  -0.147619  -0.178829  -0.223917  -0.085046   0.079764
     55       0.071854   0.148916   0.166927   0.206863   0.087600  -0.076937
     56      -0.163610  -0.210545  -0.261125  -0.336744  -0.120713   0.082508
     57       0.124134   0.189940   0.239249   0.303285   0.086965  -0.088774
     58       0.130100   0.184408   0.248774   0.281564   0.147322  -0.102392
     59      -0.048500  -0.081441  -0.105438  -0.137353   0.003616   0.035181
     60       0.033784   0.020542   0.000057   0.017506   0.093028   0.006450
     61       0.027425   0.019916  -0.002055  -0.000617   0.087853   0.007317
     62      -0.047189  -0.026644   0.001933  -0.024517  -0.118699  -0.010779
     63       0.223590   0.380657   0.132244  -0.447945   0.222599   0.208543
     64      -0.021329  -0.017838   0.026749  -0.011197  -0.000758  -0.031135
     65       0.005945   0.019202   0.015831  -0.037618   0.010989   0.011733
     66       0.061809   0.092834   0.038254  -0.117845   0.043208   0.053265
     67       0.033228   0.078976   0.005872  -0.113309  -0.017522   0.018571
     68      -0.205287  -0.338576  -0.139144   0.410848  -0.208128  -0.200761
                 54         55         56         57         58         59    
      0       0.000432  -0.000135   0.000160  -0.027072   0.016734   0.008705
      1      -0.000728   0.001565  -0.004795  -0.023597   0.014167   0.011912
      2      -0.002537   0.000705  -0.001284  -0.017597   0.008640   0.007760
      3       0.002556  -0.000326   0.000484   0.001128  -0.000163  -0.000643
      4      -0.003073  -0.000071  -0.000138   0.001160  -0.000315   0.000362
      5       0.000486  -0.000637   0.001426   0.000707  -0.000470   0.001420
      6      -0.000026   0.001359  -0.002417   0.000022  -0.000323  -0.001641
      7       0.007702  -0.033506   0.067293  -0.002647   0.003525   0.006007
      8      -0.006607  -0.003006   0.008977   0.000736   0.001393   0.005680
      9      -0.001170   0.000804   0.004723  -0.000120   0.000354   0.000245
     10      -0.001210  -0.001101  -0.001253   0.000035  -0.000225  -0.000231
     11       0.001891   0.001747   0.002174  -0.000021   0.000197   0.000103
     12       0.009737  -0.029220  -0.013273  -0.003329  -0.005629   0.001827
     13       0.000775   0.039251   0.020336   0.000260   0.001197  -0.001507
     14      -0.006236   0.044619   0.022233   0.002756   0.005148  -0.002137
     15      -0.004205  -0.002296  -0.001888   0.005638   0.008584  -0.005129
     16       0.003043  -0.002691  -0.002019   0.004078   0.005841  -0.004056
     17       0.000757  -0.013605  -0.009206   0.020176   0.031584  -0.017186
     18       0.045950   0.000930   0.000154  -0.008281  -0.016021   0.001480
     19      -0.002494  -0.000679  -0.000342   0.018666   0.036426   0.002950
     20      -0.001009   0.000458   0.000068  -0.019026  -0.037770  -0.000866
     21      -0.043523  -0.000061  -0.000129   0.000482   0.001354  -0.000717
     22      -0.040162   0.000052   0.000052   0.000012  -0.000486   0.001253
     23       0.055787   0.000030  -0.000036  -0.000368  -0.000123  -0.000717
     24      -0.020378   0.001250  -0.003380   0.022536  -0.007586   0.062441
     25       0.025068   0.000182  -0.000119  -0.000699  -0.000259  -0.002423
     26      -0.030855  -0.000373  -0.000063  -0.006096   0.001296  -0.017677
     27      -0.017508  -0.004168   0.009981   0.299068  -0.173492  -0.108789
     28       0.000378   0.005682  -0.011978  -0.258412   0.148756   0.091910
     29       0.017684  -0.003765   0.006835   0.261962  -0.151803  -0.095641
     30       0.020244   0.011409  -0.032858  -0.220708   0.123205   0.097862
     31       0.008851  -0.014990   0.043311   0.312454  -0.176574  -0.143888
     32       0.004270  -0.012558   0.037065   0.272679  -0.153258  -0.126669
     33      -0.019605  -0.005970   0.020726   0.234541  -0.145044  -0.092560
     34       0.015453  -0.006969   0.020272   0.219870  -0.136876  -0.087816
     35      -0.004801   0.010670  -0.031624  -0.334047   0.204952   0.130363
     36      -0.000743   0.021608  -0.036507   0.003288   0.001449   0.010659
     37      -0.079892  -0.011198   0.019816  -0.000276   0.000022   0.001304
     38      -0.006819  -0.100924   0.163494  -0.018355  -0.005883  -0.047098
     39      -0.019348  -0.019603   0.026527  -0.002306   0.001448   0.003920
     40      -0.022974   0.406544  -0.823099   0.030754  -0.040336  -0.070938
     41       0.071726   0.142675  -0.281888   0.010781  -0.013096  -0.021809
     42       0.008828  -0.015832  -0.028360  -0.001454  -0.003756  -0.000077
     43       0.008081   0.000432   0.024148  -0.000383   0.002830   0.001525
     44      -0.011272   0.005718  -0.010238   0.000575  -0.000291  -0.000960
     45      -0.061219   0.212339   0.105263   0.010987   0.021036  -0.010172
     46      -0.051993  -0.617289  -0.301232  -0.033004  -0.062859   0.027878
     47       0.029490  -0.549402  -0.277402  -0.029283  -0.056648   0.024510
     48      -0.037481   0.114447   0.043478   0.023600   0.039766  -0.008080
     49       0.049158   0.163005   0.063911   0.030074   0.049953  -0.010448
     50       0.062907  -0.008048  -0.003221  -0.003508  -0.005747   0.000704
     51       0.015800   0.039563   0.027809  -0.066834  -0.102227   0.058147
     52      -0.019154   0.035540   0.025406  -0.053829  -0.080707   0.047400
     53       0.000796   0.158685   0.107942  -0.237470  -0.369849   0.202541
     54       0.059954   0.001939   0.002278  -0.152882  -0.294803  -0.036875
     55      -0.018802   0.000502   0.000978  -0.099617  -0.191861  -0.024673
     56      -0.021289   0.000457   0.000095   0.017076   0.034334   0.003201
     57      -0.118662  -0.011696  -0.004306   0.249369   0.483854   0.018099
     58       0.016797   0.006006   0.002068  -0.117705  -0.229050  -0.008399
     59       0.204454  -0.009391  -0.003064   0.216138   0.422344   0.011967
     60       0.488800   0.000904   0.000412  -0.001070  -0.011788   0.012737
     61       0.455032  -0.000384  -0.000935   0.000691   0.003376  -0.002713
     62      -0.628693   0.000241  -0.000048  -0.001746  -0.007798   0.006531
     63      -0.017343   0.000047   0.000231   0.003750  -0.000159   0.007353
     64       0.057745  -0.002664   0.003580  -0.038901   0.011681  -0.104948
     65      -0.027663   0.010935  -0.015390   0.159123  -0.043584   0.436871
     66      -0.086565  -0.016441   0.041711  -0.272867   0.089263  -0.744475
     67      -0.204748   0.002095  -0.005386   0.040753  -0.010344   0.111782
     68       0.055865  -0.005563   0.013798  -0.089926   0.028269  -0.241822
                 60         61         62         63         64         65    
      0      -0.004745   0.003728  -0.002555   0.003139  -0.000489  -0.066783
      1      -0.004890  -0.005137   0.003830  -0.003794   0.001744   0.061531
      2       0.001541  -0.000916   0.000296   0.001749  -0.001453   0.018132
      3      -0.000866  -0.000860   0.001012  -0.000333  -0.000013  -0.001438
      4      -0.001151   0.000866  -0.000587   0.000425  -0.000358   0.001372
      5       0.000561  -0.000164  -0.000040  -0.000624   0.000111   0.000267
      6       0.001240  -0.012723   0.006263   0.007424  -0.000939  -0.000509
      7      -0.004303   0.010482  -0.002699  -0.006399   0.000516   0.003036
      8      -0.005393   0.068239  -0.030812  -0.039471   0.004840   0.003982
      9      -0.000605  -0.000264  -0.000457  -0.000097   0.000154   0.000240
     10       0.000413  -0.000541   0.000802   0.000446  -0.000439  -0.000372
     11      -0.000106   0.000160   0.000442   0.000185  -0.000170  -0.000003
     12       0.005828  -0.017711  -0.041283   0.000483   0.018431   0.000281
     13      -0.008955  -0.028875  -0.061055   0.001978   0.029323   0.001126
     14      -0.008162  -0.002505  -0.000977   0.000744   0.001504   0.000325
     15      -0.018005  -0.000294   0.001944   0.000740   0.003075   0.000443
     16      -0.015273  -0.000436  -0.000356   0.000685   0.001636  -0.000043
     17      -0.065770  -0.001824   0.003419   0.003371   0.007870   0.000717
     18      -0.000066   0.014746   0.032112   0.009492   0.079578  -0.001452
     19       0.028198   0.003594   0.006849   0.001733   0.025594  -0.000199
     20      -0.022604   0.003586   0.007844   0.002616   0.013874  -0.000343
     21       0.000998   0.000406  -0.001680   0.001313  -0.003121   0.000410
     22      -0.000329  -0.000555   0.000640  -0.001033   0.000219  -0.000224
     23       0.000418   0.000717  -0.000675   0.001877  -0.000960   0.000300
     24      -0.013684  -0.018762   0.009000  -0.028630   0.002267  -0.005182
     25       0.000301   0.009857  -0.005182   0.019692  -0.002026   0.001614
     26       0.003186  -0.033344   0.016905  -0.073388   0.008126  -0.005815
     27       0.027650  -0.019434   0.014827  -0.031820   0.011440   0.384257
     28      -0.020841   0.017518  -0.013624   0.027551  -0.010394  -0.320466
     29       0.023707  -0.018216   0.013909  -0.026193   0.009964   0.350239
     30      -0.020202  -0.026369   0.018686  -0.008600   0.002045   0.342499
     31       0.032924   0.038282  -0.026642   0.013377  -0.003456  -0.509491
     32       0.028658   0.033333  -0.023678   0.014395  -0.003730  -0.450479
     33       0.051910   0.004104  -0.005434   0.005601  -0.008012   0.074127
     34       0.048766   0.002948  -0.003836   0.004637  -0.006924   0.092981
     35      -0.068499  -0.004113   0.005764  -0.008718   0.010676  -0.116532
     36      -0.011074   0.159780  -0.071830  -0.089948   0.010089   0.006591
     37      -0.000148   0.000787   0.000245  -0.002339  -0.000030  -0.000566
     38       0.051940  -0.772183   0.347409   0.446358  -0.052099  -0.036373
     39      -0.001609   0.004380  -0.000745  -0.003463  -0.000415   0.003030
     40       0.049277  -0.135382   0.039574   0.082855  -0.007640  -0.039297
     41       0.014658  -0.031510   0.006311   0.022826  -0.001810  -0.010729
     42       0.007415  -0.003226   0.005955   0.003580  -0.003832  -0.002597
     43      -0.004743   0.000851  -0.007681  -0.002951   0.004151   0.003115
     44       0.000303   0.002190   0.000432  -0.000505  -0.000693  -0.000055
     45      -0.044793  -0.029726  -0.049418   0.004376   0.026591   0.002558
     46       0.115634   0.067703   0.101025  -0.011472  -0.063564  -0.005738
     47       0.103345   0.064099   0.098861  -0.009325  -0.058504  -0.005378
     48      -0.011969   0.236732   0.520430  -0.013430  -0.244047  -0.004543
     49      -0.014756   0.284124   0.625729  -0.015752  -0.287960  -0.006206
     50      -0.001174  -0.038603  -0.083763   0.002726   0.038737   0.000897
     51       0.213328   0.005104  -0.012527  -0.009701  -0.025366  -0.002740
     52       0.178509   0.004071  -0.008695  -0.008208  -0.020939  -0.001117
     53       0.763103   0.019605  -0.038077  -0.035120  -0.093151  -0.009104
     54      -0.271872  -0.108463  -0.227723  -0.068027  -0.644579   0.008893
     55      -0.183468  -0.074745  -0.155931  -0.047948  -0.451397   0.005552
     56       0.033021   0.015498   0.033048   0.010053   0.090328  -0.001346
     57       0.270168  -0.065972  -0.149340  -0.046525  -0.301437   0.006843
     58      -0.130693   0.034218   0.080063   0.023332   0.156501  -0.004004
     59       0.234360  -0.058692  -0.135282  -0.038745  -0.269855   0.006434
     60      -0.008379  -0.008976   0.022028  -0.022683   0.037516  -0.003902
     61       0.003488   0.001278  -0.001041   0.004241   0.000191   0.001065
     62      -0.004713  -0.008304   0.016003  -0.023024   0.022250  -0.003831
     63      -0.000328  -0.005466   0.002685  -0.013670   0.000940  -0.000327
     64       0.019629  -0.076848   0.039635  -0.175277   0.019137  -0.010890
     65      -0.081149   0.323313  -0.165718   0.760141  -0.083193   0.048499
     66       0.155323   0.235405  -0.115274   0.368979  -0.034027   0.065671
     67      -0.022387  -0.034611   0.016556  -0.054526   0.002993  -0.012142
     68       0.049646   0.067308  -0.031882   0.107672  -0.008743   0.017893
                 66         67         68    
      0      -0.014658  -0.000115  -0.000177
      1      -0.039933   0.000056   0.000246
      2       0.082822  -0.000007   0.000048
      3      -0.000210   0.000048   0.000406
      4      -0.000728   0.000203  -0.000249
      5       0.001340  -0.000065   0.000124
      6      -0.000234   0.000165   0.001089
      7      -0.000273   0.000329   0.004449
      8       0.000273   0.000251   0.001412
      9      -0.000036  -0.006520  -0.053249
     10       0.000073   0.005669   0.046718
     11      -0.000039  -0.000886  -0.007015
     12      -0.000088   0.000068  -0.000808
     13       0.000337   0.000235   0.002654
     14       0.000399   0.000354   0.003833
     15       0.001172  -0.000166   0.000481
     16       0.001000  -0.000053  -0.000240
     17       0.003566  -0.000015   0.000275
     18       0.001235  -0.005373   0.000730
     19      -0.000018   0.001032  -0.000098
     20       0.000746  -0.000384   0.000072
     21      -0.000113  -0.053534   0.006398
     22       0.000017  -0.005911   0.000718
     23      -0.000192  -0.045908   0.005504
     24       0.001718  -0.003086   0.000435
     25      -0.000768   0.003148  -0.000395
     26       0.002306  -0.003174   0.000467
     27      -0.352714   0.000939   0.000607
     28       0.285494  -0.000419  -0.001003
     29      -0.288999   0.000902   0.000580
     30       0.119579   0.000343   0.000642
     31      -0.187098  -0.000162  -0.001267
     32      -0.139988  -0.000107  -0.001283
     33       0.411408   0.000232  -0.000309
     34       0.382533   0.000357  -0.000077
     35      -0.559943  -0.000286   0.000047
     36       0.000682  -0.000105  -0.003676
     37      -0.000123  -0.000488  -0.000899
     38      -0.009795  -0.001790  -0.003757
     39      -0.001481   0.000563   0.005596
     40       0.004093  -0.002481  -0.028209
     41       0.001238  -0.000724  -0.008120
     42       0.000189   0.086040   0.719060
     43       0.000093  -0.080170  -0.676870
     44      -0.000040   0.008003   0.062084
     45       0.001920   0.000900   0.010411
     46      -0.004826  -0.001985  -0.022357
     47      -0.004519  -0.001315  -0.015311
     48      -0.000613  -0.000985  -0.003753
     49      -0.000100  -0.001196  -0.000840
     50      -0.000290  -0.000507  -0.003487
     51      -0.010296   0.000772  -0.001240
     52      -0.008513   0.001188   0.000110
     53      -0.044880   0.002549  -0.002270
     54      -0.005186   0.024266  -0.003265
     55      -0.003882   0.013941  -0.002001
     56       0.000445  -0.002671   0.000398
     57      -0.009906   0.024981  -0.003282
     58       0.005311  -0.010541   0.001536
     59      -0.008972   0.019740  -0.002522
     60       0.002081   0.765599  -0.091203
     61      -0.000048   0.039687  -0.004918
     62       0.001542   0.624036  -0.074470
     63      -0.000084   0.001708  -0.000129
     64       0.004570  -0.007765   0.000952
     65      -0.026423   0.027560  -0.003730
     66      -0.021685   0.030035  -0.004109
     67       0.002428  -0.005588   0.000816
     68      -0.005895   0.011064  -0.001422
# -----------------------------------------------------------
$ THERMOCHEMISTRY_Energies
   description: The Thermochemistry energies
   geom. index: 1
   prop. index: 1
        Temperature (Kelvin)           :        298.1500000000
        Pressure (atm)                 :          1.0000000000
        Total Mass (AMU)               :        126.2030000000
        Spin Degeneracy                :          1.0000000000
        Electronic Energy (Hartree)    :       -384.8877914902
        Translational Energy (Hartree) :          0.0014162714
        Rotational Energy (Hartree)    :          0.0014162714
        Vibrational Energy (Hartree)   :          0.0048270691
        Number of frequencies          :     69      
        Scaling Factor for frequencies :          1.0000000000
        Vibrational frequencies        :     
                  0    
      0       0.000000
      1       0.000000
      2       0.000000
      3       0.000000
      4       0.000000
      5       0.000000
      6      33.485795
      7     146.782875
      8     241.305929
      9     302.620755
     10     345.717180
     11     437.647108
     12     456.831034
     13     468.244856
     14     576.982247
     15     592.704122
     16     661.753114
     17     749.812941
     18     830.570860
     19     893.240656
     20     968.255069
     21     975.025962
     22     993.398309
     23     1004.177053
     24     1008.785482
     25     1016.997315
     26     1048.158325
     27     1073.141289
     28     1081.037080
     29     1131.248120
     30     1136.413731
     31     1188.514244
     32     1203.765375
     33     1215.914478
     34     1223.879497
     35     1252.293440
     36     1285.513060
     37     1306.866889
     38     1320.718676
     39     1349.699443
     40     1366.987852
     41     1375.297021
     42     1398.186655
     43     1406.567738
     44     1428.763875
     45     1445.151009
     46     1477.634661
     47     1517.308789
     48     1523.592726
     49     1525.329753
     50     1526.644239
     51     1538.422015
     52     1548.823821
     53     1560.189586
     54     1566.055170
     55     2897.889042
     56     2899.509689
     57     2933.515468
     58     2934.960049
     59     2941.241285
     60     2955.030914
     61     2971.400789
     62     2973.771844
     63     2985.644834
     64     2987.474055
     65     3010.188532
     66     3013.927192
     67     3220.538801
     68     3225.943829
        Zero Point Energy (Hartree)    :          0.2134130334
        Inner Energy (Hartree)         :       -384.6667188449
        Enthalpy (Hartree)             :       -384.6657746359
        Electronic entropy             :          0.0000000000
        Rotational entropy             :          0.0135248528
        Vibrational entropy            :          0.0079198516
        Translational entropy          :          0.0135248528
        Entropy                        :          0.0406455433
        Gibbs Energy (Hartree)         :       -384.7064201792
        Is Linear                      :                 false
# -----------------------------------------------------------
$ PAL_Flags
   description: The PAL Flags
   geom. index: 2
   prop. index: 1
        Diskflag:     2
# -----------------------------------------------------------
$ SCF_Energy
   description: The SCF energy
   geom. index: 2
   prop. index: 1
        SCF Energy:     -384.8531841826
# -----------------------------------------------------------
$ DFT_Energy
   description: The DFT energy
   geom. index: 2
   prop. index: 1
   Number of Alpha Electrons                 35.0001396254 
   Number of Beta  Electrons                 35.0001396254 
   Total number of  Electrons                70.0002792508 
   Exchange energy                          -36.2454585523 
   Correlation energy                        -2.8610689456 
   Correlation energy NL                      0.0000000000 
   Exchange-Correlation energy              -39.1065274978 
   Embedding correction                       0.0000000000 
   Total DFT Energy (No VdW correction)    -384.8531841826 
# -----------------------------------------------------------
$ VdW_Correction
   description: The Van der Waals Correction
   geom. index: 2
   prop. index: 1
        Van der Waals Correction:       -0.0417870289
# -----------------------------------------------------------
$ PAL_Flags
   description: The PAL Flags
   geom. index: 3
   prop. index: 1
        Diskflag:     2
# -----------------------------------------------------------
$ SCF_Energy
   description: The SCF energy
   geom. index: 3
   prop. index: 1
        SCF Energy:     -384.8545596012
# -----------------------------------------------------------
$ DFT_Energy
   description: The DFT energy
   geom. index: 3
   prop. index: 1
   Number of Alpha Electrons                 35.0000931320 
   Number of Beta  Electrons                 35.0000931320 
   Total number of  Electrons                70.0001862640 
   Exchange energy                          -36.2429478500 
   Correlation energy                        -2.8610863855 
   Correlation energy NL                      0.0000000000 
   Exchange-Correlation energy              -39.1040342355 
   Embedding correction                       0.0000000000 
   Total DFT Energy (No VdW correction)    -384.8545596012 
# -----------------------------------------------------------
$ VdW_Correction
   description: The Van der Waals Correction
   geom. index: 3
   prop. index: 1
        Van der Waals Correction:       -0.0418895698
# -----------------------------------------------------------
$ PAL_Flags
   description: The PAL Flags
   geom. index: 4
   prop. index: 1
        Diskflag:     2
# -----------------------------------------------------------
$ SCF_Energy
   description: The SCF energy
   geom. index: 4
   prop. index: 1
        SCF Energy:     -384.8554754390
# -----------------------------------------------------------
$ DFT_Energy
   description: The DFT energy
   geom. index: 4
   prop. index: 1
   Number of Alpha Electrons                 35.0000988238 
   Number of Beta  Electrons                 35.0000988238 
   Total number of  Electrons                70.0001976476 
   Exchange energy                          -36.2413322156 
   Correlation energy                        -2.8612751358 
   Correlation energy NL                      0.0000000000 
   Exchange-Correlation energy              -39.1026073515 
   Embedding correction                       0.0000000000 
   Total DFT Energy (No VdW correction)    -384.8554754390 
# -----------------------------------------------------------
$ VdW_Correction
   description: The Van der Waals Correction
   geom. index: 4
   prop. index: 1
        Van der Waals Correction:       -0.0420215587
# -----------------------------------------------------------
$ PAL_Flags
   description: The PAL Flags
   geom. index: 5
   prop. index: 1
        Diskflag:     2
# -----------------------------------------------------------
$ SCF_Energy
   description: The SCF energy
   geom. index: 5
   prop. index: 1
        SCF Energy:     -384.8559222627
# -----------------------------------------------------------
$ DFT_Energy
   description: The DFT energy
   geom. index: 5
   prop. index: 1
   Number of Alpha Electrons                 35.0000759348 
   Number of Beta  Electrons                 35.0000759348 
   Total number of  Electrons                70.0001518696 
   Exchange energy                          -36.2414220357 
   Correlation energy                        -2.8616712648 
   Correlation energy NL                      0.0000000000 
   Exchange-Correlation energy              -39.1030933005 
   Embedding correction                       0.0000000000 
   Total DFT Energy (No VdW correction)    -384.8559222627 
# -----------------------------------------------------------
$ VdW_Correction
   description: The Van der Waals Correction
   geom. index: 5
   prop. index: 1
        Van der Waals Correction:       -0.0421813288
# -----------------------------------------------------------
$ PAL_Flags
   description: The PAL Flags
   geom. index: 6
   prop. index: 1
        Diskflag:     2
# -----------------------------------------------------------
$ SCF_Energy
   description: The SCF energy
   geom. index: 6
   prop. index: 1
        SCF Energy:     -384.8559318258
# -----------------------------------------------------------
$ DFT_Energy
   description: The DFT energy
   geom. index: 6
   prop. index: 1
   Number of Alpha Electrons                 35.0000110001 
   Number of Beta  Electrons                 35.0000110001 
   Total number of  Electrons                70.0000220001 
   Exchange energy                          -36.2410240116 
   Correlation energy                        -2.8618849561 
   Correlation energy NL                      0.0000000000 
   Exchange-Correlation energy              -39.1029089677 
   Embedding correction                       0.0000000000 
   Total DFT Energy (No VdW correction)    -384.8559318258 
# -----------------------------------------------------------
$ VdW_Correction
   description: The Van der Waals Correction
   geom. index: 6
   prop. index: 1
        Van der Waals Correction:       -0.0422815502
# -----------------------------------------------------------
$ PAL_Flags
   description: The PAL Flags
   geom. index: 7
   prop. index: 1
        Diskflag:     2
# -----------------------------------------------------------
$ SCF_Energy
   description: The SCF energy
   geom. index: 7
   prop. index: 1
        SCF Energy:     -384.8559031684
# -----------------------------------------------------------
$ DFT_Energy
   description: The DFT energy
   geom. index: 7
   prop. index: 1
   Number of Alpha Electrons                 35.0000594244 
   Number of Beta  Electrons                 35.0000594244 
   Total number of  Electrons                70.0001188487 
   Exchange energy                          -36.2410874374 
   Correlation energy                        -2.8619194338 
   Correlation energy NL                      0.0000000000 
   Exchange-Correlation energy              -39.1030068712 
   Embedding correction                       0.0000000000 
   Total DFT Energy (No VdW correction)    -384.8559031684 
# -----------------------------------------------------------
$ VdW_Correction
   description: The Van der Waals Correction
   geom. index: 7
   prop. index: 1
        Van der Waals Correction:       -0.0422904227
# -----------------------------------------------------------
$ PAL_Flags
   description: The PAL Flags
   geom. index: 8
   prop. index: 1
        Diskflag:     2
# -----------------------------------------------------------
$ SCF_Energy
   description: The SCF energy
   geom. index: 8
   prop. index: 1
        SCF Energy:     -384.8559091487
# -----------------------------------------------------------
$ DFT_Energy
   description: The DFT energy
   geom. index: 8
   prop. index: 1
   Number of Alpha Electrons                 35.0000438993 
   Number of Beta  Electrons                 35.0000438993 
   Total number of  Electrons                70.0000877986 
   Exchange energy                          -36.2410150008 
   Correlation energy                        -2.8619034818 
   Correlation energy NL                      0.0000000000 
   Exchange-Correlation energy              -39.1029184826 
   Embedding correction                       0.0000000000 
   Total DFT Energy (No VdW correction)    -384.8559091487 
# -----------------------------------------------------------
$ VdW_Correction
   description: The Van der Waals Correction
   geom. index: 8
   prop. index: 1
        Van der Waals Correction:       -0.0422866677
# -----------------------------------------------------------
$ PAL_Flags
   description: The PAL Flags
   geom. index: 9
   prop. index: 1
        Diskflag:     2
# -----------------------------------------------------------
$ SCF_Energy
   description: The SCF energy
   geom. index: 9
   prop. index: 1
        SCF Energy:     -384.8559691349
# -----------------------------------------------------------
$ DFT_Energy
   description: The DFT energy
   geom. index: 9
   prop. index: 1
   Number of Alpha Electrons                 35.0000652450 
   Number of Beta  Electrons                 35.0000652450 
   Total number of  Electrons                70.0001304899 
   Exchange energy                          -36.2410307516 
   Correlation energy                        -2.8618115494 
   Correlation energy NL                      0.0000000000 
   Exchange-Correlation energy              -39.1028423011 
   Embedding correction                       0.0000000000 
   Total DFT Energy (No VdW correction)    -384.8559691349 
# -----------------------------------------------------------
$ VdW_Correction
   description: The Van der Waals Correction
   geom. index: 9
   prop. index: 1
        Van der Waals Correction:       -0.0422507720
# -----------------------------------------------------------
$ PAL_Flags
   description: The PAL Flags
   geom. index: 10
   prop. index: 1
        Diskflag:     2
# -----------------------------------------------------------
$ SCF_Energy
   description: The SCF energy
   geom. index: 10
   prop. index: 1
        SCF Energy:     -384.8559563274
# -----------------------------------------------------------
$ DFT_Energy
   description: The DFT energy
   geom. index: 10
   prop. index: 1
   Number of Alpha Electrons                 35.0000548018 
   Number of Beta  Electrons                 35.0000548018 
   Total number of  Electrons                70.0001096035 
   Exchange energy                          -36.2410468928 
   Correlation energy                        -2.8618607989 
   Correlation energy NL                      0.0000000000 
   Exchange-Correlation energy              -39.1029076917 
   Embedding correction                       0.0000000000 
   Total DFT Energy (No VdW correction)    -384.8559563274 
# -----------------------------------------------------------
$ VdW_Correction
   description: The Van der Waals Correction
   geom. index: 10
   prop. index: 1
        Van der Waals Correction:       -0.0422695353
# -----------------------------------------------------------
$ PAL_Flags
   description: The PAL Flags
   geom. index: 11
   prop. index: 1
        Diskflag:     2
# -----------------------------------------------------------
$ SCF_Energy
   description: The SCF energy
   geom. index: 11
   prop. index: 1
        SCF Energy:     -384.8559606999
# -----------------------------------------------------------
$ DFT_Energy
   description: The DFT energy
   geom. index: 11
   prop. index: 1
   Number of Alpha Electrons                 35.0000574619 
   Number of Beta  Electrons                 35.0000574619 
   Total number of  Electrons                70.0001149237 
   Exchange energy                          -36.2410448143 
   Correlation energy                        -2.8618489946 
   Correlation energy NL                      0.0000000000 
   Exchange-Correlation energy              -39.1028938090 
   Embedding correction                       0.0000000000 
   Total DFT Energy (No VdW correction)    -384.8559606999 
# -----------------------------------------------------------
$ Mayer_Pop
   description: The Mayer population analysis
   geom. index: 11
   prop. index: 1
     Number of atoms                     : 23
     Threshold for printing              : 0.1000000
     Number of bond orders printed       : 27
  NA   - Mulliken gross atomic population
  ZA   - Total nuclear charge
  QA   - Mulliken gross atomic charge
  VA   - Mayer's total valence
  BVA  - Mayer's bonded valence
  FA   - Mayer's free valence
  ATOM       NA         ZA         QA         VA         BVA        FA
  0   0     6.5178     6.0000    -0.5178     3.8446     3.8446    -0.0000
  1   0     5.9329     6.0000     0.0671     3.5048     3.5048     0.0000
  2   0     6.2583     6.0000    -0.2583     3.5978     3.5978     0.0000
  3   0     7.4259     7.0000    -0.4259     2.6869     2.6869    -0.0000
  4   0     6.3965     6.0000    -0.3965     3.8342     3.8342    -0.0000
  5   0     5.7886     6.0000     0.2114     2.9314     2.9314    -0.0000
  6   0     6.4571     6.0000    -0.4571     3.8902     3.8902    -0.0000
  7   0     7.3270     7.0000    -0.3270     2.5774     2.5774    -0.0000
  8   0     6.4173     6.0000    -0.4173     3.8392     3.8392     0.0000
  9   0     0.8372     1.0000     0.1628     0.9437     0.9437     0.0000
 10   0     0.8438     1.0000     0.1562     0.9494     0.9494     0.0000
 11   0     0.8423     1.0000     0.1577     0.9440     0.9440     0.0000
 12   0     0.8473     1.0000     0.1527     0.9363     0.9363     0.0000
 13   0     0.8599     1.0000     0.1401     0.9207     0.9207    -0.0000
 14   0     0.6819     1.0000     0.3181     0.8485     0.8485     0.0000
 15   0     0.8624     1.0000     0.1376     0.9308     0.9308    -0.0000
 16   0     0.8498     1.0000     0.1502     0.9427     0.9427     0.0000
 17   0     0.8045     1.0000     0.1955     0.9155     0.9155    -0.0000
 18   0     0.8475     1.0000     0.1525     0.9473     0.9473    -0.0000
 19   0     0.8450     1.0000     0.1550     0.9283     0.9283    -0.0000
 20   0     0.6605     1.0000     0.3395     0.8264     0.8264    -0.0000
 21   0     0.8500     1.0000     0.1500     0.9453     0.9453     0.0000
 22   0     0.8465     1.0000     0.1535     0.9155     0.9155     0.0000
      Bond orders larger than 0.1000000
           Atom A     A.N. of A          Atom B    A.N. of B              Bond order
                0             6               1            6                0.892391
                0             6               9            1                1.001821
                0             6              10            1                0.986469
                0             6              11            1                0.991727
                1             6               2            6                0.783956
                1             6               3            7                0.212956
                1             6               5            6                0.827440
                1             6               7            7               -0.128074
                1             6               8            6                0.797449
                2             6               3            7                0.811719
                2             6               4            6               -0.112340
                2             6              12            1                1.024780
                2             6              13            1                0.960458
                3             7               4            6                0.944873
                3             7              14            1                0.843770
                4             6               5            6                0.774555
                4             6              15            1                0.996869
                4             6              16            1                1.009922
                5             6               6            6                0.782268
                5             6              17            1                0.829305
                6             6               7            7                0.921012
                6             6              18            1                1.016495
                6             6              19            1                1.008936
                7             7               8            6                1.044643
                7             7              20            1                0.861057
                8             6              21            1                1.024315
                8             6              22            1                0.958454
# -----------------------------------------------------------
$ VdW_Correction
   description: The Van der Waals Correction
   geom. index: 11
   prop. index: 1
        Van der Waals Correction:       -0.0422651052
# -----------------------------------------------------------
$ SCF_Electric_Properties
   description: The SCF Calculated Electric Properties
   geom. index: 11
   prop. index: 1
       Filename                          : file.scfp 
       Do Dipole Moment Calculation      : true 
       Do Quadrupole Moment Calculation  : false 
       Do Polarizability Calculation     : false 
** Dipole moment part of electric properties **
        Magnitude of dipole moment (Debye) :        2.6872279756
        Electronic Contribution:
                  0    
      0      -1.956794
      1      -2.290066
      2      -1.533660
        Nuclear Contribution:
                  0    
      0       1.572601
      1       3.200341
      2       1.909824
        Total Dipole moment:
                  0    
      0      -0.384193
      1       0.910275
      2       0.376164
# -------------------------------------------------------------
----------------------- !GEOMETRIES! ------------------------
# -------------------------------------------------------------
------------------------ !GEOMETRY! -------------------------
    Number of atoms:    23 
    Geometry Index:     1 
    Coordinates:
               0 C      1.572200000000    1.327700000000    0.523500000000
               1 C      0.529700000000    0.395200000000   -0.123200000000
               2 C     -0.513900000000    1.192500000000   -0.930400000000
               3 N     -1.808100000000    0.561000000000   -0.701300000000
               4 C     -1.739600000000    0.039700000000    0.658300000000
               5 C     -0.286600000000   -0.369700000000    0.912700000000
               6 C     -0.028100000000   -1.849700000000    0.612900000000
               7 N      0.481500000000   -1.946200000000   -0.750400000000
               8 C      1.206000000000   -0.699700000000   -0.973100000000
               9 H      2.284900000000    0.745500000000    1.146700000000
              10 H      1.075300000000    2.076500000000    1.177400000000
              11 H      2.143500000000    1.865000000000   -0.263600000000
              12 H     -0.292400000000    1.210000000000   -2.018500000000
              13 H     -0.555500000000    2.252300000000   -0.585800000000
              14 H     -2.561800000000    1.286300000000   -0.754100000000
              15 H     -2.024800000000    0.837100000000    1.383000000000
              16 H     -2.454200000000   -0.801900000000    0.779300000000
              17 H     -0.001600000000   -0.137000000000    1.964200000000
              18 H     -0.930700000000   -2.486300000000    0.743900000000
              19 H      0.750500000000   -2.232800000000    1.308800000000
              20 H     -0.341300000000   -1.958900000000   -1.399100000000
              21 H      1.234400000000   -0.450900000000   -2.056900000000
              22 H      2.260500000000   -0.855800000000   -0.654200000000
------------------------ !GEOMETRY! -------------------------
    Number of atoms:    23 
    Geometry Index:     2 
    Coordinates:
               0 C      1.580813727042    1.337530208858    0.514599111589
               1 C      0.536437816484    0.412676177965   -0.117474115469
               2 C     -0.507407387018    1.212944512464   -0.925734459137
               3 N     -1.792819421016    0.535226493528   -0.704563448661
               4 C     -1.760254234571    0.049037439760    0.682670707784
               5 C     -0.303368435469   -0.373959601946    0.927718213711
               6 C     -0.030308405122   -1.862994331554    0.610512137102
               7 N      0.448808875275   -1.939841422019   -0.771383687351
               8 C      1.201294882400   -0.701349144176   -0.972223921778
               9 H      2.288068116088    0.763920672147    1.125221013865
              10 H      1.103489510411    2.085489781555    1.158755814067
              11 H      2.152429236445    1.869510799529   -0.256848741718
              12 H     -0.270763883830    1.227854839997   -1.996478213123
              13 H     -0.534342474510    2.261378530044   -0.579439303771
              14 H     -2.548151014257    1.201267674498   -0.809440179007
              15 H     -2.051047477370    0.837034028602    1.399833623770
              16 H     -2.460027826459   -0.786103886913    0.807938871290
              17 H     -0.010026346701   -0.139632074917    1.956913517102
              18 H     -0.915649326870   -2.493854087712    0.743194558820
              19 H      0.752167365231   -2.250208694228    1.278039599791
              20 H     -0.352466000020   -1.938194728520   -1.393299577122
              21 H      1.235082188237   -0.448349266199   -2.037135250968
              22 H      2.237940515603   -0.859483920762   -0.641276270787
------------------------ !GEOMETRY! -------------------------
    Number of atoms:    23 
    Geometry Index:     3 
    Coordinates:
               0 C      1.589124409399    1.339062546851    0.514376832123
               1 C      0.540929724046    0.417424251683   -0.111339356532
               2 C     -0.508803476458    1.216270179738   -0.914218280903
               3 N     -1.772769366721    0.493630910689   -0.716313423727
               4 C     -1.757747830690    0.057443290537    0.687800165897
               5 C     -0.304028812554   -0.375409440909    0.935290609433
               6 C     -0.031515771076   -1.863373338194    0.607146972959
               7 N      0.420684059708   -1.927661651499   -0.784699175476
               8 C      1.196320808727   -0.701730764311   -0.969760290153
               9 H      2.299254704148    0.765202836992    1.120340559130
              10 H      1.119428915056    2.089781724120    1.159884844657
              11 H      2.159553153240    1.869855845157   -0.258100243407
              12 H     -0.261691279414    1.254847362662   -1.981280982918
              13 H     -0.554589589504    2.256014599324   -0.544149563162
              14 H     -2.557714489811    1.116070205261   -0.878465397468
              15 H     -2.040378464385    0.865711422880    1.385078181277
              16 H     -2.463211116905   -0.768858159869    0.832586287099
              17 H     -0.003786825155   -0.139253173767    1.961620366650
              18 H     -0.912606583007   -2.496949379517    0.750260476497
              19 H      0.764704569619   -2.252313977287    1.255806739052
              20 H     -0.390814965088   -1.898805486059   -1.394952164026
              21 H      1.244346767825   -0.440835118954   -2.031593949595
              22 H      2.225211459001   -0.876224685529   -0.625219207406
------------------------ !GEOMETRY! -------------------------
    Number of atoms:    23 
    Geometry Index:     4 
    Coordinates:
               0 C      1.598314259496    1.339193202418    0.514347729865
               1 C      0.544679453169    0.420971610579   -0.105626125946
               2 C     -0.510664150884    1.217906164300   -0.903635260383
               3 N     -1.753160220670    0.457430941615   -0.725904608715
               4 C     -1.753854360757    0.062223860575    0.689036978542
               5 C     -0.302024209616   -0.374738803653    0.942813086058
               6 C     -0.033785357226   -1.861163731936    0.604030129937
               7 N      0.395426078671   -1.916465102996   -0.796073193646
               8 C      1.190487748805   -0.700923158933   -0.968037533683
               9 H      2.310884256874    0.763010604845    1.115676573922
              10 H      1.136227209463    2.092194745164    1.163001044496
              11 H      2.166556918768    1.868090640097   -0.261325347624
              12 H     -0.254916612857    1.285349864308   -1.967391006764
              13 H     -0.581131374436    2.247297588647   -0.507790824843
              14 H     -2.562958930730    1.028167556857   -0.945769187138
              15 H     -2.027567220185    0.892650359736    1.364031096471
              16 H     -2.466933489836   -0.753732211448    0.854698842422
              17 H      0.001260254025   -0.139928265226    1.968873497016
              18 H     -0.911305560438   -2.497334247694    0.759186080938
              19 H      0.775771665268   -2.251910349526    1.235031286157
              20 H     -0.427298954671   -1.852052842204   -1.388910502741
              21 H      1.253416223987   -0.432303725393   -2.027488130964
              22 H      2.212476373781   -0.894034700131   -0.612674623379
------------------------ !GEOMETRY! -------------------------
    Number of atoms:    23 
    Geometry Index:     5 
    Coordinates:
               0 C      1.607012844258    1.338896171318    0.512986868509
               1 C      0.548238327810    0.422888518926   -0.100089505800
               2 C     -0.512333222541    1.217960533467   -0.893014626226
               3 N     -1.733863679628    0.423151242347   -0.737193362018
               4 C     -1.749465403739    0.064330204533    0.685675930689
               5 C     -0.299184217628   -0.373770353780    0.949185446590
               6 C     -0.034921223713   -1.858483913356    0.601324750772
               7 N      0.372002726833   -1.907337928770   -0.806250066147
               8 C      1.184338028803   -0.700976017529   -0.966398274073
               9 H      2.321921413779    0.761183211536    1.110192917537
              10 H      1.151346352520    2.093597218793    1.164366408621
              11 H      2.171707433876    1.865489738835   -0.266944941690
              12 H     -0.249630262402    1.321508848295   -1.952050076616
              13 H     -0.611937886562    2.233071203086   -0.466110451961
              14 H     -2.561166834845    0.946989293799   -1.004696189144
              15 H     -2.011577128689    0.919454061726    1.334872158692
              16 H     -2.472438754883   -0.737742815356    0.873765864034
              17 H      0.000729309547   -0.143325463053    1.977287486718
              18 H     -0.907552815177   -2.498040287040    0.770492920663
              19 H      0.787923853358   -2.248235107245    1.215676312883
              20 H     -0.462691120804   -1.802321371687   -1.377443653827
              21 H      1.261855576963   -0.426034310379   -2.023464063191
              22 H      2.199586682864   -0.912352678468   -0.602071855013
------------------------ !GEOMETRY! -------------------------
    Number of atoms:    23 
    Geometry Index:     6 
    Coordinates:
               0 C      1.624431681029    1.326537567510    0.508274851128
               1 C      0.548278940206    0.426128466668   -0.096571675511
               2 C     -0.508788013581    1.237264910463   -0.874925627425
               3 N     -1.716218009780    0.417130702110   -0.761830932348
               4 C     -1.758443854547    0.048125796429    0.657961569043
               5 C     -0.304676285077   -0.367252457808    0.952196192133
               6 C     -0.018682383779   -1.850262907976    0.620424066339
               7 N      0.347267368400   -1.907574558229   -0.798079422881
               8 C      1.162900520005   -0.703898132237   -0.972728828339
               9 H      2.338021343897    0.739917523861    1.098356545603
              10 H      1.184351946794    2.086548008104    1.164173656623
              11 H      2.188331334225    1.846134482557   -0.276996425545
              12 H     -0.233613943696    1.391215023376   -1.924512126491
              13 H     -0.632566752802    2.230022327586   -0.403080686997
              14 H     -2.549489432993    0.913864206474   -1.059746696466
              15 H     -2.038780503852    0.902314118476    1.300571054768
              16 H     -2.477822573625   -0.759891978812    0.833861787363
              17 H     -0.024453015981   -0.125225659211    1.983263165398
              18 H     -0.870949186068   -2.506655530873    0.825866869979
              19 H      0.832372970692   -2.212274515685    1.213194848930
              20 H     -0.503800121648   -1.779801909537   -1.340655017009
              21 H      1.232136588789   -0.430369548443   -2.030865453526
              22 H      2.180091383391   -0.922095934801   -0.618051714770
------------------------ !GEOMETRY! -------------------------
    Number of atoms:    23 
    Geometry Index:     7 
    Coordinates:
               0 C      1.606302423580    1.343081935413    0.513006464603
               1 C      0.550846381889    0.421858028820   -0.097061197787
               2 C     -0.516164039609    1.206502897776   -0.894648267080
               3 N     -1.728784009217    0.399508002908   -0.735847829661
               4 C     -1.742515254067    0.073839467559    0.692926842587
               5 C     -0.296189114122   -0.377666696788    0.951510276263
               6 C     -0.040374596046   -1.860646835143    0.587291319416
               7 N      0.357558745504   -1.898844482844   -0.824635158817
               8 C      1.188902126453   -0.702060742532   -0.960570842925
               9 H      2.321707849845    0.768046933114    1.112478819804
              10 H      1.150062018955    2.099367941487    1.162590991616
              11 H      2.170077033549    1.867626515476   -0.268896847609
              12 H     -0.253051409955    1.327745592829   -1.951671899087
              13 H     -0.632193379427    2.213977554802   -0.453133420301
              14 H     -2.566595387298    0.889849739480   -1.031038475405
              15 H     -1.979281773209    0.954498555789    1.318270661320
              16 H     -2.479075645636   -0.708061046118    0.910380091073
              17 H      0.000415672142   -0.159909253726    1.983418393358
              18 H     -0.907741985811   -2.505099783017    0.766035438583
              19 H      0.792996963735   -2.249237540220    1.188248841709
              20 H     -0.482829233957   -1.752525278828   -1.378851151360
              21 H      1.293192293057   -0.419660613872   -2.013573843339
              22 H      2.192634319644   -0.932290892363   -0.576129206960
------------------------ !GEOMETRY! -------------------------
    Number of atoms:    23 
    Geometry Index:     8 
    Coordinates:
               0 C      1.613108359225    1.340268462204    0.507897277553
               1 C      0.550452181778    0.423617273513   -0.096060959379
               2 C     -0.512283493648    1.220502111749   -0.884148347082
               3 N     -1.722366369465    0.408128546816   -0.744595378110
               4 C     -1.750487050159    0.058485333461    0.680416041870
               5 C     -0.298363817199   -0.373840952547    0.953588418162
               6 C     -0.032452065239   -1.856708749541    0.600572977514
               7 N      0.349608492857   -1.901206587729   -0.813716676886
               8 C      1.179326771164   -0.704103770483   -0.963112484034
               9 H      2.332576747556    0.765547171343    1.102458212048
              10 H      1.160976079037    2.096870611139    1.159315578566
              11 H      2.172668977911    1.864492929453   -0.277477869827
              12 H     -0.244587476043    1.347683457431   -1.939301234868
              13 H     -0.628091920895    2.224822542834   -0.436151695840
              14 H     -2.556548539707    0.903145684436   -1.043168914192
              15 H     -2.005301239023    0.926314532738    1.315327881191
              16 H     -2.479559025404   -0.735121740398    0.880125691567
              17 H     -0.000620098897   -0.148363168274    1.983588823812
              18 H     -0.899785835236   -2.499745731679    0.783432568272
              19 H      0.803169714383   -2.244561752956    1.198738675919
              20 H     -0.493697617295   -1.759504643717   -1.365197869822
              21 H      1.276320709623   -0.424991815021   -2.017699995408
              22 H      2.185836514676   -0.931829744771   -0.584730721028
------------------------ !GEOMETRY! -------------------------
    Number of atoms:    23 
    Geometry Index:     9 
    Coordinates:
               0 C      1.606018661360    1.342394651642    0.510773099990
               1 C      0.549763895577    0.421228527519   -0.098578696376
               2 C     -0.515193790228    1.210870813226   -0.892613797452
               3 N     -1.731178047177    0.408463679656   -0.736818104966
               4 C     -1.745143344344    0.069463972076    0.689751903267
               5 C     -0.297003887078   -0.377163445867    0.950443677264
               6 C     -0.038508895863   -1.860839344684    0.591753810956
               7 N      0.362408928915   -1.903039812140   -0.818781936842
               8 C      1.187990093963   -0.702755473706   -0.962044102827
               9 H      2.322608568285    0.768573681103    1.109845184350
              10 H      1.148843220272    2.098134454995    1.160096148706
              11 H      2.168619570307    1.867520827743   -0.271671566631
              12 H     -0.252464091504    1.328377959103   -1.950129806105
              13 H     -0.625906448508    2.220219003706   -0.454158796132
              14 H     -2.564553631521    0.912556836780   -1.021542198783
              15 H     -1.988309206367    0.942503108758    1.323024604734
              16 H     -2.478715910343   -0.717488108300    0.898670484871
              17 H      0.000636186580   -0.157116519000    1.981516189552
              18 H     -0.907620440800   -2.503553333887    0.767591497074
              19 H      0.791330238124   -2.249899771355    1.197274130620
              20 H     -0.476206124656   -1.768305051643   -1.378361858152
              21 H      1.288575711177   -0.422784246526   -2.016015824088
              22 H      2.193908743830   -0.927462409200   -0.579924043030
------------------------ !GEOMETRY! -------------------------
    Number of atoms:    23 
    Geometry Index:     10 
    Coordinates:
               0 C      1.608765017993    1.341504438595    0.509911941414
               1 C      0.550162949510    0.422037267605   -0.097624353608
               2 C     -0.514378394475    1.213536642413   -0.889963571316
               3 N     -1.727885926863    0.406895239652   -0.739757293077
               4 C     -1.746545697488    0.066494585738    0.686585180940
               5 C     -0.297507184218   -0.376038951122    0.951452261783
               6 C     -0.036610741861   -1.859471521367    0.594307991317
               7 N      0.357371393827   -1.902028669144   -0.817964833841
               8 C      1.185030931905   -0.703245582627   -0.962276186975
               9 H      2.326376505140    0.767140253271    1.107225013037
              10 H      1.153722459851    2.097644579231    1.160243655953
              11 H      2.170083417346    1.866287283919   -0.273699705522
              12 H     -0.249864586233    1.336423756052   -1.946434427114
              13 H     -0.628275715507    2.220276294645   -0.446422423152
              14 H     -2.562218988271    0.906190745606   -1.030142858806
              15 H     -1.993189852468    0.938835496967    1.319279180247
              16 H     -2.478950794623   -0.722187181447    0.893275777357
              17 H     -0.000790627088   -0.154060145429    1.982407295223
              18 H     -0.904466399098   -2.502969116120    0.773608908087
              19 H      0.796192431741   -2.247273720094    1.196497768299
              20 H     -0.483358264712   -1.762858350778   -1.373480604228
              21 H      1.285564142831   -0.423346949083   -2.016288935018
              22 H      2.190673922758   -0.929886396483   -0.580639780999
------------------------ !GEOMETRY! -------------------------
    Number of atoms:    23 
    Geometry Index:     11 
    Coordinates:
               0 C      1.608203901036    1.341807684250    0.509998746145
               1 C      0.550102631922    0.421904749474   -0.097772979468
               2 C     -0.514423927636    1.213120495415   -0.890434684846
               3 N     -1.728520769482    0.407433101480   -0.739139004499
               4 C     -1.746394327416    0.066765108158    0.687213934336
               5 C     -0.297398994220   -0.376245334275    0.951292590689
               6 C     -0.036973482779   -1.859711485988    0.593904868134
               7 N      0.358297406243   -1.902233762088   -0.817968739210
               8 C      1.185616689882   -0.703200131787   -0.962152399010
               9 H      2.325828917468    0.767738864778    1.107567302373
              10 H      1.152671946078    2.097804711339    1.160126623456
              11 H      2.169589694392    1.866747825628   -0.273463343827
              12 H     -0.250230463700    1.334478349067   -1.947162885153
              13 H     -0.627465973677    2.220546765021   -0.448299189206
              14 H     -2.562488404749    0.908217640443   -1.028081753036
              15 H     -1.992625906272    0.938949160393    1.320265356285
              16 H     -2.478840396415   -0.721829675314    0.894071042911
              17 H     -0.000249425398   -0.154619110491    1.982202046600
              18 H     -0.905331621755   -2.502770624725    0.772241433049
              19 H      0.795006429031   -2.248140408291    1.196841361336
              20 H     -0.481921567882   -1.764138151841   -1.374514862064
              21 H      1.286109738747   -0.423334334791   -2.016172970925
              22 H      2.191337906581   -0.929391435855   -0.580462494072
