-------------------------------------------------------------
----------------------- !PROPERTIES! ------------------------
-------------------------------------------------------------
# -----------------------------------------------------------
$ PAL_Flags
   description: The PAL Flags
   geom. index: 1
   prop. index: 1
        Diskflag:     2
# -----------------------------------------------------------
$ SCF_Energy
   description: The SCF energy
   geom. index: 1
   prop. index: 1
        SCF Energy:     -345.4779298848
# -----------------------------------------------------------
$ DFT_Energy
   description: The DFT energy
   geom. index: 1
   prop. index: 1
   Number of Alpha Electrons                 31.0000321096 
   Number of Beta  Electrons                 31.0000321096 
   Total number of  Electrons                62.0000642192 
   Exchange energy                          -32.3343881806 
   Correlation energy                        -2.5368596507 
   Correlation energy NL                      0.0000000000 
   Exchange-Correlation energy              -34.8712478313 
   Embedding correction                       0.0000000000 
   Total DFT Energy (No VdW correction)    -345.4779298848 
# -----------------------------------------------------------
$ Mayer_Pop
   description: The Mayer population analysis
   geom. index: 1
   prop. index: 1
     Number of atoms                     : 20
     Threshold for printing              : 0.1000000
     Number of bond orders printed       : 27
  NA   - Mulliken gross atomic population
  ZA   - Total nuclear charge
  QA   - Mulliken gross atomic charge
  VA   - Mayer's total valence
  BVA  - Mayer's bonded valence
  FA   - Mayer's free valence
  ATOM       NA         ZA         QA         VA         BVA        FA
  0   0     6.2256     6.0000    -0.2256     3.6944     3.6944    -0.0000
  1   0     6.5146     6.0000    -0.5146     3.7119     3.7119    -0.0000
  2   0     6.1315     6.0000    -0.1315     4.1503     4.1503    -0.0000
  3   0     7.3939     7.0000    -0.3939     2.6285     2.6285    -0.0000
  4   0     6.4011     6.0000    -0.4011     3.8248     3.8248     0.0000
  5   0     5.7476     6.0000     0.2524     3.0158     3.0158    -0.0000
  6   0     6.4202     6.0000    -0.4202     3.8707     3.8707    -0.0000
  7   0     7.3476     7.0000    -0.3476     2.7069     2.7069    -0.0000
  8   0     0.8632     1.0000     0.1368     0.9292     0.9292    -0.0000
  9   0     0.8502     1.0000     0.1498     0.9451     0.9451     0.0000
 10   0     0.8305     1.0000     0.1695     0.9322     0.9322    -0.0000
 11   0     0.8650     1.0000     0.1350     0.9798     0.9798    -0.0000
 12   0     0.8182     1.0000     0.1818     0.8757     0.8757    -0.0000
 13   0     0.7173     1.0000     0.2827     0.8789     0.8789    -0.0000
 14   0     0.8443     1.0000     0.1557     0.9379     0.9379    -0.0000
 15   0     0.8481     1.0000     0.1519     0.9133     0.9133     0.0000
 16   0     0.7843     1.0000     0.2157     0.8863     0.8863     0.0000
 17   0     0.8369     1.0000     0.1631     0.9223     0.9223    -0.0000
 18   0     0.8799     1.0000     0.1201     0.9462     0.9462    -0.0000
 19   0     0.6799     1.0000     0.3201     0.8213     0.8213    -0.0000
      Bond orders larger than 0.1000000
           Atom A     A.N. of A          Atom B    A.N. of B              Bond order
                0             6               1            6                0.939380
                0             6               6            6               -0.107684
                0             6               7            7                0.922046
                0             6               8            1                0.994383
                0             6               9            1                0.987380
                1             6               2            6                0.804084
                1             6               7            7               -0.146507
                1             6              10            1                0.973928
                1             6              11            1                1.045484
                2             6               3            7                0.964093
                2             6               4            6                0.154056
                2             6               5            6                0.916352
                2             6               7            7                0.357519
                2             6              12            1                0.863744
                3             7               4            6                0.979533
                3             7               5            6               -0.122742
                3             7              13            1                0.879064
                4             6               5            6                0.789036
                4             6               7            7               -0.165553
                4             6              14            1                0.973312
                4             6              15            1                0.991170
                5             6               6            6                0.808260
                5             6              16            1                0.824226
                6             6               7            7                1.014436
                6             6              17            1                1.004894
                6             6              18            1                1.004676
                7             7              19            1                0.844661
# -----------------------------------------------------------
$ VdW_Correction
   description: The Van der Waals Correction
   geom. index: 1
   prop. index: 1
        Van der Waals Correction:       -0.0340667651
# -----------------------------------------------------------
$ Hessian
   description: Details about the Hessian
   geom. index: 1
   prop. index: 1
Normal modes:
Number of Rows: 60 Number of Columns: 60
                  0          1          2          3          4          5    
      0       0.000000   0.000000   0.000000   0.000000   0.000000   0.000000
      1       0.000000   0.000000   0.000000   0.000000   0.000000   0.000000
      2       0.000000   0.000000   0.000000   0.000000   0.000000   0.000000
      3       0.000000   0.000000   0.000000   0.000000   0.000000   0.000000
      4       0.000000   0.000000   0.000000   0.000000   0.000000   0.000000
      5       0.000000   0.000000   0.000000   0.000000   0.000000   0.000000
      6       0.000000   0.000000   0.000000   0.000000   0.000000   0.000000
      7       0.000000   0.000000   0.000000   0.000000   0.000000   0.000000
      8       0.000000   0.000000   0.000000   0.000000   0.000000   0.000000
      9       0.000000   0.000000   0.000000   0.000000   0.000000   0.000000
     10       0.000000   0.000000   0.000000   0.000000   0.000000   0.000000
     11       0.000000   0.000000   0.000000   0.000000   0.000000   0.000000
     12       0.000000   0.000000   0.000000   0.000000   0.000000   0.000000
     13       0.000000   0.000000   0.000000   0.000000   0.000000   0.000000
     14       0.000000   0.000000   0.000000   0.000000   0.000000   0.000000
     15       0.000000   0.000000   0.000000   0.000000   0.000000   0.000000
     16       0.000000   0.000000   0.000000   0.000000   0.000000   0.000000
     17       0.000000   0.000000   0.000000   0.000000   0.000000   0.000000
     18       0.000000   0.000000   0.000000   0.000000   0.000000   0.000000
     19       0.000000   0.000000   0.000000   0.000000   0.000000   0.000000
     20       0.000000   0.000000   0.000000   0.000000   0.000000   0.000000
     21       0.000000   0.000000   0.000000   0.000000   0.000000   0.000000
     22       0.000000   0.000000   0.000000   0.000000   0.000000   0.000000
     23       0.000000   0.000000   0.000000   0.000000   0.000000   0.000000
     24       0.000000   0.000000   0.000000   0.000000   0.000000   0.000000
     25       0.000000   0.000000   0.000000   0.000000   0.000000   0.000000
     26       0.000000   0.000000   0.000000   0.000000   0.000000   0.000000
     27       0.000000   0.000000   0.000000   0.000000   0.000000   0.000000
     28       0.000000   0.000000   0.000000   0.000000   0.000000   0.000000
     29       0.000000   0.000000   0.000000   0.000000   0.000000   0.000000
     30       0.000000   0.000000   0.000000   0.000000   0.000000   0.000000
     31       0.000000   0.000000   0.000000   0.000000   0.000000   0.000000
     32       0.000000   0.000000   0.000000   0.000000   0.000000   0.000000
     33       0.000000   0.000000   0.000000   0.000000   0.000000   0.000000
     34       0.000000   0.000000   0.000000   0.000000   0.000000   0.000000
     35       0.000000   0.000000   0.000000   0.000000   0.000000   0.000000
     36       0.000000   0.000000   0.000000   0.000000   0.000000   0.000000
     37       0.000000   0.000000   0.000000   0.000000   0.000000   0.000000
     38       0.000000   0.000000   0.000000   0.000000   0.000000   0.000000
     39       0.000000   0.000000   0.000000   0.000000   0.000000   0.000000
     40       0.000000   0.000000   0.000000   0.000000   0.000000   0.000000
     41       0.000000   0.000000   0.000000   0.000000   0.000000   0.000000
     42       0.000000   0.000000   0.000000   0.000000   0.000000   0.000000
     43       0.000000   0.000000   0.000000   0.000000   0.000000   0.000000
     44       0.000000   0.000000   0.000000   0.000000   0.000000   0.000000
     45       0.000000   0.000000   0.000000   0.000000   0.000000   0.000000
     46       0.000000   0.000000   0.000000   0.000000   0.000000   0.000000
     47       0.000000   0.000000   0.000000   0.000000   0.000000   0.000000
     48       0.000000   0.000000   0.000000   0.000000   0.000000   0.000000
     49       0.000000   0.000000   0.000000   0.000000   0.000000   0.000000
     50       0.000000   0.000000   0.000000   0.000000   0.000000   0.000000
     51       0.000000   0.000000   0.000000   0.000000   0.000000   0.000000
     52       0.000000   0.000000   0.000000   0.000000   0.000000   0.000000
     53       0.000000   0.000000   0.000000   0.000000   0.000000   0.000000
     54       0.000000   0.000000   0.000000   0.000000   0.000000   0.000000
     55       0.000000   0.000000   0.000000   0.000000   0.000000   0.000000
     56       0.000000   0.000000   0.000000   0.000000   0.000000   0.000000
     57       0.000000   0.000000   0.000000   0.000000   0.000000   0.000000
     58       0.000000   0.000000   0.000000   0.000000   0.000000   0.000000
     59       0.000000   0.000000   0.000000   0.000000   0.000000   0.000000
                  6          7          8          9         10         11    
      0      -0.004891  -0.034173  -0.093215   0.073279  -0.049356  -0.213941
      1       0.030729   0.037050  -0.047814  -0.132759   0.061385  -0.030354
      2      -0.020730  -0.163347   0.118003   0.016724  -0.056772   0.038264
      3       0.027956  -0.006888   0.030890   0.069105  -0.012377  -0.141722
      4      -0.008118  -0.025714   0.045050  -0.124614   0.073349   0.025904
      5       0.153244   0.098912  -0.040698   0.105937   0.059772   0.033203
      6      -0.005316  -0.019587   0.043191  -0.028289   0.001313  -0.064198
      7      -0.000921   0.001755   0.051789   0.104639   0.093919   0.089115
      8      -0.031586   0.057742   0.006007  -0.101051  -0.004685   0.049760
      9       0.126812   0.037067  -0.000369  -0.223389  -0.030911   0.050092
     10      -0.123146  -0.004061  -0.058195   0.053709   0.014666   0.079661
     11      -0.196946   0.007170  -0.006441  -0.005973  -0.018582  -0.039886
     12      -0.076315   0.116980   0.143214  -0.048293   0.076251   0.058385
     13      -0.012143  -0.045065  -0.128444  -0.062241  -0.043494   0.067437
     14       0.117332  -0.135035  -0.026339   0.020195   0.031968   0.041129
     15      -0.004977  -0.028117   0.078572   0.054318   0.095439   0.133481
     16      -0.002476   0.009467   0.018265   0.096501   0.037639  -0.004400
     17       0.063547   0.023718   0.093132   0.001252   0.041804  -0.045888
     18      -0.009279   0.029181  -0.046113   0.068659  -0.110764   0.156712
     19       0.034184   0.013225  -0.000073   0.093384  -0.074777  -0.063283
     20      -0.032000   0.137400  -0.038133   0.004345  -0.095342   0.017389
     21      -0.051208  -0.113342  -0.138677   0.039743   0.045721   0.004263
     22       0.098399   0.004180   0.137889  -0.004921  -0.141405  -0.142982
     23      -0.048420  -0.011347  -0.065578  -0.074090   0.048671  -0.150579
     24       0.037567   0.179314  -0.364465   0.019160   0.124261  -0.430541
     25      -0.058964   0.001614  -0.131014  -0.239794   0.149102  -0.048896
     26      -0.096052  -0.292444   0.203247  -0.019287  -0.091329   0.135958
     27      -0.040668  -0.185405   0.077557   0.108818  -0.152469  -0.038983
     28       0.081552   0.126386  -0.189579  -0.087888   0.107611  -0.011063
     29      -0.046796  -0.316039   0.278388   0.074163  -0.165403   0.258773
     30       0.118337   0.029792   0.029883   0.355081   0.084948  -0.084019
     31       0.118808   0.130412  -0.074041  -0.015312   0.201430   0.042779
     32       0.293147   0.257192  -0.157195   0.263451   0.201695   0.060348
     33      -0.037081  -0.004708   0.069279  -0.072313  -0.030423  -0.061354
     34      -0.172948  -0.213242   0.137461  -0.343262  -0.114876  -0.071688
     35       0.263269   0.175544  -0.102642   0.288734   0.150054   0.024144
     36      -0.142260  -0.031972   0.048036   0.013057  -0.051690  -0.160377
     37       0.100180   0.018578   0.092822   0.147217   0.104536   0.051069
     38      -0.114807   0.045734  -0.016073  -0.118296  -0.021845   0.051156
     39       0.179826   0.089524  -0.009323  -0.348790  -0.046244   0.144560
     40      -0.409399   0.088497   0.013841   0.189401   0.035491  -0.051281
     41      -0.200785   0.047306  -0.001858  -0.064398  -0.025935  -0.004776
     42      -0.329293   0.325984   0.364643   0.038007   0.154599  -0.130441
     43      -0.145215  -0.039162  -0.185212  -0.083554  -0.083445   0.104109
     44       0.173118  -0.127505   0.012267   0.034309   0.055740   0.017494
     45       0.000660   0.048959   0.075347  -0.065148   0.054984   0.124060
     46       0.203420  -0.113266  -0.239102  -0.210197  -0.118563   0.103294
     47       0.284882  -0.314671  -0.194306   0.009297  -0.010259   0.220984
     48       0.077115  -0.139880   0.062750   0.126771   0.120420   0.133958
     49      -0.025021   0.042238   0.058509   0.102799   0.050782  -0.080327
     50       0.103976  -0.030537   0.092581   0.042925   0.057466  -0.064065
     51      -0.014037   0.052492  -0.146078   0.037057  -0.283948   0.120922
     52       0.045357  -0.095353   0.109265   0.059570   0.208183  -0.210547
     53      -0.042164   0.272227  -0.070724   0.101599  -0.298653   0.294450
     54       0.034661   0.146416   0.026934   0.119853  -0.319167   0.325566
     55       0.001795   0.156630  -0.147897   0.151431  -0.401800   0.166970
     56      -0.076903   0.155889  -0.173175   0.009460  -0.171834   0.061110
     57      -0.067692  -0.134529  -0.167679  -0.029074   0.132891   0.150708
     58       0.112721   0.005626   0.177092  -0.049387  -0.141074  -0.120436
     59      -0.107935  -0.045685  -0.203956  -0.074245   0.179295  -0.003915
                 12         13         14         15         16         17    
      0      -0.064123  -0.079091   0.055087   0.091918   0.047655   0.075137
      1       0.057422   0.036161  -0.078784  -0.012287   0.017718  -0.032121
      2       0.039382  -0.020724   0.005507  -0.028387   0.055280  -0.058389
      3       0.148063   0.149175   0.094197   0.131940   0.023561   0.045431
      4       0.144809   0.154405   0.060585   0.118067   0.053350   0.071303
      5       0.047842   0.011352   0.059098  -0.016628   0.130307  -0.061053
      6       0.110881   0.093868  -0.063169  -0.081855   0.030748  -0.105321
      7      -0.056747  -0.006543   0.146071   0.099710  -0.085571  -0.073097
      8      -0.177848   0.059025   0.172853   0.053885  -0.053832   0.034560
      9      -0.064051   0.020948  -0.045641  -0.035975  -0.017364  -0.048416
     10       0.064663  -0.160769  -0.040899   0.059733   0.064593   0.132011
     11       0.018438   0.085032  -0.025921  -0.050782  -0.033214  -0.064392
     12      -0.042336  -0.103504  -0.027906  -0.043780   0.024186   0.143880
     13       0.032847  -0.062170  -0.043760   0.069682  -0.003437  -0.039747
     14      -0.002105  -0.047812  -0.049210  -0.002424   0.054281   0.085875
     15       0.081051  -0.070400   0.060486  -0.199250  -0.003220  -0.013768
     16      -0.097676   0.049062   0.020332  -0.077587  -0.003311  -0.115484
     17      -0.152850  -0.060297  -0.124711   0.202849   0.000613  -0.029875
     18       0.006137  -0.054378   0.012976   0.042132  -0.084978  -0.053219
     19      -0.217099   0.133676  -0.029280  -0.213999   0.006666   0.120964
     20       0.072552  -0.025230  -0.006896   0.005236  -0.013077  -0.008378
     21      -0.143362   0.028800  -0.050800   0.046754  -0.024617  -0.028473
     22       0.047978  -0.106970  -0.011478  -0.033418  -0.051227  -0.004422
     23       0.099866  -0.087865   0.033383  -0.111902  -0.112260   0.035296
     24      -0.086353  -0.368726   0.256744  -0.101190   0.226939  -0.197217
     25       0.056620   0.060702  -0.141960  -0.031870  -0.119589   0.029062
     26       0.047794   0.139978  -0.134957   0.053327  -0.128783   0.118905
     27      -0.070441   0.124842  -0.100505   0.231053  -0.084169   0.237624
     28      -0.129393  -0.169030  -0.031047  -0.145841   0.202652  -0.326721
     29      -0.026332   0.159543  -0.169930   0.088850  -0.045778   0.040296
     30       0.330163   0.186255  -0.060525   0.166571  -0.235946   0.080293
     31       0.262099   0.292355  -0.201904   0.150910  -0.247359   0.265145
     32       0.194454   0.147171  -0.229671   0.015157  -0.208678   0.133221
     33      -0.005210   0.198788   0.299195   0.148067   0.056463  -0.024886
     34      -0.052071  -0.073085   0.336785   0.051592   0.510010  -0.126521
     35       0.227397   0.077077  -0.184135   0.007710  -0.084549   0.070912
     36       0.056085   0.099469  -0.190901  -0.081585  -0.112488  -0.192797
     37      -0.215434  -0.022459   0.120483   0.256263  -0.178244  -0.188837
     38      -0.101973   0.074609   0.163352  -0.028539  -0.036772   0.074173
     39      -0.196003  -0.044736   0.094658   0.019635  -0.079365   0.163978
     40       0.128676  -0.008219  -0.134800  -0.033162  -0.021172  -0.262081
     41      -0.052080   0.074478   0.040907  -0.032460  -0.085966  -0.009384
     42      -0.208715  -0.065963  -0.317549   0.210075   0.225902   0.034769
     43       0.152052  -0.056283   0.046204  -0.005156  -0.086448  -0.047476
     44      -0.068116  -0.052409  -0.106832   0.044754   0.106392   0.091075
     45       0.019851  -0.123248   0.064951  -0.149172  -0.029606   0.199483
     46      -0.008037  -0.039050  -0.035770   0.136234  -0.086344  -0.123821
     47       0.187773  -0.102714   0.229818  -0.324271  -0.093788   0.248822
     48       0.106687  -0.042554  -0.065142  -0.282893   0.119428  -0.103361
     49       0.088156  -0.021278  -0.129717  -0.052937   0.067374  -0.318560
     50      -0.089909  -0.060984  -0.229612   0.174046   0.085416  -0.135523
     51       0.096001  -0.021266  -0.047483   0.132022  -0.057125  -0.001457
     52      -0.319694  -0.015169   0.016379  -0.275110  -0.168391   0.058626
     53       0.103204   0.163442   0.004037  -0.032503   0.214685   0.012246
     54       0.059472  -0.010940  -0.043475   0.176688   0.033432  -0.088977
     55      -0.090420   0.361429  -0.051427  -0.227259   0.244987   0.195351
     56       0.121185   0.088208   0.015313  -0.087410   0.056038   0.060935
     57      -0.075221   0.143330  -0.118797   0.082703   0.067662  -0.136934
     58       0.188024  -0.218872   0.038959   0.006257  -0.129413  -0.114681
     59      -0.125589   0.328138  -0.176896  -0.174317   0.175041   0.142602
                 18         19         20         21         22         23    
      0      -0.201363  -0.003081   0.061280   0.009032   0.016362   0.074457
      1      -0.003550  -0.066888  -0.042394   0.084571  -0.008066   0.049810
      2       0.002690  -0.014431   0.050430  -0.000139   0.070344  -0.071583
      3       0.101033  -0.017258  -0.082884  -0.003197   0.007600  -0.000818
      4      -0.068377   0.069149   0.038545  -0.101501   0.000094  -0.080619
      5       0.007929   0.000969  -0.048873  -0.032237  -0.069944   0.013264
      6       0.036608  -0.028857  -0.001001   0.068838  -0.053530  -0.047864
      7       0.029789  -0.040527   0.114458   0.021352   0.045498   0.038359
      8       0.014841   0.002259  -0.032219   0.081007  -0.027788   0.051127
      9      -0.030547   0.024060   0.049726  -0.032203   0.015710  -0.005961
     10       0.047016   0.026977  -0.085375   0.077418   0.003600  -0.064874
     11      -0.047925   0.014033   0.052199  -0.020126   0.052437  -0.029351
     12       0.015993  -0.112596   0.067550  -0.030754  -0.030857  -0.025255
     13       0.001633   0.022154   0.011268  -0.067474  -0.000542   0.079031
     14       0.056718   0.005258   0.081930   0.040594  -0.027924   0.005608
     15      -0.076082   0.056366  -0.043696  -0.011817   0.042176   0.099880
     16      -0.062480   0.034728  -0.008566   0.086157  -0.049315  -0.015194
     17       0.011429  -0.006301  -0.051640  -0.084869   0.018506  -0.024828
     18       0.061035   0.062230  -0.081547  -0.083864  -0.013282  -0.056080
     19       0.043745   0.032602  -0.026115  -0.098507  -0.001305  -0.053679
     20      -0.117981  -0.038540  -0.099689   0.018725   0.006306  -0.028628
     21       0.028032  -0.009233   0.001826   0.037110  -0.041959  -0.050180
     22       0.033217  -0.035433  -0.016942   0.036763   0.043518   0.052869
     23       0.114688   0.066394   0.026852  -0.029960  -0.049551   0.035694
     24       0.050001   0.018861   0.240953  -0.085162   0.246985  -0.245434
     25      -0.008384  -0.021789   0.025438   0.130622  -0.093376   0.050823
     26      -0.114800   0.006967  -0.000020   0.072030  -0.105580   0.094572
     27      -0.378594  -0.034670  -0.072905   0.104893  -0.162287   0.272120
     28       0.047050  -0.158072   0.031829   0.155410   0.085931  -0.197574
     29      -0.189000  -0.079456  -0.086665   0.137171  -0.116005   0.082114
     30       0.101471  -0.018064   0.152274  -0.021458   0.359793  -0.187533
     31      -0.219996   0.104748   0.109630   0.000101  -0.025169  -0.033860
     32      -0.138230   0.033689   0.061868   0.065128  -0.031911   0.026857
     33       0.326954  -0.050862  -0.281517   0.112740  -0.193403   0.141698
     34      -0.066595   0.045673  -0.055993  -0.230632  -0.067633  -0.066872
     35      -0.140552   0.032486   0.118272  -0.051563   0.084999  -0.082162
     36       0.032535  -0.120411   0.037149   0.182918   0.017902  -0.206190
     37       0.098266  -0.158951   0.183872   0.000351   0.025426   0.038116
     38      -0.028894   0.049849  -0.055075   0.107807   0.000124   0.022901
     39      -0.075235   0.170362  -0.060649   0.237031   0.230726  -0.156408
     40      -0.027795  -0.384098   0.116126  -0.613885  -0.346059   0.244138
     41      -0.087809   0.039588   0.030757   0.023571   0.127502  -0.061895
     42       0.209470   0.356542   0.174169   0.128578  -0.006134   0.175060
     43      -0.087055   0.016416  -0.025442  -0.061995   0.197267   0.045661
     44       0.108066   0.025065   0.106092   0.049166  -0.126000   0.028115
     45      -0.050477  -0.261705   0.035864  -0.066276  -0.044571  -0.098904
     46      -0.044773  -0.089547  -0.004228  -0.272079  -0.037978   0.088532
     47      -0.131645  -0.416009  -0.003768  -0.028807  -0.065596  -0.198529
     48      -0.018303   0.370523  -0.024819  -0.073888   0.069111   0.381937
     49      -0.246617   0.026045  -0.107403   0.216518  -0.069065  -0.077609
     50      -0.003014   0.164987  -0.067756  -0.084261   0.028981   0.113533
     51       0.321006   0.041569   0.162205  -0.008704  -0.048369   0.075283
     52      -0.167789   0.057631  -0.416361  -0.220053  -0.001439  -0.218108
     53      -0.145703  -0.043950   0.163277   0.103420   0.050044   0.040919
     54       0.099247   0.003027   0.014252  -0.072347   0.115439   0.018654
     55       0.241116   0.020908   0.468767   0.099545  -0.037446   0.136134
     56      -0.006264  -0.002724   0.150592   0.123622  -0.096668   0.049549
     57       0.164910  -0.166479  -0.136520   0.110263   0.155275   0.081751
     58       0.073549   0.048245   0.056549   0.107909  -0.122739  -0.053561
     59       0.240539  -0.322934  -0.323778  -0.096334   0.573438   0.451729
                 24         25         26         27         28         29    
      0      -0.000405  -0.026086  -0.078636   0.006991   0.030187  -0.051653
      1       0.013879   0.072084  -0.068303   0.064419  -0.021196  -0.158722
      2      -0.016900   0.072118  -0.041697  -0.033462   0.084476  -0.046816
      3      -0.009802   0.070010   0.045993   0.025304  -0.025607  -0.088449
      4      -0.009229  -0.039343   0.031450  -0.039359   0.026833   0.074079
      5       0.037567  -0.061713  -0.024532   0.022845  -0.080553   0.013234
      6       0.054320  -0.043907  -0.135617  -0.075374   0.044621   0.123587
      7       0.024676  -0.035448  -0.030311   0.106850  -0.040230   0.033205
      8      -0.034758   0.033143  -0.031715  -0.099562   0.117757   0.036037
      9      -0.064201  -0.036185   0.017154   0.162622  -0.003849   0.006444
     10      -0.107069  -0.021350  -0.080131   0.076257  -0.007866   0.051190
     11       0.003739  -0.037391   0.031406   0.076539  -0.080906  -0.039417
     12       0.057408  -0.000619   0.064908  -0.094448  -0.026882  -0.063356
     13       0.142691   0.055326   0.047357  -0.119665   0.038069  -0.018282
     14       0.076863  -0.031023   0.069517   0.076565   0.070715  -0.029104
     15      -0.013531   0.058143  -0.016011  -0.035099  -0.019921   0.044745
     16      -0.048551  -0.054386   0.064666  -0.069311   0.048425  -0.102222
     17      -0.055210   0.036887  -0.058657  -0.098594  -0.094772   0.005494
     18       0.039474  -0.057188  -0.042623   0.024743   0.080964  -0.112831
     19       0.030314   0.031032  -0.038955   0.013406  -0.019528  -0.014359
     20       0.064708   0.030477   0.077857   0.086099   0.032270   0.110429
     21      -0.014453   0.029729   0.117422  -0.022691  -0.066073   0.150910
     22      -0.017519  -0.033298   0.080292  -0.015086   0.004241   0.126027
     23      -0.017949  -0.027085  -0.028770  -0.022689  -0.044592  -0.031279
     24      -0.082607   0.145817  -0.017056  -0.158008   0.226235   0.042104
     25      -0.037911   0.177797  -0.173178  -0.037091  -0.016249  -0.229796
     26      -0.011104   0.042064  -0.127042  -0.019471  -0.022277  -0.119719
     27       0.069168  -0.092655  -0.090790   0.156950  -0.123143  -0.105477
     28       0.083257   0.318144  -0.054380   0.177823   0.065414  -0.219639
     29       0.090237   0.073360  -0.058532   0.181362  -0.071519  -0.137894
     30      -0.085712   0.246376   0.234945   0.137572   0.099704  -0.247347
     31      -0.056801  -0.037085  -0.074888  -0.213294   0.184285   0.199883
     32      -0.022735  -0.024761  -0.097403  -0.131424   0.101862   0.106833
     33      -0.003170   0.181975   0.110170   0.080455  -0.105887  -0.058377
     34       0.074533  -0.224184  -0.058920   0.045082  -0.150865   0.020293
     35      -0.003585  -0.052066  -0.027938  -0.048899   0.049214   0.017953
     36       0.046967  -0.110450  -0.455522  -0.155041   0.058024   0.158346
     37       0.186566  -0.079527  -0.357733   0.156315  -0.160178   0.158318
     38      -0.134357   0.044157   0.093493  -0.133405   0.190292  -0.029649
     39      -0.182212  -0.040514  -0.014586   0.037330  -0.188300  -0.099328
     40      -0.432766   0.106774   0.053120   0.269813   0.310414   0.087957
     41      -0.095079  -0.019548   0.048057   0.037019  -0.139522  -0.102329
     42       0.329108   0.007797   0.162808   0.204516   0.249173  -0.022089
     43       0.436597   0.046564   0.015599  -0.250227  -0.410935  -0.018372
     44      -0.059574  -0.030741   0.096617   0.155355   0.306733  -0.034375
     45      -0.043848  -0.017502   0.056410  -0.144494  -0.099245  -0.096112
     46      -0.173148   0.150079  -0.024173  -0.156468   0.051290  -0.012106
     47      -0.115566  -0.095381   0.062837  -0.088152  -0.139020  -0.119384
     48      -0.236131   0.214401  -0.034195   0.035542  -0.118814   0.120560
     49      -0.199362  -0.321758   0.489796  -0.359746  -0.056989  -0.467919
     50      -0.220126   0.057671   0.034236  -0.134041  -0.179107  -0.040005
     51      -0.068881  -0.316132   0.009839  -0.064727  -0.034080  -0.225549
     52       0.226837   0.088742   0.006686   0.210090   0.147519   0.044610
     53      -0.089438   0.298643  -0.057193  -0.105633  -0.075402   0.180129
     54      -0.117219  -0.084775  -0.145310  -0.279257   0.004164  -0.171275
     55      -0.173660   0.086516  -0.043578  -0.165618  -0.219115   0.025756
     56       0.028239   0.076695   0.120901   0.148909  -0.050194   0.154709
     57      -0.051317  -0.048809   0.243410  -0.033183   0.010474   0.280987
     58      -0.035291   0.098581   0.149075  -0.006458  -0.079950   0.168339
     59      -0.030589  -0.426064  -0.014717  -0.060483   0.225069   0.042347
                 30         31         32         33         34         35    
      0       0.002615   0.013136   0.006761  -0.009098   0.003287  -0.007296
      1      -0.009448  -0.044742  -0.032668   0.029728  -0.001994  -0.003746
      2      -0.021271   0.039934   0.044079   0.041668  -0.016512   0.027372
      3      -0.036033  -0.023357   0.007828   0.040192  -0.041023   0.023202
      4       0.026732   0.026933  -0.005949  -0.031633  -0.013657  -0.028894
      5       0.002261  -0.028920   0.007587  -0.009784   0.049178   0.008431
      6       0.048868   0.022860  -0.013523  -0.022628   0.030905  -0.013496
      7       0.037049   0.009857   0.014672  -0.028803   0.107348   0.032407
      8       0.019878   0.013328  -0.064854   0.046721  -0.011933  -0.035160
      9      -0.055989   0.045984  -0.030497   0.002640  -0.001464   0.002394
     10      -0.009838   0.017557  -0.002517  -0.000397  -0.011266  -0.003735
     11      -0.011392  -0.018970   0.068544  -0.007904  -0.034026  -0.018800
     12       0.037305  -0.023796   0.042776   0.030303   0.011483  -0.025760
     13       0.003299  -0.016040  -0.016330   0.013693  -0.020659  -0.035156
     14      -0.025791  -0.001362   0.001607  -0.013237   0.035873   0.021184
     15      -0.023207  -0.015659  -0.019691  -0.074787  -0.074462   0.081730
     16      -0.051548  -0.041642  -0.013333  -0.000751  -0.090229   0.025485
     17      -0.010899   0.012810  -0.049627  -0.035196  -0.053286   0.070268
     18      -0.004434  -0.013117   0.013310   0.040059  -0.013706  -0.006619
     19       0.017080   0.022207   0.001716  -0.004259   0.032402   0.002917
     20       0.036283   0.013009   0.015714   0.020136   0.029147   0.021761
     21      -0.010900  -0.008222  -0.006791  -0.018029   0.023694  -0.012599
     22      -0.008381   0.000361   0.014475  -0.008183   0.003693  -0.000399
     23      -0.009561  -0.014345  -0.028692  -0.058348  -0.010209  -0.061805
     24      -0.076865   0.134367   0.148777   0.070885   0.040153   0.092256
     25      -0.241502   0.019594   0.196428   0.182624   0.396306   0.319120
     26      -0.125729   0.016425   0.108875   0.082559   0.210758   0.161921
     27       0.098569  -0.029603  -0.092749  -0.123535  -0.024995  -0.104449
     28       0.325810   0.279492  -0.038831  -0.332862  -0.226260  -0.173507
     29       0.201239   0.093258  -0.077091  -0.212813  -0.120401  -0.142902
     30       0.188014  -0.155320  -0.391390  -0.059312   0.131528  -0.120677
     31      -0.064453   0.198304   0.220534   0.016458  -0.160983   0.026331
     32      -0.049194   0.114082   0.152881   0.020106  -0.063807   0.038798
     33      -0.028339   0.344809   0.362210  -0.201139   0.049470  -0.022813
     34       0.007713  -0.257003  -0.168330   0.109514   0.022943   0.044732
     35       0.007276  -0.136400  -0.145316   0.082352  -0.024152   0.005099
     36       0.138897  -0.231987  -0.111516   0.091480   0.204079   0.050595
     37      -0.127624   0.013277   0.170979   0.306198  -0.393821  -0.324264
     38       0.130483  -0.038005  -0.177779  -0.117009   0.311953   0.180611
     39       0.112358  -0.159943   0.081042   0.004414   0.042055   0.027977
     40      -0.076288   0.113701  -0.208439   0.037747   0.070915   0.061896
     41       0.068323  -0.118182   0.095812  -0.001390   0.004591   0.006154
     42      -0.084608  -0.022497  -0.017296  -0.015162   0.033154  -0.015294
     43      -0.122271   0.305985  -0.231762   0.078529   0.127881   0.200688
     44       0.031451  -0.162298   0.107587  -0.044670  -0.037790  -0.097717
     45       0.056857  -0.025783   0.058998   0.069723  -0.010370  -0.069102
     46       0.325364  -0.418979   0.496115  -0.228917   0.020730   0.121631
     47      -0.066551   0.120403  -0.123024   0.171388  -0.044876  -0.142616
     48       0.307890   0.077378   0.077282   0.450733   0.183203  -0.308149
     49       0.061589   0.208813   0.057343   0.050344   0.196264  -0.135255
     50       0.202312   0.130142   0.017845   0.271142   0.163483  -0.184492
     51       0.320855   0.191542  -0.038174   0.049785  -0.142846   0.320307
     52      -0.040377  -0.052107   0.050660   0.074694   0.086094  -0.079314
     53      -0.321500  -0.153651   0.006157  -0.114208   0.115051  -0.294722
     54      -0.289371   0.007983   0.016783  -0.318178   0.283519  -0.319081
     55       0.008734  -0.012130  -0.055685   0.007400  -0.129193   0.098474
     56       0.200999  -0.021494  -0.030789   0.230803  -0.255701   0.260393
     57      -0.114019  -0.179846  -0.022187   0.145995  -0.102703  -0.006519
     58      -0.079550  -0.130471  -0.036851   0.079928  -0.063058  -0.019838
     59       0.006557   0.037198   0.053164  -0.047084  -0.031277  -0.027110
                 36         37         38         39         40         41    
      0      -0.013085  -0.017567   0.022022   0.047672  -0.004745  -0.003055
      1      -0.015326  -0.042038   0.020871   0.034913  -0.043298   0.125425
      2      -0.027776  -0.013813   0.008854   0.017225  -0.029069   0.071074
      3      -0.009496   0.032193  -0.096271  -0.098991  -0.034022  -0.001977
      4      -0.008605  -0.005579   0.060928   0.020783   0.060372  -0.019793
      5       0.001127   0.014471   0.057403   0.016498   0.027514  -0.020207
      6       0.086216  -0.037518  -0.041474   0.085559  -0.032991  -0.008836
      7      -0.018108   0.017951  -0.056272   0.029248  -0.103792   0.010135
      8       0.052573  -0.055112  -0.001493  -0.042306   0.011532   0.006975
      9      -0.005427  -0.005433  -0.004716   0.002649  -0.008289   0.008600
     10       0.022083  -0.031844  -0.004797   0.001265   0.002314   0.004195
     11       0.028556   0.017738  -0.003538   0.031593  -0.024389   0.003787
     12      -0.008942  -0.009731  -0.029821   0.029941   0.022522  -0.006579
     13       0.017808   0.107272   0.056076   0.005359  -0.084873  -0.012220
     14      -0.034159  -0.070561  -0.022950  -0.044879   0.061689  -0.001925
     15       0.031168  -0.005011   0.067966  -0.077605  -0.032740   0.021433
     16      -0.023716   0.050131  -0.053808   0.086900   0.148221  -0.004169
     17      -0.002139   0.015673   0.012225   0.047953  -0.035210  -0.020409
     18      -0.043562  -0.045659  -0.000507   0.055534  -0.033698  -0.086239
     19       0.020892  -0.000812   0.007419  -0.032065  -0.033030   0.065013
     20       0.037123   0.043917  -0.008905  -0.029241   0.042300   0.072323
     21       0.019208   0.011664   0.007105  -0.034393   0.007809   0.024636
     22       0.006114   0.007700   0.007350  -0.004440   0.017057  -0.051236
     23      -0.021435  -0.007245  -0.020035  -0.003278  -0.002931  -0.013474
     24       0.016026   0.044382   0.033138  -0.002582   0.065498   0.026008
     25       0.365151   0.180641   0.056059  -0.092558   0.192318  -0.441622
     26       0.186286   0.091636   0.027383  -0.035363   0.086153  -0.279440
     27      -0.022327  -0.004384  -0.005370   0.027137   0.047656  -0.016366
     28      -0.029831   0.148165  -0.256166  -0.257558   0.080607  -0.439815
     29      -0.038630   0.063722  -0.118590  -0.107441   0.069459  -0.137297
     30       0.248118  -0.134125   0.350123   0.196241   0.243296  -0.092091
     31      -0.204031   0.070080  -0.211486  -0.128191  -0.146180   0.021834
     32      -0.134380   0.050982  -0.127464  -0.066336  -0.123533   0.012685
     33      -0.237686   0.022740   0.423961   0.274993   0.137401   0.031031
     34       0.060404   0.073516  -0.213577  -0.229600  -0.090032  -0.105844
     35       0.112082  -0.012446  -0.151697  -0.116544  -0.015161  -0.009528
     36      -0.567337   0.198617   0.358597  -0.386366   0.170240   0.000618
     37       0.185170  -0.153912   0.256424  -0.346827   0.226970   0.007676
     38      -0.199207   0.088667  -0.102427   0.068885  -0.138388   0.008604
     39      -0.133881   0.165038   0.095746  -0.156978   0.068479  -0.107315
     40      -0.125408  -0.046699   0.036186  -0.192128   0.133361  -0.040970
     41      -0.066016   0.114883   0.057061  -0.080838   0.034682  -0.066002
     42      -0.075561   0.090880   0.060895  -0.111335   0.097321   0.065554
     43      -0.212745  -0.379886  -0.209249  -0.048868   0.413580   0.017190
     44       0.074260   0.182144   0.115434  -0.027197  -0.175782  -0.008668
     45      -0.010997   0.078589  -0.021103   0.073262   0.030721   0.013372
     46       0.032390  -0.386928  -0.138527  -0.089162   0.248994   0.099778
     47      -0.038511   0.323980   0.063025   0.110624  -0.029413   0.013460
     48      -0.070385   0.136856  -0.186417   0.112313   0.228929   0.035727
     49       0.053689  -0.381800   0.222118  -0.411874  -0.411779  -0.049010
     50      -0.040077  -0.014255  -0.061564   0.035863  -0.040330  -0.030816
     51       0.184872   0.207799   0.030845  -0.094663   0.147994   0.347562
     52      -0.063967  -0.132885  -0.005135   0.024727  -0.085172  -0.179894
     53      -0.147799  -0.116374  -0.030460   0.080696  -0.126506  -0.160793
     54       0.111526   0.155639  -0.142096  -0.157989   0.208334   0.241609
     55      -0.042631  -0.124712   0.079872  -0.006477  -0.107691  -0.221017
     56      -0.098838  -0.148252   0.116542   0.120288  -0.149496  -0.287296
     57      -0.137891  -0.056133  -0.101088   0.165310  -0.060879   0.008302
     58      -0.087649  -0.042479  -0.071584   0.093230  -0.052124   0.026537
     59      -0.026855   0.009079   0.002507   0.037967   0.049514  -0.205184
                 42         43         44         45         46         47    
      0      -0.015306   0.034934   0.007472  -0.005092   0.052819  -0.069240
      1      -0.014741  -0.011237   0.001536   0.001267   0.021123   0.052686
      2      -0.010497   0.002495   0.002664  -0.000302   0.026422   0.011838
      3       0.032411  -0.017648   0.026063   0.002329   0.017818   0.010037
      4       0.041459  -0.037658   0.035811   0.005058   0.018547  -0.031288
      5       0.007331   0.000279   0.000856   0.003510  -0.002008  -0.005520
      6      -0.078595  -0.032489   0.023111  -0.016275   0.000070   0.003110
      7       0.003916  -0.011314   0.004990  -0.010579   0.003774   0.000569
      8       0.013608   0.008429  -0.002023  -0.010181  -0.005974  -0.002575
      9       0.058111   0.023863  -0.017595   0.000645  -0.004473  -0.001683
     10       0.022277   0.009986  -0.007439  -0.003776  -0.003455  -0.002054
     11       0.034735   0.014560  -0.012108   0.001340  -0.002244   0.002649
     12       0.020809   0.005899  -0.019806   0.073872   0.010561   0.004472
     13      -0.006776  -0.011597  -0.005741   0.030063   0.007561  -0.001737
     14      -0.032946  -0.011220   0.001335   0.054585   0.007733  -0.001374
     15       0.007716   0.003149  -0.004330  -0.003101  -0.005509  -0.012316
     16       0.005521   0.012005   0.001229   0.018884   0.011418   0.028606
     17      -0.001523  -0.003484   0.002479  -0.012770  -0.003699   0.001434
     18       0.000636   0.001873   0.027695  -0.002119  -0.013345   0.026898
     19      -0.012090   0.023620   0.038192   0.018480  -0.054847  -0.061300
     20      -0.006032  -0.008033  -0.030340   0.003343   0.022777  -0.015607
     21       0.004942   0.018602   0.017778   0.001410   0.030510   0.076614
     22       0.011582   0.012150   0.020149   0.001977   0.005918   0.053191
     23      -0.000132  -0.001358  -0.002562  -0.001472  -0.004437  -0.010663
     24       0.096397  -0.369115  -0.123051   0.026373  -0.454430   0.192972
     25       0.086111  -0.042041  -0.027551  -0.003312  -0.174928  -0.072645
     26      -0.001083   0.166632   0.036731  -0.018676   0.147169  -0.191529
     27       0.066376  -0.256854  -0.090185   0.019531  -0.335999   0.091649
     28       0.028465   0.171827   0.043387  -0.017511   0.138753  -0.241748
     29       0.095114  -0.267113  -0.095313   0.020793  -0.378902   0.108074
     30      -0.159433   0.274227  -0.245760  -0.012855  -0.150525   0.046906
     31      -0.167861   0.180011  -0.182508  -0.007607  -0.097811   0.086429
     32      -0.213587   0.251492  -0.246638  -0.012299  -0.136015   0.112184
     33      -0.090079   0.090390  -0.112212   0.023237  -0.039566  -0.028477
     34      -0.244745   0.350717  -0.313447  -0.019988  -0.197845   0.174712
     35       0.195215  -0.212655   0.218837  -0.000111   0.118151  -0.068218
     36       0.299146   0.094294  -0.067657   0.044389  -0.002409  -0.046150
     37      -0.047048   0.010073  -0.002481   0.022282  -0.014191  -0.028493
     38       0.125601   0.022315  -0.014724  -0.020426   0.003983   0.003156
     39      -0.605553  -0.266788   0.177928   0.076854   0.064934  -0.001887
     40      -0.313104  -0.125504   0.084813   0.048533   0.030347  -0.007915
     41      -0.372629  -0.160978   0.106339   0.049869   0.040010   0.002277
     42      -0.087028   0.011987   0.154758  -0.649095  -0.094472  -0.009120
     43      -0.087247   0.002449   0.051430  -0.072981  -0.016660   0.004043
     44      -0.002394  -0.016694  -0.013437   0.063596   0.011920  -0.006290
     45       0.031151   0.024962   0.026173  -0.187305  -0.026012   0.008190
     46       0.078277   0.076937   0.039950  -0.321242  -0.067680  -0.008331
     47      -0.031794   0.014446   0.116362  -0.569928  -0.072389   0.012226
     48       0.052123   0.021307  -0.021988   0.037673   0.035458   0.036679
     49       0.013600  -0.009113   0.011615  -0.051262  -0.065791  -0.089103
     50       0.024577  -0.001357  -0.004390  -0.013266   0.002410   0.003454
     51      -0.010039   0.084983   0.078010   0.078001  -0.113833  -0.137394
     52      -0.005579  -0.199350  -0.303805  -0.129311   0.225689   0.029316
     53      -0.002310   0.202773   0.394168   0.112932  -0.252884   0.061116
     54      -0.021817  -0.160773  -0.330002  -0.068400   0.222674  -0.061529
     55       0.026704  -0.235632  -0.370487  -0.171627   0.262617   0.056153
     56       0.028413  -0.053218  -0.045139  -0.065463   0.072682   0.110087
     57      -0.062201  -0.087687  -0.165933  -0.008152  -0.211327  -0.691729
     58      -0.044079  -0.056862  -0.113321  -0.003706  -0.147003  -0.464502
     59       0.032225   0.008343   0.049305  -0.000196  -0.002506   0.105474
                 48         49         50         51         52         53    
      0      -0.044138   0.001892  -0.004038   0.002229   0.011776  -0.010002
      1       0.034837  -0.000518   0.002364  -0.002239   0.011908  -0.005286
      2      -0.046734   0.001480  -0.004000   0.003440  -0.022618   0.012432
      3       0.007047  -0.001120   0.000906   0.010539  -0.032301   0.002444
      4       0.002633  -0.000969   0.000373   0.012244  -0.055340   0.010167
      5       0.010026  -0.001587   0.001404   0.011504  -0.000442  -0.010647
      6       0.000472  -0.002696  -0.001810   0.014672   0.004101  -0.002472
      7      -0.000866   0.004191   0.002890  -0.039325  -0.007456   0.010050
      8      -0.001469   0.007201   0.005022  -0.066750  -0.012782   0.014810
      9      -0.000099   0.000603   0.000419  -0.002560  -0.000388  -0.000197
     10       0.000030   0.001099   0.001021   0.001183   0.000604   0.000354
     11       0.000022  -0.000680  -0.000407   0.000790   0.000242   0.001644
     12      -0.001095   0.035210   0.027817   0.008211   0.004621   0.031011
     13      -0.000335   0.018558   0.013232   0.002561  -0.001836  -0.017631
     14      -0.000626   0.034390   0.025850   0.003257  -0.005052  -0.039781
     15       0.000016   0.001746  -0.006801  -0.008313  -0.008788  -0.030585
     16       0.000086   0.002161  -0.002899  -0.003478  -0.003686  -0.014185
     17       0.000046  -0.004510   0.009153   0.015538   0.016535   0.054770
     18       0.003378   0.012395  -0.018642   0.000529   0.000697   0.009524
     19      -0.005276  -0.031647   0.039079  -0.002458  -0.001541  -0.002995
     20       0.004784   0.027717  -0.036998   0.001923   0.001099   0.010396
     21      -0.001230  -0.000822   0.000940   0.000039  -0.000181   0.000290
     22      -0.001623   0.000117  -0.000306   0.000085   0.000128  -0.000039
     23      -0.002455   0.001678  -0.002803   0.000169  -0.000308   0.000327
     24       0.362204  -0.018292   0.038208  -0.023221   0.059689  -0.021737
     25      -0.448860   0.012075  -0.034836   0.027116  -0.068244   0.021826
     26       0.752165  -0.029704   0.068800  -0.045989   0.109859  -0.036423
     27       0.175715  -0.009122   0.016553  -0.003986  -0.199021   0.136464
     28       0.062844  -0.002803   0.005071  -0.001664  -0.057879   0.038857
     29      -0.167901   0.005674  -0.012440   0.004303   0.164981  -0.116120
     30       0.003530  -0.000218   0.000744  -0.009741   0.076416  -0.022023
     31       0.010982   0.002644   0.002377  -0.063966   0.452582  -0.120363
     32      -0.007273  -0.003102  -0.002232   0.072244  -0.487951   0.126822
     33      -0.077987   0.014446  -0.009043  -0.118544   0.298945  -0.000818
     34      -0.045366   0.008475  -0.005396  -0.079679   0.189406   0.002066
     35      -0.118430   0.023186  -0.014646  -0.202489   0.492631  -0.001386
     36      -0.004478   0.020316   0.014454  -0.161743  -0.034234   0.035880
     37       0.010104  -0.053866  -0.036221   0.449377   0.083982  -0.103836
     38       0.017762  -0.094485  -0.065027   0.791278   0.153626  -0.176817
     39       0.000275  -0.003191  -0.001347   0.013034   0.000780   0.009272
     40      -0.000625  -0.003302  -0.003645  -0.003833  -0.001998   0.000641
     41       0.000180   0.014633   0.010358  -0.015285  -0.006758  -0.017191
     42      -0.000330   0.034276   0.027190   0.003419  -0.001804  -0.014344
     43       0.005863  -0.280468  -0.210658  -0.036609   0.018257   0.166872
     44       0.012100  -0.559525  -0.421630  -0.071241   0.036962   0.334652
     45       0.014351  -0.441197  -0.349081  -0.091185  -0.053468  -0.373851
     46      -0.001530   0.047237   0.038334   0.008222   0.005303   0.036934
     47      -0.004761   0.161656   0.126663   0.032694   0.018537   0.128688
     48      -0.000995  -0.023887   0.069315   0.100906   0.105200   0.356781
     49      -0.000650  -0.014058   0.036883   0.043635   0.046349   0.160123
     50       0.000718   0.047069  -0.123762  -0.184962  -0.191462  -0.637613
     51       0.018216   0.122638  -0.131650   0.011073   0.004483  -0.038796
     52       0.016404   0.118046  -0.132073   0.011231   0.004479  -0.039954
     53       0.016419   0.090673  -0.100351   0.007643   0.003855  -0.025338
     54      -0.051945  -0.258696   0.337808  -0.017505  -0.012513  -0.064763
     55       0.038517   0.255912  -0.337987   0.018314   0.010497   0.069562
     56      -0.067532  -0.437933   0.568973  -0.030687  -0.016608  -0.106296
     57      -0.011153   0.000837  -0.001413   0.000465   0.000503  -0.002402
     58       0.004124  -0.008797   0.012384  -0.000175  -0.002367  -0.000225
     59       0.005186  -0.002827   0.004765  -0.000404   0.000393  -0.000579
                 54         55         56         57         58         59    
      0       0.047694  -0.012626   0.005070   0.014855   0.000124   0.002989
      1       0.018789  -0.004803   0.001864   0.013260  -0.000013  -0.000667
      2      -0.051646   0.011927  -0.005181  -0.030222  -0.000112   0.001195
      3       0.017718  -0.006045   0.001929  -0.015905   0.000136  -0.000396
      4       0.010544  -0.003714   0.005656   0.024862  -0.000155   0.000459
      5       0.031402  -0.010330  -0.003860  -0.079824   0.000240  -0.000076
      6      -0.002635   0.001289  -0.001172   0.001169  -0.002695  -0.000112
      7       0.004854  -0.004256   0.005159  -0.003915   0.002396   0.000163
      8       0.008892  -0.005278   0.008718  -0.008325   0.001187   0.000138
      9       0.000245  -0.000412   0.001297  -0.000760  -0.032246  -0.000175
     10       0.000056  -0.000157  -0.000786  -0.000401  -0.012292  -0.000027
     11       0.000075   0.000009  -0.003315   0.001301   0.062894   0.000407
     12       0.010222   0.002183  -0.054498   0.002792  -0.002155  -0.000084
     13      -0.005226   0.000727   0.023247  -0.000736   0.003875   0.000040
     14      -0.011428   0.001433   0.051372  -0.001665   0.004195  -0.000043
     15      -0.001018   0.007206  -0.021746   0.002149  -0.000236  -0.000150
     16      -0.000531   0.003299  -0.009886   0.001087   0.000498   0.000459
     17       0.002121  -0.010994   0.039951  -0.004631   0.000198   0.000057
     18       0.015286   0.055227   0.009633  -0.002764   0.000048  -0.000129
     19       0.010413   0.042678   0.000847  -0.000697  -0.000038  -0.002743
     20       0.014611   0.047837   0.009838  -0.002673   0.000186   0.001783
     21      -0.000912   0.000447   0.000059  -0.000293  -0.000211   0.033753
     22       0.000260  -0.000956   0.000052   0.000206   0.000342  -0.056228
     23      -0.000125   0.000827  -0.000084  -0.000267   0.000204  -0.028435
     24       0.058984  -0.014428   0.003816   0.076061  -0.000425  -0.001892
     25      -0.063120   0.009670  -0.006096  -0.087997   0.000632   0.005495
     26       0.098365  -0.018524   0.007421   0.142661  -0.000283  -0.005850
     27      -0.609718   0.151359  -0.063094  -0.251834  -0.000034  -0.012373
     28      -0.168538   0.043305  -0.016968  -0.068583  -0.000427  -0.003330
     29       0.518271  -0.129653   0.053458   0.213753  -0.000232   0.007347
     30       0.008064  -0.002316  -0.010235  -0.091481   0.004630  -0.000317
     31       0.029244  -0.007611  -0.058367  -0.488542   0.004533  -0.000898
     32      -0.024980   0.005968   0.061864   0.501078  -0.006475   0.001062
     33      -0.218197   0.072993  -0.010228   0.287503  -0.004705   0.001025
     34      -0.145758   0.048559  -0.005781   0.194999  -0.001338  -0.001149
     35      -0.354101   0.118167  -0.016284   0.454848  -0.006315   0.000141
     36       0.021802  -0.012809   0.018327  -0.017620   0.002585   0.000119
     37      -0.057049   0.037567  -0.053987   0.050964  -0.013751  -0.000389
     38      -0.101456   0.063811  -0.092927   0.088687  -0.017787  -0.000582
     39      -0.000953   0.002034  -0.019027   0.011898   0.473936   0.002490
     40       0.000400  -0.000087   0.000422   0.001025   0.119139   0.000683
     41      -0.001643  -0.001704   0.035937  -0.009041  -0.867888  -0.004720
     42      -0.004204  -0.000691   0.013556   0.000150   0.004013  -0.000178
     43       0.047493  -0.009609  -0.200752   0.005487  -0.012635   0.000432
     44       0.093787  -0.025838  -0.409435   0.011965  -0.034805   0.000840
     45      -0.121629  -0.027723   0.627905  -0.032331   0.024538   0.000355
     46       0.012865   0.003372  -0.066171   0.002279  -0.004481   0.000004
     47       0.041003   0.007280  -0.212144   0.011173  -0.006996   0.000051
     48       0.012941  -0.076273   0.253238  -0.028779   0.001708   0.000234
     49       0.006202  -0.032040   0.117190  -0.013225   0.000712  -0.001104
     50      -0.021922   0.134692  -0.460380   0.051849  -0.003124   0.000107
     51      -0.147830  -0.550121  -0.060555   0.019549  -0.000274   0.008406
     52      -0.165457  -0.611437  -0.069049   0.021110  -0.000596   0.009425
     53      -0.109273  -0.405753  -0.043351   0.014552  -0.000091   0.003373
     54      -0.038474  -0.101017  -0.048832   0.010732  -0.000583  -0.006451
     55       0.040638   0.117765   0.049697  -0.014657   0.000247   0.004452
     56      -0.061955  -0.174748  -0.077472   0.022064  -0.000811  -0.006641
     57       0.008643  -0.004301   0.000559   0.003438   0.002536  -0.483245
     58      -0.004152   0.011713  -0.000323  -0.003630  -0.004181   0.795366
     59      -0.003343   0.002458  -0.001003  -0.000620  -0.002237   0.357960
# -----------------------------------------------------------
$ THERMOCHEMISTRY_Energies
   description: The Thermochemistry energies
   geom. index: 1
   prop. index: 1
        Temperature (Kelvin)           :        298.1500000000
        Pressure (atm)                 :          1.0000000000
        Total Mass (AMU)               :        112.1760000000
        Spin Degeneracy                :          1.0000000000
        Electronic Energy (Hartree)    :       -345.5119966499
        Translational Energy (Hartree) :          0.0014162714
        Rotational Energy (Hartree)    :          0.0014162714
        Vibrational Energy (Hartree)   :          0.0036560577
        Number of frequencies          :     60      
        Scaling Factor for frequencies :          1.0000000000
        Vibrational frequencies        :     
                  0    
      0       0.000000
      1       0.000000
      2       0.000000
      3       0.000000
      4       0.000000
      5       0.000000
      6     104.381658
      7     147.436334
      8     309.231698
      9     395.106012
     10     428.304152
     11     480.285140
     12     544.167485
     13     685.724555
     14     782.914498
     15     800.713491
     16     894.778361
     17     909.768528
     18     950.916445
     19     989.932474
     20     1005.242296
     21     1017.168439
     22     1067.616550
     23     1104.719529
     24     1123.343989
     25     1135.575562
     26     1157.934213
     27     1161.043286
     28     1185.224388
     29     1219.712978
     30     1248.083500
     31     1266.613019
     32     1305.830363
     33     1327.421571
     34     1342.333085
     35     1363.390426
     36     1377.750085
     37     1397.942071
     38     1408.860367
     39     1418.935689
     40     1451.367489
     41     1469.794095
     42     1503.473576
     43     1520.844649
     44     1526.446523
     45     1534.680867
     46     1544.042018
     47     1555.161003
     48     2903.604516
     49     2910.500775
     50     2911.533258
     51     2926.240859
     52     2953.183630
     53     2962.996695
     54     2970.099088
     55     2973.575991
     56     2981.788974
     57     2991.997515
     58     3219.179696
     59     3232.578988
        Zero Point Energy (Hartree)    :          0.1847627948
        Inner Energy (Hartree)         :       -345.3207452545
        Enthalpy (Hartree)             :       -345.3198010455
        Electronic entropy             :          0.0000000000
        Rotational entropy             :          0.0131821209
        Vibrational entropy            :          0.0059065071
        Translational entropy          :          0.0131821209
        Entropy                        :          0.0381225981
        Gibbs Energy (Hartree)         :       -345.3579236436
        Is Linear                      :                 false
# -----------------------------------------------------------
$ PAL_Flags
   description: The PAL Flags
   geom. index: 2
   prop. index: 1
        Diskflag:     2
# -----------------------------------------------------------
$ SCF_Energy
   description: The SCF energy
   geom. index: 2
   prop. index: 1
        SCF Energy:     -345.4857663091
# -----------------------------------------------------------
$ DFT_Energy
   description: The DFT energy
   geom. index: 2
   prop. index: 1
   Number of Alpha Electrons                 31.0000286876 
   Number of Beta  Electrons                 31.0000286876 
   Total number of  Electrons                62.0000573753 
   Exchange energy                          -32.3717521655 
   Correlation energy                        -2.5385218359 
   Correlation energy NL                      0.0000000000 
   Exchange-Correlation energy              -34.9102740014 
   Embedding correction                       0.0000000000 
   Total DFT Energy (No VdW correction)    -345.4857663091 
# -----------------------------------------------------------
$ VdW_Correction
   description: The Van der Waals Correction
   geom. index: 2
   prop. index: 1
        Van der Waals Correction:       -0.0340571395
# -----------------------------------------------------------
$ PAL_Flags
   description: The PAL Flags
   geom. index: 3
   prop. index: 1
        Diskflag:     2
# -----------------------------------------------------------
$ SCF_Energy
   description: The SCF energy
   geom. index: 3
   prop. index: 1
        SCF Energy:     -345.4862408379
# -----------------------------------------------------------
$ DFT_Energy
   description: The DFT energy
   geom. index: 3
   prop. index: 1
   Number of Alpha Electrons                 31.0000189674 
   Number of Beta  Electrons                 31.0000189674 
   Total number of  Electrons                62.0000379348 
   Exchange energy                          -32.3670540332 
   Correlation energy                        -2.5382616177 
   Correlation energy NL                      0.0000000000 
   Exchange-Correlation energy              -34.9053156508 
   Embedding correction                       0.0000000000 
   Total DFT Energy (No VdW correction)    -345.4862408379 
# -----------------------------------------------------------
$ VdW_Correction
   description: The Van der Waals Correction
   geom. index: 3
   prop. index: 1
        Van der Waals Correction:       -0.0340840756
# -----------------------------------------------------------
$ PAL_Flags
   description: The PAL Flags
   geom. index: 4
   prop. index: 1
        Diskflag:     2
# -----------------------------------------------------------
$ SCF_Energy
   description: The SCF energy
   geom. index: 4
   prop. index: 1
        SCF Energy:     -345.4863105647
# -----------------------------------------------------------
$ DFT_Energy
   description: The DFT energy
   geom. index: 4
   prop. index: 1
   Number of Alpha Electrons                 31.0000153298 
   Number of Beta  Electrons                 31.0000153298 
   Total number of  Electrons                62.0000306596 
   Exchange energy                          -32.3661732072 
   Correlation energy                        -2.5382906801 
   Correlation energy NL                      0.0000000000 
   Exchange-Correlation energy              -34.9044638873 
   Embedding correction                       0.0000000000 
   Total DFT Energy (No VdW correction)    -345.4863105647 
# -----------------------------------------------------------
$ VdW_Correction
   description: The Van der Waals Correction
   geom. index: 4
   prop. index: 1
        Van der Waals Correction:       -0.0341131263
# -----------------------------------------------------------
$ PAL_Flags
   description: The PAL Flags
   geom. index: 5
   prop. index: 1
        Diskflag:     2
# -----------------------------------------------------------
$ SCF_Energy
   description: The SCF energy
   geom. index: 5
   prop. index: 1
        SCF Energy:     -345.4863183497
# -----------------------------------------------------------
$ DFT_Energy
   description: The DFT energy
   geom. index: 5
   prop. index: 1
   Number of Alpha Electrons                 31.0000115228 
   Number of Beta  Electrons                 31.0000115228 
   Total number of  Electrons                62.0000230455 
   Exchange energy                          -32.3664695108 
   Correlation energy                        -2.5383628448 
   Correlation energy NL                      0.0000000000 
   Exchange-Correlation energy              -34.9048323556 
   Embedding correction                       0.0000000000 
   Total DFT Energy (No VdW correction)    -345.4863183497 
# -----------------------------------------------------------
$ VdW_Correction
   description: The Van der Waals Correction
   geom. index: 5
   prop. index: 1
        Van der Waals Correction:       -0.0341324028
# -----------------------------------------------------------
$ PAL_Flags
   description: The PAL Flags
   geom. index: 6
   prop. index: 1
        Diskflag:     2
# -----------------------------------------------------------
$ SCF_Energy
   description: The SCF energy
   geom. index: 6
   prop. index: 1
        SCF Energy:     -345.4863164432
# -----------------------------------------------------------
$ DFT_Energy
   description: The DFT energy
   geom. index: 6
   prop. index: 1
   Number of Alpha Electrons                 30.9999877860 
   Number of Beta  Electrons                 30.9999877860 
   Total number of  Electrons                61.9999755719 
   Exchange energy                          -32.3671860054 
   Correlation energy                        -2.5385445453 
   Correlation energy NL                      0.0000000000 
   Exchange-Correlation energy              -34.9057305508 
   Embedding correction                       0.0000000000 
   Total DFT Energy (No VdW correction)    -345.4863164432 
# -----------------------------------------------------------
$ VdW_Correction
   description: The Van der Waals Correction
   geom. index: 6
   prop. index: 1
        Van der Waals Correction:       -0.0341976503
# -----------------------------------------------------------
$ PAL_Flags
   description: The PAL Flags
   geom. index: 7
   prop. index: 1
        Diskflag:     2
# -----------------------------------------------------------
$ SCF_Energy
   description: The SCF energy
   geom. index: 7
   prop. index: 1
        SCF Energy:     -345.4862997018
# -----------------------------------------------------------
$ DFT_Energy
   description: The DFT energy
   geom. index: 7
   prop. index: 1
   Number of Alpha Electrons                 30.9999470974 
   Number of Beta  Electrons                 30.9999470974 
   Total number of  Electrons                61.9998941947 
   Exchange energy                          -32.3680722594 
   Correlation energy                        -2.5387471872 
   Correlation energy NL                      0.0000000000 
   Exchange-Correlation energy              -34.9068194467 
   Embedding correction                       0.0000000000 
   Total DFT Energy (No VdW correction)    -345.4862997018 
# -----------------------------------------------------------
$ VdW_Correction
   description: The Van der Waals Correction
   geom. index: 7
   prop. index: 1
        Van der Waals Correction:       -0.0342727792
# -----------------------------------------------------------
$ PAL_Flags
   description: The PAL Flags
   geom. index: 8
   prop. index: 1
        Diskflag:     2
# -----------------------------------------------------------
$ SCF_Energy
   description: The SCF energy
   geom. index: 8
   prop. index: 1
        SCF Energy:     -345.4862451750
# -----------------------------------------------------------
$ DFT_Energy
   description: The DFT energy
   geom. index: 8
   prop. index: 1
   Number of Alpha Electrons                 30.9999018545 
   Number of Beta  Electrons                 30.9999018545 
   Total number of  Electrons                61.9998037090 
   Exchange energy                          -32.3709713207 
   Correlation energy                        -2.5390323589 
   Correlation energy NL                      0.0000000000 
   Exchange-Correlation energy              -34.9100036796 
   Embedding correction                       0.0000000000 
   Total DFT Energy (No VdW correction)    -345.4862451750 
# -----------------------------------------------------------
$ VdW_Correction
   description: The Van der Waals Correction
   geom. index: 8
   prop. index: 1
        Van der Waals Correction:       -0.0343409149
# -----------------------------------------------------------
$ PAL_Flags
   description: The PAL Flags
   geom. index: 9
   prop. index: 1
        Diskflag:     2
# -----------------------------------------------------------
$ SCF_Energy
   description: The SCF energy
   geom. index: 9
   prop. index: 1
        SCF Energy:     -345.4862658953
# -----------------------------------------------------------
$ DFT_Energy
   description: The DFT energy
   geom. index: 9
   prop. index: 1
   Number of Alpha Electrons                 30.9999198127 
   Number of Beta  Electrons                 30.9999198127 
   Total number of  Electrons                61.9998396254 
   Exchange energy                          -32.3703622954 
   Correlation energy                        -2.5391781144 
   Correlation energy NL                      0.0000000000 
   Exchange-Correlation energy              -34.9095404098 
   Embedding correction                       0.0000000000 
   Total DFT Energy (No VdW correction)    -345.4862658953 
# -----------------------------------------------------------
$ VdW_Correction
   description: The Van der Waals Correction
   geom. index: 9
   prop. index: 1
        Van der Waals Correction:       -0.0344350924
# -----------------------------------------------------------
$ PAL_Flags
   description: The PAL Flags
   geom. index: 10
   prop. index: 1
        Diskflag:     2
# -----------------------------------------------------------
$ SCF_Energy
   description: The SCF energy
   geom. index: 10
   prop. index: 1
        SCF Energy:     -345.4862777077
# -----------------------------------------------------------
$ DFT_Energy
   description: The DFT energy
   geom. index: 10
   prop. index: 1
   Number of Alpha Electrons                 30.9999627824 
   Number of Beta  Electrons                 30.9999627824 
   Total number of  Electrons                61.9999255648 
   Exchange energy                          -32.3696938335 
   Correlation energy                        -2.5392512024 
   Correlation energy NL                      0.0000000000 
   Exchange-Correlation energy              -34.9089450359 
   Embedding correction                       0.0000000000 
   Total DFT Energy (No VdW correction)    -345.4862777077 
# -----------------------------------------------------------
$ VdW_Correction
   description: The Van der Waals Correction
   geom. index: 10
   prop. index: 1
        Van der Waals Correction:       -0.0345127857
# -----------------------------------------------------------
$ PAL_Flags
   description: The PAL Flags
   geom. index: 11
   prop. index: 1
        Diskflag:     2
# -----------------------------------------------------------
$ SCF_Energy
   description: The SCF energy
   geom. index: 11
   prop. index: 1
        SCF Energy:     -345.4859687193
# -----------------------------------------------------------
$ DFT_Energy
   description: The DFT energy
   geom. index: 11
   prop. index: 1
   Number of Alpha Electrons                 30.9999709286 
   Number of Beta  Electrons                 30.9999709286 
   Total number of  Electrons                61.9999418572 
   Exchange energy                          -32.3560067860 
   Correlation energy                        -2.5377411975 
   Correlation energy NL                      0.0000000000 
   Exchange-Correlation energy              -34.8937479835 
   Embedding correction                       0.0000000000 
   Total DFT Energy (No VdW correction)    -345.4859687193 
# -----------------------------------------------------------
$ VdW_Correction
   description: The Van der Waals Correction
   geom. index: 11
   prop. index: 1
        Van der Waals Correction:       -0.0343174423
# -----------------------------------------------------------
$ PAL_Flags
   description: The PAL Flags
   geom. index: 12
   prop. index: 1
        Diskflag:     2
# -----------------------------------------------------------
$ SCF_Energy
   description: The SCF energy
   geom. index: 12
   prop. index: 1
        SCF Energy:     -345.4864700047
# -----------------------------------------------------------
$ DFT_Energy
   description: The DFT energy
   geom. index: 12
   prop. index: 1
   Number of Alpha Electrons                 30.9999983917 
   Number of Beta  Electrons                 30.9999983917 
   Total number of  Electrons                61.9999967834 
   Exchange energy                          -32.3664036845 
   Correlation energy                        -2.5389063578 
   Correlation energy NL                      0.0000000000 
   Exchange-Correlation energy              -34.9053100423 
   Embedding correction                       0.0000000000 
   Total DFT Energy (No VdW correction)    -345.4864700047 
# -----------------------------------------------------------
$ VdW_Correction
   description: The Van der Waals Correction
   geom. index: 12
   prop. index: 1
        Van der Waals Correction:       -0.0345067377
# -----------------------------------------------------------
$ PAL_Flags
   description: The PAL Flags
   geom. index: 13
   prop. index: 1
        Diskflag:     2
# -----------------------------------------------------------
$ SCF_Energy
   description: The SCF energy
   geom. index: 13
   prop. index: 1
        SCF Energy:     -345.4864644326
# -----------------------------------------------------------
$ DFT_Energy
   description: The DFT energy
   geom. index: 13
   prop. index: 1
   Number of Alpha Electrons                 31.0000296539 
   Number of Beta  Electrons                 31.0000296539 
   Total number of  Electrons                62.0000593078 
   Exchange energy                          -32.3669058206 
   Correlation energy                        -2.5390841454 
   Correlation energy NL                      0.0000000000 
   Exchange-Correlation energy              -34.9059899660 
   Embedding correction                       0.0000000000 
   Total DFT Energy (No VdW correction)    -345.4864644326 
# -----------------------------------------------------------
$ VdW_Correction
   description: The Van der Waals Correction
   geom. index: 13
   prop. index: 1
        Van der Waals Correction:       -0.0346039198
# -----------------------------------------------------------
$ PAL_Flags
   description: The PAL Flags
   geom. index: 14
   prop. index: 1
        Diskflag:     2
# -----------------------------------------------------------
$ SCF_Energy
   description: The SCF energy
   geom. index: 14
   prop. index: 1
        SCF Energy:     -345.4864618424
# -----------------------------------------------------------
$ DFT_Energy
   description: The DFT energy
   geom. index: 14
   prop. index: 1
   Number of Alpha Electrons                 31.0000237264 
   Number of Beta  Electrons                 31.0000237264 
   Total number of  Electrons                62.0000474527 
   Exchange energy                          -32.3672907225 
   Correlation energy                        -2.5391442910 
   Correlation energy NL                      0.0000000000 
   Exchange-Correlation energy              -34.9064350135 
   Embedding correction                       0.0000000000 
   Total DFT Energy (No VdW correction)    -345.4864618424 
# -----------------------------------------------------------
$ VdW_Correction
   description: The Van der Waals Correction
   geom. index: 14
   prop. index: 1
        Van der Waals Correction:       -0.0346540632
# -----------------------------------------------------------
$ PAL_Flags
   description: The PAL Flags
   geom. index: 15
   prop. index: 1
        Diskflag:     2
# -----------------------------------------------------------
$ SCF_Energy
   description: The SCF energy
   geom. index: 15
   prop. index: 1
        SCF Energy:     -345.4864448767
# -----------------------------------------------------------
$ DFT_Energy
   description: The DFT energy
   geom. index: 15
   prop. index: 1
   Number of Alpha Electrons                 31.0000124642 
   Number of Beta  Electrons                 31.0000124642 
   Total number of  Electrons                62.0000249284 
   Exchange energy                          -32.3666693825 
   Correlation energy                        -2.5391282400 
   Correlation energy NL                      0.0000000000 
   Exchange-Correlation energy              -34.9057976225 
   Embedding correction                       0.0000000000 
   Total DFT Energy (No VdW correction)    -345.4864448767 
# -----------------------------------------------------------
$ VdW_Correction
   description: The Van der Waals Correction
   geom. index: 15
   prop. index: 1
        Van der Waals Correction:       -0.0346848550
# -----------------------------------------------------------
$ PAL_Flags
   description: The PAL Flags
   geom. index: 16
   prop. index: 1
        Diskflag:     2
# -----------------------------------------------------------
$ SCF_Energy
   description: The SCF energy
   geom. index: 16
   prop. index: 1
        SCF Energy:     -345.4864634774
# -----------------------------------------------------------
$ DFT_Energy
   description: The DFT energy
   geom. index: 16
   prop. index: 1
   Number of Alpha Electrons                 31.0000057470 
   Number of Beta  Electrons                 31.0000057470 
   Total number of  Electrons                62.0000114939 
   Exchange energy                          -32.3663078127 
   Correlation energy                        -2.5390706560 
   Correlation energy NL                      0.0000000000 
   Exchange-Correlation energy              -34.9053784688 
   Embedding correction                       0.0000000000 
   Total DFT Energy (No VdW correction)    -345.4864634774 
# -----------------------------------------------------------
$ VdW_Correction
   description: The Van der Waals Correction
   geom. index: 16
   prop. index: 1
        Van der Waals Correction:       -0.0346892555
# -----------------------------------------------------------
$ PAL_Flags
   description: The PAL Flags
   geom. index: 17
   prop. index: 1
        Diskflag:     2
# -----------------------------------------------------------
$ SCF_Energy
   description: The SCF energy
   geom. index: 17
   prop. index: 1
        SCF Energy:     -345.4864881707
# -----------------------------------------------------------
$ DFT_Energy
   description: The DFT energy
   geom. index: 17
   prop. index: 1
   Number of Alpha Electrons                 30.9999995831 
   Number of Beta  Electrons                 30.9999995831 
   Total number of  Electrons                61.9999991662 
   Exchange energy                          -32.3665147296 
   Correlation energy                        -2.5390710558 
   Correlation energy NL                      0.0000000000 
   Exchange-Correlation energy              -34.9055857854 
   Embedding correction                       0.0000000000 
   Total DFT Energy (No VdW correction)    -345.4864881707 
# -----------------------------------------------------------
$ VdW_Correction
   description: The Van der Waals Correction
   geom. index: 17
   prop. index: 1
        Van der Waals Correction:       -0.0347109682
# -----------------------------------------------------------
$ PAL_Flags
   description: The PAL Flags
   geom. index: 18
   prop. index: 1
        Diskflag:     2
# -----------------------------------------------------------
$ SCF_Energy
   description: The SCF energy
   geom. index: 18
   prop. index: 1
        SCF Energy:     -345.4865221127
# -----------------------------------------------------------
$ DFT_Energy
   description: The DFT energy
   geom. index: 18
   prop. index: 1
   Number of Alpha Electrons                 30.9999969680 
   Number of Beta  Electrons                 30.9999969680 
   Total number of  Electrons                61.9999939360 
   Exchange energy                          -32.3675335274 
   Correlation energy                        -2.5391533317 
   Correlation energy NL                      0.0000000000 
   Exchange-Correlation energy              -34.9066868591 
   Embedding correction                       0.0000000000 
   Total DFT Energy (No VdW correction)    -345.4865221127 
# -----------------------------------------------------------
$ VdW_Correction
   description: The Van der Waals Correction
   geom. index: 18
   prop. index: 1
        Van der Waals Correction:       -0.0347329232
# -----------------------------------------------------------
$ PAL_Flags
   description: The PAL Flags
   geom. index: 19
   prop. index: 1
        Diskflag:     2
# -----------------------------------------------------------
$ SCF_Energy
   description: The SCF energy
   geom. index: 19
   prop. index: 1
        SCF Energy:     -345.4865198545
# -----------------------------------------------------------
$ DFT_Energy
   description: The DFT energy
   geom. index: 19
   prop. index: 1
   Number of Alpha Electrons                 31.0000138134 
   Number of Beta  Electrons                 31.0000138134 
   Total number of  Electrons                62.0000276268 
   Exchange energy                          -32.3684154395 
   Correlation energy                        -2.5392837511 
   Correlation energy NL                      0.0000000000 
   Exchange-Correlation energy              -34.9076991906 
   Embedding correction                       0.0000000000 
   Total DFT Energy (No VdW correction)    -345.4865198545 
# -----------------------------------------------------------
$ VdW_Correction
   description: The Van der Waals Correction
   geom. index: 19
   prop. index: 1
        Van der Waals Correction:       -0.0347795922
# -----------------------------------------------------------
$ PAL_Flags
   description: The PAL Flags
   geom. index: 20
   prop. index: 1
        Diskflag:     2
# -----------------------------------------------------------
$ SCF_Energy
   description: The SCF energy
   geom. index: 20
   prop. index: 1
        SCF Energy:     -345.4864386922
# -----------------------------------------------------------
$ DFT_Energy
   description: The DFT energy
   geom. index: 20
   prop. index: 1
   Number of Alpha Electrons                 31.0000515001 
   Number of Beta  Electrons                 31.0000515001 
   Total number of  Electrons                62.0001030002 
   Exchange energy                          -32.3713741382 
   Correlation energy                        -2.5395440851 
   Correlation energy NL                      0.0000000000 
   Exchange-Correlation energy              -34.9109182233 
   Embedding correction                       0.0000000000 
   Total DFT Energy (No VdW correction)    -345.4864386922 
# -----------------------------------------------------------
$ VdW_Correction
   description: The Van der Waals Correction
   geom. index: 20
   prop. index: 1
        Van der Waals Correction:       -0.0347896625
# -----------------------------------------------------------
$ PAL_Flags
   description: The PAL Flags
   geom. index: 21
   prop. index: 1
        Diskflag:     2
# -----------------------------------------------------------
$ SCF_Energy
   description: The SCF energy
   geom. index: 21
   prop. index: 1
        SCF Energy:     -345.4864404218
# -----------------------------------------------------------
$ DFT_Energy
   description: The DFT energy
   geom. index: 21
   prop. index: 1
   Number of Alpha Electrons                 31.0000360181 
   Number of Beta  Electrons                 31.0000360181 
   Total number of  Electrons                62.0000720362 
   Exchange energy                          -32.3697052948 
   Correlation energy                        -2.5395271031 
   Correlation energy NL                      0.0000000000 
   Exchange-Correlation energy              -34.9092323978 
   Embedding correction                       0.0000000000 
   Total DFT Energy (No VdW correction)    -345.4864404218 
# -----------------------------------------------------------
$ VdW_Correction
   description: The Van der Waals Correction
   geom. index: 21
   prop. index: 1
        Van der Waals Correction:       -0.0348705876
# -----------------------------------------------------------
$ PAL_Flags
   description: The PAL Flags
   geom. index: 22
   prop. index: 1
        Diskflag:     2
# -----------------------------------------------------------
$ SCF_Energy
   description: The SCF energy
   geom. index: 22
   prop. index: 1
        SCF Energy:     -345.4865262891
# -----------------------------------------------------------
$ DFT_Energy
   description: The DFT energy
   geom. index: 22
   prop. index: 1
   Number of Alpha Electrons                 31.0000362570 
   Number of Beta  Electrons                 31.0000362570 
   Total number of  Electrons                62.0000725140 
   Exchange energy                          -32.3680151839 
   Correlation energy                        -2.5392526051 
   Correlation energy NL                      0.0000000000 
   Exchange-Correlation energy              -34.9072677890 
   Embedding correction                       0.0000000000 
   Total DFT Energy (No VdW correction)    -345.4865262891 
# -----------------------------------------------------------
$ VdW_Correction
   description: The Van der Waals Correction
   geom. index: 22
   prop. index: 1
        Van der Waals Correction:       -0.0347987066
# -----------------------------------------------------------
$ PAL_Flags
   description: The PAL Flags
   geom. index: 23
   prop. index: 1
        Diskflag:     2
# -----------------------------------------------------------
$ SCF_Energy
   description: The SCF energy
   geom. index: 23
   prop. index: 1
        SCF Energy:     -345.4865197053
# -----------------------------------------------------------
$ DFT_Energy
   description: The DFT energy
   geom. index: 23
   prop. index: 1
   Number of Alpha Electrons                 31.0000480318 
   Number of Beta  Electrons                 31.0000480318 
   Total number of  Electrons                62.0000960635 
   Exchange energy                          -32.3690135613 
   Correlation energy                        -2.5393544746 
   Correlation energy NL                      0.0000000000 
   Exchange-Correlation energy              -34.9083680358 
   Embedding correction                       0.0000000000 
   Total DFT Energy (No VdW correction)    -345.4865197053 
# -----------------------------------------------------------
$ VdW_Correction
   description: The Van der Waals Correction
   geom. index: 23
   prop. index: 1
        Van der Waals Correction:       -0.0348126122
# -----------------------------------------------------------
$ PAL_Flags
   description: The PAL Flags
   geom. index: 24
   prop. index: 1
        Diskflag:     2
# -----------------------------------------------------------
$ SCF_Energy
   description: The SCF energy
   geom. index: 24
   prop. index: 1
        SCF Energy:     -345.4865071638
# -----------------------------------------------------------
$ DFT_Energy
   description: The DFT energy
   geom. index: 24
   prop. index: 1
   Number of Alpha Electrons                 31.0000482359 
   Number of Beta  Electrons                 31.0000482359 
   Total number of  Electrons                62.0000964719 
   Exchange energy                          -32.3690708051 
   Correlation energy                        -2.5393823198 
   Correlation energy NL                      0.0000000000 
   Exchange-Correlation energy              -34.9084531250 
   Embedding correction                       0.0000000000 
   Total DFT Energy (No VdW correction)    -345.4865071638 
# -----------------------------------------------------------
$ VdW_Correction
   description: The Van der Waals Correction
   geom. index: 24
   prop. index: 1
        Van der Waals Correction:       -0.0348263431
# -----------------------------------------------------------
$ PAL_Flags
   description: The PAL Flags
   geom. index: 25
   prop. index: 1
        Diskflag:     2
# -----------------------------------------------------------
$ SCF_Energy
   description: The SCF energy
   geom. index: 25
   prop. index: 1
        SCF Energy:     -345.4865080853
# -----------------------------------------------------------
$ DFT_Energy
   description: The DFT energy
   geom. index: 25
   prop. index: 1
   Number of Alpha Electrons                 31.0000488626 
   Number of Beta  Electrons                 31.0000488626 
   Total number of  Electrons                62.0000977252 
   Exchange energy                          -32.3689604545 
   Correlation energy                        -2.5393687208 
   Correlation energy NL                      0.0000000000 
   Exchange-Correlation energy              -34.9083291752 
   Embedding correction                       0.0000000000 
   Total DFT Energy (No VdW correction)    -345.4865080853 
# -----------------------------------------------------------
$ Mayer_Pop
   description: The Mayer population analysis
   geom. index: 25
   prop. index: 1
     Number of atoms                     : 20
     Threshold for printing              : 0.1000000
     Number of bond orders printed       : 25
  NA   - Mulliken gross atomic population
  ZA   - Total nuclear charge
  QA   - Mulliken gross atomic charge
  VA   - Mayer's total valence
  BVA  - Mayer's bonded valence
  FA   - Mayer's free valence
  ATOM       NA         ZA         QA         VA         BVA        FA
  0   0     6.2817     6.0000    -0.2817     3.7879     3.7879     0.0000
  1   0     6.4872     6.0000    -0.4872     3.6887     3.6887    -0.0000
  2   0     6.1430     6.0000    -0.1430     4.0398     4.0398    -0.0000
  3   0     7.3618     7.0000    -0.3618     2.7278     2.7278    -0.0000
  4   0     6.3784     6.0000    -0.3784     3.8631     3.8631     0.0000
  5   0     5.7433     6.0000     0.2567     2.9661     2.9661     0.0000
  6   0     6.4115     6.0000    -0.4115     3.9321     3.9321     0.0000
  7   0     7.4391     7.0000    -0.4391     2.5531     2.5531    -0.0000
  8   0     0.8653     1.0000     0.1347     0.9479     0.9479    -0.0000
  9   0     0.8408     1.0000     0.1592     0.9265     0.9265     0.0000
 10   0     0.8304     1.0000     0.1696     0.9401     0.9401    -0.0000
 11   0     0.8421     1.0000     0.1579     0.9477     0.9477    -0.0000
 12   0     0.8159     1.0000     0.1841     0.8737     0.8737     0.0000
 13   0     0.6955     1.0000     0.3045     0.8525     0.8525    -0.0000
 14   0     0.8428     1.0000     0.1572     0.9395     0.9395     0.0000
 15   0     0.8430     1.0000     0.1570     0.9049     0.9049     0.0000
 16   0     0.7919     1.0000     0.2081     0.8954     0.8954    -0.0000
 17   0     0.8407     1.0000     0.1593     0.9231     0.9231    -0.0000
 18   0     0.8688     1.0000     0.1312     0.9420     0.9420    -0.0000
 19   0     0.6765     1.0000     0.3235     0.8319     0.8319    -0.0000
      Bond orders larger than 0.1000000
           Atom A     A.N. of A          Atom B    A.N. of B              Bond order
                0             6               1            6                0.936419
                0             6               7            7                0.913852
                0             6               8            1                0.990733
                0             6               9            1                0.994880
                1             6               2            6                0.863275
                1             6              10            1                0.986704
                1             6              11            1                1.011309
                2             6               3            7                1.113220
                2             6               5            6                0.912869
                2             6               7            7                0.165049
                2             6              12            1                0.835494
                3             7               4            6                0.980479
                3             7               5            6               -0.157693
                3             7              13            1                0.847475
                4             6               5            6                0.869785
                4             6               7            7               -0.106448
                4             6              14            1                0.960131
                4             6              15            1                0.987470
                5             6               6            6                0.828063
                5             6               7            7               -0.116468
                5             6              16            1                0.799417
                6             6               7            7                1.003598
                6             6              17            1                1.006251
                6             6              18            1                0.984130
                7             7              19            1                0.860558
# -----------------------------------------------------------
$ VdW_Correction
   description: The Van der Waals Correction
   geom. index: 25
   prop. index: 1
        Van der Waals Correction:       -0.0348256655
# -----------------------------------------------------------
$ SCF_Electric_Properties
   description: The SCF Calculated Electric Properties
   geom. index: 25
   prop. index: 1
       Filename                          : file.scfp 
       Do Dipole Moment Calculation      : true 
       Do Quadrupole Moment Calculation  : false 
       Do Polarizability Calculation     : false 
** Dipole moment part of electric properties **
        Magnitude of dipole moment (Debye) :        2.8162709262
        Electronic Contribution:
                  0    
      0       1.438041
      1      -0.826733
      2       0.648340
        Nuclear Contribution:
                  0    
      0      -2.106921
      1       1.662814
      2      -0.933290
        Total Dipole moment:
                  0    
      0      -0.668879
      1       0.836081
      2      -0.284950
# -------------------------------------------------------------
----------------------- !GEOMETRIES! ------------------------
# -------------------------------------------------------------
------------------------ !GEOMETRY! -------------------------
    Number of atoms:    20 
    Geometry Index:     1 
    Coordinates:
               0 C     -1.795100000000    0.195100000000    0.183100000000
               1 C     -1.149600000000   -1.123400000000   -0.263600000000
               2 C      0.356700000000   -1.024600000000   -0.640800000000
               3 N      1.258300000000   -1.539000000000    0.401800000000
               4 C      1.941400000000   -0.244400000000    0.415700000000
               5 C      1.017700000000    0.356300000000   -0.634400000000
               6 C      0.168000000000    1.521900000000   -0.106800000000
               7 N     -0.826200000000    1.055900000000    0.862700000000
               8 H     -2.238000000000    0.719000000000   -0.695200000000
               9 H     -2.632700000000   -0.032700000000    0.878200000000
              10 H     -1.301600000000   -1.892200000000    0.524600000000
              11 H     -1.709500000000   -1.492900000000   -1.150200000000
              12 H      0.557900000000   -1.556200000000   -1.598200000000
              13 H      0.759100000000   -1.640200000000    1.317100000000
              14 H      1.890300000000    0.251900000000    1.413000000000
              15 H      2.984900000000   -0.348000000000    0.045900000000
              16 H      1.552000000000    0.592000000000   -1.581100000000
              17 H      0.834500000000    2.269000000000    0.376900000000
              18 H     -0.326500000000    2.035800000000   -0.962100000000
              19 H     -1.341700000000    1.896700000000    1.213400000000
------------------------ !GEOMETRY! -------------------------
    Number of atoms:    20 
    Geometry Index:     2 
    Coordinates:
               0 C     -1.798013572120    0.194908674896    0.177638974156
               1 C     -1.168060362780   -1.127669465639   -0.287439378994
               2 C      0.326004709370   -1.033464802021   -0.639896115476
               3 N      1.248588135781   -1.530808619332    0.417504209494
               4 C      1.969330936226   -0.232615220281    0.436957269073
               5 C      1.019164768208    0.361759584562   -0.624245625703
               6 C      0.167942547380    1.523739629384   -0.126617638465
               7 N     -0.812880410145    1.045765511980    0.850508897885
               8 H     -2.238327803015    0.718785367484   -0.691844263221
               9 H     -2.615830365857   -0.016134249541    0.874831823063
              10 H     -1.285662769561   -1.889558713806    0.493282102140
              11 H     -1.731961153045   -1.494728491933   -1.153022411621
              12 H      0.513725383531   -1.567724258409   -1.578040553604
              13 H      0.748929001259   -1.650002200053    1.290548970248
              14 H      1.933874377767    0.275736354442    1.407346450841
              15 H      3.009514944174   -0.330938589441    0.108448909645
              16 H      1.519298820224    0.616859209546   -1.563550243486
              17 H      0.820426142886    2.264343233964    0.352876619060
              18 H     -0.328972135078    2.024342009634   -0.979925814786
              19 H     -1.297191195205    1.847405034564    1.234637819749
------------------------ !GEOMETRY! -------------------------
    Number of atoms:    20 
    Geometry Index:     3 
    Coordinates:
               0 C     -1.796162504098    0.197099629307    0.182105674665
               1 C     -1.173961580855   -1.123451954659   -0.302428511647
               2 C      0.324653998738   -1.034452349919   -0.643208956222
               3 N      1.242285951793   -1.522765108861    0.426068370439
               4 C      1.967782444503   -0.226308206305    0.445721684798
               5 C      1.026769248884    0.361098471951   -0.628666674712
               6 C      0.164797509548    1.520731595426   -0.142053773247
               7 N     -0.795242518548    1.031996504567    0.847914987334
               8 H     -2.236071822146    0.730141745427   -0.681744632381
               9 H     -2.610228599593   -0.009862309453    0.884398011831
              10 H     -1.286091679613   -1.891719154701    0.473271320712
              11 H     -1.738700140435   -1.482586542594   -1.170175621163
              12 H      0.516515914186   -1.581154046704   -1.573420819238
              13 H      0.735824754710   -1.657404173094    1.295911426509
              14 H      1.923823258318    0.296319098152    1.408759711262
              15 H      3.014776040990   -0.327457043661    0.138922728102
              16 H      1.518638656876    0.622937593169   -1.570988582930
              17 H      0.808142734405    2.276856330550    0.324617000167
              18 H     -0.348148859075    1.998368631540   -0.998481759072
              19 H     -1.259502808589    1.821611289861    1.283478414793
------------------------ !GEOMETRY! -------------------------
    Number of atoms:    20 
    Geometry Index:     4 
    Coordinates:
               0 C     -1.794600865172    0.197501417639    0.188718400175
               1 C     -1.175685551719   -1.119726438379   -0.311795963632
               2 C      0.325789195777   -1.035288097022   -0.644079150728
               3 N      1.237466618170   -1.516557715632    0.433111812970
               4 C      1.962789635059   -0.220766783273    0.451123745360
               5 C      1.030878839155    0.359655561786   -0.635021077723
               6 C      0.164248290347    1.518499938281   -0.152751241711
               7 N     -0.784418901489    1.026385826179    0.845114396194
               8 H     -2.243579695476    0.735825532305   -0.667361563737
               9 H     -2.601376909599   -0.012240272552    0.898863474988
              10 H     -1.293529149972   -1.898883153064    0.452621174757
              11 H     -1.737448148895   -1.465568550469   -1.187182831005
              12 H      0.521613785736   -1.591669419850   -1.568063343102
              13 H      0.728983864192   -1.658840060520    1.300058985347
              14 H      1.906745876272    0.311950130279    1.408436977459
              15 H      3.014015976149   -0.324596515761    0.158689343533
              16 H      1.525401494826    0.620324108766   -1.576726624604
              17 H      0.803526492844    2.284831526002    0.302989015426
              18 H     -0.358850114974    1.983308363303   -1.010349596457
              19 H     -1.232070731231    1.805854601980    1.313604066488
------------------------ !GEOMETRY! -------------------------
    Number of atoms:    20 
    Geometry Index:     5 
    Coordinates:
               0 C     -1.793710003265    0.195450025515    0.195680410493
               1 C     -1.176121918089   -1.117313415741   -0.320390464830
               2 C      0.327205211142   -1.035511430727   -0.642787973764
               3 N      1.231462875984   -1.511062386071    0.442192547970
               4 C      1.961206284194   -0.218318169398    0.453381927677
               5 C      1.033298836658    0.358450659009   -0.638170994207
               6 C      0.164160109218    1.516567237706   -0.158741533525
               7 N     -0.778927150998    1.024394959193    0.843938962933
               8 H     -2.255341931694    0.736661494379   -0.651803603287
               9 H     -2.591076272031   -0.020709611340    0.914461458613
              10 H     -1.301833604728   -1.908286677153    0.430548085800
              11 H     -1.733209870976   -1.447740035867   -1.204686354300
              12 H      0.528146702081   -1.598231568401   -1.561902747673
              13 H      0.719772146295   -1.647723113772    1.308422232065
              14 H      1.903649135688    0.320876051022    1.406877102483
              15 H      3.012802117290   -0.327944108834    0.164187301472
              16 H      1.530418032710    0.616560649210   -1.579155272069
              17 H      0.801691903521    2.287893416938    0.290921877487
              18 H     -0.363725653169    1.975214121680   -1.016798714403
              19 H     -1.219966949833    1.800771902653    1.323825751067
------------------------ !GEOMETRY! -------------------------
    Number of atoms:    20 
    Geometry Index:     6 
    Coordinates:
               0 C     -1.790936050006    0.187878495223    0.214033506931
               1 C     -1.177397534844   -1.111251007128   -0.345720355784
               2 C      0.330965658535   -1.036568192722   -0.637091643199
               3 N      1.211713866516   -1.494337415581    0.472752420440
               4 C      1.959766544966   -0.212947228674    0.456838625064
               5 C      1.038921577094    0.354978303055   -0.645504446197
               6 C      0.163286004451    1.510278603142   -0.171261940620
               7 N     -0.765087996536    1.016696711765    0.843938864404
               8 H     -2.284919330214    0.738142315314   -0.608923740694
               9 H     -2.562922259201   -0.047071242230    0.954257759719
              10 H     -1.325491267959   -1.934507299676    0.365524273340
              11 H     -1.719750830186   -1.396966034061   -1.254423761264
              12 H      0.549062819371   -1.617391890804   -1.541117070667
              13 H      0.687800368548   -1.600781210521    1.336146768034
              14 H      1.910335676605    0.345113120211    1.399658572528
              15 H      3.009144969682   -0.344465498740    0.168227490741
              16 H      1.539494906550    0.607795788195   -1.586031467573
              17 H      0.796424584594    2.293061603578    0.264520372113
              18 H     -0.376947850071    1.954708634336   -1.029248179411
              19 H     -1.193563857896    1.787633445319    1.343423952095
------------------------ !GEOMETRY! -------------------------
    Number of atoms:    20 
    Geometry Index:     7 
    Coordinates:
               0 C     -1.787867727565    0.179436693940    0.232273355425
               1 C     -1.178014767985   -1.104616837351   -0.370262178281
               2 C      0.334456551171   -1.037253418673   -0.631138155294
               3 N      1.191597295463   -1.477925075660    0.502322563375
               4 C      1.958266261209   -0.208479152918    0.460234371640
               5 C      1.044307902142    0.351260019105   -0.652102465320
               6 C      0.162221412229    1.503872257557   -0.183389784552
               7 N     -0.752246646245    1.009514183701    0.843812945021
               8 H     -2.314413537299    0.737400499125   -0.564718687859
               9 H     -2.532895718926   -0.075717354126    0.993097771594
              10 H     -1.348180507155   -1.957952889811    0.299419956246
              11 H     -1.704463249593   -1.344780924481   -1.301173942918
              12 H      0.568698038953   -1.635406106791   -1.519842616887
              13 H      0.654953613606   -1.550294844877    1.361595061379
              14 H      1.918115528764    0.367426208918    1.392495696970
              15 H      3.004699280486   -0.362414281225    0.171981774678
              16 H      1.548563726581    0.598324148719   -1.592107160734
              17 H      0.790705934154    2.297722284486    0.238775162050
              18 H     -0.389522400722    1.934242278694   -1.041322440521
              19 H     -1.169080989269    1.775642311664    1.360048773988
------------------------ !GEOMETRY! -------------------------
    Number of atoms:    20 
    Geometry Index:     8 
    Coordinates:
               0 C     -1.785282805096    0.170671506745    0.252006648103
               1 C     -1.175193513387   -1.097649855504   -0.387769785606
               2 C      0.339208913190   -1.036236000196   -0.627846416423
               3 N      1.178438422878   -1.473984707905    0.520290036674
               4 C      1.955178455410   -0.208367596785    0.466421775757
               5 C      1.049215796450    0.346480180515   -0.653431873403
               6 C      0.161937237922    1.498566132687   -0.195802436919
               7 N     -0.746197779558    1.011926392173    0.842002342507
               8 H     -2.352389881440    0.730500388066   -0.514361675170
               9 H     -2.493126785992   -0.113339562735    1.037592935159
              10 H     -1.365538401002   -1.978140363930    0.238994458276
              11 H     -1.685699191621   -1.291049438138   -1.337655227564
              12 H      0.580969098846   -1.642320508991   -1.508680734015
              13 H      0.625199846641   -1.493227734449    1.371292398503
              14 H      1.918442175251    0.377177963015    1.392679683168
              15 H      2.998222899670   -0.378979691854    0.179728429476
              16 H      1.563924929128    0.580825181384   -1.590577010299
              17 H      0.787171069958    2.301907718494    0.212472682841
              18 H     -0.395913797096    1.915925308712   -1.056105729806
              19 H     -1.158666690153    1.779314688696    1.358749498739
------------------------ !GEOMETRY! -------------------------
    Number of atoms:    20 
    Geometry Index:     9 
    Coordinates:
               0 C     -1.781772973959    0.160594714972    0.266735350215
               1 C     -1.176952745101   -1.090785909690   -0.413903185621
               2 C      0.340838158742   -1.037782504193   -0.619226187618
               3 N      1.153754116447   -1.450408258407    0.555270462255
               4 C      1.955813548870   -0.203868399383    0.466540427943
               5 C      1.053592643658    0.343349927468   -0.661117151411
               6 C      0.159990194803    1.491865164067   -0.204759866289
               7 N     -0.732742537952    0.999449351101    0.842879847312
               8 H     -2.372883686599    0.727554483279   -0.476142119720
               9 H     -2.468563316601   -0.138252629904    1.065402684818
              10 H     -1.388266444482   -1.994045655726    0.173132549115
              11 H     -1.669606580224   -1.242344173429   -1.380993447365
              12 H      0.601975619002   -1.664415424800   -1.480460137747
              13 H      0.590277567178   -1.440095950363    1.400363612369
              14 H      1.937182216715    0.401131076408    1.380457739589
              15 H      2.994122804808   -0.401132000353    0.176743829927
              16 H      1.566239891686    0.577018504336   -1.599722543659
              17 H      0.779550569365    2.304680218671    0.193485215891
              18 H     -0.409342772774    1.897226875695   -1.063429421430
              19 H     -1.133306273581    1.760260590251    1.378742341427
------------------------ !GEOMETRY! -------------------------
    Number of atoms:    20 
    Geometry Index:     10 
    Coordinates:
               0 C     -1.778150447682    0.149773226769    0.284380144396
               1 C     -1.176901832297   -1.082300010631   -0.436986068799
               2 C      0.343453310556   -1.040251524889   -0.611635545028
               3 N      1.134355850834   -1.434097810592    0.584411492445
               4 C      1.955785768839   -0.201818704743    0.469422455696
               5 C      1.058202840819    0.339109616071   -0.665423188156
               6 C      0.157807373845    1.485349408774   -0.214906550867
               7 N     -0.723090897762    0.993609023818    0.842531173003
               8 H     -2.399234578698    0.718987541812   -0.431957320600
               9 H     -2.437144585613   -0.168128394537    1.098958503159
              10 H     -1.411668127919   -2.006579447218    0.107128208066
              11 H     -1.649470538945   -1.187714557254   -1.420395745414
              12 H      0.619038468706   -1.682978695398   -1.456603231824
              13 H      0.558387118620   -1.387766131590    1.420238589607
              14 H      1.953638744524    0.417863300874    1.373536987524
              15 H      2.989205843971   -0.421599950722    0.177153868068
              16 H      1.570395099627    0.571393376282   -1.604818767373
              17 H      0.771567278597    2.307723376749    0.172652604637
              18 H     -0.419901282439    1.877062438359   -1.074415715490
              19 H     -1.116375407583    1.752363918064    1.386728106950
------------------------ !GEOMETRY! -------------------------
    Number of atoms:    20 
    Geometry Index:     11 
    Coordinates:
               0 C     -1.780811536156    0.147575111032    0.282840312744
               1 C     -1.180526120132   -1.082103543750   -0.437752285049
               2 C      0.344405509384   -1.059028480605   -0.605702715782
               3 N      1.151918334385   -1.439880992105    0.594050126784
               4 C      1.971649632801   -0.206813222488    0.464664894939
               5 C      1.056664891609    0.339724339940   -0.656752526439
               6 C      0.154830351290    1.486926974591   -0.201484772272
               7 N     -0.733229645398    0.999066409763    0.847333257126
               8 H     -2.386565750972    0.708095004994   -0.455851486161
               9 H     -2.461364810702   -0.147609635335    1.088671671160
              10 H     -1.431892315570   -1.988742554871    0.130666886037
              11 H     -1.644442594707   -1.196156884206   -1.427065093275
              12 H      0.622955206387   -1.699137382931   -1.452891680732
              13 H      0.568994849670   -1.417493453505    1.428267725888
              14 H      2.009654984352    0.404666926773    1.374285408067
              15 H      3.002073371917   -0.419824181890    0.146094322416
              16 H      1.533432592664    0.610380178678   -1.606833544182
              17 H      0.767587738631    2.300995976115    0.206601061301
              18 H     -0.410921780167    1.884299739041   -1.066498118268
              19 H     -1.154512909287    1.775059670758    1.347356555699
------------------------ !GEOMETRY! -------------------------
    Number of atoms:    20 
    Geometry Index:     12 
    Coordinates:
               0 C     -1.777377697799    0.141892488277    0.293152533242
               1 C     -1.176785648634   -1.078009597748   -0.449282310576
               2 C      0.345367205572   -1.047066723697   -0.604419050701
               3 N      1.128955423643   -1.428650805291    0.604406725377
               4 C      1.962095725031   -0.204049498463    0.468206885195
               5 C      1.059394815088    0.336057230860   -0.663236753051
               6 C      0.156061300701    1.481490328982   -0.213164403427
               7 N     -0.723948882691    0.992911337120    0.846367036105
               8 H     -2.411495696224    0.709699087565   -0.413008114135
               9 H     -2.424613240692   -0.184475879402    1.113912789735
              10 H     -1.429631330201   -2.008342570753    0.076170705392
              11 H     -1.633592506064   -1.158173819716   -1.442827673933
              12 H      0.629136374719   -1.696409765066   -1.441717007272
              13 H      0.542330509314   -1.352700740263    1.430957095542
              14 H      1.987882915348    0.420683455916    1.368686528685
              15 H      2.988539427904   -0.438697509753    0.161734837976
              16 H      1.559835086249    0.578075084638   -1.607188684534
              17 H      0.768262584603    2.304129760196    0.176549802325
              18 H     -0.420666522216    1.871033938876   -1.074266275145
              19 H     -1.129849843651    1.760604197722    1.368965333200
------------------------ !GEOMETRY! -------------------------
    Number of atoms:    20 
    Geometry Index:     13 
    Coordinates:
               0 C     -1.772490437839    0.130614362923    0.311940166623
               1 C     -1.175256697771   -1.068237075445   -0.469640544520
               2 C      0.347831327129   -1.048343781840   -0.597843357214
               3 N      1.111436010656   -1.417434686124    0.628525817340
               4 C      1.960592748240   -0.203677460828    0.473284634199
               5 C      1.063667109904    0.331010501523   -0.665044476874
               6 C      0.153536551125    1.474421299061   -0.223729147147
               7 N     -0.715132066031    0.989666599636    0.847485047222
               8 H     -2.438156229726    0.698691987253   -0.363746494906
               9 H     -2.386789532342   -0.219127479130    1.148229338446
              10 H     -1.450102304465   -2.016917742628    0.009431705515
              11 H     -1.611171675112   -1.099880718367   -1.475138388125
              12 H      0.641835396020   -1.710670796514   -1.421232464097
              13 H      0.513424712865   -1.297521904552    1.441671792587
              14 H      2.000587886024    0.432231883390    1.365401521678
              15 H      2.981180777845   -0.459361260510    0.165585741770
              16 H      1.566462795089    0.568916724521   -1.608910436696
              17 H      0.760167004695    2.307160065522    0.152817337928
              18 H     -0.431614442299    1.848610591801   -1.085939849808
              19 H     -1.120108934008    1.759848890309    1.366852056078
------------------------ !GEOMETRY! -------------------------
    Number of atoms:    20 
    Geometry Index:     14 
    Coordinates:
               0 C     -1.769618233427    0.122182267881    0.325590572849
               1 C     -1.173751635599   -1.060597883341   -0.482100306663
               2 C      0.349821052433   -1.050120439689   -0.592773851026
               3 N      1.102294151476   -1.412950537532    0.643702302199
               4 C      1.961127655800   -0.205107753431    0.476895206764
               5 C      1.066297783607    0.326716287895   -0.663774214004
               6 C      0.152016928304    1.469208916341   -0.228905039469
               7 N     -0.712965691910    0.991358155945    0.849752803590
               8 H     -2.459047099644    0.687977986225   -0.326880066270
               9 H     -2.357457071267   -0.247475381511    1.172378729042
              10 H     -1.465513646030   -2.019899101071   -0.036341227692
              11 H     -1.593320096448   -1.055658818611   -1.494864212392
              12 H      0.649009322914   -1.719358680532   -1.408475718714
              13 H      0.498033648266   -1.260185641756    1.446523645514
              14 H      2.013899821260    0.436758521843    1.364147106879
              15 H      2.976290636562   -0.475436778725    0.165635794446
              16 H      1.569266632840    0.562480161938   -1.608151697641
              17 H      0.755821886594    2.307495260540    0.139407141839
              18 H     -0.436322303117    1.833653326060   -1.092937199313
              19 H     -1.125983742613    1.768960131531    1.351170230060
------------------------ !GEOMETRY! -------------------------
    Number of atoms:    20 
    Geometry Index:     15 
    Coordinates:
               0 C     -1.766678656048    0.115604335400    0.336590159473
               1 C     -1.173303343742   -1.053751134402   -0.493041546414
               2 C      0.350571061517   -1.052315067653   -0.588580822714
               3 N      1.094731982076   -1.406754759187    0.655717521245
               4 C      1.960464548906   -0.204629032393    0.480302539682
               5 C      1.068598917598    0.323674471848   -0.664611040674
               6 C      0.150653470841    1.465999550466   -0.235641518698
               7 N     -0.709560129279    0.992258528041    0.848530183114
               8 H     -2.474680644574    0.677946334695   -0.298729025367
               9 H     -2.334979426197   -0.265730160138    1.191578394963
              10 H     -1.479635066609   -2.019995463178   -0.072733911348
              11 H     -1.579703104533   -1.021436699623   -1.510812671755
              12 H      0.654060199677   -1.728206333549   -1.397326954096
              13 H      0.486860226499   -1.243990670693    1.453825391125
              14 H      2.019503202472    0.442419086200    1.363401892810
              15 H      2.973749375356   -0.483232750506    0.169600776024
              16 H      1.571268666051    0.559026174127   -1.609419336156
              17 H      0.751444650081    2.309162945985    0.126491347023
              18 H     -0.440275006576    1.822022933989   -1.101409250270
              19 H     -1.123190923519    1.771927710571    1.346267872033
------------------------ !GEOMETRY! -------------------------
    Number of atoms:    20 
    Geometry Index:     16 
    Coordinates:
               0 C     -1.762516918388    0.111153388497    0.348501980883
               1 C     -1.173064579754   -1.046430354801   -0.499829246070
               2 C      0.351322655776   -1.054917594264   -0.587750899277
               3 N      1.093768863981   -1.407997452310    0.658225378783
               4 C      1.957112624605   -0.203446467066    0.486934682864
               5 C      1.070686038150    0.320646203024   -0.664179582636
               6 C      0.149696792820    1.464028608679   -0.244795826948
               7 N     -0.706301541123    0.998202718087    0.845911272872
               8 H     -2.489679074863    0.667487989693   -0.270038787356
               9 H     -2.309879852416   -0.280979863735    1.212370188192
              10 H     -1.492999342679   -2.016999881719   -0.100295569098
              11 H     -1.569837825077   -0.990107650305   -1.520464550932
              12 H      0.654009148031   -1.732798580039   -1.395197243659
              13 H      0.485008824647   -1.252235844002    1.456807040293
              14 H      2.010546405352    0.445281719275    1.369193867489
              15 H      2.972757644488   -0.480000290023    0.182079385258
              16 H      1.576262791575    0.554273560210   -1.607988862464
              17 H      0.748663442641    2.311783933369    0.109611767727
              18 H     -0.442771994876    1.810778887301   -1.113218433344
              19 H     -1.122884102889    1.782276970130    1.334123437423
------------------------ !GEOMETRY! -------------------------
    Number of atoms:    20 
    Geometry Index:     17 
    Coordinates:
               0 C     -1.754123590681    0.102262394213    0.371773210004
               1 C     -1.171968660590   -1.031287013987   -0.512494583023
               2 C      0.352522277636   -1.058557455857   -0.586095501161
               3 N      1.090398997068   -1.410299221010    0.662500280047
               4 C      1.949525743916   -0.201572316002    0.499447562312
               5 C      1.074533709048    0.314857466259   -0.663960725742
               6 C      0.148099657121    1.460724561356   -0.263864794828
               7 N     -0.700961550564    1.010466013874    0.838446607628
               8 H     -2.520383082158    0.644026333763   -0.211051585145
               9 H     -2.255957477143   -0.312297930052    1.252916826970
              10 H     -1.518164622748   -2.009134590689   -0.155351834486
              11 H     -1.549912267416   -0.927667038959   -1.536782185365
              12 H      0.653061095877   -1.739865377656   -1.391603337691
              13 H      0.480075799302   -1.268410354402    1.462225636223
              14 H      1.987410549129    0.450359925567    1.379999210411
              15 H      2.970665212477   -0.473197785900    0.208657883594
              16 H      1.588974639689    0.541696329344   -1.604619794262
              17 H      0.743014985526    2.317811122618    0.074485029738
              18 H     -0.446553464927    1.788992810522   -1.137905015177
              19 H     -1.120357950560    1.801092126996    1.313277109952
------------------------ !GEOMETRY! -------------------------
    Number of atoms:    20 
    Geometry Index:     18 
    Coordinates:
               0 C     -1.744281140485    0.093844998433    0.394602844149
               1 C     -1.170790848985   -1.016379038061   -0.522178101712
               2 C      0.353305617414   -1.061405989078   -0.586699839440
               3 N      1.088018491461   -1.415083976729    0.661865715032
               4 C      1.939283231065   -0.199544773343    0.512747453401
               5 C      1.077895950061    0.309672626884   -0.664072581081
               6 C      0.147434040104    1.459187315112   -0.284580029448
               7 N     -0.696900344290    1.025388127977    0.827586766731
               8 H     -2.549879797091    0.616549408783   -0.150840828529
               9 H     -2.196667477009   -0.342389298251    1.292254849005
              10 H     -1.541599510779   -1.998582508150   -0.204456954212
              11 H     -1.533458341486   -0.868542712767   -1.546797394853
              12 H      0.649651389950   -1.743615650109   -1.393086701886
              13 H      0.476997515240   -1.294099221077    1.464267476633
              14 H      1.952789268161    0.453614458219    1.392805629485
              15 H      2.968104513990   -0.461095535812    0.240430586735
              16 H      1.605466348191    0.526410893273   -1.599620914133
              17 H      0.739118797392    2.324513979163    0.037934152879
              18 H     -0.447293223986    1.770454045331   -1.164696409008
              19 H     -1.117294478918    1.821102850205    1.292534280253
------------------------ !GEOMETRY! -------------------------
    Number of atoms:    20 
    Geometry Index:     19 
    Coordinates:
               0 C     -1.733169266618    0.083981631278    0.417546447370
               1 C     -1.169405241569   -1.000810551985   -0.533263302804
               2 C      0.353693020503   -1.063806702872   -0.587245011844
               3 N      1.081993890693   -1.417829590729    0.663960137257
               4 C      1.928746816365   -0.197896049773    0.525780337916
               5 C      1.081618458253    0.304634649350   -0.664474347847
               6 C      0.146391581480    1.456865022388   -0.305214457624
               7 N     -0.692719037338    1.038521761394    0.816558083946
               8 H     -2.576804508972    0.586429733075   -0.087410387166
               9 H     -2.133850936071   -0.373865848466    1.329191265138
              10 H     -1.564078090890   -1.986035718624   -0.256841345602
              11 H     -1.516310509514   -0.808085937089   -1.556118356676
              12 H      0.647421398458   -1.748733790344   -1.392366911403
              13 H      0.468170346376   -1.309544189213    1.465901972660
              14 H      1.921875344427    0.457350150739    1.404127659095
              15 H      2.963476217309   -0.453163291885    0.270624965027
              16 H      1.621768959615    0.512335050165   -1.594763839825
              17 H      0.733894697213    2.330573623582    0.001863961367
              18 H     -0.448774606995    1.750690913632   -1.190912329654
              19 H     -1.114038532726    1.838389135375    1.273055460669
------------------------ !GEOMETRY! -------------------------
    Number of atoms:    20 
    Geometry Index:     20 
    Coordinates:
               0 C     -1.719063447824    0.074360417566    0.439094992268
               1 C     -1.167726264538   -0.991046540035   -0.533287834365
               2 C      0.353352399814   -1.061943100541   -0.600236928056
               3 N      1.074077505890   -1.426513864101    0.649106547113
               4 C      1.910191213331   -0.198165668920    0.540624175124
               5 C      1.086516946231    0.304413060452   -0.666580971914
               6 C      0.153057075222    1.464781425750   -0.329012079583
               7 N     -0.696385950782    1.064256435686    0.790750833066
               8 H     -2.606646361928    0.541300095495   -0.022062712766
               9 H     -2.053800650249   -0.403311146238    1.367549069692
              10 H     -1.571028577595   -1.977537902571   -0.274443592836
              11 H     -1.524200225339   -0.774327197801   -1.548419627015
              12 H      0.640772656336   -1.741136586436   -1.412316148840
              13 H      0.454215504934   -1.344615836601    1.449729480721
              14 H      1.859983798452    0.451776588394    1.420851818742
              15 H      2.955418376540   -0.436937016413    0.315271286090
              16 H      1.653280866571    0.495783736361   -1.583859066288
              17 H      0.741809851279    2.339276010759   -0.026906330200
              18 H     -0.429752475762    1.754654862133   -1.223827681126
              19 H     -1.114172240584    1.864932227060    1.247974770173
------------------------ !GEOMETRY! -------------------------
    Number of atoms:    20 
    Geometry Index:     21 
    Coordinates:
               0 C     -1.710716274302    0.064311850203    0.456648859345
               1 C     -1.167222525674   -0.973639769283   -0.551275961123
               2 C      0.353473676696   -1.067654892134   -0.590515899273
               3 N      1.067841787233   -1.422206091867    0.667155496327
               4 C      1.909011155661   -0.196373010659    0.548130267286
               5 C      1.088169949591    0.296825252543   -0.664770013069
               6 C      0.145993490561    1.454338616157   -0.340061159965
               7 N     -0.690518677898    1.064251452154    0.793617922434
               8 H     -2.618844655509    0.523007693311    0.028884053584
               9 H     -2.012975849865   -0.430480626186    1.387490399466
              10 H     -1.600466684455   -1.959382216333   -0.343284803896
              11 H     -1.490820430740   -0.705406859585   -1.565243350870
              12 H      0.643174860631   -1.757289411466   -1.393131383992
              13 H      0.446514662050   -1.332457965700    1.465404347767
              14 H      1.868807817115    0.461546613458    1.423136872384
              15 H      2.952646401613   -0.442722317998    0.322483843950
              16 H      1.650805014888    0.490728355783   -1.584502740399
              17 H      0.727223953912    2.339619686305   -0.055140938239
              18 H     -0.444905779778    1.721928459233   -1.236562094788
              19 H     -1.117291891731    1.871055182062    1.231536283071
------------------------ !GEOMETRY! -------------------------
    Number of atoms:    20 
    Geometry Index:     22 
    Coordinates:
               0 C     -1.724092750688    0.074593445288    0.434892888910
               1 C     -1.168804123880   -0.989589651646   -0.541830255946
               2 C      0.353775024018   -1.065897664027   -0.589214570851
               3 N      1.075701727731   -1.419743910963    0.665992869529
               4 C      1.921334747211   -0.197907808887    0.535406230118
               5 C      1.085012395185    0.301388221180   -0.663955441794
               6 C      0.146994895532    1.455990367408   -0.318927091998
               7 N     -0.693454666416    1.051816982059    0.806862147970
               8 H     -2.597368684711    0.558240639417   -0.036265224644
               9 H     -2.082362492092   -0.400155306732    1.356047277398
              10 H     -1.578394704746   -1.976278689722   -0.293476791839
              11 H     -1.506660073493   -0.764619278717   -1.561291364071
              12 H      0.646463357161   -1.753487247861   -1.392432964059
              13 H      0.457588605943   -1.318145809226    1.465361735653
              14 H      1.904891305494    0.458516706313    1.412684319134
              15 H      2.959054169630   -0.451345680824    0.290657154643
              16 H      1.632804419488    0.506618982455   -1.590430581391
              17 H      0.732933926327    2.333319228309   -0.019146190294
              18 H     -0.444705509422    1.740339751597   -1.209844416064
              19 H     -1.120811568271    1.856346724580    1.248910269594
------------------------ !GEOMETRY! -------------------------
    Number of atoms:    20 
    Geometry Index:     23 
    Coordinates:
               0 C     -1.717447061756    0.069560783189    0.445011840780
               1 C     -1.168293301868   -0.984008782523   -0.543929748427
               2 C      0.353495268610   -1.065753777280   -0.593084008419
               3 N      1.071607772652   -1.422450068115    0.662543288435
               4 C      1.914165082423   -0.197983650824    0.541806006636
               5 C      1.086903657050    0.300524308176   -0.664302524009
               6 C      0.148819577492    1.457931027966   -0.328893622421
               7 N     -0.694382972924    1.061700757575    0.797398773674
               8 H     -2.609281104676    0.538464038210   -0.005470716239
               9 H     -2.046693481241   -0.414466294638    1.372315891525
              10 H     -1.584373720563   -1.970740096239   -0.306953329167
              11 H     -1.506386951120   -0.744699009179   -1.560215124568
              12 H      0.644508723488   -1.752205559292   -1.397858887859
              13 H      0.450993696908   -1.329682813244    1.461089364811
              14 H      1.883494798364    0.457370164066    1.419290078545
              15 H      2.955368875954   -0.446683444558    0.307620092958
              16 H      1.644008545572    0.500353837440   -1.586229168034
              17 H      0.734718025202    2.336372415873   -0.032381128520
              18 H     -0.438648636263    1.738866610398   -1.223550103699
              19 H     -1.122676793303    1.867529552999    1.235793023999
------------------------ !GEOMETRY! -------------------------
    Number of atoms:    20 
    Geometry Index:     24 
    Coordinates:
               0 C     -1.715130297607    0.067913689226    0.448510356253
               1 C     -1.168092054199   -0.981270666972   -0.546173879025
               2 C      0.353427060845   -1.066111185417   -0.592991247986
               3 N      1.070202658926   -1.422680990596    0.663447909097
               4 C      1.912504393311   -0.197749819414    0.543848497280
               5 C      1.087366946294    0.299705932668   -0.664181761739
               6 C      0.148320028999    1.457203590357   -0.331876712068
               7 N     -0.693315022671    1.063102357527    0.796359237026
               8 H     -2.611707744752    0.533896071615    0.004542672993
               9 H     -2.036774464498   -0.419137433160    1.376885499720
              10 H     -1.587763804425   -1.967941910841   -0.315355772937
              11 H     -1.503507299982   -0.735297664608   -1.561805183162
              12 H      0.644362653199   -1.753182905483   -1.397286398783
              13 H      0.448931186562   -1.330901077242    1.461566364859
              14 H      1.879946878644    0.458063909054    1.420914233936
              15 H      2.954254505877   -0.446109700683    0.311770716725
              16 H      1.645774550741    0.498882565182   -1.585483803010
              17 H      0.733323667906    2.337130455507   -0.037987152024
              18 H     -0.439668929239    1.734855012793   -1.227218428028
              19 H     -1.122554913931    1.869629770486    1.232514850874
------------------------ !GEOMETRY! -------------------------
    Number of atoms:    20 
    Geometry Index:     25 
    Coordinates:
               0 C     -1.714689053580    0.067469398605    0.449322249262
               1 C     -1.168075508376   -0.980687251044   -0.546697466467
               2 C      0.353429376079   -1.066215871446   -0.593009425816
               3 N      1.069824768802   -1.422752800079    0.663716344207
               4 C      1.912400285794   -0.197946690088    0.544206873943
               5 C      1.087530401089    0.299560499529   -0.664000165400
               6 C      0.148316444917    1.457133162516   -0.332231927345
               7 N     -0.693654993516    1.063979908292    0.796091381139
               8 H     -2.612581503485    0.532472484822    0.007045183611
               9 H     -2.034305170585   -0.420395854789    1.377998739008
              10 H     -1.588304624674   -1.967388102652   -0.316951821962
              11 H     -1.503038626030   -0.733343043461   -1.562148999838
              12 H      0.644450670541   -1.753426239233   -1.397154344244
              13 H      0.448350741124   -1.331263261146    1.461701393709
              14 H      1.880145109006    0.457924329726    1.421236684583
              15 H      2.954117427247   -0.446601177382    0.312207778041
              16 H      1.645926274467    0.499042171278   -1.585258649032
              17 H      0.733258229305    2.337186496503   -0.038582404802
              18 H     -0.439350853953    1.734283048565   -1.227935995130
              19 H     -1.123849394172    1.870968791484    1.230444572534
