-------------------------------------------------------------
----------------------- !PROPERTIES! ------------------------
-------------------------------------------------------------
# -----------------------------------------------------------
$ PAL_Flags
   description: The PAL Flags
   geom. index: 1
   prop. index: 1
        Diskflag:     2
# -----------------------------------------------------------
$ SCF_Energy
   description: The SCF energy
   geom. index: 1
   prop. index: 1
        SCF Energy:     -644.4672463378
# -----------------------------------------------------------
$ DFT_Energy
   description: The DFT energy
   geom. index: 1
   prop. index: 1
   Number of Alpha Electrons                 43.9999844674 
   Number of Beta  Electrons                 43.9999844674 
   Total number of  Electrons                87.9999689349 
   Exchange energy                          -53.5158436735 
   Correlation energy                        -3.7652545344 
   Correlation energy NL                      0.0000000000 
   Exchange-Correlation energy              -57.2810982079 
   Embedding correction                       0.0000000000 
   Total DFT Energy (No VdW correction)    -644.4672463378 
# -----------------------------------------------------------
$ Mayer_Pop
   description: The Mayer population analysis
   geom. index: 1
   prop. index: 1
     Number of atoms                     : 22
     Threshold for printing              : 0.1000000
     Number of bond orders printed       : 25
  NA   - Mulliken gross atomic population
  ZA   - Total nuclear charge
  QA   - Mulliken gross atomic charge
  VA   - Mayer's total valence
  BVA  - Mayer's bonded valence
  FA   - Mayer's free valence
  ATOM       NA         ZA         QA         VA         BVA        FA
  0   0     9.2908     9.0000    -0.2908     0.9052     0.9052    -0.0000
  1   0     5.2508     6.0000     0.7492     4.1275     4.1275     0.0000
  2   0     9.3061     9.0000    -0.3061     0.8811     0.8811    -0.0000
  3   0     9.2736     9.0000    -0.2736     0.9364     0.9364    -0.0000
  4   0     6.3113     6.0000    -0.3113     4.2190     4.2190    -0.0000
  5   0     6.2604     6.0000    -0.2604     3.5738     3.5738    -0.0000
  6   0     6.2680     6.0000    -0.2680     3.8081     3.8081     0.0000
  7   0     7.3389     7.0000    -0.3389     2.7023     2.7023    -0.0000
  8   0     6.2253     6.0000    -0.2253     3.7306     3.7306    -0.0000
  9   0     6.2397     6.0000    -0.2397     3.6591     3.6591     0.0000
 10   0     7.3019     7.0000    -0.3019     2.6560     2.6560    -0.0000
 11   0     0.8192     1.0000     0.1808     0.9132     0.9132    -0.0000
 12   0     0.8051     1.0000     0.1949     0.9353     0.9353    -0.0000
 13   0     0.8419     1.0000     0.1581     0.9408     0.9408    -0.0000
 14   0     0.8502     1.0000     0.1498     0.9351     0.9351     0.0000
 15   0     0.8669     1.0000     0.1331     0.9339     0.9339     0.0000
 16   0     0.6748     1.0000     0.3252     0.8118     0.8118    -0.0000
 17   0     0.8370     1.0000     0.1630     0.9227     0.9227    -0.0000
 18   0     0.8735     1.0000     0.1265     0.9450     0.9450     0.0000
 19   0     0.8554     1.0000     0.1446     0.9478     0.9478    -0.0000
 20   0     0.8496     1.0000     0.1504     0.9163     0.9163     0.0000
 21   0     0.6595     1.0000     0.3405     0.8084     0.8084    -0.0000
      Bond orders larger than 0.1000000
           Atom A     A.N. of A          Atom B    A.N. of B              Bond order
                0             9               1            6                0.862957
                0             9               4            6                0.147791
                1             6               2            9                0.916290
                1             6               3            9                0.972102
                1             6               4            6                1.257612
                4             6               5            6                0.960718
                4             6              10            7                1.123070
                4             6              11            1                0.900686
                5             6               6            6                0.986917
                5             6              10            7               -0.140496
                5             6              12            1                0.970572
                5             6              13            1                0.959235
                6             6               7            7                0.949562
                6             6               8            6               -0.103021
                6             6              14            1                0.996349
                6             6              15            1                0.984983
                7             7               8            6                1.021103
                7             7              16            1                0.845300
                8             6               9            6                0.885552
                8             6              17            1                0.976987
                8             6              18            1                0.995328
                9             6              10            7                0.911110
                9             6              19            1                1.013774
                9             6              20            1                0.987254
               10             7              21            1                0.821802
# -----------------------------------------------------------
$ VdW_Correction
   description: The Van der Waals Correction
   geom. index: 1
   prop. index: 1
        Van der Waals Correction:       -0.0366056419
# -----------------------------------------------------------
$ Hessian
   description: Details about the Hessian
   geom. index: 1
   prop. index: 1
Normal modes:
Number of Rows: 66 Number of Columns: 66
                  0          1          2          3          4          5    
      0       0.000000   0.000000   0.000000   0.000000   0.000000   0.000000
      1       0.000000   0.000000   0.000000   0.000000   0.000000   0.000000
      2       0.000000   0.000000   0.000000   0.000000   0.000000   0.000000
      3       0.000000   0.000000   0.000000   0.000000   0.000000   0.000000
      4       0.000000   0.000000   0.000000   0.000000   0.000000   0.000000
      5       0.000000   0.000000   0.000000   0.000000   0.000000   0.000000
      6       0.000000   0.000000   0.000000   0.000000   0.000000   0.000000
      7       0.000000   0.000000   0.000000   0.000000   0.000000   0.000000
      8       0.000000   0.000000   0.000000   0.000000   0.000000   0.000000
      9       0.000000   0.000000   0.000000   0.000000   0.000000   0.000000
     10       0.000000   0.000000   0.000000   0.000000   0.000000   0.000000
     11       0.000000   0.000000   0.000000   0.000000   0.000000   0.000000
     12       0.000000   0.000000   0.000000   0.000000   0.000000   0.000000
     13       0.000000   0.000000   0.000000   0.000000   0.000000   0.000000
     14       0.000000   0.000000   0.000000   0.000000   0.000000   0.000000
     15       0.000000   0.000000   0.000000   0.000000   0.000000   0.000000
     16       0.000000   0.000000   0.000000   0.000000   0.000000   0.000000
     17       0.000000   0.000000   0.000000   0.000000   0.000000   0.000000
     18       0.000000   0.000000   0.000000   0.000000   0.000000   0.000000
     19       0.000000   0.000000   0.000000   0.000000   0.000000   0.000000
     20       0.000000   0.000000   0.000000   0.000000   0.000000   0.000000
     21       0.000000   0.000000   0.000000   0.000000   0.000000   0.000000
     22       0.000000   0.000000   0.000000   0.000000   0.000000   0.000000
     23       0.000000   0.000000   0.000000   0.000000   0.000000   0.000000
     24       0.000000   0.000000   0.000000   0.000000   0.000000   0.000000
     25       0.000000   0.000000   0.000000   0.000000   0.000000   0.000000
     26       0.000000   0.000000   0.000000   0.000000   0.000000   0.000000
     27       0.000000   0.000000   0.000000   0.000000   0.000000   0.000000
     28       0.000000   0.000000   0.000000   0.000000   0.000000   0.000000
     29       0.000000   0.000000   0.000000   0.000000   0.000000   0.000000
     30       0.000000   0.000000   0.000000   0.000000   0.000000   0.000000
     31       0.000000   0.000000   0.000000   0.000000   0.000000   0.000000
     32       0.000000   0.000000   0.000000   0.000000   0.000000   0.000000
     33       0.000000   0.000000   0.000000   0.000000   0.000000   0.000000
     34       0.000000   0.000000   0.000000   0.000000   0.000000   0.000000
     35       0.000000   0.000000   0.000000   0.000000   0.000000   0.000000
     36       0.000000   0.000000   0.000000   0.000000   0.000000   0.000000
     37       0.000000   0.000000   0.000000   0.000000   0.000000   0.000000
     38       0.000000   0.000000   0.000000   0.000000   0.000000   0.000000
     39       0.000000   0.000000   0.000000   0.000000   0.000000   0.000000
     40       0.000000   0.000000   0.000000   0.000000   0.000000   0.000000
     41       0.000000   0.000000   0.000000   0.000000   0.000000   0.000000
     42       0.000000   0.000000   0.000000   0.000000   0.000000   0.000000
     43       0.000000   0.000000   0.000000   0.000000   0.000000   0.000000
     44       0.000000   0.000000   0.000000   0.000000   0.000000   0.000000
     45       0.000000   0.000000   0.000000   0.000000   0.000000   0.000000
     46       0.000000   0.000000   0.000000   0.000000   0.000000   0.000000
     47       0.000000   0.000000   0.000000   0.000000   0.000000   0.000000
     48       0.000000   0.000000   0.000000   0.000000   0.000000   0.000000
     49       0.000000   0.000000   0.000000   0.000000   0.000000   0.000000
     50       0.000000   0.000000   0.000000   0.000000   0.000000   0.000000
     51       0.000000   0.000000   0.000000   0.000000   0.000000   0.000000
     52       0.000000   0.000000   0.000000   0.000000   0.000000   0.000000
     53       0.000000   0.000000   0.000000   0.000000   0.000000   0.000000
     54       0.000000   0.000000   0.000000   0.000000   0.000000   0.000000
     55       0.000000   0.000000   0.000000   0.000000   0.000000   0.000000
     56       0.000000   0.000000   0.000000   0.000000   0.000000   0.000000
     57       0.000000   0.000000   0.000000   0.000000   0.000000   0.000000
     58       0.000000   0.000000   0.000000   0.000000   0.000000   0.000000
     59       0.000000   0.000000   0.000000   0.000000   0.000000   0.000000
     60       0.000000   0.000000   0.000000   0.000000   0.000000   0.000000
     61       0.000000   0.000000   0.000000   0.000000   0.000000   0.000000
     62       0.000000   0.000000   0.000000   0.000000   0.000000   0.000000
     63       0.000000   0.000000   0.000000   0.000000   0.000000   0.000000
     64       0.000000   0.000000   0.000000   0.000000   0.000000   0.000000
     65       0.000000   0.000000   0.000000   0.000000   0.000000   0.000000
                  6          7          8          9         10         11    
      0      -0.015025  -0.126441   0.170615   0.031113   0.215205   0.078804
      1       0.087227   0.047082   0.097864   0.016856   0.034850   0.000651
      2      -0.156289  -0.128012  -0.047183  -0.009919  -0.050044  -0.013469
      3       0.018994  -0.026198  -0.004473  -0.061080   0.098602  -0.030020
      4      -0.005988  -0.001680  -0.019798  -0.008297  -0.021131  -0.046915
      5       0.004552   0.006084   0.005253  -0.036140  -0.032722  -0.011497
      6       0.126087  -0.098280  -0.215715  -0.014413   0.060766  -0.122858
      7       0.094187   0.047316   0.082335   0.011438   0.009637  -0.009330
      8       0.218596   0.053631   0.061917   0.016615  -0.012678   0.009443
      9      -0.030392   0.106941  -0.000178  -0.211649   0.129375  -0.095525
     10      -0.251328  -0.098178   0.046649  -0.015738  -0.010099  -0.048470
     11       0.037892  -0.069247   0.002381   0.051057  -0.053690   0.025544
     12      -0.000970   0.007124   0.012426  -0.051853   0.026559  -0.000058
     13       0.017743  -0.011656  -0.172117  -0.009976  -0.044688  -0.060187
     14      -0.078346   0.149391   0.011076  -0.102020  -0.059371  -0.002436
     15       0.028836   0.044259  -0.056273   0.008663  -0.100854   0.044370
     16       0.060747   0.023397  -0.163312  -0.012953   0.043340   0.041329
     17       0.014440   0.229021  -0.015009  -0.064314   0.064614   0.176530
     18       0.039484   0.049437  -0.106444   0.023214  -0.128949   0.066825
     19       0.030961  -0.022646   0.027936  -0.044264   0.033027   0.000665
     20       0.130701   0.090762   0.057545   0.132713   0.102878  -0.123525
     21       0.052597  -0.052300   0.012908   0.063014  -0.237703   0.024583
     22       0.038822   0.018649   0.127064   0.043314   0.000982  -0.063076
     23       0.139062  -0.131234   0.047711   0.014467   0.013422  -0.058380
     24      -0.085824   0.090362   0.019469   0.154483  -0.090591  -0.004029
     25      -0.062275  -0.031786   0.090246  -0.035483  -0.012561   0.066855
     26       0.061695  -0.222923   0.000480  -0.103944  -0.025422   0.091740
     27      -0.093868   0.036643   0.149592   0.035788  -0.096421   0.016053
     28      -0.043648   0.016165  -0.038597   0.049558  -0.029077   0.052919
     29      -0.215175  -0.018178  -0.149812   0.117644   0.173632   0.045155
     30      -0.060336   0.000509   0.031913   0.063682   0.010039   0.071969
     31       0.067518   0.017824  -0.170114   0.002644  -0.020766   0.061358
     32      -0.192891   0.105632   0.017619  -0.059915  -0.095565  -0.140855
     33       0.040426  -0.047206   0.007411  -0.071885   0.071224  -0.037012
     34      -0.068649  -0.072538  -0.144826   0.003002  -0.092439  -0.206166
     35      -0.098878   0.178018   0.013022  -0.090175  -0.081258   0.016107
     36       0.082134  -0.036282   0.007054   0.124522  -0.100386  -0.157669
     37       0.118340   0.112686  -0.238790   0.008837   0.125564   0.226693
     38      -0.008737   0.251719  -0.032550  -0.107822   0.060038   0.235612
     39       0.016167   0.115976  -0.175324  -0.028975  -0.142177   0.199840
     40       0.039757   0.010646  -0.202736  -0.012201  -0.039666   0.012042
     41       0.036018   0.323644  -0.073514  -0.104649   0.159624   0.383712
     42       0.104737  -0.007358  -0.183334   0.096200  -0.075230  -0.052103
     43       0.050867   0.036762   0.061694   0.050813   0.064975  -0.084709
     44       0.176106   0.162860   0.087827   0.289453   0.162925  -0.277948
     45      -0.030142   0.186753  -0.168720  -0.070334  -0.111170   0.231906
     46      -0.019039  -0.137261   0.035028  -0.215472  -0.065681   0.165374
     47       0.168015   0.070787   0.077942   0.208521   0.120826  -0.223137
     48       0.082409  -0.081975   0.000992   0.040581  -0.259806   0.029201
     49       0.018908   0.038195   0.188727   0.099414  -0.021627  -0.092838
     50       0.212550  -0.205144   0.094540   0.017776  -0.084926  -0.088064
     51      -0.061651   0.027754   0.083216   0.061649  -0.116150   0.037066
     52      -0.050339  -0.062089   0.185824  -0.103542   0.013146   0.072653
     53       0.134438  -0.412754   0.058162  -0.335933  -0.176311   0.245403
     54      -0.213134   0.298249  -0.107181   0.412693   0.065996  -0.130442
     55      -0.171472  -0.065421   0.038390  -0.097734  -0.010876   0.183254
     56       0.119043  -0.232408   0.035021  -0.106198  -0.044890   0.058545
     57      -0.062133  -0.078162   0.218194  -0.001483  -0.059518   0.098493
     58       0.079545  -0.040947   0.111072  -0.138561  -0.230759   0.020250
     59      -0.340598  -0.002341  -0.289535   0.314918   0.417179   0.118205
     60      -0.160539   0.141251   0.278488  -0.039339  -0.239039  -0.116634
     61      -0.222002   0.075912  -0.205569   0.284915   0.245197   0.109198
     62      -0.303040   0.017306  -0.218222   0.220314   0.291101   0.061328
     63      -0.098836   0.017983   0.099393   0.088701  -0.034542   0.076514
     64       0.093405   0.004587  -0.221569  -0.022933   0.009432   0.043831
     65      -0.256711   0.120927   0.094884  -0.095141  -0.153266  -0.263548
                 12         13         14         15         16         17    
      0       0.067119  -0.105338  -0.235861   0.048077   0.034453  -0.130216
      1       0.070127   0.028983  -0.037028   0.097961   0.050751   0.181877
      2      -0.138059  -0.043748  -0.037124  -0.100978  -0.018531  -0.149394
      3      -0.004242  -0.005768  -0.003561   0.003358  -0.008720   0.060882
      4       0.031466   0.025698   0.030403  -0.004562   0.000344  -0.002159
      5      -0.113714   0.000397   0.012414   0.019764   0.017565   0.150620
      6       0.233304   0.069041   0.156721   0.087306   0.041135  -0.106641
      7      -0.038870   0.038594   0.057832  -0.089692  -0.045586  -0.196074
      8      -0.119672   0.032306   0.142945  -0.056577  -0.014260  -0.147381
      9      -0.254729  -0.033284   0.037793   0.002487   0.032926   0.040545
     10       0.031313   0.111607   0.226645   0.036658   0.004086   0.002815
     11       0.033027   0.010612  -0.015974   0.038624   0.005519   0.307105
     12       0.008626   0.014076   0.014849  -0.042166  -0.060900   0.143446
     13      -0.024514   0.032451  -0.195750  -0.032801  -0.006232  -0.006282
     14       0.017870   0.000034  -0.057499   0.119353   0.053979   0.052907
     15       0.077818  -0.166149   0.065867  -0.112290  -0.003238   0.099309
     16       0.026464   0.047397  -0.163710  -0.099792  -0.113206  -0.020483
     17       0.150317   0.029787   0.086445   0.083906  -0.014921  -0.086512
     18       0.054920  -0.157701   0.019738  -0.123464  -0.002268   0.063950
     19       0.054150  -0.123154   0.013705  -0.045352  -0.199180   0.114577
     20       0.051606   0.003699  -0.005452  -0.109204   0.096287   0.036551
     21      -0.106223  -0.155697   0.041835   0.159411   0.006188  -0.109728
     22      -0.001494  -0.167485   0.066697   0.047123  -0.068329   0.021372
     23      -0.041623   0.047865  -0.041124   0.091102  -0.129543  -0.010152
     24      -0.089066   0.136932  -0.042506   0.075394  -0.021875  -0.073858
     25       0.052745  -0.076093   0.081684  -0.068156   0.120813  -0.003716
     26       0.023480   0.076402  -0.006418  -0.031292   0.051396  -0.016210
     27       0.054924   0.198916  -0.016056  -0.078427  -0.019478   0.002068
     28      -0.066276  -0.087357   0.006473   0.055500   0.161904  -0.087063
     29      -0.025221  -0.062888   0.068195  -0.007277  -0.024404   0.027748
     30      -0.048164   0.230353  -0.020810  -0.061822  -0.043247   0.094142
     31      -0.151404   0.100887  -0.173831   0.077635   0.091124   0.014797
     32       0.200558  -0.052895  -0.200363   0.006737  -0.022853  -0.100486
     33      -0.165539   0.015189   0.052984  -0.042790  -0.064067   0.294606
     34      -0.015071   0.079855  -0.382386  -0.085693  -0.024618  -0.039324
     35       0.106829  -0.005582  -0.075897   0.119951   0.055119  -0.022867
     36       0.029387  -0.262464   0.030902  -0.284040   0.080347   0.315448
     37       0.162272   0.102299  -0.084389  -0.141283  -0.208782  -0.292303
     38       0.156431   0.061171   0.094655   0.148457  -0.037482  -0.146430
     39       0.083706  -0.083540   0.020106  -0.011233   0.018899  -0.123640
     40      -0.044662   0.040972  -0.235218  -0.059811  -0.029045  -0.000307
     41       0.278108   0.123829   0.168077   0.113829  -0.142097  -0.354186
     42       0.009352  -0.049614  -0.135721  -0.273206   0.046827   0.090374
     43       0.057366  -0.146579   0.020173  -0.147731  -0.015909   0.110161
     44       0.044482  -0.002327  -0.034492  -0.294937   0.378445   0.035366
     45       0.177105  -0.171663   0.083862  -0.139276  -0.042445   0.073458
     46       0.027618  -0.132137   0.066391   0.233470  -0.517949   0.083104
     47       0.013472   0.009619  -0.040622  -0.168426   0.187402   0.039779
     48      -0.104146  -0.234834   0.061532   0.168164  -0.007200  -0.097761
     49      -0.073074  -0.094001   0.058651   0.167244  -0.004131  -0.091184
     50      -0.132867  -0.099423   0.006601   0.280997  -0.101002  -0.118178
     51      -0.015639   0.198688  -0.030985  -0.024550   0.018037  -0.031484
     52       0.132412   0.061936   0.073590  -0.178460   0.075608   0.079021
     53       0.153121   0.036976   0.059409  -0.206837   0.305043  -0.011502
     54      -0.236287   0.090779  -0.077998   0.257958  -0.208120  -0.101596
     55       0.114032  -0.068694   0.127605  -0.195697   0.299632   0.001102
     56       0.011854   0.077594  -0.021048   0.006305  -0.001025  -0.018521
     57       0.070262   0.176921   0.129644  -0.150240   0.028873   0.036324
     58       0.064641   0.067062  -0.157096   0.004161   0.220605  -0.159031
     59      -0.168099  -0.247846   0.316332   0.022129  -0.067826   0.122446
     60       0.234038   0.148364  -0.133916  -0.104042  -0.031284  -0.083080
     61      -0.211937  -0.313167   0.266535   0.091118   0.098544   0.016365
     62      -0.078112  -0.176050   0.180175   0.007993  -0.054969   0.069821
     63      -0.025180   0.204223   0.029976  -0.043577   0.017846   0.019246
     64      -0.150398   0.108205  -0.221697   0.057831   0.038610   0.065400
     65       0.398026  -0.257563  -0.154868  -0.044133  -0.033579  -0.220347
                 18         19         20         21         22         23    
      0       0.138878  -0.025651  -0.005272   0.014471  -0.021887  -0.019743
      1      -0.246268   0.055855  -0.061701   0.297836   0.041835   0.024471
      2      -0.362140  -0.019471  -0.020849   0.157599   0.032343   0.014148
      3       0.010922   0.007327   0.045724  -0.215276   0.053575   0.014066
      4      -0.246377  -0.005437   0.000565  -0.018476   0.016910  -0.003694
      5      -0.010005   0.043026  -0.012472   0.049334   0.015601   0.004017
      6      -0.101782  -0.027068  -0.004926   0.057493  -0.029602  -0.010399
      7      -0.244205  -0.065315   0.080275  -0.275978  -0.066790  -0.017932
      8       0.365063  -0.007509  -0.026893   0.137613   0.041215   0.011561
      9      -0.028862   0.071337  -0.035226   0.007902  -0.099458  -0.003009
     10       0.338852   0.007123  -0.004472   0.002315  -0.004736  -0.001278
     11      -0.010771   0.066951   0.030403  -0.258089  -0.119639  -0.008298
     12      -0.007945  -0.033526   0.068039  -0.155245   0.260773   0.042660
     13       0.081437   0.015364   0.027659  -0.000614   0.048487  -0.035387
     14       0.019143  -0.139583   0.049459   0.004795   0.086676  -0.095455
     15       0.014195  -0.086733  -0.054936   0.002995   0.027588   0.098876
     16       0.147937   0.145214  -0.006115   0.037727   0.003673  -0.086124
     17      -0.095463  -0.020882   0.004973  -0.011830  -0.022479  -0.045715
     18       0.084053  -0.015222  -0.055800   0.056098  -0.046876   0.005700
     19       0.057559  -0.066380  -0.053128   0.070801  -0.050272  -0.081232
     20       0.003166  -0.014575  -0.010291  -0.000025  -0.031639  -0.034370
     21       0.001151   0.089533   0.123844   0.043769  -0.017179  -0.052276
     22      -0.006333  -0.003180   0.087879   0.062316  -0.008441   0.022865
     23      -0.017754  -0.022523  -0.099578  -0.067391   0.056963   0.083504
     24      -0.047667   0.028397  -0.151835  -0.079509  -0.026923  -0.126372
     25      -0.022053   0.021887  -0.019660  -0.033050   0.004202   0.050242
     26      -0.011320   0.012193  -0.073727  -0.056861  -0.010991  -0.026331
     27      -0.065102   0.028716  -0.017946   0.056650   0.006353  -0.040352
     28       0.030941   0.004812  -0.143373  -0.182755   0.042353   0.088730
     29      -0.004396   0.001200   0.042741   0.043814  -0.050049   0.021810
     30      -0.007722  -0.064405   0.124075   0.138314  -0.019259   0.081278
     31       0.127045  -0.130289   0.049969   0.006746  -0.003819   0.021266
     32       0.137029   0.006528   0.055234   0.012198  -0.072066   0.097560
     33      -0.029213   0.083367   0.052349  -0.241598   0.397438   0.067534
     34       0.224389   0.108797   0.088866   0.016252   0.034846   0.074814
     35       0.032111  -0.193915   0.053922   0.039492   0.026230  -0.103175
     36       0.124386  -0.325139  -0.189644   0.114995  -0.182742  -0.098352
     37       0.073091   0.567454   0.028078   0.000017  -0.031024   0.253302
     38      -0.129572   0.038211   0.051825  -0.051148   0.058992   0.006621
     39       0.001717   0.158936   0.044390  -0.024145   0.107048   0.307296
     40       0.203991   0.058813   0.002805   0.086910  -0.018741  -0.154278
     41      -0.210043   0.387397   0.093575  -0.125624   0.096488   0.292050
     42       0.192810   0.124126  -0.028198   0.010148   0.097341  -0.007060
     43       0.070372   0.021601   0.090977   0.087726  -0.000728  -0.090138
     44       0.046878   0.149314   0.208245   0.009052   0.082078  -0.046791
     45       0.063111  -0.111969  -0.156366   0.097542  -0.198134  -0.069347
     46      -0.020089  -0.241654  -0.267201   0.056472  -0.168324  -0.037319
     47       0.028698   0.064148   0.081557  -0.011449   0.055876  -0.011638
     48       0.023649   0.094954   0.228739   0.111440  -0.031508  -0.027273
     49      -0.067837   0.065854   0.177325   0.030461   0.010288  -0.026730
     50      -0.029552   0.082612   0.330995   0.091580   0.056502   0.118813
     51      -0.064201   0.036691  -0.044959   0.033204  -0.012895  -0.274495
     52      -0.060289  -0.003031   0.050406   0.093912   0.034939  -0.070887
     53       0.001870   0.093527   0.218383   0.133868  -0.006398  -0.355813
     54      -0.039867  -0.032033  -0.440202  -0.304455  -0.062570   0.244241
     55      -0.018910   0.058740   0.056922   0.014386  -0.041193  -0.062303
     56      -0.014673   0.005402  -0.072217  -0.053473   0.014536  -0.018618
     57      -0.153866   0.075935  -0.091149  -0.006270   0.033192  -0.002216
     58       0.077113   0.000554  -0.244315  -0.224377  -0.128110   0.283458
     59      -0.094591   0.026126   0.122663   0.058518   0.156033  -0.178759
     60       0.001104   0.068718   0.038733   0.109460  -0.101096   0.124624
     61      -0.051816   0.031764  -0.003131  -0.127410   0.274609  -0.137382
     62      -0.035087   0.015883   0.117833   0.075646   0.047815  -0.066807
     63      -0.045962  -0.027172  -0.015622   0.047484   0.034468   0.021435
     64       0.161077  -0.145978   0.150218   0.056140  -0.015328   0.058955
     65       0.072595   0.213681  -0.271905  -0.447427   0.643672  -0.382413
                 24         25         26         27         28         29    
      0      -0.010465   0.008193  -0.000003   0.024307   0.009754   0.000425
      1       0.013162  -0.014664   0.002260  -0.030507  -0.005580  -0.001047
      2       0.004938  -0.010559  -0.002919  -0.021113   0.004772   0.002875
      3       0.034554  -0.002223  -0.007282  -0.031729  -0.070125  -0.019784
      4      -0.003964   0.026950  -0.035400   0.021617   0.015100   0.008754
      5       0.033048   0.012113   0.034321   0.018460  -0.091259  -0.020262
      6       0.000252  -0.007197   0.021360   0.011828   0.004226   0.005057
      7      -0.001405  -0.013749   0.033318   0.011410  -0.003446   0.000014
      8       0.000225   0.005417  -0.022994  -0.008335   0.009182   0.003306
      9      -0.039238   0.000111  -0.008277   0.000786   0.042938   0.007914
     10      -0.002960  -0.001815   0.001895  -0.002298  -0.000035  -0.001877
     11      -0.044086  -0.003497  -0.010974   0.001837   0.050126   0.012255
     12       0.088886  -0.005053  -0.018485  -0.063044  -0.068673  -0.008429
     13      -0.058170   0.043302  -0.094615   0.041205   0.006936  -0.073225
     14       0.033675  -0.018045   0.095132   0.150493   0.026705   0.033473
     15      -0.040444   0.077983  -0.088659   0.054161   0.031184   0.126375
     16       0.004269  -0.084490   0.047649   0.101162  -0.093080   0.038937
     17      -0.021448  -0.033784  -0.053888  -0.014225  -0.037955  -0.049519
     18      -0.002856  -0.016603   0.089415   0.009196   0.022842  -0.075555
     19       0.107304  -0.047170   0.041941  -0.112021   0.087610   0.056644
     20      -0.025638  -0.015405  -0.050234  -0.082108  -0.065544  -0.050486
     21       0.026541  -0.021603   0.028508  -0.030044  -0.013035  -0.089782
     22       0.007989   0.080731  -0.029439   0.044950   0.031905  -0.029389
     23      -0.112509   0.057269   0.115664   0.051443  -0.007736  -0.036083
     24       0.086427   0.127770  -0.032149  -0.037798  -0.041371   0.080153
     25       0.004770   0.054638   0.015602   0.116020  -0.055158  -0.069464
     26       0.117028  -0.001206  -0.060226   0.005150   0.037863   0.033685
     27      -0.082615  -0.028356  -0.000337   0.045411   0.022742   0.017175
     28      -0.036469  -0.126290   0.065137  -0.101449  -0.016141   0.059079
     29       0.064183  -0.004573  -0.054412   0.050684   0.017592  -0.068015
     30      -0.037716  -0.074764   0.018085  -0.045791   0.049419  -0.031903
     31      -0.011110   0.046271  -0.029498  -0.065364   0.056906  -0.004431
     32       0.018453   0.023209   0.036578  -0.098590  -0.058057   0.053578
     33       0.184624   0.021163  -0.015075  -0.100446  -0.280111  -0.103391
     34      -0.092209   0.110193  -0.144129  -0.124231   0.012900  -0.196403
     35      -0.011283  -0.028938   0.094670   0.159832   0.125677   0.085382
     36      -0.154290  -0.103343  -0.261615   0.006833  -0.265680   0.022658
     37      -0.017117   0.143320  -0.016351  -0.105903   0.065422   0.109775
     38       0.020600   0.021183   0.009949   0.013588   0.059207  -0.016642
     39      -0.103401   0.298748  -0.061327   0.249066   0.179826   0.231890
     40      -0.076675  -0.082191   0.040907   0.342047  -0.141742   0.065143
     41       0.062019   0.198137  -0.004418  -0.235236   0.210016   0.018624
     42       0.120104  -0.108052   0.404394   0.165178   0.134759   0.097149
     43       0.278738  -0.015295   0.095424  -0.061763   0.271582   0.123536
     44       0.251553   0.011119   0.107705   0.029976   0.229245   0.084572
     45      -0.101662  -0.127296  -0.122566  -0.076577  -0.206231  -0.199573
     46      -0.207797   0.005971  -0.153751  -0.229075  -0.211622  -0.121750
     47       0.082497   0.016353   0.080349  -0.013019   0.092373   0.034762
     48       0.045605  -0.195619  -0.082167   0.000845   0.012341   0.030170
     49      -0.005005   0.003957  -0.277203   0.097819  -0.122398   0.214089
     50      -0.107237  -0.535340  -0.482127   0.227862  -0.123095   0.594975
     51      -0.040418   0.279129  -0.007407  -0.110490  -0.075386   0.172093
     52      -0.157861   0.268081   0.016513   0.163426  -0.058709   0.058494
     53      -0.073991   0.164747   0.044618  -0.378051  -0.086623   0.129242
     54       0.380095  -0.154154  -0.158863   0.325772   0.061929  -0.138318
     55       0.060570   0.074184  -0.059936   0.056398  -0.115538  -0.086823
     56       0.056315   0.024423  -0.009886  -0.004982   0.046731   0.062495
     57       0.023911  -0.130333  -0.038021   0.253940  -0.002115  -0.085218
     58       0.238544  -0.230668  -0.086658   0.039230   0.013184  -0.145051
     59      -0.199353   0.066117   0.101282  -0.023229  -0.028511   0.124272
     60      -0.134152  -0.100626   0.101990   0.010980  -0.093304  -0.010530
     61      -0.407082  -0.019586   0.276367  -0.233843  -0.086635   0.294431
     62      -0.110718   0.040544   0.058249  -0.022761  -0.028784   0.044045
     63      -0.133453  -0.190650   0.031792  -0.083560   0.187729  -0.007609
     64       0.052101   0.132461  -0.058843  -0.050000  -0.037581  -0.037598
     65      -0.323075  -0.208155  -0.356552  -0.109040   0.551965  -0.309008
                 30         31         32         33         34         35    
      0      -0.047630   0.010069   0.033351   0.006586   0.002912   0.013970
      1       0.066361  -0.018100  -0.092594  -0.028567  -0.004136  -0.035192
      2       0.076823  -0.015718  -0.032075  -0.020280  -0.018315  -0.015571
      3       0.058719  -0.011112   0.003115  -0.001607  -0.010813  -0.040334
      4      -0.046839   0.031583   0.460241   0.119862  -0.041613   0.167932
      5      -0.353536   0.066877  -0.079830   0.091968   0.151674   0.012145
      6      -0.024338   0.003130  -0.043675   0.001241   0.004988   0.000701
      7      -0.039435   0.001950  -0.130161  -0.012236   0.020187  -0.025647
      8       0.057941  -0.008887   0.065898  -0.006365  -0.023885   0.006800
      9       0.034203  -0.007516   0.008633  -0.006738  -0.003542   0.003980
     10       0.005060  -0.002777  -0.038907  -0.011119   0.003569  -0.014180
     11       0.081586  -0.015074   0.017844  -0.019472  -0.026437   0.001014
     12       0.101426  -0.025937   0.023322  -0.009135  -0.033980  -0.002095
     13      -0.069107   0.021903   0.093316  -0.135607   0.019507  -0.070447
     14      -0.060262   0.047825  -0.052117  -0.047788  -0.161736   0.039063
     15       0.014858   0.084829  -0.021467  -0.000799   0.037855  -0.099345
     16       0.131013   0.061110  -0.045654   0.044867   0.003573   0.017044
     17       0.074239  -0.003436   0.091420  -0.009914   0.150405  -0.048871
     18      -0.069977  -0.113672  -0.037857   0.016680  -0.026644   0.116002
     19      -0.087788  -0.020078   0.069780  -0.023606  -0.011902  -0.102031
     20      -0.062269   0.017192  -0.024192  -0.024868  -0.144873   0.017006
     21       0.040210   0.037310   0.048588  -0.025951   0.002593  -0.059994
     22       0.038657   0.056918  -0.086999   0.035610   0.033082   0.120088
     23       0.040387  -0.028594   0.026803   0.042431   0.026061  -0.061881
     24       0.032749  -0.021665  -0.041300   0.036074  -0.018502   0.031428
     25       0.044202  -0.100482   0.003558  -0.036737   0.002820   0.021725
     26      -0.006166   0.027976  -0.029764  -0.094503   0.068885   0.139340
     27      -0.106555  -0.035862   0.076413  -0.032237   0.019527  -0.116773
     28      -0.010675   0.074312   0.029927   0.012838  -0.017960  -0.007247
     29      -0.006119   0.008739  -0.006042   0.112982  -0.056019  -0.132422
     30       0.038173   0.073523  -0.035547   0.019599   0.017250   0.131011
     31      -0.009014  -0.084745  -0.052832   0.063840   0.032130  -0.043518
     32       0.059479  -0.024602   0.003528  -0.004367   0.055688   0.049387
     33      -0.305398   0.012697  -0.071203   0.045805   0.046197  -0.002935
     34      -0.364152  -0.027567   0.002163  -0.413519  -0.101912   0.103720
     35       0.130689   0.028220  -0.013062  -0.070049  -0.189496   0.042937
     36       0.218951   0.141422  -0.062585  -0.001062   0.237443  -0.047448
     37      -0.272213   0.070153  -0.283996  -0.023311  -0.342593   0.132743
     38       0.017004  -0.022504   0.119916  -0.009816   0.096756  -0.078830
     39      -0.156253   0.297152  -0.212750  -0.013900  -0.176138  -0.066655
     40       0.220592   0.259893  -0.091747   0.072512   0.061341   0.012598
     41      -0.283831  -0.128030  -0.015611  -0.073752  -0.195099   0.001034
     42       0.022278  -0.364384   0.043794   0.223543   0.010568   0.066651
     43      -0.045029   0.035279   0.148869  -0.088118   0.245939  -0.174709
     44       0.027543   0.034641   0.116762  -0.067723   0.243086  -0.109252
     45      -0.112596  -0.202895  -0.127390  -0.047945   0.019827   0.387832
     46      -0.178266   0.092413  -0.121576  -0.018058  -0.471607   0.034341
     47      -0.023966   0.018042   0.053090   0.003325  -0.043807  -0.111282
     48      -0.106128  -0.097428   0.052004  -0.034995  -0.030062  -0.072169
     49       0.059145  -0.024336  -0.170748   0.090779  -0.005038   0.233476
     50      -0.338620  -0.524566  -0.057449   0.105324  -0.098972   0.015862
     51       0.018104  -0.109862  -0.082790   0.189950  -0.049769  -0.046345
     52       0.005199  -0.353956  -0.082640   0.130602   0.064341   0.008927
     53       0.024513   0.195798  -0.023028   0.182482  -0.170231  -0.134970
     54      -0.009048  -0.066788   0.012486  -0.273541   0.073926   0.176958
     55       0.043376  -0.093580  -0.027827   0.153449  -0.237161  -0.173759
     56       0.001911   0.023978  -0.019655  -0.132162   0.156904   0.193922
     57      -0.173524   0.020262   0.191515  -0.247813  -0.101069  -0.189743
     58       0.019615   0.141776   0.016909   0.245763  -0.177021  -0.262678
     59      -0.069840  -0.045526   0.060827  -0.238842   0.074016   0.119904
     60      -0.127304   0.051282   0.282108   0.010659  -0.000191  -0.417456
     61      -0.079190  -0.025714   0.135716  -0.340857   0.165968   0.202861
     62      -0.032708  -0.024629   0.055253  -0.051043   0.033666  -0.041228
     63      -0.018530   0.141962  -0.201076   0.110088  -0.000651   0.196984
     64       0.043204  -0.145368   0.067067   0.006454   0.064824  -0.089071
     65       0.016402  -0.036499  -0.474483   0.360307   0.151476   0.108814
                 36         37         38         39         40         41    
      0      -0.002907  -0.025292  -0.042637   0.003225  -0.001271   0.000559
      1       0.012658   0.017167   0.022564  -0.000755  -0.001466  -0.000310
      2       0.007050   0.015697   0.011719  -0.003731  -0.003481  -0.001176
      3       0.042869   0.155717   0.377215  -0.031778   0.023945   0.010641
      4      -0.054128   0.010701   0.020037  -0.020853   0.005563  -0.003452
      5      -0.033787  -0.038473   0.068380   0.030450   0.041172   0.003957
      6      -0.009827  -0.015336  -0.040426   0.001747  -0.001435  -0.001296
      7      -0.001690  -0.015124  -0.028158   0.004889  -0.000056  -0.000551
      8       0.007331   0.011457   0.011541  -0.004708  -0.003244   0.000097
      9      -0.004966  -0.021408  -0.056108   0.007025  -0.004134  -0.002223
     10       0.005637  -0.002117  -0.001919   0.002103  -0.000393   0.000051
     11       0.001803  -0.010940  -0.048701   0.000783  -0.007906  -0.001896
     12      -0.010368  -0.008295  -0.134343   0.010627  -0.005089  -0.007469
     13       0.164149  -0.093099   0.019383   0.057205  -0.024981   0.023024
     14       0.005006  -0.021147  -0.014904  -0.069072   0.004561   0.027912
     15      -0.027860  -0.058651   0.007805   0.011258   0.040736   0.019195
     16      -0.057873   0.015473  -0.016480  -0.005067   0.019137   0.001095
     17       0.063037  -0.050660  -0.013076   0.010606   0.010780  -0.013259
     18       0.099753   0.081321   0.008988   0.033750  -0.039676  -0.018626
     19      -0.037668  -0.084144   0.040994  -0.003678  -0.016357  -0.004354
     20      -0.079017   0.009379   0.018936   0.055616  -0.030509  -0.005627
     21      -0.096857  -0.045665   0.010705  -0.015431   0.002476  -0.004182
     22       0.118567   0.161533  -0.055913   0.005024   0.025315  -0.005509
     23       0.023968  -0.059282  -0.002470  -0.038987   0.012917  -0.004921
     24       0.064852  -0.077319   0.011702   0.003576  -0.004126   0.014856
     25      -0.126499  -0.142772   0.049281   0.019017  -0.014139   0.055088
     26      -0.018835   0.099230  -0.009448   0.021910  -0.013247   0.035791
     27      -0.045248   0.219929  -0.041003  -0.013855   0.014710  -0.023979
     28       0.092155   0.002077  -0.007511  -0.020686  -0.019516  -0.025738
     29       0.055169   0.043168  -0.022166  -0.040916  -0.023959   0.004068
     30       0.011766  -0.153598   0.049541   0.022241  -0.004493   0.008306
     31      -0.113732   0.124065  -0.031712  -0.007750   0.017804  -0.003832
     32      -0.046823   0.007375  -0.011641   0.026852   0.006194  -0.051693
     33      -0.004774  -0.067594  -0.666453  -0.085610  -0.281582  -0.055538
     34       0.325244  -0.324859   0.047830  -0.325715   0.188895  -0.069634
     35      -0.008761   0.006316   0.239113  -0.020441   0.148207   0.045725
     36      -0.188899  -0.125891  -0.161766  -0.394832   0.266467   0.093153
     37      -0.310984   0.008647  -0.044763  -0.360859   0.137036   0.109976
     38       0.137989  -0.029968   0.053648   0.178921  -0.074330  -0.045439
     39      -0.123570   0.095842   0.165199   0.139635  -0.320297  -0.167241
     40      -0.095667   0.098528   0.087301   0.106123  -0.274188  -0.171324
     41       0.020559  -0.041031  -0.034725  -0.054802   0.148099   0.095792
     42       0.298244  -0.061504  -0.135664   0.235608   0.332934   0.140752
     43      -0.016270  -0.098770   0.084397  -0.177480  -0.128136  -0.053377
     44       0.002738  -0.053935   0.046237  -0.143122  -0.095775  -0.036109
     45       0.112820   0.170562  -0.063772  -0.400582  -0.147878   0.014567
     46      -0.176977   0.069460   0.046198   0.302004  -0.022470  -0.021852
     47      -0.034412  -0.057912   0.039328   0.138334   0.012581  -0.016331
     48      -0.100482  -0.063126   0.068196   0.000990  -0.066817  -0.055416
     49       0.231115   0.089867  -0.109419   0.033236   0.120296   0.123558
     50       0.159897  -0.209681   0.093969   0.023970  -0.062056  -0.005423
     51       0.174043  -0.164813   0.059377  -0.093995  -0.110107  -0.122845
     52      -0.042645  -0.275730   0.201696  -0.197226  -0.296809  -0.235472
     53       0.249333   0.024826  -0.124679   0.062920   0.136133   0.063822
     54      -0.276995   0.004377   0.010087   0.129438   0.073281   0.089735
     55      -0.023589  -0.320134  -0.015625   0.190460   0.265622  -0.003688
     56      -0.021534   0.147284   0.018458  -0.070839  -0.138519   0.055321
     57       0.008899   0.264001  -0.201136   0.031057   0.309758  -0.533238
     58       0.244729  -0.018601  -0.069143  -0.085822  -0.009040  -0.131466
     59      -0.095040   0.101155  -0.025640   0.048262   0.086231  -0.094810
     60       0.099261   0.357283  -0.175683   0.008435  -0.232993   0.658162
     61      -0.124941   0.124724  -0.018872   0.063900   0.015680   0.058256
     62      -0.035344   0.097148  -0.038183   0.007139  -0.032405   0.106907
     63       0.039921  -0.197067   0.142495  -0.052691  -0.029249   0.000535
     64      -0.153463   0.156215  -0.109903   0.062637   0.039312  -0.004013
     65      -0.262423  -0.062963   0.077696   0.040174   0.015498   0.043660
                 42         43         44         45         46         47    
      0      -0.005739  -0.004261  -0.001715  -0.002593  -0.003055  -0.004135
      1       0.003316   0.002496   0.002330   0.002893   0.002273   0.002617
      2       0.005894   0.005425   0.003447   0.003591   0.001669   0.004086
      3       0.029729   0.027032   0.047005   0.039549   0.019781   0.037195
      4       0.009429   0.010867   0.001615  -0.004303  -0.001651   0.009360
      5      -0.031477  -0.036478  -0.038531  -0.029519   0.000405  -0.026498
      6      -0.001633  -0.001064  -0.005645  -0.004930  -0.001944  -0.001906
      7      -0.003418  -0.003311  -0.005486  -0.004348  -0.000742  -0.002728
      8       0.003455   0.003817   0.006300   0.004999   0.000858   0.002842
      9      -0.003483  -0.004123  -0.007616  -0.005403  -0.003079  -0.003884
     10      -0.000697  -0.000641  -0.000470  -0.000205   0.000102  -0.000220
     11       0.001063   0.001176  -0.000911  -0.000357  -0.002084   0.000183
     12      -0.036766  -0.046366  -0.079230  -0.068698  -0.002172  -0.098320
     13      -0.052288  -0.074137   0.082324   0.058618   0.020434  -0.059131
     14      -0.001169   0.012119   0.046904   0.018747   0.001073   0.019992
     15      -0.039197   0.003688   0.000274   0.011570  -0.082242   0.103801
     16      -0.035094  -0.001694  -0.004807  -0.044586  -0.080519   0.062653
     17       0.026155   0.066336  -0.000556  -0.006516   0.037002  -0.028329
     18       0.020364   0.002436   0.039378  -0.086747   0.006452  -0.025200
     19       0.029491  -0.001687  -0.023835   0.045653   0.026698  -0.006500
     20      -0.028089  -0.001022  -0.029214   0.024251  -0.014582   0.016621
     21      -0.033327   0.007813  -0.003042   0.015442  -0.003892   0.014564
     22       0.004153   0.005542   0.020398  -0.018246  -0.003279  -0.020324
     23       0.053505  -0.046098   0.003806  -0.002355  -0.015358   0.001437
     24       0.019078  -0.018072  -0.027113   0.007832   0.023067   0.002877
     25       0.006332   0.005720  -0.054247   0.072160  -0.011676  -0.010415
     26      -0.015789   0.021421   0.026234  -0.039328   0.005998   0.002793
     27       0.000787   0.032656   0.011374   0.036812  -0.108491  -0.106089
     28      -0.030134   0.004429   0.003174  -0.008134  -0.013550  -0.043249
     29      -0.033582   0.015455  -0.026401   0.010697  -0.017690  -0.020283
     30       0.005871  -0.017735   0.005928   0.008138   0.038401   0.024051
     31       0.016505   0.012587   0.000023  -0.001173  -0.002727   0.037559
     32       0.003665  -0.011276   0.026068   0.023966  -0.000987   0.004107
     33       0.223197   0.304420   0.404801   0.311600  -0.023005   0.306721
     34       0.228997   0.517462  -0.476191  -0.299477  -0.179150   0.163716
     35      -0.134623  -0.161080  -0.193302  -0.173155   0.006498  -0.187798
     36       0.007457   0.163602   0.199524  -0.018527   0.366729  -0.378685
     37      -0.004002  -0.051976   0.183523   0.040103   0.300201  -0.222233
     38       0.006317   0.016040  -0.082717   0.003341  -0.143369   0.157469
     39       0.310635   0.076727  -0.221331   0.124125   0.255470  -0.239088
     40       0.276282   0.116405  -0.191333   0.015936   0.181937  -0.158425
     41      -0.158047  -0.065858   0.098703   0.000467  -0.081428   0.015012
     42      -0.103200   0.335270  -0.132158   0.424069   0.241547  -0.041659
     43       0.145411  -0.129880   0.035805  -0.120486  -0.035553   0.015153
     44       0.105876  -0.101870   0.019159  -0.091282  -0.050278   0.041749
     45       0.165646  -0.466995  -0.245971   0.322348  -0.133631   0.128567
     46      -0.104371   0.192843   0.038893  -0.107033   0.022507   0.015418
     47      -0.034489   0.124039   0.061596  -0.092516   0.038512  -0.046189
     48      -0.003815   0.031893   0.054687  -0.075208  -0.000258  -0.090758
     49      -0.016860  -0.039952  -0.120439   0.157833   0.018735   0.191338
     50       0.121168  -0.041748   0.009518  -0.056867   0.009678  -0.051476
     51      -0.121625   0.016643   0.070828  -0.133691   0.093340   0.068169
     52      -0.403748   0.132119   0.173738  -0.276162   0.141073   0.115480
     53       0.238378  -0.094252  -0.049018   0.110824  -0.034940  -0.003700
     54       0.169976  -0.009510   0.152056  -0.117857  -0.032987   0.034119
     55       0.482170  -0.152566   0.321067  -0.330507  -0.107175  -0.035177
     56      -0.221182   0.077568  -0.148711   0.142835   0.053577   0.016104
     57      -0.037825  -0.217487  -0.052733   0.018920   0.455877   0.478436
     58      -0.097121  -0.031142  -0.077085  -0.034187   0.128669   0.112077
     59       0.021889  -0.048143   0.033767   0.025266   0.067012   0.057089
     60       0.049164  -0.032559  -0.078189  -0.308571   0.348620   0.340935
     61       0.055906  -0.016011   0.002813  -0.106951   0.101142   0.124593
     62       0.010817  -0.004626  -0.026349  -0.057074   0.077647   0.096138
     63      -0.001949   0.097582   0.189709   0.079906  -0.187823   0.065314
     64       0.026397  -0.088524  -0.156556  -0.060768   0.198385   0.008210
     65       0.053561  -0.026568  -0.047376  -0.009132   0.130434   0.119983
                 48         49         50         51         52         53    
      0       0.000107   0.000146   0.000071   0.000443  -0.000029   0.000752
      1      -0.000007   0.000593  -0.000411  -0.000064  -0.000141   0.000002
      2      -0.000452   0.000259  -0.000053  -0.000466   0.000032  -0.000696
      3      -0.006308  -0.003276   0.000007  -0.000013  -0.001826  -0.006839
      4      -0.003759  -0.003312   0.000904  -0.001297   0.000551   0.001215
      5       0.006671  -0.000103   0.000883   0.000757   0.002875   0.005201
      6      -0.000432  -0.000178   0.000229  -0.000072   0.000172  -0.000303
      7       0.000090   0.000098  -0.000038   0.000253  -0.000016   0.000480
      8      -0.000554   0.000070  -0.000255   0.000019  -0.000037  -0.000565
      9       0.001058   0.000368   0.000104  -0.000003   0.000408   0.000659
     10       0.000354   0.000128   0.000005  -0.000101  -0.000067   0.000530
     11      -0.000007   0.000185   0.000040  -0.000151   0.000181  -0.000293
     12       0.021255   0.012332  -0.003122  -0.001043   0.006141   0.028116
     13       0.008017   0.001984  -0.002778   0.011956  -0.004855   0.006551
     14      -0.014633  -0.001320   0.000063   0.003811  -0.004463  -0.012725
     15       0.002843   0.052618  -0.009018  -0.001719   0.007009  -0.030124
     16      -0.017222  -0.055396   0.021500  -0.007401  -0.000331  -0.018374
     17      -0.007791   0.038143  -0.011661   0.004241   0.005875   0.006323
     18      -0.116775  -0.000885   0.006363   0.003730  -0.013297   0.059958
     19       0.019055   0.014774   0.040813  -0.044324  -0.043444   0.030683
     20       0.035259   0.010052   0.018893  -0.023481  -0.015891  -0.008930
     21       0.043023   0.001402  -0.010552  -0.006843  -0.014670   0.030677
     22       0.018310   0.009357   0.024909  -0.008365   0.012471  -0.075124
     23      -0.005862  -0.002383  -0.004987   0.001508  -0.002965   0.013431
     24      -0.063564  -0.014165  -0.029773  -0.019094  -0.026031  -0.060351
     25      -0.098047  -0.011016   0.007098   0.013383   0.019689  -0.011315
     26       0.051412   0.002060  -0.028407  -0.024427  -0.041331  -0.011407
     27       0.010165   0.011934  -0.006539   0.020273  -0.017247   0.007962
     28       0.014544   0.003630  -0.021619  -0.056782   0.049104   0.000920
     29      -0.012210   0.000716  -0.000115   0.015484  -0.010243   0.004974
     30      -0.010947  -0.000543   0.001379   0.006674  -0.001924  -0.025032
     31      -0.003474  -0.005324  -0.000184  -0.012071   0.005753   0.019655
     32      -0.002754  -0.001388   0.000169   0.000742  -0.000302   0.004975
     33      -0.086549  -0.024513  -0.006546  -0.006878  -0.033184  -0.060328
     34       0.026216   0.018177   0.011913  -0.039310   0.013310  -0.005444
     35       0.036016   0.018931   0.003412   0.010130   0.010349   0.032298
     36      -0.036724  -0.353762   0.074902   0.008877  -0.018552   0.045606
     37      -0.090412   0.545527  -0.162672   0.065217   0.045737   0.023614
     38       0.015317   0.138900  -0.028041  -0.004996   0.010653  -0.024036
     39       0.189377  -0.303938   0.076368  -0.046371  -0.055816   0.086045
     40       0.071875   0.108109  -0.028412  -0.012123  -0.008028   0.064259
     41       0.018512  -0.589572   0.161178  -0.035546  -0.049373  -0.015496
     42       0.446794  -0.007673  -0.134738   0.084104   0.096476  -0.124861
     43      -0.084633  -0.111668  -0.225667   0.199310   0.132470   0.060521
     44       0.013687  -0.160119  -0.381618   0.331879   0.255528  -0.021029
     45       0.412787  -0.026756  -0.041619   0.000720   0.028601  -0.113280
     46       0.022538  -0.165775  -0.426034   0.363816   0.278693  -0.033565
     47      -0.147595   0.057620   0.131771  -0.113613  -0.106435   0.069402
     48       0.007459   0.006441   0.089525  -0.028254   0.080351  -0.366911
     49      -0.016277  -0.018142  -0.184921   0.057220  -0.174199   0.774410
     50      -0.145229  -0.020949   0.032752   0.022667   0.059513  -0.127320
     51       0.161327   0.035959   0.147411   0.055482   0.133991   0.039483
     52       0.414891   0.055521   0.095423   0.007930   0.077256   0.125942
     53      -0.109413   0.056627   0.424628   0.242400   0.423106   0.115679
     54       0.258713   0.092056   0.411575   0.203508   0.360673   0.198822
     55       0.363212   0.005832  -0.188998  -0.138104  -0.229220  -0.036545
     56      -0.166224  -0.011783   0.023416   0.015406   0.027615  -0.024635
     57      -0.139585  -0.053672   0.001285  -0.059027   0.044797   0.002087
     58      -0.009819   0.015442   0.097103   0.316734  -0.257119  -0.060174
     59      -0.041424  -0.037381  -0.123975  -0.415452   0.339589   0.066143
     60       0.077246  -0.036507  -0.019383  -0.195944   0.115499  -0.002413
     61       0.080612   0.032126   0.148536   0.437650  -0.377011  -0.093741
     62       0.018796   0.007783   0.071123   0.208504  -0.185087  -0.040079
     63       0.065391  -0.043673   0.022480  -0.046217   0.006568   0.211639
     64      -0.070183   0.031235  -0.018619   0.030435   0.002275  -0.182892
     65      -0.053186  -0.007756  -0.000230  -0.000002   0.009445  -0.060021
                 54         55         56         57         58         59    
      0      -0.001348   0.000104  -0.000016  -0.000020   0.000229  -0.000089
      1       0.001583  -0.000062  -0.000053   0.000092  -0.000185  -0.000313
      2       0.001630  -0.000074  -0.000013   0.000187  -0.000410   0.000062
      3       0.012471  -0.000435  -0.000111   0.000547  -0.001173  -0.000745
      4      -0.005514  -0.000165  -0.000026   0.000055  -0.000299   0.000881
      5      -0.011433   0.000521   0.000278  -0.001267   0.002129  -0.000448
      6       0.001026   0.000075  -0.000008  -0.000019   0.000165   0.000184
      7       0.001279   0.000069   0.000001  -0.000098   0.000234   0.000015
      8       0.000171  -0.000114  -0.000002   0.000184  -0.000388  -0.000005
      9      -0.000884  -0.000029  -0.000026   0.000174  -0.000294   0.000071
     10       0.000468   0.000005  -0.000021  -0.000009  -0.000024  -0.000147
     11       0.000694  -0.000053  -0.000025   0.000204  -0.000379   0.000205
     12      -0.058121   0.005942   0.004612  -0.021110   0.031478  -0.001800
     13      -0.018036   0.000260   0.000261   0.001461  -0.000795  -0.000933
     14       0.029439   0.010472   0.008564  -0.039330   0.059426  -0.002378
     15       0.013905   0.000044  -0.001440   0.001365   0.000067  -0.041820
     16       0.013074  -0.000430   0.006457  -0.000711  -0.003487   0.037703
     17      -0.014262  -0.000916   0.004439   0.003541  -0.007652  -0.029064
     18       0.011247   0.001203  -0.030344   0.000936   0.004744   0.001960
     19       0.010456  -0.000227  -0.038770   0.002686   0.007915  -0.021002
     20      -0.000764   0.001756  -0.050906   0.002181   0.006574   0.029561
     21       0.011995   0.000068   0.001470  -0.000174  -0.000622   0.000290
     22      -0.019039   0.000870  -0.001006  -0.000279  -0.000237   0.000439
     23       0.003995  -0.001783  -0.001847   0.001182   0.001317   0.000316
     24      -0.029679  -0.023061   0.003048   0.014750   0.018409   0.005191
     25      -0.027757  -0.011604   0.003457   0.011766   0.006204  -0.002684
     26       0.004645  -0.044323   0.006696   0.033800   0.026814  -0.001635
     27       0.044148  -0.001679  -0.000080  -0.000660   0.000587  -0.001024
     28       0.061536  -0.031882  -0.005381  -0.038125  -0.018191   0.000859
     29      -0.002500   0.039097   0.004191   0.029142   0.011038   0.004229
     30       0.063653   0.001688   0.000082   0.002242  -0.000101   0.000214
     31      -0.063721   0.000407   0.000086   0.000156   0.000648  -0.000142
     32      -0.014653   0.001392   0.000349   0.000009   0.001400   0.000104
     33       0.112728  -0.064212  -0.052393   0.238975  -0.355785   0.018681
     34       0.006839  -0.004997  -0.003556  -0.003675  -0.002095   0.000558
     35      -0.058093  -0.133943  -0.103093   0.479090  -0.723813   0.034608
     36      -0.005346   0.003899  -0.009397  -0.018711   0.027627   0.213409
     37      -0.061201   0.001485   0.001133  -0.004237   0.007184   0.044810
     38      -0.004256   0.008362  -0.024818  -0.048320   0.071993   0.623474
     39      -0.020256  -0.003810   0.034191  -0.002378  -0.024524   0.280630
     40      -0.060316   0.004621  -0.071302   0.008277   0.038691  -0.485002
     41       0.084622   0.003277  -0.038385   0.003307   0.023939  -0.284196
     42      -0.045644   0.000316   0.040166  -0.002039  -0.010733   0.045401
     43       0.006917   0.003628   0.280833  -0.019177  -0.065775   0.288972
     44      -0.022345   0.000805  -0.213086   0.012181   0.045616  -0.200618
     45      -0.019761  -0.009917   0.297290  -0.010372  -0.047241  -0.057907
     46      -0.032020   0.002883   0.191245  -0.014147  -0.035387  -0.042117
     47       0.020572  -0.012753   0.838556  -0.044952  -0.134498  -0.154472
     48      -0.108291  -0.006557  -0.007814   0.006288   0.009177  -0.004508
     49       0.224182  -0.001075  -0.009641   0.000437   0.002690  -0.003030
     50      -0.051793  -0.000597   0.003054  -0.000885  -0.001883   0.001138
     51       0.042899   0.214819  -0.021481  -0.121775  -0.174332  -0.061610
     52       0.113245  -0.120863   0.010848   0.063770   0.091506   0.031167
     53       0.021575  -0.067521   0.010899   0.040267   0.051235   0.015836
     54       0.084922   0.054435  -0.006733  -0.044012  -0.035451   0.000640
     55       0.035379   0.252429  -0.044125  -0.184180  -0.155029   0.002375
     56      -0.033475   0.615873  -0.081014  -0.449001  -0.379473   0.001379
     57      -0.195247  -0.047375  -0.011257  -0.079564  -0.043463   0.008877
     58      -0.043943   0.109910   0.029073   0.197847   0.107646  -0.024426
     59       0.022057   0.117533   0.027697   0.194895   0.101765  -0.021765
     60      -0.136238   0.047414   0.006363   0.055139   0.017641   0.003196
     61      -0.067582   0.268413   0.036075   0.241771   0.112941   0.013446
     62      -0.083272  -0.598569  -0.079822  -0.546579  -0.242393  -0.028823
     63      -0.666380  -0.001942   0.000166  -0.003119   0.000454  -0.001281
     64       0.563499  -0.009561  -0.001268  -0.012222  -0.005431   0.000872
     65       0.144427  -0.001222   0.000188  -0.001824   0.000273  -0.000511
                 60         61         62         63         64         65    
      0       0.000001  -0.000043   0.000025  -0.000121   0.000014   0.000040
      1      -0.000042  -0.000181  -0.000044  -0.000412   0.000009  -0.000002
      2      -0.000010   0.000013   0.000043   0.000007   0.000001   0.000001
      3      -0.000097  -0.000430  -0.000188  -0.000070  -0.000017   0.000135
      4       0.000096   0.000493   0.000077   0.000517  -0.000008  -0.000190
      5       0.000041  -0.000130  -0.000039   0.000752   0.000008  -0.000235
      6       0.000004   0.000096   0.000023   0.000025   0.000015  -0.000140
      7       0.000003   0.000016  -0.000001  -0.000041   0.000008   0.000141
      8      -0.000005   0.000006   0.000005  -0.000094   0.000014   0.000089
      9      -0.000002   0.000083   0.000101  -0.000019   0.000001  -0.000009
     10      -0.000008  -0.000067   0.000031   0.000087  -0.000003   0.000044
     11       0.000006   0.000093   0.000082  -0.000273   0.000014   0.000055
     12       0.001516  -0.001029  -0.001635   0.003176  -0.000102  -0.000608
     13       0.000267  -0.000908   0.000483   0.000386   0.000001   0.000389
     14       0.003353  -0.000788  -0.002390   0.007541   0.000043   0.002311
     15      -0.004434  -0.019470  -0.002475  -0.005098  -0.000429   0.000124
     16       0.003856   0.022850   0.003743   0.045841  -0.000402   0.000141
     17      -0.003357  -0.003436   0.001167   0.079942  -0.000109  -0.000264
     18       0.000809   0.002074   0.000022   0.002701   0.001055   0.000069
     19       0.001055   0.053116   0.006692  -0.002211   0.003426   0.000161
     20      -0.000355  -0.061599  -0.008319   0.014039   0.000783   0.000060
     21       0.001979  -0.000929  -0.001786   0.000234   0.062379   0.001679
     22       0.000068  -0.001502  -0.000374  -0.000028   0.025272   0.000772
     23       0.000498  -0.000320  -0.000192   0.000069  -0.024861  -0.000694
     24      -0.054495  -0.002542   0.036016  -0.000295   0.003528   0.000324
     25       0.035806   0.001578  -0.028132   0.000699  -0.001292   0.000294
     26       0.029777   0.002436  -0.031781   0.001285   0.001459   0.000300
     27       0.014204  -0.003192   0.018898  -0.000078  -0.000349   0.000444
     28      -0.025140   0.005786  -0.036278  -0.000050  -0.000375  -0.002136
     29      -0.044790   0.010366  -0.059481   0.000749  -0.000257   0.002312
     30       0.000123   0.000154  -0.000357  -0.000147   0.001090  -0.046454
     31      -0.000014  -0.000092   0.000094  -0.000162   0.001371  -0.054594
     32      -0.000217   0.000119  -0.000340  -0.000141   0.000055  -0.000779
     33      -0.019296   0.007931   0.013128  -0.037103  -0.000066  -0.001321
     34       0.001800  -0.001492   0.002236   0.003580   0.000007   0.002675
     35      -0.037163   0.017015   0.031997  -0.079332  -0.000508   0.004576
     36       0.023570   0.064892   0.003401  -0.241811  -0.000248  -0.000146
     37       0.004834   0.014751   0.000513  -0.036044   0.000056   0.000036
     38       0.068661   0.186916   0.009901  -0.668169   0.000466  -0.000365
     39       0.029166   0.165360   0.025939   0.308785   0.002040  -0.000407
     40      -0.050147  -0.280118  -0.044103  -0.521501   0.000303  -0.000721
     41      -0.029324  -0.161662  -0.025081  -0.294821  -0.000394   0.000468
     42      -0.003618  -0.119977  -0.014707   0.011868  -0.004450  -0.000228
     43      -0.012824  -0.687068  -0.087154   0.061630  -0.021031  -0.000951
     44       0.008530   0.480973   0.062339  -0.044031   0.012803   0.000505
     45      -0.002027   0.099576   0.014259  -0.046274  -0.002263  -0.000160
     46      -0.004109   0.071481   0.014659  -0.029209   0.001830  -0.000066
     47      -0.008392   0.261093   0.043158  -0.117265  -0.002828  -0.000423
     48      -0.022875   0.015247   0.020306  -0.001463  -0.878444  -0.022825
     49      -0.004716   0.012097   0.005567  -0.000899  -0.361260  -0.009343
     50       0.005349  -0.005749  -0.005983  -0.000551   0.300496   0.007753
     51       0.666612   0.032710  -0.455397   0.005254  -0.028298  -0.001226
     52      -0.341760  -0.015278   0.229985  -0.002894   0.012310  -0.000657
     53      -0.175346  -0.007530   0.120015  -0.002161   0.006445  -0.000232
     54      -0.029195  -0.000910   0.033991  -0.002320   0.001914  -0.000178
     55      -0.076505  -0.009598   0.106594  -0.004705  -0.001849  -0.000238
     56      -0.193966  -0.013767   0.261917  -0.016063   0.002830  -0.001043
     57      -0.148380   0.033638  -0.199924   0.000825  -0.000485  -0.004573
     58       0.390330  -0.088155   0.530633  -0.002869   0.002063   0.004968
     59       0.354041  -0.079676   0.478008  -0.002703   0.001437   0.002136
     60      -0.017974   0.003835  -0.019596  -0.000749   0.000820   0.004571
     61      -0.095222   0.021350  -0.115852   0.004719   0.000924   0.005401
     62       0.185486  -0.043187   0.229948  -0.008390  -0.000257  -0.011023
     63       0.001109  -0.001119   0.002162  -0.000057  -0.016956   0.644907
     64      -0.001484   0.000550  -0.002420  -0.000643  -0.019904   0.759318
     65       0.001054  -0.000446   0.000316  -0.001613   0.000710  -0.038037
# -----------------------------------------------------------
$ THERMOCHEMISTRY_Energies
   description: The Thermochemistry energies
   geom. index: 1
   prop. index: 1
        Temperature (Kelvin)           :        298.1500000000
        Pressure (atm)                 :          1.0000000000
        Total Mass (AMU)               :        168.1620000000
        Spin Degeneracy                :          1.0000000000
        Electronic Energy (Hartree)    :       -644.5038519797
        Translational Energy (Hartree) :          0.0014162714
        Rotational Energy (Hartree)    :          0.0014162714
        Vibrational Energy (Hartree)   :          0.0065033890
        Number of frequencies          :     66      
        Scaling Factor for frequencies :          1.0000000000
        Vibrational frequencies        :     
                  0    
      0       0.000000
      1       0.000000
      2       0.000000
      3       0.000000
      4       0.000000
      5       0.000000
      6     130.219657
      7     140.313561
      8     184.343412
      9     220.214651
     10     256.847683
     11     284.041302
     12     330.702442
     13     373.630306
     14     390.133387
     15     441.373884
     16     474.176657
     17     502.030483
     18     535.601520
     19     580.977327
     20     636.061528
     21     663.377639
     22     826.901339
     23     842.610869
     24     870.545169
     25     920.998228
     26     932.946425
     27     938.741310
     28     974.028524
     29     1025.863186
     30     1063.917029
     31     1092.505753
     32     1097.577263
     33     1129.867611
     34     1138.206817
     35     1156.678668
     36     1191.474214
     37     1207.028978
     38     1245.706552
     39     1271.130032
     40     1304.957579
     41     1320.761806
     42     1347.738045
     43     1361.344603
     44     1404.168393
     45     1419.505658
     46     1431.401704
     47     1453.702937
     48     1465.210274
     49     1508.103794
     50     1517.415442
     51     1530.855122
     52     1541.354758
     53     1566.690241
     54     1581.889270
     55     2910.753073
     56     2920.544939
     57     2927.490549
     58     2932.461276
     59     2957.745076
     60     2958.649900
     61     2974.158990
     62     2981.258855
     63     3007.202025
     64     3226.235733
     65     3240.618065
        Zero Point Energy (Hartree)    :          0.1819412821
        Inner Energy (Hartree)         :       -644.3125747658
        Enthalpy (Hartree)             :       -644.3116305568
        Electronic entropy             :          0.0000000000
        Rotational entropy             :          0.0143928566
        Vibrational entropy            :          0.0105459011
        Translational entropy          :          0.0143928566
        Entropy                        :          0.0445461177
        Gibbs Energy (Hartree)         :       -644.3561766745
        Is Linear                      :                 false
# -----------------------------------------------------------
$ PAL_Flags
   description: The PAL Flags
   geom. index: 2
   prop. index: 1
        Diskflag:     2
# -----------------------------------------------------------
$ SCF_Energy
   description: The SCF energy
   geom. index: 2
   prop. index: 1
        SCF Energy:     -644.4759074639
# -----------------------------------------------------------
$ DFT_Energy
   description: The DFT energy
   geom. index: 2
   prop. index: 1
   Number of Alpha Electrons                 43.9999908485 
   Number of Beta  Electrons                 43.9999908485 
   Total number of  Electrons                87.9999816970 
   Exchange energy                          -53.6336563862 
   Correlation energy                        -3.7750828864 
   Correlation energy NL                      0.0000000000 
   Exchange-Correlation energy              -57.4087392725 
   Embedding correction                       0.0000000000 
   Total DFT Energy (No VdW correction)    -644.4759074639 
# -----------------------------------------------------------
$ VdW_Correction
   description: The Van der Waals Correction
   geom. index: 2
   prop. index: 1
        Van der Waals Correction:       -0.0368970011
# -----------------------------------------------------------
$ PAL_Flags
   description: The PAL Flags
   geom. index: 3
   prop. index: 1
        Diskflag:     2
# -----------------------------------------------------------
$ SCF_Energy
   description: The SCF energy
   geom. index: 3
   prop. index: 1
        SCF Energy:     -644.4765370417
# -----------------------------------------------------------
$ DFT_Energy
   description: The DFT energy
   geom. index: 3
   prop. index: 1
   Number of Alpha Electrons                 43.9999861397 
   Number of Beta  Electrons                 43.9999861397 
   Total number of  Electrons                87.9999722794 
   Exchange energy                          -53.6299449029 
   Correlation energy                        -3.7747780355 
   Correlation energy NL                      0.0000000000 
   Exchange-Correlation energy              -57.4047229384 
   Embedding correction                       0.0000000000 
   Total DFT Energy (No VdW correction)    -644.4765370417 
# -----------------------------------------------------------
$ VdW_Correction
   description: The Van der Waals Correction
   geom. index: 3
   prop. index: 1
        Van der Waals Correction:       -0.0368744184
# -----------------------------------------------------------
$ PAL_Flags
   description: The PAL Flags
   geom. index: 4
   prop. index: 1
        Diskflag:     2
# -----------------------------------------------------------
$ SCF_Energy
   description: The SCF energy
   geom. index: 4
   prop. index: 1
        SCF Energy:     -644.4768296561
# -----------------------------------------------------------
$ DFT_Energy
   description: The DFT energy
   geom. index: 4
   prop. index: 1
   Number of Alpha Electrons                 44.0000021484 
   Number of Beta  Electrons                 44.0000021484 
   Total number of  Electrons                88.0000042967 
   Exchange energy                          -53.6286711765 
   Correlation energy                        -3.7747229486 
   Correlation energy NL                      0.0000000000 
   Exchange-Correlation energy              -57.4033941251 
   Embedding correction                       0.0000000000 
   Total DFT Energy (No VdW correction)    -644.4768296561 
# -----------------------------------------------------------
$ VdW_Correction
   description: The Van der Waals Correction
   geom. index: 4
   prop. index: 1
        Van der Waals Correction:       -0.0368701648
# -----------------------------------------------------------
$ PAL_Flags
   description: The PAL Flags
   geom. index: 5
   prop. index: 1
        Diskflag:     2
# -----------------------------------------------------------
$ SCF_Energy
   description: The SCF energy
   geom. index: 5
   prop. index: 1
        SCF Energy:     -644.4769511439
# -----------------------------------------------------------
$ DFT_Energy
   description: The DFT energy
   geom. index: 5
   prop. index: 1
   Number of Alpha Electrons                 44.0000375718 
   Number of Beta  Electrons                 44.0000375718 
   Total number of  Electrons                88.0000751436 
   Exchange energy                          -53.6291199449 
   Correlation energy                        -3.7748233358 
   Correlation energy NL                      0.0000000000 
   Exchange-Correlation energy              -57.4039432807 
   Embedding correction                       0.0000000000 
   Total DFT Energy (No VdW correction)    -644.4769511439 
# -----------------------------------------------------------
$ VdW_Correction
   description: The Van der Waals Correction
   geom. index: 5
   prop. index: 1
        Van der Waals Correction:       -0.0368889279
# -----------------------------------------------------------
$ PAL_Flags
   description: The PAL Flags
   geom. index: 6
   prop. index: 1
        Diskflag:     2
# -----------------------------------------------------------
$ SCF_Energy
   description: The SCF energy
   geom. index: 6
   prop. index: 1
        SCF Energy:     -644.4769984189
# -----------------------------------------------------------
$ DFT_Energy
   description: The DFT energy
   geom. index: 6
   prop. index: 1
   Number of Alpha Electrons                 44.0000505044 
   Number of Beta  Electrons                 44.0000505044 
   Total number of  Electrons                88.0001010087 
   Exchange energy                          -53.6295339138 
   Correlation energy                        -3.7748621039 
   Correlation energy NL                      0.0000000000 
   Exchange-Correlation energy              -57.4043960178 
   Embedding correction                       0.0000000000 
   Total DFT Energy (No VdW correction)    -644.4769984189 
# -----------------------------------------------------------
$ VdW_Correction
   description: The Van der Waals Correction
   geom. index: 6
   prop. index: 1
        Van der Waals Correction:       -0.0368878850
# -----------------------------------------------------------
$ PAL_Flags
   description: The PAL Flags
   geom. index: 7
   prop. index: 1
        Diskflag:     2
# -----------------------------------------------------------
$ SCF_Energy
   description: The SCF energy
   geom. index: 7
   prop. index: 1
        SCF Energy:     -644.4770418119
# -----------------------------------------------------------
$ DFT_Energy
   description: The DFT energy
   geom. index: 7
   prop. index: 1
   Number of Alpha Electrons                 44.0000499269 
   Number of Beta  Electrons                 44.0000499269 
   Total number of  Electrons                88.0000998539 
   Exchange energy                          -53.6297186089 
   Correlation energy                        -3.7748512991 
   Correlation energy NL                      0.0000000000 
   Exchange-Correlation energy              -57.4045699081 
   Embedding correction                       0.0000000000 
   Total DFT Energy (No VdW correction)    -644.4770418119 
# -----------------------------------------------------------
$ VdW_Correction
   description: The Van der Waals Correction
   geom. index: 7
   prop. index: 1
        Van der Waals Correction:       -0.0368776547
# -----------------------------------------------------------
$ PAL_Flags
   description: The PAL Flags
   geom. index: 8
   prop. index: 1
        Diskflag:     2
# -----------------------------------------------------------
$ SCF_Energy
   description: The SCF energy
   geom. index: 8
   prop. index: 1
        SCF Energy:     -644.4770626784
# -----------------------------------------------------------
$ DFT_Energy
   description: The DFT energy
   geom. index: 8
   prop. index: 1
   Number of Alpha Electrons                 44.0000482072 
   Number of Beta  Electrons                 44.0000482072 
   Total number of  Electrons                88.0000964145 
   Exchange energy                          -53.6296993766 
   Correlation energy                        -3.7748421474 
   Correlation energy NL                      0.0000000000 
   Exchange-Correlation energy              -57.4045415240 
   Embedding correction                       0.0000000000 
   Total DFT Energy (No VdW correction)    -644.4770626784 
# -----------------------------------------------------------
$ VdW_Correction
   description: The Van der Waals Correction
   geom. index: 8
   prop. index: 1
        Van der Waals Correction:       -0.0368730949
# -----------------------------------------------------------
$ PAL_Flags
   description: The PAL Flags
   geom. index: 9
   prop. index: 1
        Diskflag:     2
# -----------------------------------------------------------
$ SCF_Energy
   description: The SCF energy
   geom. index: 9
   prop. index: 1
        SCF Energy:     -644.4770687578
# -----------------------------------------------------------
$ DFT_Energy
   description: The DFT energy
   geom. index: 9
   prop. index: 1
   Number of Alpha Electrons                 44.0000471883 
   Number of Beta  Electrons                 44.0000471883 
   Total number of  Electrons                88.0000943766 
   Exchange energy                          -53.6295467631 
   Correlation energy                        -3.7748271867 
   Correlation energy NL                      0.0000000000 
   Exchange-Correlation energy              -57.4043739499 
   Embedding correction                       0.0000000000 
   Total DFT Energy (No VdW correction)    -644.4770687578 
# -----------------------------------------------------------
$ VdW_Correction
   description: The Van der Waals Correction
   geom. index: 9
   prop. index: 1
        Van der Waals Correction:       -0.0368702763
# -----------------------------------------------------------
$ PAL_Flags
   description: The PAL Flags
   geom. index: 10
   prop. index: 1
        Diskflag:     2
# -----------------------------------------------------------
$ SCF_Energy
   description: The SCF energy
   geom. index: 10
   prop. index: 1
        SCF Energy:     -644.4770709424
# -----------------------------------------------------------
$ DFT_Energy
   description: The DFT energy
   geom. index: 10
   prop. index: 1
   Number of Alpha Electrons                 44.0000465058 
   Number of Beta  Electrons                 44.0000465058 
   Total number of  Electrons                88.0000930117 
   Exchange energy                          -53.6294670887 
   Correlation energy                        -3.7748227314 
   Correlation energy NL                      0.0000000000 
   Exchange-Correlation energy              -57.4042898201 
   Embedding correction                       0.0000000000 
   Total DFT Energy (No VdW correction)    -644.4770709424 
# -----------------------------------------------------------
$ Mayer_Pop
   description: The Mayer population analysis
   geom. index: 10
   prop. index: 1
     Number of atoms                     : 22
     Threshold for printing              : 0.1000000
     Number of bond orders printed       : 26
  NA   - Mulliken gross atomic population
  ZA   - Total nuclear charge
  QA   - Mulliken gross atomic charge
  VA   - Mayer's total valence
  BVA  - Mayer's bonded valence
  FA   - Mayer's free valence
  ATOM       NA         ZA         QA         VA         BVA        FA
  0   0     9.2988     9.0000    -0.2988     0.9010     0.9010     0.0000
  1   0     5.2418     6.0000     0.7582     4.1495     4.1495     0.0000
  2   0     9.3193     9.0000    -0.3193     0.8753     0.8753     0.0000
  3   0     9.2765     9.0000    -0.2765     0.9355     0.9355    -0.0000
  4   0     6.2538     6.0000    -0.2538     4.1668     4.1668    -0.0000
  5   0     6.2915     6.0000    -0.2915     3.6591     3.6591     0.0000
  6   0     6.2780     6.0000    -0.2780     3.8220     3.8220     0.0000
  7   0     7.3404     7.0000    -0.3404     2.6722     2.6722     0.0000
  8   0     6.2179     6.0000    -0.2179     3.7724     3.7724    -0.0000
  9   0     6.2330     6.0000    -0.2330     3.6868     3.6868     0.0000
 10   0     7.3297     7.0000    -0.3297     2.6248     2.6248    -0.0000
 11   0     0.8252     1.0000     0.1748     0.9153     0.9153     0.0000
 12   0     0.8023     1.0000     0.1977     0.9367     0.9367    -0.0000
 13   0     0.8389     1.0000     0.1611     0.9408     0.9408    -0.0000
 14   0     0.8531     1.0000     0.1469     0.9407     0.9407     0.0000
 15   0     0.8620     1.0000     0.1380     0.9268     0.9268    -0.0000
 16   0     0.6680     1.0000     0.3320     0.8097     0.8097    -0.0000
 17   0     0.8332     1.0000     0.1668     0.9172     0.9172    -0.0000
 18   0     0.8664     1.0000     0.1336     0.9301     0.9301    -0.0000
 19   0     0.8432     1.0000     0.1568     0.9346     0.9346    -0.0000
 20   0     0.8669     1.0000     0.1331     0.9341     0.9341     0.0000
 21   0     0.6600     1.0000     0.3400     0.8155     0.8155    -0.0000
      Bond orders larger than 0.1000000
           Atom A     A.N. of A          Atom B    A.N. of B              Bond order
                0             9               1            6                0.833172
                0             9               4            6                0.174041
                0             9               5            6               -0.100223
                1             6               2            9                0.903135
                1             6               3            9                0.962813
                1             6               4            6                1.270976
                4             6               5            6                0.980716
                4             6              10            7                1.076251
                4             6              11            1                0.863910
                5             6               6            6                0.993377
                5             6              10            7               -0.117988
                5             6              12            1                0.966715
                5             6              13            1                0.947594
                6             6               7            7                0.954090
                6             6              14            1                0.994452
                6             6              15            1                0.996558
                7             7               8            6                1.058842
                7             7               9            6               -0.103550
                7             7              16            1                0.850880
                8             6               9            6                0.942991
                8             6              17            1                0.976927
                8             6              18            1                0.971765
                9             6              10            7                0.895592
                9             6              19            1                1.012219
                9             6              20            1                0.970564
               10             7              21            1                0.829622
# -----------------------------------------------------------
$ VdW_Correction
   description: The Van der Waals Correction
   geom. index: 10
   prop. index: 1
        Van der Waals Correction:       -0.0368694546
# -----------------------------------------------------------
$ SCF_Electric_Properties
   description: The SCF Calculated Electric Properties
   geom. index: 10
   prop. index: 1
       Filename                          : file.scfp 
       Do Dipole Moment Calculation      : true 
       Do Quadrupole Moment Calculation  : false 
       Do Polarizability Calculation     : false 
** Dipole moment part of electric properties **
        Magnitude of dipole moment (Debye) :        3.4035783757
        Electronic Contribution:
                  0    
      0      20.780928
      1       1.073689
      2      -4.621717
        Nuclear Contribution:
                  0    
      0     -22.064662
      1      -1.185063
      2       4.257491
        Total Dipole moment:
                  0    
      0      -1.283734
      1      -0.111374
      2      -0.364226
# -------------------------------------------------------------
----------------------- !GEOMETRIES! ------------------------
# -------------------------------------------------------------
------------------------ !GEOMETRY! -------------------------
    Number of atoms:    22 
    Geometry Index:     1 
    Coordinates:
               0 F      2.907400000000   -0.978900000000   -1.355800000000
               1 C      2.476900000000    0.109100000000   -0.616300000000
               2 F      2.776500000000    1.258400000000   -1.326800000000
               3 F      3.158400000000    0.134100000000    0.588500000000
               4 C      0.953700000000    0.023900000000   -0.372700000000
               5 C      0.603200000000   -1.281100000000    0.371100000000
               6 C     -0.901400000000   -1.576300000000    0.392600000000
               7 N     -1.669300000000   -0.466100000000    0.980600000000
               8 C     -1.928400000000    0.597500000000   -0.004300000000
               9 C     -0.828500000000    1.673700000000    0.013700000000
              10 N      0.483800000000    1.166200000000    0.440500000000
              11 H      0.470500000000    0.014400000000   -1.377600000000
              12 H      0.977200000000   -1.225900000000    1.417500000000
              13 H      1.104600000000   -2.145100000000   -0.116600000000
              14 H     -1.053000000000   -2.486200000000    1.015000000000
              15 H     -1.260300000000   -1.835800000000   -0.628700000000
              16 H     -2.597300000000   -0.855600000000    1.270400000000
              17 H     -2.896100000000    1.093400000000    0.234500000000
              18 H     -2.045000000000    0.193300000000   -1.034900000000
              19 H     -1.134200000000    2.473900000000    0.722900000000
              20 H     -0.749500000000    2.142300000000   -0.993100000000
              21 H      1.150800000000    1.970800000000    0.379600000000
------------------------ !GEOMETRY! -------------------------
    Number of atoms:    22 
    Geometry Index:     2 
    Coordinates:
               0 F      2.894724777683   -0.935946219904   -1.324880797288
               1 C      2.442488763855    0.110601450637   -0.604104878429
               2 F      2.766007411690    1.232265395926   -1.294815504893
               3 F      3.143466350426    0.143891076129    0.544799627287
               4 C      0.942561893406    0.016511595388   -0.366546759654
               5 C      0.598609363922   -1.284604990057    0.374814519872
               6 C     -0.901725045875   -1.579880637174    0.398229548104
               7 N     -1.694404566696   -0.484610835591    0.957261718932
               8 C     -1.919806170173    0.597574039700    0.002845832054
               9 C     -0.820311060344    1.679727529638    0.018962244366
              10 N      0.492494409416    1.167917071784    0.411686126140
              11 H      0.493258417627    0.001718877480   -1.374726770946
              12 H      0.969255919696   -1.196867067576    1.400172053586
              13 H      1.103391207038   -2.132784755452   -0.103935379195
              14 H     -1.061888459368   -2.468737889279    1.018580033440
              15 H     -1.236173324874   -1.835787089307   -0.626246218590
              16 H     -2.590685685271   -0.854961565372    1.241557210753
              17 H     -2.870356071509    1.084987671279    0.245749327330
              18 H     -2.027748429388    0.202058281853   -1.024083159458
              19 H     -1.085972864438    2.462691462475    0.736956287083
              20 H     -0.793740543265    2.145244134538   -0.983058942005
              21 H      1.156553706444    1.928992462882    0.350883881511
------------------------ !GEOMETRY! -------------------------
    Number of atoms:    22 
    Geometry Index:     3 
    Coordinates:
               0 F      2.889068686678   -0.944863845164   -1.337117139904
               1 C      2.436616949853    0.104204033418   -0.613250558997
               2 F      2.758883510486    1.227966636833   -1.306532666904
               3 F      3.146902912354    0.137467265312    0.535766647846
               4 C      0.936390072969    0.012508325482   -0.372291466496
               5 C      0.595059608928   -1.280505607906    0.383873326239
               6 C     -0.903603126522   -1.583600035112    0.409402609467
               7 N     -1.709875150356   -0.487911947691    0.943934824473
               8 C     -1.908028540570    0.595550352362   -0.013812123059
               9 C     -0.823958511738    1.687659905053    0.043403834601
              10 N      0.499837107584    1.176404127740    0.389395470130
              11 H      0.500004923687   -0.013791925821   -1.385985312949
              12 H      0.965153391488   -1.168850733543    1.406987335405
              13 H      1.104924535644   -2.130654250482   -0.084580621202
              14 H     -1.062525515566   -2.464243871087    1.040926933801
              15 H     -1.228806818081   -1.853573304712   -0.614637609960
              16 H     -2.610068239267   -0.852607788096    1.229852830814
              17 H     -2.869382349622    1.078207556340    0.193014875829
              18 H     -1.973044524773    0.197863906609   -1.043139883494
              19 H     -1.084098469409    2.428316454997    0.806875783441
              20 H     -0.830577572763    2.202015703684   -0.934830325713
              21 H      1.171127118997    1.932439041787    0.322843236635
------------------------ !GEOMETRY! -------------------------
    Number of atoms:    22 
    Geometry Index:     4 
    Coordinates:
               0 F      2.875457031876   -0.954390181114   -1.354260015703
               1 C      2.431413376484    0.095942596586   -0.626701245007
               2 F      2.754254576556    1.219041333390   -1.321696358294
               3 F      3.150205145469    0.125493073771    0.516737776427
               4 C      0.931151285093    0.011538727830   -0.378024777997
               5 C      0.592467162673   -1.272842555223    0.395779989051
               6 C     -0.904239347504   -1.587334587288    0.419711746361
               7 N     -1.722171596190   -0.489132294644    0.929848394753
               8 C     -1.894161001857    0.593419161022   -0.033599150610
               9 C     -0.828165006830    1.695526011344    0.070486751350
              10 N      0.506706449923    1.185801359321    0.374523990271
              11 H      0.494990887948   -0.026560656047   -1.391646917473
              12 H      0.958425695742   -1.139626213637    1.418217251518
              13 H      1.110142901666   -2.126764512114   -0.057570086715
              14 H     -1.060683072207   -2.458496364715    1.065253863103
              15 H     -1.220346850032   -1.876857240679   -0.602049960713
              16 H     -2.626472626704   -0.847627886396    1.210925803915
              17 H     -2.867758872782    1.068216526743    0.131804316399
              18 H     -1.911969701050    0.196873226854   -1.065392365861
              19 H     -1.091095447437    2.387873829302    0.877999619345
              20 H     -0.858488375233    2.260880799726   -0.878971513021
              21 H      1.180337384397    1.939025845967    0.298722888902
------------------------ !GEOMETRY! -------------------------
    Number of atoms:    22 
    Geometry Index:     5 
    Coordinates:
               0 F      2.854152127667   -0.965609278400   -1.374933913465
               1 C      2.425802398963    0.087158693328   -0.641312145548
               2 F      2.751995568405    1.208336964250   -1.337362371584
               3 F      3.154739539879    0.108590478094    0.495785328717
               4 C      0.926771438879    0.013241197631   -0.381241250573
               5 C      0.590158320114   -1.262377615292    0.409867302120
               6 C     -0.903889047724   -1.590337014900    0.428376934075
               7 N     -1.732655468414   -0.490155319754    0.915685991090
               8 C     -1.879437597659    0.591312892100   -0.053054771393
               9 C     -0.831876945744    1.701397449295    0.098535461492
              10 N      0.515175428048    1.197162771239    0.362130498844
              11 H      0.484932455346   -0.036305403329   -1.391603213162
              12 H      0.947717364394   -1.109976246909    1.432535904313
              13 H      1.118004469984   -2.119373831276   -0.025620061333
              14 H     -1.057473636479   -2.451615713665    1.087693630335
              15 H     -1.210297742321   -1.899780182402   -0.590426424574
              16 H     -2.642257182086   -0.844495800754    1.183793088372
              17 H     -2.863454071709    1.057090168623    0.071554332281
              18 H     -1.851564961737    0.197248542159   -1.085464531566
              19 H     -1.101271678686    2.342366947873    0.945651859021
              20 H     -0.881346794408    2.316045235886   -0.818577606392
              21 H      1.186076015287    1.950075066203    0.268085958929
------------------------ !GEOMETRY! -------------------------
    Number of atoms:    22 
    Geometry Index:     6 
    Coordinates:
               0 F      2.839519952483   -0.973587143485   -1.387680976403
               1 C      2.424735102100    0.080195579654   -0.647962660534
               2 F      2.755907404510    1.200810744419   -1.342461980976
               3 F      3.160202151338    0.091851401866    0.484049553210
               4 C      0.926249584915    0.015424814505   -0.381699191857
               5 C      0.588860863817   -1.253751227253    0.420084648280
               6 C     -0.902782805263   -1.591485413850    0.430816168499
               7 N     -1.739341920420   -0.492781835672    0.908301445366
               8 C     -1.873463398383    0.590432661415   -0.060715355807
               9 C     -0.834262102885    1.703273167179    0.114347938461
              10 N      0.522242206393    1.207126261316    0.352942506478
              11 H      0.481128863977   -0.041910091214   -1.390025481577
              12 H      0.937166937315   -1.089617721850    1.444120651191
              13 H      1.125324398352   -2.112141928355   -0.001947755385
              14 H     -1.054778250332   -2.449172341079    1.095231248422
              15 H     -1.201679051692   -1.909232936689   -0.587533501898
              16 H     -2.652674762399   -0.848260299849    1.161699322506
              17 H     -2.861364766957    1.052176418701    0.047162829852
              18 H     -1.826324500208    0.199725761767   -1.093535801661
              19 H     -1.106943821949    2.314406648406    0.982417891492
              20 H     -0.894866003761    2.344651553789   -0.783009657140
              21 H      1.187143919051    1.961865926279    0.235498159480
------------------------ !GEOMETRY! -------------------------
    Number of atoms:    22 
    Geometry Index:     7 
    Coordinates:
               0 F      2.830618590208   -0.978459874365   -1.395915974401
               1 C      2.425954846531    0.074637520439   -0.649648314647
               2 F      2.762841458016    1.196135917972   -1.339907641959
               3 F      3.164759408264    0.075496072924    0.479670377848
               4 C      0.927402074190    0.017070349897   -0.381382588385
               5 C      0.588362403987   -1.246871212202    0.427931212458
               6 C     -0.901200170030   -1.591434239183    0.430070025403
               7 N     -1.743809472389   -0.496234558336    0.905333816128
               8 C     -1.872464774845    0.590117932840   -0.061415066173
               9 C     -0.835701553995    1.703141171792    0.123550448900
              10 N      0.528282609485    1.215290716451    0.345288340450
              11 H      0.481208752421   -0.046524942758   -1.388865817705
              12 H      0.927910129791   -1.074558661340    1.453519408407
              13 H      1.131791879759   -2.106035764262    0.016560829456
              14 H     -1.052869545188   -2.449964896582    1.093474377063
              15 H     -1.193790926695   -1.909698940606   -0.589872399756
              16 H     -2.659441815024   -0.856097989646    1.143823299924
              17 H     -2.860679531120    1.051574159988    0.044592985625
              18 H     -1.821725391824    0.203287314446   -1.095452473411
              19 H     -1.108734003415    2.299320171616    1.001880993992
              20 H     -0.903759546305    2.357580863795   -0.763319051236
              21 H      1.185044578177    1.972228887119    0.200183212020
------------------------ !GEOMETRY! -------------------------
    Number of atoms:    22 
    Geometry Index:     8 
    Coordinates:
               0 F      2.826260644399   -0.979968366466   -1.402001902600
               1 C      2.427046269263    0.070808555191   -0.649318496396
               2 F      2.768649033235    1.194645946176   -1.333828951833
               3 F      3.166665639909    0.061708062500    0.479071295644
               4 C      0.928015872931    0.017679552283   -0.381422002990
               5 C      0.588023066736   -1.242134555224    0.433659973979
               6 C     -0.900058417213   -1.591084160702    0.429319729099
               7 N     -1.747037563190   -0.499199941536    0.904503576279
               8 C     -1.872059418078    0.589865064581   -0.060145283990
               9 C     -0.836300317783    1.702396799001    0.130118908250
              10 N      0.533015957532    1.221097278293    0.339292777242
              11 H      0.481972374231   -0.050927445961   -1.388765150455
              12 H      0.921541785828   -1.063425818813    1.460109517951
              13 H      1.136225140794   -2.101875727285    0.029951807257
              14 H     -1.052156213864   -2.451840902966    1.089707882020
              15 H     -1.187949251644   -1.907134712178   -0.592662030935
              16 H     -2.664221222141   -0.863534764327    1.130549384380
              17 H     -2.859393698716    1.052820616817    0.047662587118
              18 H     -1.821497118445    0.206263418616   -1.095460070484
              19 H     -1.107778683393    2.291144261161    1.013893270978
              20 H     -0.910844925869    2.363365646710   -0.751137937430
              21 H      1.181881045479    1.979331194129    0.167001116916
------------------------ !GEOMETRY! -------------------------
    Number of atoms:    22 
    Geometry Index:     9 
    Coordinates:
               0 F      2.827579418735   -0.978874230545   -1.402752034534
               1 C      2.427681352672    0.070385937313   -0.648195114763
               2 F      2.770588277228    1.195585734745   -1.329970606437
               3 F      3.166022278036    0.058480418411    0.481068310914
               4 C      0.928173528108    0.017567888646   -0.381972352831
               5 C      0.587798553553   -1.241633993459    0.433818539142
               6 C     -0.900160040304   -1.590936005702    0.429157185129
               7 N     -1.747655016711   -0.499852693181    0.905217042055
               8 C     -1.872539341790    0.589773614818   -0.058781630308
               9 C     -0.836344732987    1.701962104734    0.130593164890
              10 N      0.533923782683    1.221985843593    0.337681335365
              11 H      0.483149701438   -0.051758184649   -1.389778738800
              12 H      0.921137386554   -1.062081186954    1.460193852991
              13 H      1.136286712526   -2.101463452033    0.030673418469
              14 H     -1.052258448398   -2.452563481715    1.088407881827
              15 H     -1.187792572123   -1.905813435788   -0.593290843532
              16 H     -2.664894654293   -0.865020665344    1.129908000058
              17 H     -2.859309260283    1.053611114940    0.050483327826
              18 H     -1.823236324159    0.206647764133   -1.094370191729
              19 H     -1.106474655056    2.291263655988    1.014406049309
              20 H     -0.912587489466    2.362445800506   -0.750882788895
              21 H      1.180911544037    1.980287451543    0.158486193853
------------------------ !GEOMETRY! -------------------------
    Number of atoms:    22 
    Geometry Index:     10 
    Coordinates:
               0 F      2.829180240085   -0.977532518310   -1.402713403837
               1 C      2.427968478679    0.070608584009   -0.647249675798
               2 F      2.771511946463    1.196798921464   -1.327178311288
               3 F      3.164890494326    0.057401022948    0.482963746090
               4 C      0.928126683151    0.017407413318   -0.382562650525
               5 C      0.587671525344   -1.241987259356    0.432887288796
               6 C     -0.900407810720   -1.590896522582    0.429228863986
               7 N     -1.747412742011   -0.499767129847    0.905925547851
               8 C     -1.872886635417    0.589707098003   -0.058089521529
               9 C     -0.836398923695    1.701833664609    0.129897291947
              10 N      0.533793136390    1.221836288375    0.337139461472
              11 H      0.483939557362   -0.051767679455   -1.390786776239
              12 H      0.921945713982   -1.062908025831    1.459042487200
              13 H      1.135578264510   -2.101785807947    0.028863292878
              14 H     -1.052274662345   -2.452705113712    1.088297968807
              15 H     -1.188775236319   -1.905430104430   -0.593134482403
              16 H     -2.664422111252   -0.864683031036    1.132037539267
              17 H     -2.859455528080    1.053829006446    0.051834195152
              18 H     -1.824376753890    0.206307505906   -1.093634960058
              19 H     -1.105782218281    2.292518028219    1.013009605034
              20 H     -0.912998550712    2.361122783144   -0.752479179140
              21 H      1.180585132431    1.980092876066    0.156801672336
