-------------------------------------------------------------
----------------------- !PROPERTIES! ------------------------
-------------------------------------------------------------
# -----------------------------------------------------------
$ PAL_Flags
   description: The PAL Flags
   geom. index: 1
   prop. index: 1
        Diskflag:     2
# -----------------------------------------------------------
$ SCF_Energy
   description: The SCF energy
   geom. index: 1
   prop. index: 1
        SCF Energy:     -894.0944950904
# -----------------------------------------------------------
$ DFT_Energy
   description: The DFT energy
   geom. index: 1
   prop. index: 1
   Number of Alpha Electrons                 46.9999597262 
   Number of Beta  Electrons                 46.9999597262 
   Total number of  Electrons                93.9999194525 
   Exchange energy                          -62.4728126700 
   Correlation energy                        -4.1179828545 
   Correlation energy NL                      0.0000000000 
   Exchange-Correlation energy              -66.5907955245 
   Embedding correction                       0.0000000000 
   Total DFT Energy (No VdW correction)    -894.0944950904 
# -----------------------------------------------------------
$ Mayer_Pop
   description: The Mayer population analysis
   geom. index: 1
   prop. index: 1
     Number of atoms                     : 23
     Threshold for printing              : 0.1000000
     Number of bond orders printed       : 33
  NA   - Mulliken gross atomic population
  ZA   - Total nuclear charge
  QA   - Mulliken gross atomic charge
  VA   - Mayer's total valence
  BVA  - Mayer's bonded valence
  FA   - Mayer's free valence
  ATOM       NA         ZA         QA         VA         BVA        FA
  0   0     8.5759     8.0000    -0.5759     1.5817     1.5817    -0.0000
  1   0    14.9134    16.0000     1.0866     5.3859     5.3859     0.0000
  2   0     8.5339     8.0000    -0.5339     1.6117     1.6117    -0.0000
  3   0     6.4324     6.0000    -0.4324     3.3869     3.3869     0.0000
  4   0     6.5419     6.0000    -0.5419     4.2170     4.2170     0.0000
  5   0     7.2091     7.0000    -0.2091     2.5923     2.5923    -0.0000
  6   0     6.1463     6.0000    -0.1463     3.6164     3.6164     0.0000
  7   0     6.2038     6.0000    -0.2038     3.6119     3.6119     0.0000
  8   0     7.2878     7.0000    -0.2878     2.6985     2.6985    -0.0000
  9   0     6.1964     6.0000    -0.1964     3.9171     3.9171     0.0000
 10   0     6.6258     6.0000    -0.6258     3.3786     3.3786     0.0000
 11   0     0.7508     1.0000     0.2492     0.9000     0.9000     0.0000
 12   0     0.7506     1.0000     0.2494     0.8405     0.8405     0.0000
 13   0     0.8247     1.0000     0.1753     0.9341     0.9341     0.0000
 14   0     0.6818     1.0000     0.3182     0.8272     0.8272     0.0000
 15   0     0.8862     1.0000     0.1138     0.9449     0.9449     0.0000
 16   0     0.8353     1.0000     0.1647     0.9320     0.9320    -0.0000
 17   0     0.8307     1.0000     0.1693     0.9234     0.9234     0.0000
 18   0     0.8262     1.0000     0.1738     0.9302     0.9302     0.0000
 19   0     0.6505     1.0000     0.3495     0.8117     0.8117     0.0000
 20   0     0.7963     1.0000     0.2037     0.9109     0.9109     0.0000
 21   0     0.7641     1.0000     0.2359     0.9187     0.9187     0.0000
 22   0     0.7361     1.0000     0.2639     0.8923     0.8923     0.0000
      Bond orders larger than 0.1000000
           Atom A     A.N. of A          Atom B    A.N. of B              Bond order
                0             8               1           16                1.858661
                0             8               2            8               -0.164569
                0             8               9            6               -0.116806
                1            16               2            8                2.031973
                1            16               3            6                0.861071
                1            16              10            6                0.735847
                2             8               4            6               -0.187140
                2             8               9            6                0.279900
                2             8              10            6               -0.234015
                3             6               4            6                1.017529
                3             6               5            7               -0.109606
                3             6              10            6                0.178365
                3             6              11            1                0.896776
                3             6              12            1                0.827564
                4             6               5            7                1.249559
                4             6               9            6                0.748020
                4             6              12            1                0.177955
                4             6              13            1                1.077408
                5             7               6            6                0.901783
                5             7              14            1                0.854299
                6             6               7            6                0.938856
                6             6              15            1                0.970220
                6             6              16            1                0.962349
                7             6               8            7                0.837975
                7             6              17            1                0.970244
                7             6              18            1                0.969317
                8             7               9            6                1.404227
                8             7              10            6               -0.199633
                8             7              19            1                0.820973
                9             6              10            6                1.015837
                9             6              20            1                0.883299
               10             6              21            1                0.927006
               10             6              22            1                0.951647
# -----------------------------------------------------------
$ VdW_Correction
   description: The Van der Waals Correction
   geom. index: 1
   prop. index: 1
        Van der Waals Correction:       -0.0524878876
# -----------------------------------------------------------
$ Hessian
   description: Details about the Hessian
   geom. index: 1
   prop. index: 1
Normal modes:
Number of Rows: 69 Number of Columns: 69
                  0          1          2          3          4          5    
      0       0.000000   0.000000   0.000000   0.000000   0.000000   0.000000
      1       0.000000   0.000000   0.000000   0.000000   0.000000   0.000000
      2       0.000000   0.000000   0.000000   0.000000   0.000000   0.000000
      3       0.000000   0.000000   0.000000   0.000000   0.000000   0.000000
      4       0.000000   0.000000   0.000000   0.000000   0.000000   0.000000
      5       0.000000   0.000000   0.000000   0.000000   0.000000   0.000000
      6       0.000000   0.000000   0.000000   0.000000   0.000000   0.000000
      7       0.000000   0.000000   0.000000   0.000000   0.000000   0.000000
      8       0.000000   0.000000   0.000000   0.000000   0.000000   0.000000
      9       0.000000   0.000000   0.000000   0.000000   0.000000   0.000000
     10       0.000000   0.000000   0.000000   0.000000   0.000000   0.000000
     11       0.000000   0.000000   0.000000   0.000000   0.000000   0.000000
     12       0.000000   0.000000   0.000000   0.000000   0.000000   0.000000
     13       0.000000   0.000000   0.000000   0.000000   0.000000   0.000000
     14       0.000000   0.000000   0.000000   0.000000   0.000000   0.000000
     15       0.000000   0.000000   0.000000   0.000000   0.000000   0.000000
     16       0.000000   0.000000   0.000000   0.000000   0.000000   0.000000
     17       0.000000   0.000000   0.000000   0.000000   0.000000   0.000000
     18       0.000000   0.000000   0.000000   0.000000   0.000000   0.000000
     19       0.000000   0.000000   0.000000   0.000000   0.000000   0.000000
     20       0.000000   0.000000   0.000000   0.000000   0.000000   0.000000
     21       0.000000   0.000000   0.000000   0.000000   0.000000   0.000000
     22       0.000000   0.000000   0.000000   0.000000   0.000000   0.000000
     23       0.000000   0.000000   0.000000   0.000000   0.000000   0.000000
     24       0.000000   0.000000   0.000000   0.000000   0.000000   0.000000
     25       0.000000   0.000000   0.000000   0.000000   0.000000   0.000000
     26       0.000000   0.000000   0.000000   0.000000   0.000000   0.000000
     27       0.000000   0.000000   0.000000   0.000000   0.000000   0.000000
     28       0.000000   0.000000   0.000000   0.000000   0.000000   0.000000
     29       0.000000   0.000000   0.000000   0.000000   0.000000   0.000000
     30       0.000000   0.000000   0.000000   0.000000   0.000000   0.000000
     31       0.000000   0.000000   0.000000   0.000000   0.000000   0.000000
     32       0.000000   0.000000   0.000000   0.000000   0.000000   0.000000
     33       0.000000   0.000000   0.000000   0.000000   0.000000   0.000000
     34       0.000000   0.000000   0.000000   0.000000   0.000000   0.000000
     35       0.000000   0.000000   0.000000   0.000000   0.000000   0.000000
     36       0.000000   0.000000   0.000000   0.000000   0.000000   0.000000
     37       0.000000   0.000000   0.000000   0.000000   0.000000   0.000000
     38       0.000000   0.000000   0.000000   0.000000   0.000000   0.000000
     39       0.000000   0.000000   0.000000   0.000000   0.000000   0.000000
     40       0.000000   0.000000   0.000000   0.000000   0.000000   0.000000
     41       0.000000   0.000000   0.000000   0.000000   0.000000   0.000000
     42       0.000000   0.000000   0.000000   0.000000   0.000000   0.000000
     43       0.000000   0.000000   0.000000   0.000000   0.000000   0.000000
     44       0.000000   0.000000   0.000000   0.000000   0.000000   0.000000
     45       0.000000   0.000000   0.000000   0.000000   0.000000   0.000000
     46       0.000000   0.000000   0.000000   0.000000   0.000000   0.000000
     47       0.000000   0.000000   0.000000   0.000000   0.000000   0.000000
     48       0.000000   0.000000   0.000000   0.000000   0.000000   0.000000
     49       0.000000   0.000000   0.000000   0.000000   0.000000   0.000000
     50       0.000000   0.000000   0.000000   0.000000   0.000000   0.000000
     51       0.000000   0.000000   0.000000   0.000000   0.000000   0.000000
     52       0.000000   0.000000   0.000000   0.000000   0.000000   0.000000
     53       0.000000   0.000000   0.000000   0.000000   0.000000   0.000000
     54       0.000000   0.000000   0.000000   0.000000   0.000000   0.000000
     55       0.000000   0.000000   0.000000   0.000000   0.000000   0.000000
     56       0.000000   0.000000   0.000000   0.000000   0.000000   0.000000
     57       0.000000   0.000000   0.000000   0.000000   0.000000   0.000000
     58       0.000000   0.000000   0.000000   0.000000   0.000000   0.000000
     59       0.000000   0.000000   0.000000   0.000000   0.000000   0.000000
     60       0.000000   0.000000   0.000000   0.000000   0.000000   0.000000
     61       0.000000   0.000000   0.000000   0.000000   0.000000   0.000000
     62       0.000000   0.000000   0.000000   0.000000   0.000000   0.000000
     63       0.000000   0.000000   0.000000   0.000000   0.000000   0.000000
     64       0.000000   0.000000   0.000000   0.000000   0.000000   0.000000
     65       0.000000   0.000000   0.000000   0.000000   0.000000   0.000000
     66       0.000000   0.000000   0.000000   0.000000   0.000000   0.000000
     67       0.000000   0.000000   0.000000   0.000000   0.000000   0.000000
     68       0.000000   0.000000   0.000000   0.000000   0.000000   0.000000
                  6          7          8          9         10         11    
      0       0.081209  -0.115722  -0.124331   0.081227   0.189435   0.095589
      1       0.093095  -0.176608  -0.068351  -0.261471   0.094145   0.056189
      2       0.189470   0.056455  -0.033632   0.212333   0.131914  -0.024155
      3      -0.044897  -0.036670  -0.063003   0.076055   0.088008   0.022029
      4      -0.000244   0.029144   0.001745  -0.061633  -0.013337  -0.055512
      5      -0.025137  -0.001382   0.033906  -0.039689   0.035138  -0.073435
      6      -0.312416   0.043737   0.005898   0.015704   0.163906  -0.183181
      7       0.051358   0.208416  -0.058721   0.152641  -0.050826  -0.148660
      8      -0.020848  -0.087866   0.052861  -0.126944   0.052456  -0.020598
      9       0.052111  -0.110067  -0.071483   0.073579  -0.053653  -0.084777
     10      -0.106127   0.108658   0.059434  -0.037442   0.049432   0.118913
     11      -0.187409   0.097513  -0.004152  -0.144446   0.024722   0.161673
     12      -0.029210   0.027533   0.029760  -0.012856  -0.074275   0.024867
     13      -0.021037   0.027467   0.032680   0.124519  -0.005214   0.090515
     14      -0.104760  -0.026450  -0.067638  -0.024715  -0.026951   0.110303
     15      -0.043644   0.031180   0.042613   0.032499  -0.131498   0.092143
     16       0.028219   0.015836   0.005192   0.009619   0.098835  -0.027945
     17       0.012330  -0.188459  -0.032533   0.042491  -0.159943  -0.004400
     18       0.085673   0.020327   0.213444   0.018120  -0.071859   0.063785
     19       0.026862  -0.105704  -0.062259  -0.043542  -0.038584  -0.054423
     20       0.135163  -0.092923   0.171682   0.060306   0.023129  -0.022976
     21       0.102321   0.070486   0.022188  -0.152344  -0.122506  -0.012248
     22       0.029913  -0.052196  -0.078153  -0.061083  -0.008238  -0.037463
     23       0.159940   0.168018   0.047029  -0.070410   0.151339  -0.018655
     24       0.125653   0.080292  -0.011563  -0.195192  -0.088046  -0.054734
     25      -0.015637  -0.077037   0.082465   0.113159   0.016669   0.128234
     26       0.043555   0.155357  -0.171201   0.006354  -0.144367   0.040891
     27       0.015846   0.010718   0.029179  -0.060128  -0.047829  -0.030248
     28      -0.017127   0.017249   0.040766   0.140936  -0.041711   0.089603
     29      -0.055296   0.016543  -0.109080   0.090465  -0.095437   0.079005
     30       0.042157   0.035010   0.002690   0.008481  -0.015088   0.047900
     31      -0.083487  -0.023843   0.061716   0.034171  -0.093472  -0.066065
     32      -0.144996  -0.090966   0.044816   0.052114  -0.058610  -0.115968
     33       0.118529  -0.146925  -0.081561   0.057344  -0.134820  -0.293448
     34      -0.065093   0.078196   0.049039  -0.022029   0.007364   0.020817
     35      -0.306586   0.230613   0.051864  -0.307646   0.094523   0.302298
     36       0.065509  -0.172454  -0.133054   0.113282  -0.025801  -0.020468
     37      -0.253431   0.236318   0.098144  -0.164748   0.137856   0.397736
     38      -0.169742   0.049681  -0.046207  -0.110029   0.036462   0.177974
     39      -0.125943   0.144061   0.057030  -0.052461  -0.059672   0.157810
     40      -0.004339   0.020929   0.005714   0.247995  -0.068405   0.133403
     41      -0.162937   0.037625  -0.037909  -0.108290   0.012932   0.154247
     42      -0.049876   0.029089   0.087539   0.116009  -0.200446   0.145620
     43       0.020425  -0.012395  -0.013620   0.010191   0.049541  -0.023630
     44      -0.013553  -0.282225  -0.089212   0.046267  -0.329902   0.015624
     45       0.195973  -0.030928   0.482452   0.112883   0.022788   0.053414
     46      -0.011811  -0.304823  -0.000030   0.066647  -0.182711  -0.045002
     47       0.098627  -0.116073   0.110307   0.055603  -0.030328  -0.019388
     48       0.062965   0.012439   0.210569   0.045349  -0.076348   0.072200
     49       0.061512  -0.044485  -0.146931  -0.164651  -0.038699  -0.077418
     50       0.234266  -0.188506   0.433579   0.154456   0.060215  -0.028429
     51       0.024343   0.025397  -0.133269  -0.106733  -0.380466   0.016547
     52       0.051458   0.116367  -0.212814  -0.197267   0.068780  -0.072704
     53       0.192398   0.217224   0.077684  -0.113626   0.260880  -0.036579
     54       0.174779   0.111017   0.063679  -0.260007   0.060781  -0.103643
     55       0.037740  -0.150663  -0.074267  -0.068526  -0.053487  -0.098673
     56       0.218842   0.281541   0.081442  -0.161808   0.352905  -0.053592
     57       0.206964   0.136005   0.065114  -0.251139   0.008290  -0.075111
     58      -0.030730  -0.132425   0.216614   0.150794   0.157858   0.167641
     59       0.015178   0.125925  -0.172520   0.031319  -0.153006   0.054547
     60      -0.044923  -0.079884   0.109125  -0.005017   0.013002  -0.070497
     61       0.030489   0.075912   0.011080   0.163372  -0.082012   0.039460
     62      -0.026076   0.057482  -0.138721   0.081111  -0.124341   0.075097
     63       0.017713  -0.012344   0.094800  -0.114864  -0.021468  -0.097287
     64      -0.203807  -0.120483   0.115872   0.093354  -0.165252  -0.235377
     65      -0.149858  -0.112540   0.099122  -0.035322  -0.058814  -0.193801
     66       0.107974   0.100870  -0.060581   0.139843   0.027580   0.274094
     67      -0.054646  -0.005768   0.048893  -0.011042  -0.057403  -0.047624
     68      -0.232316  -0.153010   0.093105   0.133393  -0.153554  -0.213406
                 12         13         14         15         16         17    
      0       0.008755   0.045815   0.077813  -0.081545   0.019817  -0.032100
      1      -0.054287  -0.064962   0.046109  -0.132017  -0.080985  -0.074093
      2       0.093033   0.022124   0.014439  -0.036201   0.190662  -0.001772
      3       0.025060   0.033034   0.021649   0.035054  -0.008912   0.037710
      4       0.059576  -0.016050  -0.023164   0.085282   0.071267   0.090449
      5       0.000068  -0.065667  -0.034941  -0.008958  -0.074246  -0.025862
      6       0.056734  -0.132053  -0.021124  -0.099052   0.070588  -0.033105
      7      -0.133943  -0.008900   0.037501  -0.091767  -0.151989  -0.047909
      8       0.085790  -0.058971  -0.059597   0.079984   0.012851   0.045885
      9      -0.076912   0.009405  -0.091707   0.165378   0.036526   0.076738
     10       0.221363   0.044517   0.034543   0.015197   0.033566  -0.023612
     11      -0.123600   0.046289   0.046215   0.054663   0.017391   0.025103
     12      -0.058667   0.032269  -0.045591   0.116862   0.010507  -0.130217
     13       0.078236  -0.023533  -0.027556  -0.004256  -0.113518  -0.020465
     14      -0.143142   0.029342  -0.016047   0.074844   0.011679   0.138665
     15      -0.027800   0.017762  -0.108514   0.045084   0.025600  -0.202099
     16      -0.077658   0.008852   0.066899   0.253062  -0.107798  -0.065382
     17       0.165272   0.054541  -0.079938  -0.037250  -0.053835  -0.100621
     18      -0.112775  -0.085161   0.047487  -0.024187   0.150657  -0.077124
     19      -0.045477  -0.010923   0.027952   0.052080   0.087411  -0.110801
     20       0.050180  -0.016126   0.095467   0.074458  -0.076328   0.031015
     21       0.024014  -0.008397   0.025949  -0.164150   0.040185   0.131362
     22      -0.078510   0.010619  -0.036350  -0.002177   0.118412  -0.107513
     23      -0.041153   0.101597  -0.108847  -0.022535  -0.012744  -0.021422
     24       0.037355   0.020107   0.027235  -0.082494   0.019088   0.058964
     25      -0.129094  -0.040580  -0.117994  -0.187967   0.044684   0.145441
     26       0.056532  -0.093454   0.072483   0.008178   0.064868  -0.028879
     27       0.021111   0.052378   0.030218   0.028990  -0.154744   0.043382
     28       0.072926  -0.031701  -0.032133  -0.067359  -0.090970   0.020675
     29      -0.100922  -0.069748   0.029760  -0.005012   0.015827   0.061009
     30       0.069898   0.004854   0.000172   0.044828  -0.215120   0.075370
     31       0.052859   0.136075   0.033906   0.033910   0.100183   0.095186
     32      -0.095147   0.104114   0.084140  -0.136609  -0.069375  -0.036666
     33      -0.145911  -0.060699  -0.190805   0.300413   0.103397   0.244125
     34       0.176085   0.005761  -0.020886   0.076181   0.047197   0.063472
     35       0.029413   0.145369   0.180161  -0.003610   0.115415  -0.165905
     36      -0.156290   0.042574  -0.071591   0.214888   0.067867   0.265828
     37       0.338425   0.193603   0.204341  -0.081903   0.094106  -0.232489
     38      -0.178824   0.055126   0.045887   0.087714   0.031491   0.152702
     39      -0.157631   0.015434  -0.040023   0.074456   0.089738  -0.129932
     40      -0.003143  -0.108950  -0.086388  -0.086066  -0.044549  -0.001192
     41      -0.151829   0.061931   0.017972   0.092573   0.017059   0.131833
     42       0.133973   0.010173  -0.153403  -0.102306  -0.039483  -0.194208
     43      -0.039577   0.011151   0.035073   0.184045  -0.067332  -0.102789
     44       0.299201   0.056014  -0.183352  -0.296658   0.095629  -0.212374
     45      -0.260552  -0.255611   0.309461   0.114276   0.302889  -0.074296
     46      -0.007946  -0.115079   0.134674   0.116891   0.192796  -0.278093
     47       0.096937   0.010399   0.043408   0.049608  -0.098320  -0.003100
     48      -0.114715  -0.081554   0.039853   0.040886   0.137997  -0.154091
     49      -0.002006   0.042516  -0.039813  -0.177928   0.063131   0.131942
     50      -0.065955  -0.202240   0.356411   0.147522   0.119637   0.016108
     51       0.146198  -0.177341   0.225465  -0.138094   0.054416   0.221339
     52      -0.133282   0.127549  -0.220205  -0.075343   0.237305  -0.279407
     53      -0.096234   0.186014  -0.216834  -0.043750   0.005000  -0.090245
     54      -0.020445   0.146430  -0.084596  -0.107061   0.005047   0.015490
     55       0.016091  -0.011310   0.103005   0.109381  -0.000439  -0.037122
     56      -0.156360   0.259331  -0.318662  -0.057647   0.050094  -0.184122
     57       0.042547   0.099064  -0.044470  -0.146939   0.002939   0.079136
     58      -0.265562   0.036182  -0.231915  -0.271210  -0.053483   0.277395
     59       0.029181  -0.107124   0.075013   0.012216   0.057033  -0.008959
     60       0.002285   0.102311   0.029129  -0.043854  -0.289005   0.038665
     61       0.233687  -0.078706   0.034712  -0.142053  -0.148135  -0.054191
     62      -0.051607  -0.095884   0.050367  -0.005026   0.035432   0.040140
     63       0.079589   0.096044   0.022216  -0.016849  -0.222222   0.055747
     64      -0.029114   0.485695   0.222686  -0.139617   0.283276   0.094317
     65      -0.084453   0.132394   0.082564  -0.162740  -0.091239  -0.048789
     66       0.070376  -0.208670  -0.101284   0.083045  -0.413254   0.032667
     67       0.090724   0.045199  -0.019876   0.096115   0.094591   0.111297
     68      -0.184914   0.383678   0.241457  -0.300587  -0.006261  -0.061152
                 18         19         20         21         22         23    
      0       0.021205   0.037473  -0.030199   0.070477   0.025407  -0.010577
      1      -0.131153  -0.048853   0.009942  -0.029738  -0.026248   0.006080
      2      -0.215555  -0.053258   0.025559  -0.060716  -0.012467  -0.001946
      3       0.182208   0.054716  -0.016801   0.043555   0.037707   0.007141
      4       0.040264  -0.035001   0.037109  -0.032272   0.063683   0.027563
      5       0.086414   0.048170  -0.031639   0.054713  -0.020364  -0.005983
      6      -0.194124  -0.044530   0.010683  -0.008650  -0.004809   0.003674
      7       0.102548   0.037206  -0.023657   0.056232   0.004960   0.001570
      8       0.130946   0.049526  -0.024450   0.093469   0.035311   0.012512
      9       0.037863   0.033918   0.020512  -0.140217  -0.217189  -0.069337
     10       0.149870   0.049732   0.028397  -0.218728  -0.044932   0.047095
     11      -0.080603  -0.009720  -0.082106   0.031631  -0.104039  -0.040198
     12      -0.056736  -0.011930   0.077904   0.076070  -0.064231  -0.073818
     13      -0.097108   0.100162  -0.132706  -0.104721   0.085416  -0.023139
     14      -0.134940   0.010137  -0.101877  -0.075187   0.095404   0.035624
     15      -0.101807   0.067145   0.029489   0.015007   0.042598   0.057198
     16      -0.182125   0.128638   0.068214   0.003904   0.055480   0.047360
     17      -0.063159   0.021007   0.018232   0.016033   0.044540   0.052842
     18       0.059983  -0.007314  -0.027687  -0.015284   0.054737   0.043317
     19       0.056038  -0.027610  -0.003601   0.004550   0.008102  -0.045777
     20      -0.054523   0.038759   0.055493   0.037012  -0.056202  -0.029100
     21      -0.059160   0.137684   0.007580  -0.028208   0.052384  -0.082803
     22       0.100405  -0.059376  -0.015497   0.007862  -0.050487   0.007922
     23       0.012726  -0.001993   0.025998   0.020965  -0.031678  -0.004531
     24      -0.040792   0.056642  -0.023519  -0.027309   0.012425   0.008723
     25       0.037295   0.017494   0.082097   0.071555  -0.101317   0.134033
     26       0.028455  -0.017380  -0.002558   0.054306  -0.093701   0.087253
     27      -0.055179  -0.140268   0.033262  -0.005444   0.036343   0.027659
     28      -0.062599  -0.022908  -0.098221   0.033024  -0.132023  -0.120645
     29       0.046725  -0.083801   0.136387  -0.035864   0.190963  -0.060649
     30      -0.002334  -0.246225   0.000716   0.024752  -0.011797   0.102475
     31      -0.098787  -0.083991  -0.051234   0.238497   0.031543  -0.103632
     32       0.082513   0.000574   0.063757  -0.203039   0.004247  -0.053792
     33      -0.027824  -0.061777   0.004438  -0.248287  -0.335561  -0.011793
     34       0.092521   0.027707  -0.029521  -0.290625  -0.061517   0.091732
     35       0.170925  -0.113504   0.342488   0.219983  -0.333344  -0.214551
     36      -0.035726   0.050367  -0.177628  -0.360955  -0.213335  -0.034838
     37       0.338491  -0.002276   0.370364  -0.020782  -0.183892  -0.166493
     38      -0.136143   0.003261  -0.223663  -0.109578  -0.090400  -0.006872
     39      -0.059744  -0.008831  -0.016860   0.044652  -0.060792  -0.091896
     40      -0.051450   0.109251  -0.075255  -0.102592   0.220724  -0.083143
     41      -0.155011   0.005305  -0.180168  -0.094739   0.029449   0.054041
     42      -0.080162   0.034589  -0.114566  -0.060944   0.111717  -0.047138
     43      -0.115810   0.069823   0.014588  -0.010257   0.070946  -0.014792
     44       0.194639  -0.212218  -0.194110  -0.038518   0.090011  -0.203421
     45       0.299819  -0.254109  -0.256692  -0.144066   0.057011  -0.016737
     46       0.195662  -0.223137  -0.165383  -0.060031   0.100754  -0.024538
     47      -0.095118   0.068622   0.084943   0.058694  -0.036740  -0.003643
     48       0.035964  -0.014448  -0.019169  -0.005695   0.061859   0.085069
     49       0.023867   0.103311   0.061795   0.017566  -0.014343  -0.153110
     50       0.244175  -0.257935  -0.211165  -0.095426  -0.033343  -0.088869
     51      -0.167589   0.320837   0.104298   0.095147  -0.154307  -0.018176
     52       0.286778  -0.292907  -0.218820  -0.127172   0.123379   0.004583
     53       0.088965  -0.117490  -0.051830  -0.051525   0.078165  -0.026397
     54      -0.001331  -0.011224  -0.094226  -0.153929   0.233537  -0.205945
     55      -0.046528   0.076749   0.080554   0.055270  -0.139276  -0.097855
     56       0.184217  -0.248676  -0.143126  -0.128324   0.197421  -0.029974
     57      -0.086143   0.165180  -0.049886  -0.012798  -0.046775  -0.071671
     58       0.005948   0.013931   0.400747   0.064427   0.274882  -0.278768
     59       0.037318  -0.051270   0.057654   0.051677  -0.021594   0.064731
     60       0.035408  -0.195170   0.069865  -0.220042   0.059390  -0.031193
     61       0.079030  -0.055310  -0.078807  -0.051720  -0.259596  -0.139705
     62       0.061232  -0.081658   0.134750  -0.004553   0.148141  -0.043054
     63      -0.051645  -0.204133  -0.077799   0.026285  -0.159985   0.362599
     64      -0.146949   0.041390  -0.138293   0.314552  -0.060579   0.393028
     65       0.054703   0.017320   0.022720  -0.214650  -0.080200   0.071169
     66      -0.029742  -0.379790   0.051425  -0.102493  -0.059175  -0.326227
     67      -0.045411  -0.076915  -0.021929   0.239546   0.097835  -0.211616
     68      -0.046759   0.013635  -0.031167  -0.155626  -0.155317   0.321566
                 24         25         26         27         28         29    
      0       0.009273  -0.020928   0.001133   0.056357  -0.038892  -0.041535
      1      -0.009663   0.050340  -0.003550  -0.010066   0.023200   0.010956
      2      -0.000940  -0.010407   0.001661  -0.018431   0.012182   0.008563
      3       0.001400  -0.047040  -0.002524  -0.017655   0.012898   0.003928
      4       0.009450  -0.142710  -0.004904  -0.028303  -0.024187   0.017803
      5      -0.005697   0.068619   0.002274   0.009525   0.026011  -0.025229
      6      -0.002345   0.017699   0.000964  -0.005397  -0.000687   0.013536
      7       0.002887   0.036165   0.006708   0.007487  -0.004403   0.019565
      8       0.004853  -0.000953   0.000305  -0.017564  -0.049106   0.063544
      9       0.027067   0.125815   0.021159  -0.072443   0.023857   0.035923
     10      -0.034609   0.163434  -0.021640   0.116178   0.005897  -0.056150
     11       0.027048  -0.089456  -0.031330  -0.001301  -0.084676  -0.046167
     12      -0.088281  -0.031299  -0.017082  -0.040251   0.003167  -0.032902
     13      -0.088206   0.019366   0.000252  -0.085478   0.022033   0.025995
     14      -0.019708   0.030209   0.026213   0.008747   0.075491   0.060659
     15      -0.027125  -0.034094   0.034794   0.052642  -0.020383   0.024528
     16       0.096781   0.021306  -0.004665  -0.035723  -0.011763  -0.058009
     17       0.122513   0.019718   0.053432   0.015804  -0.038853  -0.005652
     18       0.127990   0.004160  -0.071675   0.060287   0.044975   0.056455
     19       0.047913   0.009135  -0.136183  -0.000449   0.028577   0.016736
     20      -0.110784  -0.052028   0.024213   0.024516   0.017893   0.042868
     21       0.065843   0.030723  -0.015096  -0.007836  -0.013339   0.048009
     22      -0.144585  -0.043934   0.081974   0.089731  -0.008008   0.072089
     23      -0.037101  -0.029593  -0.084588   0.029232   0.018279   0.000992
     24      -0.044418  -0.011307   0.089996  -0.029544  -0.001853  -0.060511
     25       0.012728  -0.034860   0.043645  -0.038087   0.057028  -0.091180
     26       0.013378  -0.002662  -0.012866  -0.012440  -0.006130  -0.048226
     27      -0.024858   0.014736   0.013216  -0.039504   0.007471  -0.128328
     28       0.084996  -0.074137   0.023877  -0.010169  -0.066690   0.044145
     29      -0.038357   0.095292   0.019068  -0.007307  -0.009737   0.007230
     30      -0.004088   0.049641  -0.050410   0.030440   0.009045   0.103692
     31       0.020944   0.103067   0.032292   0.089921   0.075243  -0.042985
     32       0.034865  -0.145596   0.018841   0.052400   0.033975  -0.023857
     33       0.039483   0.171521  -0.108337   0.199589  -0.223373  -0.219582
     34      -0.051055   0.170713  -0.090055   0.266995  -0.100673  -0.179433
     35       0.182682   0.047527   0.131125  -0.354114   0.033055   0.153160
     36       0.032838   0.181205  -0.019424   0.028395   0.089591   0.045312
     37       0.086912   0.276920   0.179316  -0.348086   0.243334   0.267879
     38       0.025386  -0.069723  -0.067854   0.084004  -0.058603  -0.059720
     39      -0.245075  -0.102631  -0.075416   0.034184   0.013530   0.020855
     40      -0.217556   0.061520   0.043533  -0.178627   0.067098   0.235070
     41      -0.032436  -0.022378  -0.025254   0.093511   0.059769  -0.016375
     42      -0.318594  -0.107115  -0.118979  -0.168346   0.047976  -0.129443
     43       0.008980  -0.011375  -0.167144  -0.131136   0.040402  -0.145426
     44      -0.259342  -0.113288  -0.570347  -0.357757   0.174656  -0.341104
     45      -0.033922   0.114671   0.075042  -0.124293  -0.090896  -0.131754
     46       0.136808   0.140653   0.088682  -0.146406  -0.184420  -0.133756
     47      -0.039617  -0.054656   0.035272   0.045788   0.013014   0.062521
     48       0.093262  -0.006968  -0.018281   0.075681   0.008572   0.021715
     49       0.190338  -0.004244  -0.368941   0.037768   0.194062   0.201381
     50      -0.190250   0.086569   0.204519  -0.198676  -0.125749  -0.149485
     51      -0.141631  -0.048578  -0.112635   0.101548  -0.072436   0.011385
     52       0.073223   0.118979   0.331728  -0.072144  -0.165545  -0.023148
     53       0.085648   0.030872   0.004284  -0.046016   0.011195  -0.007013
     54       0.087065   0.084045   0.184188  -0.078384  -0.057152   0.114514
     55      -0.472445  -0.162234   0.068881   0.202263  -0.012722   0.187612
     56       0.238273   0.110387   0.107717  -0.121247  -0.015679  -0.029431
     57      -0.069673  -0.030497   0.007781   0.006646  -0.111155  -0.062966
     58      -0.195649   0.440158  -0.248884   0.042948  -0.648243  -0.043369
     59      -0.008194   0.071310  -0.027063  -0.016537  -0.066116  -0.051342
     60       0.024243  -0.223119   0.026603  -0.025942   0.001243  -0.234618
     61       0.185262  -0.228139   0.010468  -0.021396  -0.238745  -0.063600
     62      -0.023900   0.114088   0.012726  -0.016176  -0.052118   0.001650
     63      -0.037490   0.035298  -0.103571  -0.068277   0.012424   0.149064
     64      -0.148367   0.377709  -0.142465  -0.221823  -0.222819   0.215710
     65       0.026421  -0.180755  -0.000309   0.012732   0.057455  -0.016744
     66       0.173832  -0.198537   0.004498   0.276791   0.012856   0.247810
     67       0.041809   0.065397   0.090569   0.156441   0.190411  -0.209406
     68      -0.057631   0.018854  -0.143390  -0.170360  -0.257421   0.363311
                 30         31         32         33         34         35    
      0       0.007895  -0.257070  -0.051422  -0.019768   0.095698   0.059566
      1       0.002878   0.115041   0.022919   0.004475  -0.048448  -0.026134
      2      -0.002731   0.084714   0.016278   0.007668  -0.029907  -0.025085
      3       0.000470   0.192945   0.024981  -0.001952  -0.047501  -0.023276
      4      -0.005199   0.014321  -0.013835  -0.012041   0.037305   0.027042
      5       0.008486   0.114721   0.007338  -0.025594   0.035732   0.046784
      6      -0.003891  -0.045834  -0.000991   0.009988  -0.007625  -0.007130
      7      -0.006293  -0.126243  -0.005569   0.025276  -0.032258  -0.030229
      8      -0.012012  -0.288194  -0.007694   0.056097  -0.076538  -0.062960
      9      -0.027419  -0.038745   0.033760  -0.005160   0.037881   0.008917
     10       0.044079  -0.013680  -0.036802   0.010836  -0.044714  -0.004806
     11       0.048872   0.034676   0.068983  -0.071988   0.053327  -0.025487
     12       0.076336   0.042478  -0.166388   0.049683  -0.041118   0.006504
     13       0.001171  -0.012789   0.010648  -0.009791   0.099176   0.026068
     14      -0.054555  -0.006623  -0.080181   0.086869  -0.039483   0.077213
     15      -0.023309   0.000615   0.013546  -0.002754   0.006070  -0.042683
     16      -0.033791  -0.027083   0.019850  -0.071629  -0.045967  -0.024765
     17      -0.012285   0.039823   0.003419   0.002148   0.004988   0.037435
     18      -0.009875  -0.013946   0.106857   0.024398   0.020946   0.053502
     19       0.032641   0.007672  -0.057907   0.060985   0.022056   0.018738
     20       0.083264  -0.015560   0.006266   0.005151   0.029781  -0.084375
     21       0.039199   0.035030  -0.043070  -0.046585   0.018964  -0.109730
     22      -0.022596   0.006481   0.096162  -0.002683   0.019475  -0.007682
     23      -0.060724   0.008942  -0.001327   0.029648  -0.012463   0.077714
     24      -0.012205  -0.045357   0.009716  -0.024453  -0.059308   0.099496
     25       0.029981  -0.042193  -0.039496  -0.028983  -0.027157  -0.030047
     26      -0.036347   0.016429  -0.037709   0.031175   0.030477  -0.056654
     27       0.027563  -0.042958   0.073155   0.154505   0.023417   0.011124
     28       0.017587   0.036233   0.013634   0.065962  -0.053827   0.066532
     29       0.086085  -0.051597   0.072519  -0.028829  -0.023585   0.040605
     30      -0.022328   0.021626  -0.019414  -0.086709   0.029672  -0.021091
     31      -0.036218  -0.004331  -0.000249  -0.045733  -0.002169  -0.022202
     32      -0.054171  -0.009938  -0.045437  -0.034292   0.008208  -0.024468
     33       0.222234  -0.226313   0.047886  -0.321668   0.040350   0.297576
     34       0.154523  -0.059099  -0.045008  -0.088656  -0.054774   0.068928
     35      -0.073930  -0.208571   0.137037  -0.200661   0.138640   0.265759
     36      -0.165166  -0.264260   0.197879   0.174091  -0.025668  -0.407878
     37      -0.259582  -0.258669   0.044374   0.135076   0.050188  -0.012007
     38      -0.016436  -0.083260   0.167431   0.023522   0.012653  -0.274186
     39       0.161161   0.048509  -0.260743   0.141553   0.003609  -0.065231
     40       0.108077  -0.019147  -0.049565  -0.131335   0.277802   0.276793
     41      -0.062960  -0.002846  -0.097153   0.193311  -0.106318  -0.075262
     42      -0.058584  -0.216785   0.165003  -0.232313   0.011229  -0.255099
     43      -0.071089  -0.130236   0.068903  -0.154979  -0.118551  -0.046079
     44      -0.142496  -0.364915   0.181532  -0.313414  -0.277395  -0.064675
     45      -0.198247   0.023753  -0.089379  -0.059148  -0.088755   0.065681
     46      -0.034578   0.179447  -0.368757   0.062319   0.036378  -0.010128
     47       0.119330   0.009028   0.001501   0.023501   0.059109  -0.088140
     48      -0.071858  -0.029111   0.161605  -0.023204  -0.031336   0.062261
     49       0.272403   0.017993  -0.114386   0.223504   0.211368  -0.032671
     50      -0.054367   0.079171  -0.303195  -0.039268  -0.037027  -0.026542
     51      -0.283299   0.134542  -0.080852  -0.003676  -0.017055   0.065884
     52       0.013350   0.099230  -0.081816  -0.085468   0.059532  -0.271726
     53       0.069697  -0.011536  -0.026413  -0.002833   0.008097  -0.040846
     54       0.252825  -0.020674   0.016844  -0.148283   0.002009  -0.260861
     55      -0.065366  -0.028548   0.246236  -0.037112  -0.045331   0.078089
     56       0.168595  -0.010765  -0.066994  -0.029564   0.027867  -0.131811
     57      -0.245171   0.076134  -0.103130   0.008540  -0.106442   0.234067
     58      -0.446090   0.393494  -0.037270   0.171868   0.189826  -0.133294
     59      -0.026756   0.032742  -0.004988   0.048192   0.074462  -0.115885
     60       0.049019  -0.127706   0.261727   0.413996   0.035778   0.090550
     61       0.068037   0.082961   0.290996   0.230549   0.022464  -0.068702
     62       0.099592  -0.022899   0.100233  -0.047615  -0.006168  -0.018478
     63      -0.138708  -0.019086  -0.176759  -0.122883   0.425309  -0.144835
     64       0.195854   0.126245   0.147251   0.039435  -0.161448   0.121422
     65      -0.145042  -0.050444  -0.156739  -0.062137   0.273105  -0.109620
     66      -0.103878  -0.127858  -0.246061  -0.305596  -0.465943   0.041451
     67      -0.099899   0.047899   0.032994  -0.004557   0.166511  -0.087796
     68       0.123511  -0.088686  -0.073511  -0.093994  -0.294907   0.126960
                 36         37         38         39         40         41    
      0       0.072185   0.005908   0.058707   0.038136   0.033081   0.003411
      1      -0.034592  -0.005433  -0.032900  -0.022851  -0.019541  -0.000932
      2      -0.031840  -0.002842  -0.030412  -0.015965  -0.017680  -0.003497
      3      -0.030002  -0.000533  -0.032613  -0.035017  -0.024290  -0.003749
      4       0.034697   0.007829   0.043755   0.028048   0.030738   0.001637
      5       0.061112   0.010730   0.080938   0.031028   0.042768   0.009887
      6      -0.005631  -0.001598  -0.002383   0.002801  -0.000411   0.001414
      7      -0.031265  -0.006754  -0.036336  -0.014705  -0.022673  -0.001161
      8      -0.074602  -0.016801  -0.087799  -0.031345  -0.038576  -0.008257
      9      -0.014544   0.001371  -0.009851   0.025858   0.035303  -0.039430
     10       0.014683   0.007188  -0.005555   0.015217  -0.011088  -0.010484
     11      -0.108216  -0.012722  -0.061123   0.037681   0.020144  -0.033099
     12       0.059456   0.039244  -0.139328   0.097734  -0.025813  -0.000199
     13      -0.074880  -0.017071  -0.126437   0.009303   0.052603  -0.029356
     14       0.140216   0.012835   0.018812  -0.092248  -0.035706   0.002686
     15      -0.051298  -0.057523   0.199022  -0.079402  -0.007442  -0.024895
     16       0.053286   0.001736  -0.010689   0.017213  -0.013306   0.004890
     17      -0.020780  -0.034238  -0.086280   0.082902  -0.014686  -0.027217
     18       0.037433   0.078569  -0.128248   0.012483   0.019317   0.010796
     19      -0.096715  -0.001410   0.120157  -0.040849  -0.010884   0.010143
     20       0.017089   0.084023   0.031122  -0.078965   0.043283   0.042197
     21       0.104228  -0.135122  -0.013735   0.009448  -0.004949   0.020235
     22       0.074119  -0.017489  -0.089095   0.011332   0.017871  -0.026845
     23      -0.052745  -0.122423   0.024169   0.039597  -0.022628   0.021183
     24      -0.117088   0.162301   0.064904   0.004223  -0.016091  -0.028459
     25      -0.021279  -0.020520   0.013887   0.012670   0.006253   0.003636
     26       0.029823   0.029674  -0.041279  -0.042748   0.033118  -0.024499
     27       0.043308  -0.050238  -0.047689  -0.030345   0.050590  -0.038186
     28       0.091909   0.037453   0.061788  -0.020110  -0.074598   0.020093
     29      -0.040396  -0.004189   0.060977   0.059882  -0.043176   0.017527
     30      -0.038692  -0.010220   0.022607   0.017466  -0.027966   0.040745
     31      -0.042960   0.001677  -0.010083  -0.004001   0.018671  -0.015534
     32      -0.037249   0.011589  -0.032956  -0.020358  -0.007924   0.004406
     33       0.040251  -0.141001  -0.205632  -0.520466  -0.182703   0.118939
     34       0.018788  -0.032012  -0.085373  -0.135198  -0.082245   0.032339
     35       0.054895  -0.120846  -0.021165  -0.370976  -0.060195   0.083129
     36      -0.187454   0.107097   0.358643   0.360388   0.069605   0.233446
     37       0.082115   0.028978   0.157457   0.044700   0.048277   0.070095
     38      -0.216498   0.049626   0.155343   0.237806   0.039290   0.128997
     39      -0.094260   0.110247  -0.022633   0.210593  -0.087737   0.252373
     40      -0.360770  -0.043337  -0.263174  -0.012033  -0.072716   0.198792
     41       0.211834   0.062573   0.139947  -0.024215  -0.006180   0.016298
     42       0.052423  -0.054847   0.257664  -0.317997   0.178707  -0.093477
     43       0.145739   0.041741   0.001719   0.013761  -0.038027   0.032546
     44       0.367511   0.145081  -0.040213   0.035828  -0.091488   0.088001
     45       0.013634  -0.322023   0.095084   0.155448  -0.121317  -0.241959
     46      -0.315582  -0.083103   0.237458  -0.130175   0.060469   0.339505
     47      -0.008166   0.169034  -0.026085  -0.122508   0.092159   0.173350
     48       0.074175   0.129112  -0.125435   0.026823  -0.015491   0.179101
     49      -0.181192  -0.022667   0.078379  -0.136678   0.130422  -0.398437
     50      -0.073260  -0.333690   0.179599   0.033688  -0.050625  -0.229588
     51       0.006414  -0.412183  -0.172039   0.068861   0.101460   0.306922
     52       0.220828   0.050671  -0.291211  -0.123289   0.236776   0.275832
     53       0.010793  -0.007478   0.045206  -0.010809  -0.016899  -0.016496
     54       0.297927  -0.023920   0.138728   0.038525  -0.194344  -0.045941
     55       0.172969  -0.196753   0.092216   0.154696  -0.242048  -0.079067
     56       0.045872   0.118367   0.014510  -0.053422   0.019585   0.002074
     57      -0.259508   0.142972   0.011411  -0.067434   0.053897   0.152222
     58       0.071399   0.353025  -0.094880  -0.124736   0.065875  -0.114648
     59       0.081453   0.085435  -0.036913  -0.037087   0.018938  -0.099428
     60      -0.012111  -0.332451  -0.062027  -0.072760   0.162295   0.209309
     61       0.085498   0.060580   0.332930   0.083189  -0.224598   0.007060
     62      -0.024317   0.073853   0.142372   0.103010  -0.115815  -0.053751
     63       0.079972   0.174053  -0.011902   0.040135  -0.409248  -0.061908
     64       0.058261  -0.068607   0.138063   0.040518   0.129901   0.077188
     65       0.032945   0.134933  -0.063825  -0.008181  -0.257044  -0.068177
     66      -0.051850   0.025825  -0.017778   0.006016   0.472029  -0.153015
     67      -0.097784  -0.006352  -0.054218  -0.039144  -0.133229   0.040873
     68       0.105802   0.025054   0.097178   0.071267   0.252979  -0.087851
                 42         43         44         45         46         47    
      0       0.006392  -0.009265  -0.007474  -0.007486   0.008277  -0.001749
      1      -0.000270   0.000042   0.001564   0.004349  -0.004217   0.002467
      2       0.000479   0.003420   0.004115   0.001146  -0.002115  -0.000506
      3      -0.012615   0.014871   0.010018   0.009611  -0.010969   0.000724
      4      -0.008787   0.002508  -0.004254  -0.006600   0.003537  -0.002515
      5      -0.014792   0.003601  -0.002210   0.008475  -0.003809   0.004544
      6       0.002207  -0.003486  -0.001753  -0.001332   0.001657   0.000008
      7       0.005520  -0.004064   0.001140  -0.000530   0.000394  -0.000813
      8       0.014175  -0.005296  -0.001496  -0.007781   0.004141  -0.004597
      9       0.123811  -0.009969   0.000634  -0.008730   0.036310  -0.018075
     10       0.042288   0.005383   0.023653   0.006398   0.034112  -0.007701
     11       0.066547   0.009974   0.010359  -0.012564   0.041377  -0.007258
     12      -0.026476  -0.038577   0.009837  -0.031915  -0.029284   0.047387
     13      -0.009913  -0.000237  -0.037361  -0.051261  -0.090841   0.035798
     14       0.029624  -0.025664  -0.014847   0.019383  -0.009826  -0.007910
     15       0.000278  -0.001769   0.009438   0.018356   0.041204  -0.010511
     16      -0.010518  -0.030563   0.011688   0.022206   0.007992   0.000901
     17      -0.044902  -0.010042  -0.012138   0.018662  -0.007207  -0.000867
     18       0.003635   0.000481   0.010521  -0.024053  -0.022084   0.038123
     19       0.025131   0.046225  -0.033725   0.014787   0.036146  -0.043855
     20       0.015499  -0.011477   0.020184   0.012363   0.025493  -0.023582
     21       0.012587   0.012982  -0.024275   0.010628  -0.008221  -0.059586
     22      -0.021614  -0.029656   0.010507   0.005455  -0.025529  -0.061078
     23       0.017217   0.025566   0.021922  -0.035813  -0.041734  -0.016119
     24      -0.004620  -0.023509  -0.001159   0.005179  -0.010149   0.004656
     25       0.011419   0.010801  -0.020359  -0.000864  -0.008939   0.018232
     26      -0.011551   0.030506  -0.065056   0.024554   0.036315   0.049401
     27      -0.033924   0.114464   0.013824  -0.039356   0.004895  -0.099126
     28      -0.042298   0.026954   0.073260  -0.060568   0.101386  -0.011781
     29       0.012946  -0.006940   0.104228  -0.015614  -0.005000   0.023456
     30       0.007846  -0.111315  -0.070843  -0.059087   0.041365   0.007503
     31       0.025017   0.016283   0.007971   0.043429  -0.032650   0.007789
     32      -0.016008  -0.041697  -0.067940  -0.057506   0.033731  -0.017718
     33      -0.389589   0.010481  -0.089665   0.041719  -0.246125   0.055777
     34      -0.104461   0.012752   0.000798   0.018153  -0.043214   0.016178
     35      -0.260171   0.006217  -0.070711   0.035293  -0.177377   0.025938
     36      -0.520771   0.105738   0.024710   0.019591  -0.069599   0.069197
     37      -0.126931  -0.003303  -0.045186   0.000717  -0.067014   0.020973
     38      -0.315423   0.082695   0.030072   0.004147  -0.016268   0.044097
     39      -0.157926  -0.048253  -0.220667   0.314212  -0.094272  -0.189843
     40      -0.054679   0.160278  -0.140965   0.424998   0.305751  -0.218648
     41      -0.010050  -0.115469  -0.079039  -0.044837  -0.249088   0.003867
     42      -0.017822  -0.084915   0.157426  -0.119722  -0.145809   0.044644
     43       0.010444  -0.035308   0.009276   0.045337   0.043150  -0.005878
     44       0.056236  -0.035084  -0.001804   0.082794   0.115328  -0.024717
     45      -0.140927  -0.079584  -0.035737   0.128274   0.109041  -0.032182
     46       0.233375   0.251299  -0.001217  -0.314267  -0.335787   0.186646
     47       0.092019   0.044962   0.039429  -0.089639  -0.082799   0.032080
     48       0.117821   0.153242  -0.087783  -0.027405  -0.012267  -0.062828
     49      -0.264394  -0.349962   0.247785  -0.003327  -0.006719   0.270816
     50      -0.122809  -0.177401   0.075342   0.068085   0.044923  -0.014923
     51       0.054304  -0.111829   0.330946  -0.073227  -0.039421  -0.046291
     52      -0.013526  -0.228387   0.342943   0.030038   0.134773   0.038902
     53       0.007003   0.033479  -0.039662   0.000521   0.002936  -0.002010
     54       0.066219   0.258384  -0.282225  -0.022432   0.082101   0.393062
     55       0.049254   0.278109  -0.205836  -0.113199   0.015710   0.467066
     56       0.006909  -0.000633  -0.034751   0.028629   0.006107  -0.031921
     57       0.000514  -0.123198   0.125929   0.020254   0.155002   0.206039
     58      -0.044609   0.018450  -0.152391   0.066478   0.037791   0.046582
     59      -0.017841   0.068008  -0.129215   0.027728  -0.013890  -0.007169
     60       0.178595  -0.148656   0.021323   0.495712   0.106462   0.517255
     61       0.286955  -0.387164  -0.169754   0.276650  -0.549301  -0.146756
     62       0.051471  -0.053967   0.036624  -0.063095  -0.224195  -0.178507
     63       0.076859   0.245513   0.465144   0.248033  -0.154106   0.092066
     64      -0.026699  -0.120600  -0.129123  -0.022931   0.092175   0.063082
     65       0.029756   0.195696   0.283280   0.135595  -0.096997   0.027835
     66       0.015428   0.284261   0.021896   0.299519  -0.205188   0.037302
     67       0.017126  -0.111431  -0.071373  -0.058300   0.064442   0.012003
     68       0.005953   0.180980   0.111198   0.119429  -0.148951  -0.027093
                 48         49         50         51         52         53    
      0      -0.002359   0.001500  -0.002160   0.001425  -0.002972  -0.000262
      1       0.000385  -0.000004   0.000781  -0.000846   0.001848   0.000172
      2       0.001766  -0.000573   0.000596  -0.000772   0.001348   0.000090
      3       0.003208  -0.000936   0.002625  -0.002897   0.005412   0.000360
      4       0.000835  -0.000179   0.001342   0.000041   0.000466   0.000074
      5      -0.005204   0.001079   0.001333  -0.000986   0.003577   0.000281
      6      -0.000876   0.000005  -0.000585   0.000050   0.000010   0.000094
      7      -0.001100   0.001496  -0.001457   0.001336  -0.001781  -0.000325
      8       0.002527   0.001078  -0.003051   0.001490  -0.003162  -0.000551
      9       0.047308  -0.011783  -0.033018  -0.002503  -0.012536  -0.001684
     10      -0.009545   0.005786  -0.023430  -0.022338  -0.060468  -0.005878
     11      -0.010248   0.006115  -0.001934   0.018280   0.049286   0.003444
     12      -0.096162   0.004508   0.063276  -0.003192  -0.020710   0.003228
     13       0.044134  -0.032260   0.094956   0.001811  -0.009217   0.005354
     14      -0.061712   0.039412   0.003445  -0.001235  -0.009264  -0.003537
     15       0.002070   0.015765   0.013650  -0.000699   0.007250  -0.002949
     16       0.000052   0.002366  -0.059857  -0.001492   0.005033   0.000547
     17       0.025470  -0.007343  -0.004605  -0.000006  -0.001250   0.001208
     18       0.008246   0.027699  -0.030398   0.003496   0.007741  -0.008065
     19       0.028954  -0.008681   0.158314   0.005390  -0.004729  -0.005981
     20       0.005900   0.006303   0.034987  -0.002796  -0.009947   0.005135
     21      -0.038513  -0.068008  -0.002742  -0.000976  -0.003807   0.079869
     22      -0.060015  -0.098575  -0.056896  -0.001789   0.003953  -0.033143
     23      -0.003463   0.013867  -0.018464   0.003916  -0.001092   0.020844
     24      -0.002507  -0.003597  -0.000479   0.000684   0.001882   0.003275
     25       0.008871   0.021937   0.011784   0.000184  -0.000723  -0.005375
     26      -0.003114  -0.013164  -0.006224  -0.007588   0.001195  -0.000360
     27       0.024461   0.065396  -0.028211   0.012011  -0.003493  -0.010054
     28       0.012176  -0.045909  -0.031960  -0.002111   0.008866   0.004117
     29       0.027541  -0.050980   0.016985   0.007981   0.001316   0.009908
     30      -0.007771  -0.008425   0.000992  -0.044338   0.011853   0.001752
     31       0.001658   0.007324   0.006915  -0.061321   0.018614   0.001265
     32      -0.000690   0.013580  -0.010009   0.033507  -0.012849  -0.003979
     33      -0.007222   0.001078   0.126691   0.090450   0.295798   0.028452
     34      -0.049165   0.018863   0.036254   0.045235   0.148745   0.012990
     35       0.108659  -0.046366   0.023283  -0.194621  -0.564013  -0.043397
     36      -0.195073   0.037991   0.065828  -0.053730  -0.131049  -0.012808
     37      -0.069579   0.028729   0.071560   0.214057   0.631772   0.053497
     38      -0.153765   0.034153   0.051881  -0.033479  -0.082396  -0.008349
     39       0.621408  -0.118667  -0.420026   0.000562   0.072753  -0.004908
     40      -0.269008   0.314807  -0.311662  -0.023022  -0.000501  -0.036479
     41       0.458121  -0.197832  -0.033936   0.016095   0.033462   0.014288
     42      -0.040364  -0.098684  -0.167044   0.013122  -0.018758  -0.020082
     43      -0.003913   0.022348  -0.087151  -0.004188   0.012077  -0.002188
     44      -0.017833   0.057508  -0.110856  -0.008624   0.020930  -0.006464
     45       0.064154   0.006103   0.083736  -0.035742  -0.108097   0.085076
     46      -0.195858  -0.042525  -0.540082  -0.020823  -0.008204   0.072537
     47      -0.055831   0.000088  -0.126340   0.005216   0.026970  -0.007518
     48       0.013750  -0.048555   0.162852   0.004184  -0.014547   0.018020
     49       0.022442   0.230918  -0.418816  -0.013788   0.007078  -0.026868
     50      -0.007007   0.015406  -0.034621   0.037530   0.121230  -0.103431
     51       0.136377   0.232972   0.114683   0.016711   0.026570  -0.545930
     52       0.262154   0.477605   0.202559   0.019580  -0.030171   0.293334
     53      -0.002788   0.014689  -0.003330   0.001499  -0.017774   0.304240
     54       0.115611   0.159835   0.027599  -0.015589   0.026878  -0.392393
     55       0.170071   0.363893  -0.072181  -0.002989  -0.006826   0.168493
     56      -0.048909  -0.141460   0.014833  -0.008131   0.033288  -0.544409
     57       0.063493  -0.051097   0.048404  -0.014476  -0.012927   0.017224
     58      -0.014894  -0.001148  -0.016455  -0.035192  -0.005796  -0.017847
     59      -0.025476   0.005114  -0.024580  -0.008755   0.004582  -0.008070
     60      -0.095234  -0.337707   0.056729  -0.063419   0.027662   0.041835
     61      -0.169870   0.342168   0.067321   0.022459  -0.049877  -0.024454
     62       0.006909   0.165091   0.026896   0.038633  -0.026472  -0.007484
     63       0.023163  -0.107894   0.033869   0.178979  -0.048631   0.013214
     64      -0.024423  -0.045984  -0.039943   0.631968  -0.211099  -0.013730
     65       0.022281  -0.044923   0.015103   0.102108  -0.027070   0.005103
     66      -0.000762   0.049585   0.002408   0.370909  -0.117982  -0.016079
     67      -0.004039  -0.012128  -0.017691   0.133318  -0.050830  -0.003806
     68       0.010838   0.044016   0.050729  -0.532805   0.185147   0.012972
                 54         55         56         57         58         59    
      0       0.000189  -0.001016   0.001163  -0.000021  -0.000123  -0.000039
      1      -0.000019   0.000677  -0.001063   0.000008   0.000010   0.000009
      2       0.000042  -0.000057  -0.000032  -0.000001   0.000187   0.000023
      3       0.000156   0.001789  -0.001389  -0.000066   0.000071   0.000013
      4      -0.000034   0.000942   0.002266  -0.000015   0.000109  -0.000026
      5       0.000282  -0.001180   0.001354   0.000076  -0.000293   0.000018
      6       0.000227  -0.000544   0.000351   0.000004  -0.000061  -0.000028
      7      -0.000149  -0.000866  -0.001440   0.000031  -0.000050   0.000016
      8      -0.000535  -0.000147  -0.000828  -0.000109   0.000003  -0.000020
      9      -0.002829  -0.001854  -0.001053   0.001067  -0.003905   0.000071
     10      -0.009220  -0.010064  -0.001903   0.000035   0.004574  -0.000313
     11       0.008992   0.000914  -0.000586  -0.002129   0.003950  -0.000054
     12       0.007561  -0.021062  -0.008775  -0.001795   0.033071  -0.001135
     13      -0.004111   0.062249   0.020366   0.003271  -0.033682   0.001147
     14       0.003768  -0.018977  -0.005694   0.005323  -0.066112   0.002378
     15      -0.014636   0.091135   0.028959  -0.000941   0.000856   0.000094
     16      -0.003135  -0.012391  -0.002921   0.002427   0.000667  -0.000174
     17       0.011808  -0.044025  -0.013544   0.001682   0.000406   0.000086
     18      -0.049199  -0.021405   0.001642  -0.008904  -0.000894   0.014533
     19      -0.016195  -0.062229  -0.021938  -0.025181  -0.001432   0.001249
     20       0.059699   0.035209   0.001938   0.065196   0.006150   0.008283
     21      -0.012056   0.003956   0.021629   0.004625   0.000362  -0.049954
     22       0.008565   0.014999   0.034516  -0.002003  -0.000108   0.038500
     23      -0.009638   0.005635  -0.044007  -0.009195  -0.001387  -0.024982
     24      -0.009560   0.027302  -0.090041   0.000074  -0.000520  -0.000236
     25       0.003721  -0.005023   0.009438  -0.000038   0.000500  -0.000429
     26       0.000791  -0.010442   0.028325  -0.000110   0.000073   0.000974
     27       0.005920  -0.006227   0.053290  -0.000480   0.005853   0.003036
     28      -0.001782  -0.003132  -0.033518   0.000406  -0.005441  -0.002936
     29       0.002735  -0.000003   0.019851  -0.001055   0.018583   0.008229
     30      -0.000304  -0.004473  -0.007924   0.000089  -0.000322   0.000792
     31      -0.001446   0.002826   0.000607  -0.000058  -0.000411   0.000814
     32      -0.000422   0.000954  -0.004801  -0.000137   0.000165  -0.000812
     33       0.047977   0.041840   0.007587   0.003522   0.017869  -0.001471
     34       0.027554   0.000322   0.000670  -0.004419  -0.055640   0.004259
     35      -0.101125   0.054301   0.013487  -0.001850  -0.008543   0.000709
     36      -0.048617  -0.001406   0.006203  -0.016658   0.026299   0.000216
     37       0.111594  -0.009664   0.002290   0.002692  -0.002869  -0.000131
     38      -0.031137   0.001157   0.004768   0.025627  -0.036103  -0.000932
     39      -0.001468  -0.097014  -0.027711   0.031843  -0.394803   0.012743
     40       0.008593  -0.135237  -0.028744  -0.033461   0.393688  -0.013201
     41      -0.007755   0.045592   0.011092  -0.065699   0.781581  -0.026109
     42       0.084354  -0.800518  -0.258900  -0.009020   0.002255  -0.001115
     43      -0.023171   0.102673   0.035494  -0.012393  -0.002809   0.000656
     44      -0.044985   0.335976   0.111167   0.005306  -0.000222   0.000015
     45       0.650652   0.061969  -0.074399  -0.248432  -0.021471  -0.020380
     46       0.133542   0.152575   0.000385   0.154199   0.013228   0.016802
     47      -0.126961   0.055355   0.026757  -0.861305  -0.075317  -0.084002
     48       0.011880  -0.079326  -0.030105   0.362228   0.021722  -0.148626
     49       0.118433   0.144032   0.030644   0.108424   0.006099  -0.042504
     50      -0.666676  -0.055851   0.085415   0.063221   0.004333  -0.018577
     51       0.067661   0.063950  -0.181285   0.017546   0.002507   0.247881
     52      -0.034773   0.019074  -0.123858  -0.009534  -0.002032  -0.134336
     53      -0.046504  -0.014573  -0.008021   0.044452   0.009131   0.702836
     54       0.046541  -0.065374   0.059432  -0.060628  -0.006769   0.346403
     55      -0.048759  -0.089748  -0.022030   0.046138   0.004722  -0.306756
     56       0.089974   0.034132   0.028794   0.066870   0.006678  -0.401831
     57       0.109463  -0.283651   0.818669  -0.004751   0.001901  -0.004202
     58      -0.033320   0.029332  -0.102153  -0.001497  -0.001088   0.003727
     59      -0.041756   0.094415  -0.281350  -0.003552   0.005423  -0.012881
     60      -0.033055   0.047880  -0.179963   0.004034  -0.061651  -0.029599
     61       0.027952  -0.072529   0.131332  -0.003393   0.061585   0.030943
     62       0.022444  -0.034708   0.137837   0.012472  -0.225767  -0.102193
     63       0.001715   0.006860   0.014017  -0.000800   0.001629  -0.009831
     64      -0.002576   0.017228  -0.014179   0.000350  -0.001206   0.001940
     65       0.001141   0.006547   0.011409   0.001122  -0.002906   0.015317
     66      -0.005872   0.035335   0.014619  -0.000160  -0.000589  -0.000241
     67      -0.001255   0.001575  -0.010448  -0.000065   0.002196  -0.010865
     68       0.001017  -0.007477   0.020608  -0.000314   0.001935  -0.004775
                 60         61         62         63         64         65    
      0      -0.000032  -0.000144   0.000094  -0.000069  -0.000019   0.000261
      1      -0.000027   0.000058  -0.000077   0.000117   0.000007   0.000003
      2      -0.000040   0.000273  -0.000042   0.000067  -0.000020  -0.000275
      3       0.000210   0.000455  -0.000326   0.000607  -0.000008  -0.000135
      4       0.000068  -0.000523  -0.000135   0.000403  -0.000015   0.000206
      5      -0.000005   0.000282  -0.000081   0.000192   0.000044   0.000381
      6      -0.000083  -0.000003   0.000016   0.000108   0.000021  -0.000071
      7      -0.000018  -0.000069   0.000042  -0.000048   0.000009  -0.000332
      8       0.000026   0.000056   0.000068  -0.000165  -0.000092  -0.000284
      9      -0.000829  -0.000047   0.001990  -0.004231   0.000219   0.002530
     10       0.002344   0.004847   0.018091  -0.055962  -0.000999  -0.002800
     11       0.000874  -0.002002  -0.012125   0.033982   0.000016  -0.002811
     12       0.006912   0.001993  -0.001107  -0.000342   0.000127  -0.000414
     13      -0.008422  -0.002906   0.000727  -0.000463  -0.000099   0.000061
     14      -0.015852  -0.004834   0.002251  -0.002139   0.000136   0.000452
     15       0.000311   0.000033  -0.000354  -0.000131   0.000146  -0.000011
     16       0.000202   0.000111   0.000284   0.000116   0.000002  -0.000067
     17       0.000149   0.000053   0.000434   0.000305  -0.000151  -0.000054
     18       0.003505   0.003739   0.074748   0.024400   0.012388  -0.000023
     19       0.000513   0.000859   0.017396   0.005141   0.000411  -0.000030
     20       0.002504   0.001714   0.032299   0.012084   0.015126   0.000003
     21      -0.006253  -0.000274   0.013224   0.004637  -0.017155   0.000169
     22       0.004549   0.000007  -0.010860  -0.003890   0.021663  -0.000117
     23      -0.001678  -0.000149  -0.009034  -0.004189   0.088880   0.000093
     24       0.001319   0.000044  -0.000393  -0.000248  -0.000674  -0.000039
     25      -0.001021  -0.000183   0.000085   0.000071   0.000355  -0.000045
     26       0.001951   0.000869  -0.000429  -0.000426  -0.002397  -0.000352
     27      -0.019747  -0.007122   0.000739  -0.001050   0.000681   0.000632
     28       0.021628   0.005872  -0.001048   0.001087  -0.000222  -0.000223
     29      -0.072681  -0.021694   0.003698  -0.002463   0.001074   0.003204
     30      -0.011587   0.036800  -0.002192   0.002181   0.000001  -0.022328
     31      -0.010655   0.044880  -0.002772   0.002328  -0.000168   0.062781
     32       0.013029  -0.032126   0.001809  -0.001880  -0.000220   0.067997
     33       0.011229   0.022984   0.086746  -0.264655  -0.004179  -0.011614
     34      -0.031502  -0.060772  -0.222568   0.685123   0.011719   0.030269
     35      -0.005128  -0.009393  -0.034001   0.102692   0.001340   0.003848
     36       0.000893  -0.021668  -0.108365   0.306084   0.000778  -0.019811
     37       0.000100   0.002935   0.015943  -0.044081   0.000151   0.001510
     38       0.000523   0.035324   0.174009  -0.498001  -0.001666   0.032003
     39      -0.091390  -0.028355   0.009332  -0.008474  -0.000021   0.002060
     40       0.097118   0.030131  -0.010721   0.010171  -0.000171  -0.003066
     41       0.182914   0.056485  -0.019188   0.016061  -0.000205  -0.004568
     42       0.001295   0.000602   0.000546   0.002530  -0.001372   0.000105
     43      -0.001408   0.000046  -0.000327   0.000604  -0.001246   0.000656
     44       0.000518  -0.000260  -0.002677   0.000390  -0.000981  -0.000232
     45      -0.006818  -0.003994  -0.073583  -0.032261  -0.043096   0.000152
     46       0.004670   0.003181   0.060194   0.023625   0.032343  -0.000119
     47      -0.025088  -0.015891  -0.296324  -0.118639  -0.156446   0.000007
     48      -0.036388  -0.040903  -0.808145  -0.256445  -0.107179   0.000068
     49      -0.011058  -0.013235  -0.265515  -0.085132  -0.036127  -0.000164
     50      -0.004320  -0.005140  -0.101036  -0.031488  -0.012427  -0.000080
     51       0.029074   0.002163  -0.010698  -0.000760  -0.215038  -0.000961
     52      -0.013228  -0.000279   0.007294   0.000930   0.123341   0.000231
     53       0.072269   0.002855  -0.034063  -0.003948  -0.587319  -0.001501
     54       0.047277   0.002283  -0.132841  -0.049640   0.421263  -0.000366
     55      -0.040241  -0.001019   0.119170   0.044516  -0.377387   0.000348
     56      -0.050895  -0.001202   0.149345   0.055995  -0.471947   0.000602
     57      -0.012303  -0.003529  -0.000882   0.000718   0.002548   0.003635
     58       0.010379   0.003028  -0.002841  -0.001282  -0.008575  -0.000346
     59      -0.024913  -0.008610   0.001071   0.003532   0.031694   0.003396
     60       0.226190   0.068185  -0.009947   0.007330  -0.001923  -0.010010
     61      -0.246593  -0.070481   0.011182  -0.008067   0.003776   0.009482
     62       0.852926   0.251147  -0.039089   0.027404  -0.018222  -0.036043
     63       0.126323  -0.381165   0.022530  -0.021340   0.000337   0.339558
     64      -0.022692   0.059516  -0.003449   0.003269   0.000045  -0.043784
     65      -0.209374   0.610148  -0.035583   0.033708  -0.000075  -0.537330
     66       0.010756  -0.047929   0.002881  -0.002701  -0.000001  -0.069287
     67       0.145728  -0.573441   0.034768  -0.029437   0.002080  -0.705832
     68       0.061168  -0.238370   0.014447  -0.012346   0.000778  -0.279150
                 66         67         68    
      0      -0.000320   0.000021  -0.000044
      1       0.000324   0.000023  -0.000026
      2       0.000128   0.000035   0.000036
      3       0.000298  -0.000130   0.000019
      4      -0.000323  -0.000020   0.000058
      5      -0.000444  -0.000130  -0.000025
      6      -0.000174   0.000034  -0.000014
      7       0.000046   0.000086  -0.000010
      8       0.000441   0.000176  -0.000032
      9       0.051291  -0.000431  -0.000106
     10      -0.050934   0.000124  -0.000378
     11      -0.061380   0.000690   0.000158
     12       0.002514   0.000127  -0.001675
     13      -0.002930   0.000061   0.000571
     14      -0.005535   0.000024  -0.001357
     15       0.000134   0.000034   0.002390
     16       0.000032   0.000589   0.069829
     17      -0.000065  -0.000040  -0.015647
     18      -0.000793  -0.000078   0.000329
     19       0.000184   0.000167   0.000548
     20      -0.001253  -0.000130  -0.003114
     21      -0.000219  -0.000407  -0.000270
     22      -0.000016  -0.002034  -0.000388
     23      -0.000273   0.003806   0.000226
     24       0.000236   0.022204  -0.000203
     25      -0.000115  -0.006227   0.000008
     26       0.000792   0.067453  -0.000586
     27      -0.000156   0.001459   0.000010
     28       0.000212  -0.002793  -0.000621
     29      -0.000823   0.002207   0.000021
     30       0.001325  -0.000381  -0.000059
     31      -0.002916   0.000354   0.000042
     32      -0.003484   0.000275   0.000005
     33      -0.212679   0.000526   0.000891
     34       0.567637  -0.001263   0.000625
     35       0.070946  -0.000373   0.001822
     36      -0.403287   0.005260   0.001327
     37       0.043234  -0.001743  -0.000246
     38       0.666981  -0.008491   0.000791
     39      -0.028919   0.000627   0.003837
     40       0.031908  -0.001570   0.000616
     41       0.065967  -0.001344  -0.001296
     42       0.001057  -0.000199  -0.016610
     43       0.000109  -0.007433  -0.963965
     44      -0.000862   0.001759   0.255108
     45       0.006002   0.000266   0.004040
     46      -0.003365   0.002761  -0.004188
     47       0.016966  -0.000622   0.010328
     48       0.002995  -0.003544  -0.006466
     49       0.001843  -0.002107  -0.000013
     50       0.000280  -0.001132   0.001645
     51       0.001585  -0.010368   0.000284
     52      -0.000875   0.004565  -0.000780
     53       0.003594  -0.030348   0.000511
     54       0.000068   0.009328   0.001400
     55       0.000093  -0.003669   0.000674
     56      -0.000036  -0.007319  -0.000839
     57      -0.003655  -0.303918   0.002459
     58       0.002563   0.131540  -0.000760
     59      -0.008534  -0.939662   0.007243
     60       0.001579  -0.006957  -0.000272
     61      -0.001586   0.007298   0.000023
     62       0.005897  -0.027096  -0.000603
     63      -0.017739   0.001242  -0.000079
     64       0.002588  -0.000493  -0.000135
     65       0.027511  -0.002925  -0.000016
     66       0.003227  -0.001474   0.000207
     67       0.033459  -0.001523  -0.000884
     68       0.013130  -0.000314  -0.000014
# -----------------------------------------------------------
$ THERMOCHEMISTRY_Energies
   description: The Thermochemistry energies
   geom. index: 1
   prop. index: 1
        Temperature (Kelvin)           :        298.1500000000
        Pressure (atm)                 :          1.0000000000
        Total Mass (AMU)               :        176.2340000000
        Spin Degeneracy                :          1.0000000000
        Electronic Energy (Hartree)    :       -894.1469829780
        Translational Energy (Hartree) :          0.0014162714
        Rotational Energy (Hartree)    :          0.0014162714
        Vibrational Energy (Hartree)   :          0.0059302937
        Number of frequencies          :     69      
        Scaling Factor for frequencies :          1.0000000000
        Vibrational frequencies        :     
                  0    
      0       0.000000
      1       0.000000
      2       0.000000
      3       0.000000
      4       0.000000
      5       0.000000
      6     103.888901
      7     168.059665
      8     216.245429
      9     275.352425
     10     333.076991
     11     349.202691
     12     379.058929
     13     405.258367
     14     424.218829
     15     477.665348
     16     490.494166
     17     534.827467
     18     577.348887
     19     655.698297
     20     712.713764
     21     764.893215
     22     819.240689
     23     872.239368
     24     896.313874
     25     909.997623
     26     944.550381
     27     967.959906
     28     995.053785
     29     1012.833190
     30     1016.096915
     31     1041.561001
     32     1061.353517
     33     1094.437372
     34     1110.038367
     35     1142.873647
     36     1150.138571
     37     1170.736691
     38     1197.188529
     39     1215.753695
     40     1230.865647
     41     1276.677798
     42     1305.106587
     43     1314.934686
     44     1333.390484
     45     1353.410895
     46     1378.696439
     47     1404.625930
     48     1425.429337
     49     1428.753647
     50     1455.145817
     51     1491.334019
     52     1499.452461
     53     1514.543092
     54     1532.612375
     55     1558.852351
     56     1574.194224
     57     2934.840977
     58     2944.686979
     59     2955.149387
     60     2965.507971
     61     2982.425341
     62     2987.449997
     63     2988.402973
     64     3005.282463
     65     3040.685259
     66     3049.766731
     67     3223.669699
     68     3230.886565
        Zero Point Energy (Hartree)    :          0.1956334320
        Inner Energy (Hartree)         :       -893.9425867095
        Enthalpy (Hartree)             :       -893.9416425004
        Electronic entropy             :          0.0000000000
        Rotational entropy             :          0.0143530406
        Vibrational entropy            :          0.0093683846
        Translational entropy          :          0.0143530406
        Entropy                        :          0.0433951869
        Gibbs Energy (Hartree)         :       -893.9850376873
        Is Linear                      :                 false
# -----------------------------------------------------------
$ PAL_Flags
   description: The PAL Flags
   geom. index: 2
   prop. index: 1
        Diskflag:     2
# -----------------------------------------------------------
$ SCF_Energy
   description: The SCF energy
   geom. index: 2
   prop. index: 1
        SCF Energy:     -894.1078838739
# -----------------------------------------------------------
$ DFT_Energy
   description: The DFT energy
   geom. index: 2
   prop. index: 1
   Number of Alpha Electrons                 46.9999476477 
   Number of Beta  Electrons                 46.9999476477 
   Total number of  Electrons                93.9998952954 
   Exchange energy                          -62.5577880264 
   Correlation energy                        -4.1238881824 
   Correlation energy NL                      0.0000000000 
   Exchange-Correlation energy              -66.6816762088 
   Embedding correction                       0.0000000000 
   Total DFT Energy (No VdW correction)    -894.1078838739 
# -----------------------------------------------------------
$ VdW_Correction
   description: The Van der Waals Correction
   geom. index: 2
   prop. index: 1
        Van der Waals Correction:       -0.0526028802
# -----------------------------------------------------------
$ PAL_Flags
   description: The PAL Flags
   geom. index: 3
   prop. index: 1
        Diskflag:     2
# -----------------------------------------------------------
$ SCF_Energy
   description: The SCF energy
   geom. index: 3
   prop. index: 1
        SCF Energy:     -894.1105414907
# -----------------------------------------------------------
$ DFT_Energy
   description: The DFT energy
   geom. index: 3
   prop. index: 1
   Number of Alpha Electrons                 46.9998991502 
   Number of Beta  Electrons                 46.9998991502 
   Total number of  Electrons                93.9997983004 
   Exchange energy                          -62.5645196682 
   Correlation energy                        -4.1244112979 
   Correlation energy NL                      0.0000000000 
   Exchange-Correlation energy              -66.6889309661 
   Embedding correction                       0.0000000000 
   Total DFT Energy (No VdW correction)    -894.1105414907 
# -----------------------------------------------------------
$ VdW_Correction
   description: The Van der Waals Correction
   geom. index: 3
   prop. index: 1
        Van der Waals Correction:       -0.0527213220
# -----------------------------------------------------------
$ PAL_Flags
   description: The PAL Flags
   geom. index: 4
   prop. index: 1
        Diskflag:     2
# -----------------------------------------------------------
$ SCF_Energy
   description: The SCF energy
   geom. index: 4
   prop. index: 1
        SCF Energy:     -894.1112894144
# -----------------------------------------------------------
$ DFT_Energy
   description: The DFT energy
   geom. index: 4
   prop. index: 1
   Number of Alpha Electrons                 46.9998634349 
   Number of Beta  Electrons                 46.9998634349 
   Total number of  Electrons                93.9997268699 
   Exchange energy                          -62.5614537886 
   Correlation energy                        -4.1244071184 
   Correlation energy NL                      0.0000000000 
   Exchange-Correlation energy              -66.6858609069 
   Embedding correction                       0.0000000000 
   Total DFT Energy (No VdW correction)    -894.1112894144 
# -----------------------------------------------------------
$ VdW_Correction
   description: The Van der Waals Correction
   geom. index: 4
   prop. index: 1
        Van der Waals Correction:       -0.0528613106
# -----------------------------------------------------------
$ PAL_Flags
   description: The PAL Flags
   geom. index: 5
   prop. index: 1
        Diskflag:     2
# -----------------------------------------------------------
$ SCF_Energy
   description: The SCF energy
   geom. index: 5
   prop. index: 1
        SCF Energy:     -894.1116678127
# -----------------------------------------------------------
$ DFT_Energy
   description: The DFT energy
   geom. index: 5
   prop. index: 1
   Number of Alpha Electrons                 46.9998599272 
   Number of Beta  Electrons                 46.9998599272 
   Total number of  Electrons                93.9997198544 
   Exchange energy                          -62.5601367435 
   Correlation energy                        -4.1245027778 
   Correlation energy NL                      0.0000000000 
   Exchange-Correlation energy              -66.6846395213 
   Embedding correction                       0.0000000000 
   Total DFT Energy (No VdW correction)    -894.1116678127 
# -----------------------------------------------------------
$ VdW_Correction
   description: The Van der Waals Correction
   geom. index: 5
   prop. index: 1
        Van der Waals Correction:       -0.0529570028
# -----------------------------------------------------------
$ PAL_Flags
   description: The PAL Flags
   geom. index: 6
   prop. index: 1
        Diskflag:     2
# -----------------------------------------------------------
$ SCF_Energy
   description: The SCF energy
   geom. index: 6
   prop. index: 1
        SCF Energy:     -894.1118732976
# -----------------------------------------------------------
$ DFT_Energy
   description: The DFT energy
   geom. index: 6
   prop. index: 1
   Number of Alpha Electrons                 46.9998676799 
   Number of Beta  Electrons                 46.9998676799 
   Total number of  Electrons                93.9997353597 
   Exchange energy                          -62.5601312820 
   Correlation energy                        -4.1246750708 
   Correlation energy NL                      0.0000000000 
   Exchange-Correlation energy              -66.6848063528 
   Embedding correction                       0.0000000000 
   Total DFT Energy (No VdW correction)    -894.1118732976 
# -----------------------------------------------------------
$ VdW_Correction
   description: The Van der Waals Correction
   geom. index: 6
   prop. index: 1
        Van der Waals Correction:       -0.0530271107
# -----------------------------------------------------------
$ PAL_Flags
   description: The PAL Flags
   geom. index: 7
   prop. index: 1
        Diskflag:     2
# -----------------------------------------------------------
$ SCF_Energy
   description: The SCF energy
   geom. index: 7
   prop. index: 1
        SCF Energy:     -894.1119338202
# -----------------------------------------------------------
$ DFT_Energy
   description: The DFT energy
   geom. index: 7
   prop. index: 1
   Number of Alpha Electrons                 46.9998306236 
   Number of Beta  Electrons                 46.9998306236 
   Total number of  Electrons                93.9996612473 
   Exchange energy                          -62.5618747174 
   Correlation energy                        -4.1250712336 
   Correlation energy NL                      0.0000000000 
   Exchange-Correlation energy              -66.6869459509 
   Embedding correction                       0.0000000000 
   Total DFT Energy (No VdW correction)    -894.1119338202 
# -----------------------------------------------------------
$ VdW_Correction
   description: The Van der Waals Correction
   geom. index: 7
   prop. index: 1
        Van der Waals Correction:       -0.0531390292
# -----------------------------------------------------------
$ PAL_Flags
   description: The PAL Flags
   geom. index: 8
   prop. index: 1
        Diskflag:     2
# -----------------------------------------------------------
$ SCF_Energy
   description: The SCF energy
   geom. index: 8
   prop. index: 1
        SCF Energy:     -894.1119445831
# -----------------------------------------------------------
$ DFT_Energy
   description: The DFT energy
   geom. index: 8
   prop. index: 1
   Number of Alpha Electrons                 46.9997791207 
   Number of Beta  Electrons                 46.9997791207 
   Total number of  Electrons                93.9995582413 
   Exchange energy                          -62.5630809258 
   Correlation energy                        -4.1253904930 
   Correlation energy NL                      0.0000000000 
   Exchange-Correlation energy              -66.6884714188 
   Embedding correction                       0.0000000000 
   Total DFT Energy (No VdW correction)    -894.1119445831 
# -----------------------------------------------------------
$ VdW_Correction
   description: The Van der Waals Correction
   geom. index: 8
   prop. index: 1
        Van der Waals Correction:       -0.0532372642
# -----------------------------------------------------------
$ PAL_Flags
   description: The PAL Flags
   geom. index: 9
   prop. index: 1
        Diskflag:     2
# -----------------------------------------------------------
$ SCF_Energy
   description: The SCF energy
   geom. index: 9
   prop. index: 1
        SCF Energy:     -894.1121056339
# -----------------------------------------------------------
$ DFT_Energy
   description: The DFT energy
   geom. index: 9
   prop. index: 1
   Number of Alpha Electrons                 46.9997807014 
   Number of Beta  Electrons                 46.9997807014 
   Total number of  Electrons                93.9995614028 
   Exchange energy                          -62.5620629140 
   Correlation energy                        -4.1251892910 
   Correlation energy NL                      0.0000000000 
   Exchange-Correlation energy              -66.6872522051 
   Embedding correction                       0.0000000000 
   Total DFT Energy (No VdW correction)    -894.1121056339 
# -----------------------------------------------------------
$ VdW_Correction
   description: The Van der Waals Correction
   geom. index: 9
   prop. index: 1
        Van der Waals Correction:       -0.0531785685
# -----------------------------------------------------------
$ PAL_Flags
   description: The PAL Flags
   geom. index: 10
   prop. index: 1
        Diskflag:     2
# -----------------------------------------------------------
$ SCF_Energy
   description: The SCF energy
   geom. index: 10
   prop. index: 1
        SCF Energy:     -894.1121369538
# -----------------------------------------------------------
$ DFT_Energy
   description: The DFT energy
   geom. index: 10
   prop. index: 1
   Number of Alpha Electrons                 46.9997898235 
   Number of Beta  Electrons                 46.9997898235 
   Total number of  Electrons                93.9995796470 
   Exchange energy                          -62.5616256154 
   Correlation energy                        -4.1251318316 
   Correlation energy NL                      0.0000000000 
   Exchange-Correlation energy              -66.6867574470 
   Embedding correction                       0.0000000000 
   Total DFT Energy (No VdW correction)    -894.1121369538 
# -----------------------------------------------------------
$ VdW_Correction
   description: The Van der Waals Correction
   geom. index: 10
   prop. index: 1
        Van der Waals Correction:       -0.0531720879
# -----------------------------------------------------------
$ PAL_Flags
   description: The PAL Flags
   geom. index: 11
   prop. index: 1
        Diskflag:     2
# -----------------------------------------------------------
$ SCF_Energy
   description: The SCF energy
   geom. index: 11
   prop. index: 1
        SCF Energy:     -894.1121383584
# -----------------------------------------------------------
$ DFT_Energy
   description: The DFT energy
   geom. index: 11
   prop. index: 1
   Number of Alpha Electrons                 46.9997911403 
   Number of Beta  Electrons                 46.9997911403 
   Total number of  Electrons                93.9995822806 
   Exchange energy                          -62.5615737382 
   Correlation energy                        -4.1251273674 
   Correlation energy NL                      0.0000000000 
   Exchange-Correlation energy              -66.6867011056 
   Embedding correction                       0.0000000000 
   Total DFT Energy (No VdW correction)    -894.1121383584 
# -----------------------------------------------------------
$ Mayer_Pop
   description: The Mayer population analysis
   geom. index: 11
   prop. index: 1
     Number of atoms                     : 23
     Threshold for printing              : 0.1000000
     Number of bond orders printed       : 33
  NA   - Mulliken gross atomic population
  ZA   - Total nuclear charge
  QA   - Mulliken gross atomic charge
  VA   - Mayer's total valence
  BVA  - Mayer's bonded valence
  FA   - Mayer's free valence
  ATOM       NA         ZA         QA         VA         BVA        FA
  0   0     8.5498     8.0000    -0.5498     1.5245     1.5245    -0.0000
  1   0    14.9228    16.0000     1.0772     5.3588     5.3588     0.0000
  2   0     8.5312     8.0000    -0.5312     1.5714     1.5714    -0.0000
  3   0     6.5156     6.0000    -0.5156     3.2963     3.2963     0.0000
  4   0     6.3609     6.0000    -0.3609     3.9806     3.9806    -0.0000
  5   0     7.2654     7.0000    -0.2654     2.5974     2.5974     0.0000
  6   0     6.1619     6.0000    -0.1619     3.6516     3.6516    -0.0000
  7   0     6.2051     6.0000    -0.2051     3.5993     3.5993     0.0000
  8   0     7.3062     7.0000    -0.3062     2.5901     2.5901     0.0000
  9   0     6.1644     6.0000    -0.1644     3.8437     3.8437    -0.0000
 10   0     6.6323     6.0000    -0.6323     3.4307     3.4307    -0.0000
 11   0     0.7601     1.0000     0.2399     0.8984     0.8984    -0.0000
 12   0     0.7562     1.0000     0.2438     0.8461     0.8461    -0.0000
 13   0     0.8359     1.0000     0.1641     0.9366     0.9366     0.0000
 14   0     0.6740     1.0000     0.3260     0.8249     0.8249    -0.0000
 15   0     0.8877     1.0000     0.1123     0.9531     0.9531     0.0000
 16   0     0.8391     1.0000     0.1609     0.9358     0.9358    -0.0000
 17   0     0.8293     1.0000     0.1707     0.9203     0.9203     0.0000
 18   0     0.8351     1.0000     0.1649     0.9370     0.9370    -0.0000
 19   0     0.6511     1.0000     0.3489     0.8326     0.8326     0.0000
 20   0     0.7971     1.0000     0.2029     0.9043     0.9043     0.0000
 21   0     0.7761     1.0000     0.2239     0.9205     0.9205    -0.0000
 22   0     0.7424     1.0000     0.2576     0.8923     0.8923     0.0000
      Bond orders larger than 0.1000000
           Atom A     A.N. of A          Atom B    A.N. of B              Bond order
                0             8               1           16                1.835638
                0             8               2            8               -0.181781
                0             8               4            6               -0.115960
                1            16               2            8                1.992870
                1            16               3            6                0.854191
                1            16               4            6               -0.150140
                1            16              10            6                0.786023
                2             8               9            6                0.213684
                2             8              10            6               -0.216691
                3             6               4            6                0.911595
                3             6              10            6                0.166942
                3             6              11            1                0.904716
                3             6              12            1                0.900707
                4             6               5            7                1.259360
                4             6               8            7                0.129835
                4             6               9            6                0.723705
                4             6              13            1                1.080199
                5             7               6            6                0.893281
                5             7               9            6               -0.120562
                5             7              14            1                0.850324
                6             6               7            6                0.930904
                6             6              15            1                0.970147
                6             6              16            1                0.971782
                7             6               8            7                0.834632
                7             6              17            1                0.976392
                7             6              18            1                0.977848
                8             7               9            6                1.203702
                8             7              10            6               -0.146706
                8             7              19            1                0.826354
                9             6              10            6                0.993974
                9             6              20            1                0.924757
               10             6              21            1                0.951426
               10             6              22            1                0.950113
# -----------------------------------------------------------
$ VdW_Correction
   description: The Van der Waals Correction
   geom. index: 11
   prop. index: 1
        Van der Waals Correction:       -0.0531725599
# -----------------------------------------------------------
$ SCF_Electric_Properties
   description: The SCF Calculated Electric Properties
   geom. index: 11
   prop. index: 1
       Filename                          : file.scfp 
       Do Dipole Moment Calculation      : true 
       Do Quadrupole Moment Calculation  : false 
       Do Polarizability Calculation     : false 
** Dipole moment part of electric properties **
        Magnitude of dipole moment (Debye) :        5.0811326023
        Electronic Contribution:
                  0    
      0     -10.282675
      1      -0.366838
      2      -2.982607
        Nuclear Contribution:
                  0    
      0      11.851495
      1       1.148191
      2       3.944074
        Total Dipole moment:
                  0    
      0       1.568819
      1       0.781352
      2       0.961467
# -------------------------------------------------------------
----------------------- !GEOMETRIES! ------------------------
# -------------------------------------------------------------
------------------------ !GEOMETRY! -------------------------
    Number of atoms:    23 
    Geometry Index:     1 
    Coordinates:
               0 O     -3.589500000000    0.687200000000   -0.219800000000
               1 S     -2.299600000000    0.072800000000   -0.685500000000
               2 O     -2.456300000000   -0.516500000000   -2.059000000000
               3 C     -0.967400000000    1.235300000000   -0.627700000000
               4 C     -0.127700000000    0.796600000000    0.581400000000
               5 N      1.267700000000    1.273800000000    0.537500000000
               6 C      2.116000000000    0.510600000000   -0.384600000000
               7 C      2.030700000000   -0.984700000000   -0.078600000000
               8 N      0.649600000000   -1.455500000000   -0.205400000000
               9 C     -0.234000000000   -0.744000000000    0.736000000000
              10 C     -1.697000000000   -1.126300000000    0.472800000000
              11 H     -1.352300000000    2.268400000000   -0.492600000000
              12 H     -0.394800000000    1.174600000000   -1.575000000000
              13 H     -0.601000000000    1.244400000000    1.484500000000
              14 H      1.278700000000    2.279600000000    0.246700000000
              15 H      1.830200000000    0.704200000000   -1.441000000000
              16 H      3.169700000000    0.839900000000   -0.258600000000
              17 H      2.409900000000   -1.187100000000    0.947600000000
              18 H      2.674000000000   -1.542400000000   -0.792900000000
              19 H      0.333000000000   -1.289600000000   -1.190400000000
              20 H      0.036400000000   -1.037600000000    1.775300000000
              21 H     -2.283500000000   -1.047300000000    1.413200000000
              22 H     -1.792900000000   -2.156200000000    0.067100000000
------------------------ !GEOMETRY! -------------------------
    Number of atoms:    23 
    Geometry Index:     2 
    Coordinates:
               0 O     -3.563315157102    0.681695123382   -0.197320439013
               1 S     -2.332204792634    0.069701378993   -0.706134395857
               2 O     -2.408025423971   -0.534151071309   -2.041772047840
               3 C     -0.974020623318    1.234658492446   -0.630651317712
               4 C     -0.122925226494    0.805487287414    0.584393386974
               5 N      1.267313677449    1.264897608325    0.547286518984
               6 C      2.121900090717    0.516423996668   -0.383726085402
               7 C      2.018118078157   -0.978159824951   -0.092420185427
               8 N      0.640427766360   -1.456347101866   -0.210935176528
               9 C     -0.224204585886   -0.735842166646    0.723482196290
              10 C     -1.688557387320   -1.115476844902    0.477005850798
              11 H     -1.374879220364    2.245454453844   -0.512392509245
              12 H     -0.415946515031    1.164394839042   -1.570158475921
              13 H     -0.582748718650    1.242667313135    1.482984717530
              14 H      1.282825581141    2.248779619009    0.291841683769
              15 H      1.853358194708    0.702642131868   -1.440813277634
              16 H      3.158872099508    0.849661550985   -0.245802419729
              17 H      2.376100098177   -1.181759915723    0.926273015233
              18 H      2.652610149230   -1.538785868325   -0.790453851262
              19 H      0.318549987085   -1.311109016310   -1.168581247275
              20 H      0.060893664417   -1.020784290086    1.744483604000
              21 H     -2.280001193560   -1.027093676965    1.394114479808
              22 H     -1.784240542618   -2.126754018027    0.070295975459
------------------------ !GEOMETRY! -------------------------
    Number of atoms:    23 
    Geometry Index:     3 
    Coordinates:
               0 O     -3.546357748736    0.689468971894   -0.204356101921
               1 S     -2.330905586440    0.058251531316   -0.725230721523
               2 O     -2.342287389646   -0.578464704346   -2.046520498645
               3 C     -0.958343094930    1.223914349439   -0.638485723538
               4 C     -0.126377784954    0.810511068121    0.594693599295
               5 N      1.266158896544    1.247483056543    0.574733985475
               6 C      2.113057646897    0.529995864594   -0.384917709876
               7 C      2.008072275784   -0.970607211984   -0.125205874324
               8 N      0.629489838598   -1.452814376809   -0.215302303790
               9 C     -0.224047568037   -0.731378636546    0.723420946302
              10 C     -1.688960913434   -1.104607924032    0.501093216850
              11 H     -1.377907120161    2.227643621349   -0.553056251475
              12 H     -0.398268744722    1.132754081111   -1.571597416712
              13 H     -0.592438258334    1.246627751380    1.486672175720
              14 H      1.303048369646    2.243153286327    0.386301801331
              15 H      1.841977285628    0.730468274058   -1.437899431274
              16 H      3.144917330140    0.868006964612   -0.242515692701
              17 H      2.372680780876   -1.187232002961    0.886428178074
              18 H      2.628080945240   -1.529500367827   -0.832930579944
              19 H      0.285122573646   -1.339481487521   -1.166495573932
              20 H      0.082691951449   -1.013791101044    1.736683094509
              21 H     -2.291918038499   -0.985024427994    1.403118725452
              22 H     -1.797585646554   -2.115176579680    0.102368156643
------------------------ !GEOMETRY! -------------------------
    Number of atoms:    23 
    Geometry Index:     4 
    Coordinates:
               0 O     -3.537039396247    0.683877938522   -0.250869094129
               1 S     -2.312626196763    0.042918474931   -0.742256501259
               2 O     -2.281371077091   -0.621304081121   -2.051572786541
               3 C     -0.941107211765    1.214833660161   -0.647188309065
               4 C     -0.129422620491    0.812653058792    0.603816738356
               5 N      1.266284544736    1.230228691309    0.604779219551
               6 C      2.098788154613    0.543911466265   -0.387152407238
               7 C      1.997862590545   -0.963359678472   -0.157731913910
               8 N      0.618065831774   -1.447604542343   -0.215732258279
               9 C     -0.226885968960   -0.729277718346    0.732590944832
              10 C     -1.693886920220   -1.095672385691    0.524387696910
              11 H     -1.367587476480    2.217699045850   -0.584939776723
              12 H     -0.369889089383    1.109104082546   -1.571600216511
              13 H     -0.608538882126    1.254560043856    1.485961213005
              14 H      1.329673304803    2.235531364067    0.490112321060
              15 H      1.811518295675    0.767563358554   -1.430985360964
              16 H      3.131698236001    0.881668549734   -0.251292307011
              17 H      2.389949939582   -1.198637587496    0.839817742665
              18 H      2.597218127129   -1.510881450294   -0.891875386560
              19 H      0.251206485918   -1.366321696648   -1.161353293073
              20 H      0.094235257343   -1.011974268558    1.741885846288
              21 H     -2.299099979003   -0.934082031892    1.418709233758
              22 H     -1.819145949590   -2.115234293725    0.153488654840
------------------------ !GEOMETRY! -------------------------
    Number of atoms:    23 
    Geometry Index:     5 
    Coordinates:
               0 O     -3.543311198698    0.656495522956   -0.326298019458
               1 S     -2.292524953249    0.023795875906   -0.759922146810
               2 O     -2.204833716088   -0.666644939251   -2.053881586943
               3 C     -0.935643574269    1.213931089413   -0.645001833524
               4 C     -0.130207885052    0.815993486501    0.613231964946
               5 N      1.268399625688    1.217738833593    0.622980019323
               6 C      2.090577808500    0.552538216922   -0.389736561380
               7 C      1.987288904460   -0.959854151588   -0.187451072252
               8 N      0.605788885551   -1.441328743136   -0.215427916471
               9 C     -0.229622584195   -0.725814510726    0.742547010900
              10 C     -1.698990857567   -1.083934341789    0.545448428323
              11 H     -1.371778467099    2.213211601437   -0.590212178196
              12 H     -0.354848605567    1.110597092864   -1.563515848943
              13 H     -0.613495612018    1.262410210417    1.490844656820
              14 H      1.357208311376    2.226072450699    0.570555527993
              15 H      1.793881786843    0.798477581144   -1.425432596454
              16 H      3.126122519158    0.884227986804   -0.257539843509
              17 H      2.409539837462   -1.215870807109    0.792842711627
              18 H      2.562107161552   -1.494408440263   -0.950467889317
              19 H      0.218056943269   -1.387250586963   -1.154453579542
              20 H      0.100944612338   -1.008866076533    1.749092884152
              21 H     -2.301874575492   -0.877910226976    1.432702435216
              22 H     -1.842884366903   -2.113407124324    0.210095433500
------------------------ !GEOMETRY! -------------------------
    Number of atoms:    23 
    Geometry Index:     6 
    Coordinates:
               0 O     -3.556998915968    0.611957956953   -0.415284692235
               1 S     -2.272139502329    0.003717268122   -0.776773717780
               2 O     -2.114882682657   -0.711216044210   -2.051199601122
               3 C     -0.940501708854    1.221661381708   -0.632555346139
               4 C     -0.128663894028    0.819909421556    0.622830235835
               5 N      1.272167661183    1.210764748758    0.628424816809
               6 C      2.087360852570    0.554301964356   -0.394136115280
               7 C      1.976695777906   -0.960876178436   -0.210822161268
               8 N      0.593032562523   -1.435597950431   -0.216792667551
               9 C     -0.231837329969   -0.721846773827    0.750683842106
              10 C     -1.704158574496   -1.069890597167    0.563832479528
              11 H     -1.392965209405    2.213080890712   -0.566672044276
              12 H     -0.353870957425    1.141125715765   -1.549721331585
              13 H     -0.606218868543    1.267813473430    1.502791118391
              14 H      1.379789059347    2.218157822904    0.613704243008
              15 H      1.789104022083    0.816786204881   -1.425027833132
              16 H      3.125840141655    0.876926361426   -0.261327453406
              17 H      2.421444572421   -1.234582886679    0.754795399636
              18 H      2.530201014255   -1.485787563994   -0.996165405151
              19 H      0.189703769264   -1.397475041251   -1.149885205991
              20 H      0.105030360030   -1.007092648803    1.754646898679
              21 H     -2.303000190903   -0.824604329641    1.444147144292
              22 H     -1.865231958658   -2.107033196134    0.261507396633
------------------------ !GEOMETRY! -------------------------
    Number of atoms:    23 
    Geometry Index:     7 
    Coordinates:
               0 O     -3.564273703503    0.564842967083   -0.508087201124
               1 S     -2.248428688476   -0.014327613825   -0.792558669779
               2 O     -2.015747055004   -0.752358259263   -2.042279053648
               3 C     -0.947797183643    1.233609760896   -0.614559386244
               4 C     -0.125117397873    0.822367545973    0.633117302372
               5 N      1.276851602110    1.206621409289    0.628463658398
               6 C      2.082675387363    0.551730228713   -0.401693243271
               7 C      1.965584515511   -0.964534990504   -0.228176544296
               8 N      0.580191901413   -1.432649830063   -0.218294975039
               9 C     -0.233453098806   -0.719237887915    0.758332604836
              10 C     -1.709237169460   -1.055630596678    0.579148360322
              11 H     -1.421962235863    2.212920508544   -0.524746509695
              12 H     -0.357972507382    1.190003545029   -1.532327293259
              13 H     -0.592389845282    1.269472015321    1.518902311479
              14 H      1.395008408543    2.212721572917    0.629008848785
              15 H      1.780852845479    0.824117475670   -1.429040418538
              16 H      3.123816082153    0.866752003297   -0.271681803749
              17 H      2.425766772235   -1.249698058933    0.726830760714
              18 H      2.503173142894   -1.483678437124   -1.028342571505
              19 H      0.165464772739   -1.398782926535   -1.146572572570
              20 H      0.106963880154   -1.008454652212    1.759860119129
              21 H     -2.304937630989   -0.777838840057    1.452015897763
              22 H     -1.885132794312   -2.097766939623    0.303680378917
------------------------ !GEOMETRY! -------------------------
    Number of atoms:    23 
    Geometry Index:     8 
    Coordinates:
               0 O     -3.563330527162    0.524253471390   -0.596771440469
               1 S     -2.223011686928   -0.026398617400   -0.810262996983
               2 O     -1.917717743363   -0.774484089661   -2.039347920636
               3 C     -0.957124614775    1.249090449284   -0.590206257505
               4 C     -0.119668415490    0.822481271690    0.644379886483
               5 N      1.282701583168    1.203869842713    0.623361591838
               6 C      2.074411790739    0.544792152259   -0.414859914270
               7 C      1.958000355622   -0.970741315448   -0.235951170055
               8 N      0.572460261787   -1.436412101749   -0.213433587255
               9 C     -0.233916074024   -0.719280184967    0.766161802729
              10 C     -1.713310944754   -1.043714686105    0.587412927151
              11 H     -1.458094592420    2.210904801673   -0.464966569633
              12 H     -0.368740203465    1.254712180243   -1.509924794713
              13 H     -0.572686588087    1.266435143688    1.539019604700
              14 H      1.402167578416    2.209736887723    0.618006775390
              15 H      1.759476948387    0.814806425836   -1.439119932858
              16 H      3.117233788671    0.859047926533   -0.298547167411
              17 H      2.429011914250   -1.255312718682    0.713842356495
              18 H      2.485814264096   -1.490647204002   -1.042084074834
              19 H      0.151417806412   -1.401533480545   -1.138680244698
              20 H      0.104566552004   -1.012289239928    1.767250595890
              21 H     -2.308347908497   -0.739964912368    1.452244470931
              22 H     -1.901413544585   -2.089152002177    0.333476059716
------------------------ !GEOMETRY! -------------------------
    Number of atoms:    23 
    Geometry Index:     9 
    Coordinates:
               0 O     -3.565287686635    0.515019593108   -0.620921893909
               1 S     -2.217583163084   -0.022827674687   -0.818527236505
               2 O     -1.891753091623   -0.758702003840   -2.050823270690
               3 C     -0.966516243633    1.261156328463   -0.573866906366
               4 C     -0.115148657476    0.820574777403    0.646801068539
               5 N      1.286756691350    1.204521238817    0.612419770065
               6 C      2.071204872593    0.535279897741   -0.425310099659
               7 C      1.962713920973   -0.977312266837   -0.225075376888
               8 N      0.578245417269   -1.445683935139   -0.203607256555
               9 C     -0.232240620627   -0.721625262998    0.767567361515
              10 C     -1.712807585583   -1.042849460260    0.580198767829
              11 H     -1.482956019208    2.210076730775   -0.416797854432
              12 H     -0.385708483711    1.303707857112   -1.497481114756
              13 H     -0.556415755186    1.260766700992    1.549177908415
              14 H      1.396651362840    2.211209441449    0.580974394341
              15 H      1.743365166111    0.788497564449   -1.450005347941
              16 H      3.113301025647    0.856951825859   -0.324243873690
              17 H      2.431404602161   -1.246807422301    0.730182088112
              18 H      2.495062513614   -1.506312416395   -1.022224071778
              19 H      0.162375426684   -1.406112995935   -1.130937757225
              20 H      0.097539571424   -1.014129606063    1.771807394639
              21 H     -2.309931766152   -0.736608523840    1.442923479822
              22 H     -1.902371497749   -2.088590387873    0.328769827117
------------------------ !GEOMETRY! -------------------------
    Number of atoms:    23 
    Geometry Index:     10 
    Coordinates:
               0 O     -3.564862647364    0.513247498625   -0.618996667421
               1 S     -2.216035685329   -0.021685193071   -0.821243859506
               2 O     -1.887840021045   -0.749439589631   -2.056955450353
               3 C     -0.968147775576    1.264862737142   -0.570098780290
               4 C     -0.113867792519    0.820392124916    0.646857661482
               5 N      1.288664049724    1.203460331432    0.610979494236
               6 C      2.069553609705    0.532073783334   -0.428692743524
               7 C      1.964391409908   -0.979257249685   -0.220614682255
               8 N      0.579958892778   -1.448654884506   -0.202030810080
               9 C     -0.231746176676   -0.722082860680    0.766321137614
              10 C     -1.711335108243   -1.043387632799    0.577626042369
              11 H     -1.489067767072    2.209981876420   -0.404851306133
              12 H     -0.389745437197    1.317353194376   -1.494724490230
              13 H     -0.552679332292    1.259086559065    1.551201743582
              14 H      1.394865737399    2.210478516251    0.570688813927
              15 H      1.734108225240    0.778369915505   -1.452571251137
              16 H      3.111281140704    0.857677853278   -0.335531788998
              17 H      2.428065433042   -1.240827144208    0.739333056697
              18 H      2.501808918920   -1.513544684937   -1.010802156097
              19 H      0.166813524435   -1.407294496128   -1.130780238006
              20 H      0.096099885446   -1.014068382869    1.771401717033
              21 H     -2.310719056658   -0.737274747185    1.438798734715
              22 H     -1.899664027328   -2.089267524644    0.325685822375
------------------------ !GEOMETRY! -------------------------
    Number of atoms:    23 
    Geometry Index:     11 
    Coordinates:
               0 O     -3.565097754378    0.512956867660   -0.618066222863
               1 S     -2.216284063939   -0.021282017863   -0.821129305490
               2 O     -1.886955840163   -0.748506393366   -2.057091685901
               3 C     -0.968134504834    1.265362089192   -0.569804373509
               4 C     -0.113783064043    0.820658902776    0.646933242000
               5 N      1.288981168563    1.203212986061    0.610909382837
               6 C      2.069331962113    0.531791888987   -0.429204614786
               7 C      1.964488713337   -0.979377757181   -0.220207146415
               8 N      0.580047878466   -1.448662049827   -0.202053475563
               9 C     -0.231705230524   -0.721997979587    0.766207649896
              10 C     -1.711050290139   -1.043681734786    0.577170052616
              11 H     -1.489409848226    2.210230648631   -0.404204013241
              12 H     -0.389980708616    1.318161161920   -1.494521995495
              13 H     -0.552529464396    1.259160046873    1.551392936998
              14 H      1.395353228583    2.210161768781    0.570673368031
              15 H      1.732550250747    0.777171132872   -1.452845678756
              16 H      3.110997530776    0.857963669782   -0.337530066512
              17 H      2.427070372781   -1.239780521850    0.740590362700
              18 H      2.502782888824   -1.514656450323   -1.009116504678
              19 H      0.167110065389   -1.407667984073   -1.130824657344
              20 H      0.096375264935   -1.013839690081    1.771236194593
              21 H     -2.311152419253   -0.737773074117    1.437931423120
              22 H     -1.899106136004   -2.089405510482    0.324555127761
