-------------------------------------------------------------
----------------------- !PROPERTIES! ------------------------
-------------------------------------------------------------
# -----------------------------------------------------------
$ PAL_Flags
   description: The PAL Flags
   geom. index: 1
   prop. index: 1
        Diskflag:     2
# -----------------------------------------------------------
$ SCF_Energy
   description: The SCF energy
   geom. index: 1
   prop. index: 1
        SCF Energy:     -424.1755150228
# -----------------------------------------------------------
$ DFT_Energy
   description: The DFT energy
   geom. index: 1
   prop. index: 1
   Number of Alpha Electrons                 39.0000598134 
   Number of Beta  Electrons                 39.0000598134 
   Total number of  Electrons                78.0001196267 
   Exchange energy                          -40.0467263153 
   Correlation energy                        -3.1775805532 
   Correlation energy NL                      0.0000000000 
   Exchange-Correlation energy              -43.2243068684 
   Embedding correction                       0.0000000000 
   Total DFT Energy (No VdW correction)    -424.1755150228 
# -----------------------------------------------------------
$ Mayer_Pop
   description: The Mayer population analysis
   geom. index: 1
   prop. index: 1
     Number of atoms                     : 26
     Threshold for printing              : 0.1000000
     Number of bond orders printed       : 31
  NA   - Mulliken gross atomic population
  ZA   - Total nuclear charge
  QA   - Mulliken gross atomic charge
  VA   - Mayer's total valence
  BVA  - Mayer's bonded valence
  FA   - Mayer's free valence
  ATOM       NA         ZA         QA         VA         BVA        FA
  0   0     6.3369     6.0000    -0.3369     3.7015     3.7015     0.0000
  1   0     6.2917     6.0000    -0.2917     3.7844     3.7844     0.0000
  2   0     7.3234     7.0000    -0.3234     2.6349     2.6349    -0.0000
  3   0     6.5027     6.0000    -0.5027     4.0497     4.0497    -0.0000
  4   0     6.2286     6.0000    -0.2286     4.4213     4.4213    -0.0000
  5   0     6.1945     6.0000    -0.1945     3.4983     3.4983     0.0000
  6   0     6.2493     6.0000    -0.2493     3.6471     3.6471     0.0000
  7   0     6.3175     6.0000    -0.3175     3.6255     3.6255     0.0000
  8   0     6.1659     6.0000    -0.1659     3.5188     3.5188    -0.0000
  9   0     7.1782     7.0000    -0.1782     2.6460     2.6460     0.0000
 10   0     0.8457     1.0000     0.1543     0.9491     0.9491     0.0000
 11   0     0.8457     1.0000     0.1543     0.9247     0.9247     0.0000
 12   0     0.8668     1.0000     0.1332     0.9381     0.9381    -0.0000
 13   0     0.8481     1.0000     0.1519     0.9326     0.9326    -0.0000
 14   0     0.6960     1.0000     0.3040     0.8430     0.8430    -0.0000
 15   0     0.8539     1.0000     0.1461     0.8942     0.8942    -0.0000
 16   0     0.8466     1.0000     0.1534     0.9102     0.9102    -0.0000
 17   0     0.8581     1.0000     0.1419     0.9416     0.9416    -0.0000
 18   0     0.7884     1.0000     0.2116     0.9032     0.9032    -0.0000
 19   0     0.8255     1.0000     0.1745     0.9257     0.9257     0.0000
 20   0     0.8535     1.0000     0.1465     0.9645     0.9645     0.0000
 21   0     0.8493     1.0000     0.1507     0.9526     0.9526     0.0000
 22   0     0.8351     1.0000     0.1649     0.9380     0.9380    -0.0000
 23   0     0.8795     1.0000     0.1205     0.9631     0.9631    -0.0000
 24   0     0.8395     1.0000     0.1605     0.9269     0.9269     0.0000
 25   0     0.6797     1.0000     0.3203     0.8293     0.8293    -0.0000
      Bond orders larger than 0.1000000
           Atom A     A.N. of A          Atom B    A.N. of B              Bond order
                0             6               1            6                0.965643
                0             6               5            6                0.972742
                0             6              10            1                0.944252
                0             6              11            1                0.990433
                1             6               2            7                0.949552
                1             6              12            1                0.991170
                1             6              13            1                0.995299
                2             7               3            6                1.060809
                2             7              14            1                0.859494
                3             6               4            6                0.899105
                3             6               5            6                0.183938
                3             6              15            1                0.998940
                3             6              16            1                0.963197
                4             6               5            6                0.933633
                4             6               6            6                0.860758
                4             6               9            7                1.714253
                5             6               6            6                0.142697
                5             6               9            7               -0.459374
                5             6              17            1                0.876071
                5             6              18            1                0.984350
                6             6               7            6                0.896148
                6             6               9            7               -0.125384
                6             6              19            1                0.955189
                6             6              20            1                0.990647
                7             6               8            6                0.899678
                7             6              21            1                0.999153
                7             6              22            1                0.962041
                8             6               9            7                0.776695
                8             6              23            1                0.967509
                8             6              24            1                1.009837
                9             7              25            1                0.833982
# -----------------------------------------------------------
$ VdW_Correction
   description: The Van der Waals Correction
   geom. index: 1
   prop. index: 1
        Van der Waals Correction:       -0.0469461306
# -----------------------------------------------------------
$ Hessian
   description: Details about the Hessian
   geom. index: 1
   prop. index: 1
Normal modes:
Number of Rows: 78 Number of Columns: 78
                  0          1          2          3          4          5    
      0       0.000000   0.000000   0.000000   0.000000   0.000000   0.000000
      1       0.000000   0.000000   0.000000   0.000000   0.000000   0.000000
      2       0.000000   0.000000   0.000000   0.000000   0.000000   0.000000
      3       0.000000   0.000000   0.000000   0.000000   0.000000   0.000000
      4       0.000000   0.000000   0.000000   0.000000   0.000000   0.000000
      5       0.000000   0.000000   0.000000   0.000000   0.000000   0.000000
      6       0.000000   0.000000   0.000000   0.000000   0.000000   0.000000
      7       0.000000   0.000000   0.000000   0.000000   0.000000   0.000000
      8       0.000000   0.000000   0.000000   0.000000   0.000000   0.000000
      9       0.000000   0.000000   0.000000   0.000000   0.000000   0.000000
     10       0.000000   0.000000   0.000000   0.000000   0.000000   0.000000
     11       0.000000   0.000000   0.000000   0.000000   0.000000   0.000000
     12       0.000000   0.000000   0.000000   0.000000   0.000000   0.000000
     13       0.000000   0.000000   0.000000   0.000000   0.000000   0.000000
     14       0.000000   0.000000   0.000000   0.000000   0.000000   0.000000
     15       0.000000   0.000000   0.000000   0.000000   0.000000   0.000000
     16       0.000000   0.000000   0.000000   0.000000   0.000000   0.000000
     17       0.000000   0.000000   0.000000   0.000000   0.000000   0.000000
     18       0.000000   0.000000   0.000000   0.000000   0.000000   0.000000
     19       0.000000   0.000000   0.000000   0.000000   0.000000   0.000000
     20       0.000000   0.000000   0.000000   0.000000   0.000000   0.000000
     21       0.000000   0.000000   0.000000   0.000000   0.000000   0.000000
     22       0.000000   0.000000   0.000000   0.000000   0.000000   0.000000
     23       0.000000   0.000000   0.000000   0.000000   0.000000   0.000000
     24       0.000000   0.000000   0.000000   0.000000   0.000000   0.000000
     25       0.000000   0.000000   0.000000   0.000000   0.000000   0.000000
     26       0.000000   0.000000   0.000000   0.000000   0.000000   0.000000
     27       0.000000   0.000000   0.000000   0.000000   0.000000   0.000000
     28       0.000000   0.000000   0.000000   0.000000   0.000000   0.000000
     29       0.000000   0.000000   0.000000   0.000000   0.000000   0.000000
     30       0.000000   0.000000   0.000000   0.000000   0.000000   0.000000
     31       0.000000   0.000000   0.000000   0.000000   0.000000   0.000000
     32       0.000000   0.000000   0.000000   0.000000   0.000000   0.000000
     33       0.000000   0.000000   0.000000   0.000000   0.000000   0.000000
     34       0.000000   0.000000   0.000000   0.000000   0.000000   0.000000
     35       0.000000   0.000000   0.000000   0.000000   0.000000   0.000000
     36       0.000000   0.000000   0.000000   0.000000   0.000000   0.000000
     37       0.000000   0.000000   0.000000   0.000000   0.000000   0.000000
     38       0.000000   0.000000   0.000000   0.000000   0.000000   0.000000
     39       0.000000   0.000000   0.000000   0.000000   0.000000   0.000000
     40       0.000000   0.000000   0.000000   0.000000   0.000000   0.000000
     41       0.000000   0.000000   0.000000   0.000000   0.000000   0.000000
     42       0.000000   0.000000   0.000000   0.000000   0.000000   0.000000
     43       0.000000   0.000000   0.000000   0.000000   0.000000   0.000000
     44       0.000000   0.000000   0.000000   0.000000   0.000000   0.000000
     45       0.000000   0.000000   0.000000   0.000000   0.000000   0.000000
     46       0.000000   0.000000   0.000000   0.000000   0.000000   0.000000
     47       0.000000   0.000000   0.000000   0.000000   0.000000   0.000000
     48       0.000000   0.000000   0.000000   0.000000   0.000000   0.000000
     49       0.000000   0.000000   0.000000   0.000000   0.000000   0.000000
     50       0.000000   0.000000   0.000000   0.000000   0.000000   0.000000
     51       0.000000   0.000000   0.000000   0.000000   0.000000   0.000000
     52       0.000000   0.000000   0.000000   0.000000   0.000000   0.000000
     53       0.000000   0.000000   0.000000   0.000000   0.000000   0.000000
     54       0.000000   0.000000   0.000000   0.000000   0.000000   0.000000
     55       0.000000   0.000000   0.000000   0.000000   0.000000   0.000000
     56       0.000000   0.000000   0.000000   0.000000   0.000000   0.000000
     57       0.000000   0.000000   0.000000   0.000000   0.000000   0.000000
     58       0.000000   0.000000   0.000000   0.000000   0.000000   0.000000
     59       0.000000   0.000000   0.000000   0.000000   0.000000   0.000000
     60       0.000000   0.000000   0.000000   0.000000   0.000000   0.000000
     61       0.000000   0.000000   0.000000   0.000000   0.000000   0.000000
     62       0.000000   0.000000   0.000000   0.000000   0.000000   0.000000
     63       0.000000   0.000000   0.000000   0.000000   0.000000   0.000000
     64       0.000000   0.000000   0.000000   0.000000   0.000000   0.000000
     65       0.000000   0.000000   0.000000   0.000000   0.000000   0.000000
     66       0.000000   0.000000   0.000000   0.000000   0.000000   0.000000
     67       0.000000   0.000000   0.000000   0.000000   0.000000   0.000000
     68       0.000000   0.000000   0.000000   0.000000   0.000000   0.000000
     69       0.000000   0.000000   0.000000   0.000000   0.000000   0.000000
     70       0.000000   0.000000   0.000000   0.000000   0.000000   0.000000
     71       0.000000   0.000000   0.000000   0.000000   0.000000   0.000000
     72       0.000000   0.000000   0.000000   0.000000   0.000000   0.000000
     73       0.000000   0.000000   0.000000   0.000000   0.000000   0.000000
     74       0.000000   0.000000   0.000000   0.000000   0.000000   0.000000
     75       0.000000   0.000000   0.000000   0.000000   0.000000   0.000000
     76       0.000000   0.000000   0.000000   0.000000   0.000000   0.000000
     77       0.000000   0.000000   0.000000   0.000000   0.000000   0.000000
                  6          7          8          9         10         11    
      0      -0.068525  -0.065734   0.055937   0.049689   0.050863   0.187069
      1      -0.012515  -0.025893   0.002140  -0.030571  -0.025127   0.036826
      2      -0.047944   0.016428  -0.081009  -0.111897  -0.174702   0.017093
      3      -0.010946   0.006678   0.025534  -0.008856   0.032324   0.254978
      4      -0.056860  -0.079832   0.032592   0.033786  -0.004109  -0.035180
      5      -0.005284   0.201987   0.082452   0.131261   0.001421  -0.030687
      6       0.048568   0.070056  -0.010352  -0.089692   0.063743   0.159551
      7      -0.025827  -0.044321   0.009459  -0.014529   0.009008  -0.099765
      8       0.012562  -0.014823   0.033285  -0.163572   0.157748  -0.052548
      9       0.049280  -0.004911  -0.029347   0.017414  -0.025751   0.084168
     10       0.024584   0.094957  -0.036363  -0.004565   0.008734  -0.011374
     11       0.016203  -0.104797  -0.003508  -0.009203   0.021322  -0.066547
     12       0.002001   0.001331  -0.001601   0.001848  -0.012788  -0.072874
     13       0.073236   0.056184  -0.049762  -0.018527   0.014294   0.019252
     14       0.033798  -0.080871  -0.040614   0.071245  -0.010825   0.041101
     15      -0.061827   0.019474   0.045702  -0.025594  -0.041740   0.112829
     16       0.066497   0.094447  -0.002788  -0.029948  -0.036528   0.064944
     17      -0.016045  -0.104772  -0.072565   0.046021   0.026332   0.076037
     18       0.021307   0.087267   0.019723  -0.045375  -0.025259  -0.189762
     19       0.072223  -0.014222  -0.041250   0.014943   0.174917  -0.007460
     20       0.045346  -0.041445  -0.009844   0.045963   0.054020  -0.016625
     21       0.037903   0.056415  -0.085603   0.004639   0.023435  -0.202072
     22      -0.052787  -0.071804   0.156394  -0.013915  -0.023152  -0.015849
     23       0.023338   0.033048   0.165867  -0.056129   0.003854  -0.047822
     24      -0.007146  -0.065153  -0.013974   0.041299  -0.028733  -0.187906
     25      -0.188009  -0.005512  -0.030519   0.028736  -0.016887   0.014635
     26      -0.153246   0.111662  -0.061240  -0.003420   0.022347   0.002251
     27       0.000946  -0.100350  -0.003130   0.051312  -0.035716  -0.157057
     28       0.123003   0.001223  -0.043111   0.023789  -0.095014   0.033692
     29       0.090515  -0.037878  -0.024915   0.062493  -0.104571   0.097074
     30      -0.110069  -0.058618   0.091636   0.050793   0.025842   0.076208
     31      -0.011394  -0.020710   0.069836   0.105595   0.096205   0.008377
     32      -0.081181   0.015230  -0.147315  -0.298891  -0.362741  -0.028604
     33      -0.075405  -0.196298   0.044546   0.130043   0.168201   0.242905
     34      -0.044957  -0.079572  -0.101376  -0.246782  -0.220221   0.028857
     35      -0.060651  -0.020092  -0.120175  -0.180800  -0.230200   0.021135
     36      -0.027362  -0.190342  -0.084106  -0.295482   0.017631   0.281053
     37      -0.108430  -0.083780   0.021750   0.121995  -0.129051  -0.008528
     38       0.003609   0.354151   0.166949   0.362574   0.002292  -0.047433
     39       0.001898   0.200681   0.140428   0.286301   0.057517   0.231132
     40      -0.063755  -0.134626   0.082714   0.044352   0.115931  -0.039494
     41       0.004000   0.340535   0.162171   0.341462   0.015124  -0.049750
     42       0.077866   0.073300  -0.040870  -0.102704   0.060922   0.100263
     43      -0.051942  -0.039559   0.028034   0.071330  -0.041963  -0.033224
     44       0.012929  -0.026894   0.050185  -0.294425   0.254813  -0.082914
     45       0.036396  -0.085270  -0.037729   0.154506  -0.134553   0.048730
     46       0.013602   0.178948  -0.056825   0.005397  -0.000078   0.022578
     47       0.015512  -0.048444  -0.008908  -0.041227   0.049898  -0.045944
     48       0.095085   0.026492  -0.059561   0.005964  -0.022052   0.218312
     49       0.041767   0.127418  -0.051192  -0.016079   0.017578   0.050204
     50       0.018883  -0.224090   0.015005   0.029178  -0.015349  -0.124473
     51      -0.092968  -0.028941   0.069888  -0.000054  -0.021836   0.197847
     52       0.089238   0.133113  -0.020468  -0.050629  -0.055253   0.004254
     53      -0.028924  -0.221066  -0.109752   0.115110   0.143564   0.031376
     54      -0.064847   0.129218   0.041673  -0.138012  -0.187154   0.106456
     55       0.093519   0.153056   0.041311  -0.032558  -0.085578   0.097612
     56      -0.008053  -0.071449  -0.059395   0.032138  -0.008316   0.083360
     57       0.067521   0.156439  -0.047973  -0.064387   0.017021  -0.230899
     58       0.105464  -0.003305  -0.104211   0.027497   0.266318  -0.011676
     59       0.094195  -0.071877  -0.115603   0.094835   0.256355   0.008944
     60      -0.024180   0.091458   0.199769  -0.104877  -0.103119  -0.235201
     61       0.109194  -0.030378  -0.106114   0.045115   0.343603  -0.005024
     62       0.011252  -0.028125   0.055590   0.017768  -0.087862  -0.020456
     63       0.070081   0.088658  -0.344764   0.081369   0.174555  -0.188266
     64      -0.127571  -0.047984   0.093767   0.002087  -0.037875  -0.002097
     65       0.155776  -0.017464   0.336760  -0.102245  -0.002446  -0.076394
     66       0.027495   0.085853   0.027574  -0.051943  -0.028551  -0.202956
     67       0.005346  -0.158392   0.418236  -0.070892  -0.112049  -0.045788
     68       0.001861   0.080957   0.253613  -0.111956  -0.041402  -0.043285
     69      -0.284500  -0.011468  -0.062207   0.034294   0.059652  -0.221805
     70      -0.215199  -0.036519   0.054555   0.011731  -0.010291  -0.002490
     71      -0.387801   0.231041  -0.288328   0.025426   0.102645   0.002306
     72       0.214305  -0.166082   0.052060   0.065817  -0.121189  -0.128155
     73      -0.449534   0.059140  -0.219791   0.072409   0.040547   0.036842
     74      -0.220180   0.158116  -0.049859  -0.032046   0.066350  -0.042644
     75      -0.147122  -0.115536   0.001898   0.063869  -0.022900  -0.168573
     76       0.141661   0.006218  -0.045344   0.019803  -0.090631   0.033760
     77       0.273687  -0.090463  -0.013427   0.091191  -0.211622   0.096306
                 12         13         14         15         16         17    
      0       0.006532   0.006753  -0.127507  -0.075862   0.016867  -0.000411
      1       0.051269   0.028824   0.125536   0.072029  -0.225648   0.042502
      2       0.067956  -0.004113  -0.013058  -0.016097   0.035891  -0.019548
      3       0.027130   0.019792   0.023323  -0.003870  -0.171601   0.018075
      4       0.042991   0.038657   0.035577   0.030267  -0.000754  -0.005710
      5       0.040620   0.034676   0.027609   0.007887  -0.001863   0.000304
      6      -0.035003   0.088512   0.136154   0.102576   0.054074  -0.035962
      7      -0.002156   0.064799   0.091809   0.082169   0.217856  -0.062779
      8      -0.033786   0.048971  -0.047527   0.010930  -0.038071   0.002297
      9       0.027194  -0.005887   0.171629   0.012170   0.141063   0.013055
     10      -0.214062   0.015287  -0.055550   0.018090   0.101383   0.045108
     11       0.015888  -0.095371   0.046500  -0.104472   0.084490   0.069348
     12      -0.015996  -0.006115  -0.004380   0.015723   0.100669   0.035723
     13      -0.028737  -0.016713   0.038354  -0.159437   0.014400   0.055693
     14      -0.098648  -0.088151   0.046938   0.021741  -0.017698  -0.044046
     15       0.021072  -0.104782  -0.138833  -0.018145   0.094859  -0.005153
     16      -0.034230  -0.199488   0.054533  -0.047599  -0.099540   0.005803
     17      -0.076137   0.049280   0.045122  -0.172116  -0.017689  -0.017220
     18       0.020405   0.050748  -0.024809  -0.103077  -0.019190  -0.061058
     19       0.135446  -0.059372  -0.074187   0.023534   0.045261   0.023364
     20      -0.015848  -0.069837   0.008141   0.091532  -0.113308  -0.134520
     21       0.031371   0.015933  -0.039119  -0.064797  -0.092957  -0.143966
     22      -0.009691  -0.000176  -0.015072  -0.013729  -0.019280  -0.126772
     23       0.021905  -0.007943  -0.007405  -0.008056  -0.018125   0.056031
     24      -0.045296  -0.028401  -0.002820   0.065183  -0.092504   0.104361
     25      -0.001592   0.025501  -0.029679  -0.001198  -0.012421  -0.082978
     26       0.027040   0.010225  -0.017082   0.019476   0.015531   0.083428
     27      -0.045757  -0.030004  -0.003333   0.073924  -0.048923   0.099529
     28       0.063556   0.129376  -0.118022  -0.067245  -0.026435   0.055656
     29      -0.003260   0.058945  -0.102684   0.122677   0.068131  -0.053232
     30       0.060704   0.057931  -0.160976   0.041929   0.137726  -0.003233
     31      -0.010457   0.044564   0.086483  -0.018595  -0.064452  -0.016231
     32       0.195499   0.012307   0.017071   0.199399  -0.099683   0.060414
     33      -0.084083   0.057375  -0.135123  -0.253742   0.083053  -0.051065
     34       0.152414   0.030071   0.148117   0.232107  -0.375007   0.118221
     35       0.091988   0.003099  -0.005226   0.020386  -0.011953   0.002121
     36      -0.028976  -0.030102  -0.119974  -0.046972  -0.148132   0.006877
     37       0.093956  -0.023883  -0.031576  -0.050553   0.063873  -0.018788
     38       0.089916   0.069117   0.134927   0.034653  -0.022647   0.011306
     39       0.076180   0.074066   0.151152   0.032004  -0.193249   0.030160
     40       0.002071   0.032599  -0.063840  -0.023822  -0.078025   0.031553
     41       0.077099   0.073443   0.122665   0.033987  -0.008903   0.006434
     42      -0.093266   0.062961   0.143188   0.080553   0.207461  -0.017470
     43       0.042671   0.022132   0.058474   0.027871   0.015220   0.013461
     44      -0.019655   0.172911   0.012732   0.153887   0.110227  -0.178086
     45       0.106392  -0.078348   0.295711  -0.003017   0.294149  -0.017496
     46      -0.506018   0.059662  -0.304160   0.240647  -0.080059   0.097473
     47      -0.121812  -0.057373  -0.086881  -0.012023  -0.027268   0.099575
     48       0.028886  -0.053965   0.221185  -0.128578   0.063891   0.056853
     49      -0.270693   0.004829  -0.085843  -0.004033   0.032414   0.077053
     50       0.343459  -0.151567   0.336764  -0.302563   0.319465  -0.010389
     51       0.072344  -0.028790  -0.129029   0.041011  -0.065406  -0.003736
     52      -0.071400  -0.268020   0.043748  -0.087063   0.021898  -0.002338
     53      -0.086879   0.447978   0.166647  -0.301597  -0.181046   0.188256
     54       0.074303  -0.294502  -0.251225   0.003506   0.290423  -0.107852
     55      -0.052563  -0.518604  -0.006058   0.116639  -0.049877  -0.147794
     56      -0.075335  -0.074760   0.014612  -0.119978   0.019389  -0.076564
     57       0.051146   0.060092  -0.019798  -0.204717  -0.043806   0.085265
     58       0.222390  -0.088029  -0.132183   0.086737   0.089857   0.152688
     59       0.182619  -0.153794  -0.145150   0.344236   0.023896   0.072956
     60       0.016194   0.093694  -0.027353  -0.136413  -0.064301  -0.169729
     61       0.321752  -0.121823  -0.216826   0.234913   0.135049   0.168270
     62      -0.164637  -0.016793   0.122653  -0.080936  -0.187351  -0.257877
     63       0.124392  -0.039551  -0.095350  -0.007015  -0.176008  -0.455032
     64      -0.022667   0.017019  -0.016145  -0.014964  -0.027495  -0.185797
     65       0.024717  -0.028232   0.007711  -0.019262   0.016136   0.237331
     66       0.025816   0.059894  -0.032219  -0.130021  -0.000896   0.005064
     67      -0.079585  -0.006001   0.038248  -0.010012   0.020489   0.222955
     68       0.026914   0.043152  -0.008078  -0.082973   0.082067   0.174288
     69      -0.067631  -0.096899   0.074600   0.093778  -0.097871   0.213501
     70      -0.023435  -0.002697  -0.003219   0.011921  -0.016310  -0.122529
     71       0.044901  -0.007353   0.010941   0.023358   0.018642   0.268240
     72      -0.051858   0.012636  -0.060914   0.099143  -0.045708   0.034298
     73      -0.016270  -0.009124   0.009784   0.064616   0.022525   0.145263
     74       0.036152  -0.006547   0.009620  -0.022013  -0.024156   0.070721
     75      -0.051139  -0.050374  -0.001348   0.123479  -0.041299  -0.020572
     76       0.062972   0.124735  -0.108202  -0.083848  -0.027437   0.077780
     77       0.075081   0.215214  -0.253350   0.182606  -0.054044   0.113211
                 18         19         20         21         22         23    
      0      -0.001171   0.061329   0.042800  -0.018748   0.002075  -0.031133
      1       0.069452  -0.068967  -0.073099  -0.158479  -0.004555  -0.011283
      2      -0.054562  -0.009754  -0.050810   0.032835   0.046121   0.002745
      3       0.016918   0.006072   0.046567   0.247414   0.006819   0.054715
      4      -0.003107  -0.000451  -0.062054   0.052055   0.047544  -0.021607
      5       0.001236   0.000830  -0.040983   0.002917   0.076132   0.002375
      6      -0.059093   0.001900  -0.015761  -0.012761  -0.001431   0.000482
      7      -0.101585   0.015701   0.063261   0.076541  -0.043976   0.033886
      8       0.020365  -0.006721  -0.030124  -0.010757   0.030663  -0.021544
      9       0.069850   0.049019  -0.106285  -0.040358   0.020900  -0.026964
     10       0.084733   0.081638   0.015794   0.012868   0.008212   0.010931
     11       0.176413   0.088961  -0.028142   0.070713  -0.053714   0.032903
     12       0.075043  -0.051192  -0.010253  -0.034051  -0.021828   0.017243
     13      -0.009376   0.041706   0.104325  -0.024335   0.091649  -0.016857
     14       0.033757   0.006674   0.002108   0.029512  -0.047881  -0.042663
     15       0.004178   0.031185   0.042732  -0.183159  -0.038232  -0.000867
     16      -0.064907  -0.124080   0.029616  -0.044492  -0.025449   0.029177
     17      -0.114363  -0.146994  -0.027954  -0.029739  -0.085222   0.013921
     18       0.052232  -0.098279  -0.017053   0.032442  -0.032163  -0.045171
     19       0.027083  -0.047186   0.019134   0.001956   0.036334   0.014954
     20      -0.057640   0.215296   0.019815  -0.036203   0.027523  -0.074025
     21       0.031720  -0.009671  -0.014142   0.036378  -0.034606  -0.061920
     22       0.054358  -0.010005  -0.007308  -0.008187  -0.005508   0.004901
     23      -0.043514   0.053847  -0.003719  -0.018526   0.002923   0.092031
     24      -0.098637   0.002424   0.053074   0.001777   0.077240   0.000318
     25       0.033270  -0.015184  -0.012548   0.006953  -0.025371   0.017495
     26      -0.031218   0.006265   0.007361  -0.018702   0.016156   0.081924
     27      -0.065140  -0.000268  -0.001630  -0.011489  -0.004821   0.072555
     28      -0.084820   0.143717  -0.029020   0.001788  -0.031544  -0.010377
     29       0.083629  -0.220795   0.080874  -0.000242   0.091463  -0.027317
     30       0.098405   0.219845  -0.000468  -0.103592   0.143744  -0.129685
     31      -0.099077  -0.159624  -0.342713  -0.244289   0.204259  -0.021748
     32       0.255401   0.231254   0.287442   0.075708  -0.139357  -0.058916
     33      -0.206573  -0.097494  -0.151020   0.028929  -0.007193  -0.037257
     34       0.333386   0.121312   0.293304  -0.073973  -0.290265  -0.056139
     35       0.017764   0.040478   0.060811   0.073717  -0.060759  -0.014360
     36      -0.026710  -0.007484  -0.150508   0.281395   0.332237   0.074692
     37      -0.055458   0.010555  -0.037294   0.143866   0.103663  -0.003673
     38       0.038665   0.014670   0.107316  -0.016685  -0.167468  -0.015194
     39       0.063321   0.027896   0.246560   0.214303  -0.321178   0.024521
     40       0.076984   0.031819   0.014330   0.101783  -0.015709  -0.047697
     41       0.028881   0.014462   0.099467  -0.025441  -0.155025  -0.017935
     42      -0.002707   0.060342  -0.003642  -0.122767  -0.061741  -0.008311
     43       0.040381   0.029584  -0.126751   0.276953   0.139873   0.057866
     44      -0.350452  -0.125463   0.334888  -0.196124  -0.241666  -0.043920
     45       0.068856   0.086514  -0.073979  -0.019111  -0.042591  -0.010026
     46       0.244169   0.050294  -0.230599   0.120456  -0.162993   0.034768
     47       0.244052   0.067049  -0.140976   0.101635  -0.103600   0.033111
     48       0.086150   0.121368  -0.056544  -0.154772   0.131206  -0.096146
     49       0.123265   0.106165  -0.007173  -0.014611   0.027909  -0.012224
     50      -0.010165   0.137173   0.231196  -0.012342   0.075473   0.017333
     51       0.042550   0.061507  -0.015072  -0.362664  -0.065513  -0.009562
     52      -0.104469  -0.151212   0.061909   0.091997  -0.010739   0.032873
     53       0.188946  -0.125556   0.235306  -0.382800  -0.008054   0.084344
     54      -0.212962   0.029086  -0.137701   0.008420  -0.009940  -0.018448
     55      -0.226877  -0.135759  -0.140791   0.220666  -0.129659  -0.045510
     56      -0.191793  -0.153195  -0.104126   0.077349  -0.115839  -0.009769
     57      -0.027276  -0.126805   0.050455   0.084687   0.030682  -0.061483
     58       0.016924  -0.148735  -0.006249   0.042482  -0.030842  -0.007932
     59      -0.016194  -0.010045  -0.103754   0.017899  -0.199385  -0.116434
     60       0.064726  -0.046157  -0.034887  -0.021143   0.023185   0.072461
     61       0.049717  -0.237745  -0.087828   0.047763  -0.139973   0.002910
     62      -0.074887   0.374001   0.104524  -0.078043   0.172607  -0.054821
     63       0.086520   0.215981  -0.005399  -0.118091   0.073937   0.328857
     64       0.076359  -0.005057  -0.015734  -0.038140  -0.011759   0.153540
     65      -0.096974  -0.008863   0.012369   0.074039  -0.008565  -0.277564
     66       0.062693  -0.215653  -0.052474   0.127167  -0.146993  -0.167308
     67      -0.069268  -0.126739   0.040298   0.125831  -0.006092  -0.527827
     68       0.010350  -0.159694  -0.057106   0.063953  -0.128607   0.053418
     69      -0.154083   0.020286   0.029998   0.013547   0.046631  -0.139709
     70       0.056297  -0.030694  -0.020569  -0.022686  -0.032193   0.152176
     71      -0.127006   0.047596   0.008997   0.056980   0.009163  -0.351935
     72      -0.024285  -0.108515   0.088606  -0.029522   0.121324   0.191951
     73      -0.056511  -0.049579   0.003364   0.061528  -0.015591  -0.354876
     74      -0.057552   0.090109  -0.022402  -0.014912  -0.018315   0.069345
     75       0.018757  -0.154789   0.061602   0.013358   0.074939   0.087958
     76      -0.097490   0.178504  -0.038452  -0.001772  -0.044380  -0.013379
     77      -0.232994   0.164179  -0.301594  -0.053018  -0.393613   0.080925
                 24         25         26         27         28         29    
      0       0.026148  -0.016585  -0.040569  -0.014570  -0.003444   0.101788
      1      -0.012021  -0.006525   0.116206   0.059970   0.002989   0.036486
      2      -0.011167  -0.002721   0.013271   0.000503   0.014666   0.008290
      3      -0.054823   0.035800   0.021110   0.024419   0.012561  -0.028413
      4       0.071308  -0.030181  -0.077894  -0.060040  -0.015111  -0.033617
      5      -0.057664   0.026200  -0.050956   0.015345   0.020307   0.060781
      6      -0.008644  -0.007255   0.049453   0.011830  -0.013390   0.010676
      7      -0.054473   0.028019   0.015396   0.025145   0.040949  -0.019294
      8       0.048039  -0.015626  -0.054197  -0.047386  -0.053265  -0.064925
      9       0.060409  -0.026052  -0.076546  -0.051359   0.022360  -0.028665
     10      -0.040561   0.020855   0.071925   0.012497  -0.108405   0.032423
     11      -0.040785   0.009181   0.119238   0.044369   0.046599  -0.001797
     12       0.002967   0.021183  -0.109629  -0.041729   0.054569  -0.072824
     13       0.035414  -0.025218  -0.024614  -0.009889  -0.014880   0.017366
     14       0.021082  -0.001108  -0.056809   0.026802   0.042597   0.104409
     15      -0.048236   0.021604   0.017409   0.016181   0.014081  -0.079626
     16      -0.059400   0.026902  -0.101533  -0.046364   0.025199  -0.027500
     17       0.034805  -0.006184   0.030948  -0.009837  -0.022147  -0.049324
     18      -0.013849  -0.005338  -0.050234   0.088178  -0.039685  -0.023336
     19       0.103751   0.080480   0.019153   0.075231   0.043212   0.019448
     20      -0.059251  -0.033894  -0.042275   0.036676  -0.016256  -0.082842
     21      -0.039344   0.011382   0.071330  -0.101825   0.017235   0.064203
     22       0.006535   0.079605   0.043569  -0.117808   0.009013   0.009303
     23       0.014266  -0.037904  -0.009352   0.055871  -0.006763  -0.001196
     24       0.002334  -0.005954   0.102879  -0.090971  -0.006864  -0.000193
     25      -0.040881  -0.089143  -0.050963   0.084221  -0.039573   0.010743
     26       0.024130  -0.000670   0.040345  -0.123617   0.020797   0.035688
     27       0.027501  -0.000680  -0.053072   0.071920  -0.012354   0.024327
     28      -0.014945  -0.058315   0.020360  -0.003144   0.062819  -0.030341
     29       0.016548   0.007936   0.043582   0.012573  -0.016446  -0.026766
     30       0.101290  -0.063207  -0.150430  -0.012149  -0.008535   0.394804
     31      -0.082251  -0.017720   0.203131   0.110956   0.053786   0.113234
     32       0.145427  -0.023265  -0.191204  -0.069307  -0.059607   0.124658
     33       0.169284  -0.118959   0.218763  -0.023523  -0.095301  -0.023361
     34       0.213638  -0.052736  -0.037642  -0.057833  -0.114153   0.006756
     35       0.089782  -0.032093  -0.012912  -0.043054  -0.039439  -0.016432
     36      -0.289976   0.134061  -0.150762   0.077258   0.085840   0.171020
     37       0.006743  -0.006147  -0.206473  -0.073403   0.096783   0.072939
     38       0.127298  -0.051435   0.068408  -0.032203  -0.035520  -0.088095
     39       0.205967  -0.076880   0.183186  -0.043501  -0.067951  -0.215588
     40       0.197982  -0.064491  -0.161985  -0.152889  -0.119645  -0.110884
     41       0.120824  -0.051178   0.064571  -0.029115  -0.031424  -0.067834
     42      -0.011775  -0.016894   0.142086   0.028962  -0.039377   0.049494
     43      -0.063562   0.059833  -0.041977  -0.039431  -0.113287  -0.274725
     44       0.055038  -0.055599  -0.080989   0.065597   0.313710   0.382661
     45      -0.015892  -0.005655  -0.034137   0.019374   0.094135   0.077260
     46       0.084133  -0.045240  -0.013989   0.038362   0.355193  -0.047425
     47       0.038048  -0.025652   0.064112   0.028320   0.204356  -0.067279
     48       0.108243  -0.054227  -0.072810  -0.130656  -0.251291   0.101086
     49       0.004074  -0.002653   0.062568  -0.018363  -0.144798   0.066084
     50      -0.207501   0.101654   0.202936   0.058799  -0.393689   0.125253
     51      -0.139164   0.053291   0.223351   0.166165   0.058774  -0.011544
     52       0.019796  -0.001601  -0.241534  -0.154369  -0.010974  -0.076511
     53      -0.332209   0.153013  -0.327417  -0.095440   0.119232  -0.136673
     54       0.143049  -0.096430   0.316456   0.024372  -0.093890  -0.238836
     55       0.217258  -0.055583   0.059030   0.051025  -0.051488   0.213127
     56       0.141913  -0.044887   0.115132   0.020713  -0.057823   0.002816
     57       0.026271  -0.186298  -0.078498   0.401392  -0.144903   0.050354
     58      -0.029869  -0.071493  -0.014661   0.068072  -0.051874   0.047470
     59      -0.440534  -0.274942  -0.120517  -0.236258  -0.173108  -0.088732
     60       0.112283   0.180531   0.013981   0.215030   0.019556  -0.195237
     61      -0.200212  -0.113261  -0.005517  -0.118845  -0.095071  -0.008434
     62       0.191643   0.133294  -0.020768   0.201264   0.096240  -0.073987
     63       0.156874   0.168110   0.081599   0.033327   0.051671  -0.067746
     64      -0.011146   0.010604   0.013970  -0.196584  -0.055043   0.052944
     65       0.003717   0.055143   0.048809   0.164408   0.107865  -0.045764
     66      -0.087526  -0.059059   0.014674  -0.066119   0.013153   0.242795
     67      -0.123955   0.072665   0.166092  -0.219935   0.076421  -0.018895
     68      -0.023917  -0.122715  -0.102125   0.123327  -0.024046   0.203333
     69       0.038536   0.209305   0.030792   0.052473  -0.085220  -0.038790
     70      -0.040332  -0.105767  -0.104637   0.079214  -0.133521   0.059528
     71       0.057365   0.246039   0.081168   0.042949   0.138235  -0.114112
     72       0.010190  -0.172410   0.051243  -0.031746  -0.039225   0.033971
     73       0.013657   0.171318  -0.126752   0.423422  -0.043061  -0.152661
     74       0.007149   0.037447   0.092730  -0.258444   0.041851   0.065408
     75      -0.022381  -0.214447   0.026373   0.171189   0.016516  -0.016933
     76      -0.005647  -0.033260   0.002982  -0.019131   0.071247  -0.023196
     77       0.017190   0.623270  -0.263606  -0.007263  -0.427338   0.187023
                 30         31         32         33         34         35    
      0       0.032799   0.088601  -0.085403   0.000083  -0.015776  -0.062297
      1       0.013972  -0.009321   0.001274   0.078071   0.040728   0.005499
      2       0.080576  -0.041285  -0.028399   0.034389  -0.055180  -0.048676
      3       0.016517  -0.064863   0.048679   0.013724   0.047522   0.006996
      4       0.009909  -0.047269   0.014210  -0.046292  -0.030765   0.054584
      5      -0.037631   0.038293   0.009924  -0.023683   0.062787   0.020974
      6      -0.029578   0.051477  -0.047226   0.026165  -0.082325   0.048685
      7      -0.027717   0.036081   0.013783  -0.012506  -0.021947  -0.016936
      8      -0.046213  -0.006531   0.007053  -0.021378   0.001816  -0.043360
      9       0.020229  -0.007386   0.035805  -0.109429   0.022822  -0.055719
     10       0.010350  -0.036995  -0.026632  -0.012240   0.088695  -0.057658
     11       0.068750   0.029168  -0.021679  -0.006326  -0.057360   0.012763
     12      -0.007289  -0.028204  -0.014932   0.204994   0.090388   0.056394
     13       0.009460  -0.044913   0.048915   0.071671  -0.049439   0.116867
     14      -0.067551  -0.008034   0.062536   0.031063   0.003479   0.089051
     15      -0.067715  -0.033085   0.070526  -0.035585  -0.026378   0.045562
     16       0.032140   0.038454  -0.067473  -0.053149  -0.053465  -0.080762
     17      -0.055439   0.046311   0.004718  -0.036280   0.065593   0.025866
     18       0.059781   0.071422   0.054668   0.038644   0.049656   0.004842
     19      -0.035852  -0.002946   0.032343   0.016090  -0.029954  -0.071623
     20       0.037036   0.003109   0.020629   0.064769  -0.007583  -0.050987
     21      -0.062427  -0.073991  -0.035754  -0.040057  -0.062576  -0.023329
     22       0.022624   0.015436   0.002741   0.018370   0.029652   0.058243
     23      -0.000821  -0.020464  -0.066214  -0.075258  -0.004212   0.093678
     24       0.041505   0.073631   0.029520  -0.098073  -0.024769   0.065535
     25      -0.013012  -0.015822   0.005914  -0.028254  -0.046996  -0.040345
     26      -0.016831   0.020932   0.068005   0.068187   0.009502  -0.102734
     27      -0.036093  -0.067512  -0.031647   0.063143   0.015425  -0.063598
     28      -0.035226   0.020257  -0.026033  -0.006069   0.059292   0.013464
     29       0.014410  -0.009267  -0.023362  -0.023683  -0.011297   0.017969
     30      -0.004341   0.279741  -0.232414   0.212344  -0.097738   0.136511
     31       0.133478  -0.070464  -0.052424   0.256521  -0.068613   0.042058
     32      -0.113528   0.191682  -0.068697  -0.048703   0.036709   0.051928
     33       0.241384  -0.022741  -0.197003   0.253359  -0.084567  -0.153883
     34      -0.135494   0.164691  -0.054508  -0.027481   0.133736   0.011418
     35       0.048519   0.010981  -0.060133   0.023881  -0.027749  -0.054583
     36      -0.080332   0.025743   0.079603  -0.064056   0.216527   0.067253
     37       0.191309  -0.155930   0.051039  -0.221742  -0.006991  -0.048440
     38       0.049736  -0.040393  -0.015089   0.022460  -0.069575  -0.032848
     39       0.143108  -0.162130  -0.001996   0.078793  -0.135115  -0.058837
     40      -0.002999  -0.095615   0.025655  -0.119410   0.135615  -0.036738
     41       0.051838  -0.027042  -0.025599   0.023859  -0.068174  -0.026768
     42       0.038683   0.098678  -0.133960   0.019135  -0.100281  -0.022174
     43      -0.335942   0.153097   0.010171   0.043820  -0.162073   0.010666
     44       0.459747  -0.316461   0.165791  -0.120724   0.311012   0.028170
     45       0.033716   0.019028   0.045979  -0.158811   0.177570  -0.136407
     46       0.123738   0.083739   0.069277  -0.127195  -0.135839  -0.002573
     47       0.109944   0.064725   0.017039  -0.050095  -0.182645   0.043667
     48       0.132069  -0.275233   0.099534  -0.338939   0.103867  -0.057774
     49       0.083420  -0.130191   0.013812  -0.127507   0.071076  -0.044244
     50      -0.077797  -0.054322  -0.101581   0.112997   0.232843  -0.095312
     51      -0.191372  -0.021245   0.267505  -0.349868   0.030285  -0.071797
     52       0.118153   0.033023  -0.211014   0.184411  -0.082018   0.011000
     53       0.040552  -0.001572  -0.069224  -0.104058  -0.199743  -0.093126
     54       0.052927  -0.221249   0.116693   0.166182  -0.009223   0.164797
     55      -0.167037   0.228597  -0.012451  -0.055657   0.239226  -0.001666
     56      -0.101026   0.081479   0.025796  -0.010938   0.156924   0.064109
     57       0.153860   0.332416   0.458215  -0.023649  -0.194666  -0.006770
     58       0.038969   0.083100   0.128335  -0.013648  -0.056628   0.024794
     59       0.155137   0.001755  -0.076498   0.057683   0.140005   0.206643
     60       0.173903   0.188109  -0.175907  -0.188075   0.275465  -0.173929
     61       0.111771   0.071500  -0.069688  -0.104374   0.112595   0.078575
     62      -0.071373  -0.048178   0.088029   0.150740  -0.105397  -0.176680
     63       0.040128  -0.031209  -0.283877  -0.243476   0.096447   0.196464
     64       0.069993   0.077554   0.121835   0.075427   0.008022   0.163756
     65      -0.118225  -0.147396  -0.223732  -0.132741  -0.007643  -0.160931
     66      -0.257405  -0.295463  -0.062768  -0.016738  -0.218153  -0.018009
     67      -0.015094   0.075496   0.168365   0.102395  -0.018394  -0.345329
     68      -0.217496  -0.285521  -0.124866  -0.057179  -0.172533   0.163380
     69       0.136526   0.027748  -0.064793  -0.179215  -0.074619   0.434023
     70       0.037816  -0.013881   0.071700  -0.027513  -0.138887   0.083988
     71      -0.021918  -0.027478  -0.170383  -0.025009   0.149135   0.030661
     72       0.004224   0.054520   0.091197  -0.034016  -0.063891  -0.202475
     73       0.062952  -0.078257  -0.217186  -0.133687   0.002037   0.218748
     74      -0.017461   0.046265   0.092186   0.061044   0.018886  -0.011771
     75      -0.102507  -0.085184  -0.138610  -0.067755   0.043870  -0.342368
     76      -0.031317   0.022473  -0.007244   0.026307   0.062378   0.063280
     77       0.168892  -0.039628   0.183524   0.045392  -0.283173  -0.059571
                 36         37         38         39         40         41    
      0      -0.066511  -0.020238   0.022979  -0.008889  -0.045629  -0.032918
      1      -0.076414   0.004343   0.014795   0.006794   0.003542   0.009424
      2      -0.015639  -0.072073  -0.105218  -0.014426  -0.033897   0.006005
      3      -0.039507  -0.008049  -0.014176   0.021036   0.013065   0.031801
      4       0.215656   0.065361  -0.030056  -0.009687   0.004624   0.004404
      5      -0.011594   0.074595   0.101404  -0.034672   0.030489  -0.030395
      6       0.173024   0.036877  -0.019777  -0.019591   0.003473  -0.024199
      7      -0.117864  -0.053719   0.048155   0.038509   0.013618  -0.006355
      8      -0.070674  -0.069350  -0.055722  -0.001249  -0.020749   0.010208
      9      -0.139517  -0.026916   0.051753  -0.004015  -0.016671   0.001081
     10       0.009681   0.014391  -0.057977  -0.031869  -0.026686   0.025557
     11       0.069529   0.059363   0.063621   0.026542  -0.011182  -0.007566
     12      -0.050647   0.098861  -0.078040   0.012017  -0.070074   0.053664
     13      -0.035639  -0.039003   0.115314   0.041789   0.009224  -0.069139
     14       0.032664  -0.115814  -0.203632  -0.041604   0.085861  -0.020898
     15       0.056315   0.010089  -0.015422   0.013365   0.042719   0.037082
     16       0.000170  -0.018041  -0.010169  -0.031638  -0.007981  -0.010396
     17       0.014423   0.071906   0.077871   0.042732  -0.005522   0.025323
     18       0.037716  -0.029726  -0.039752   0.026876  -0.010025  -0.068735
     19      -0.004511   0.060027  -0.056867  -0.007814  -0.015806   0.004421
     20      -0.005898   0.049606   0.048303   0.010610  -0.033350  -0.024262
     21      -0.014611   0.015757   0.064045  -0.008346   0.007988   0.049162
     22       0.034370  -0.090446   0.043351  -0.014755  -0.003043  -0.045382
     23      -0.038503  -0.007984   0.002488  -0.013853  -0.005193   0.046915
     24      -0.086198   0.087003  -0.135362  -0.001279   0.005369  -0.000848
     25      -0.041528   0.090777  -0.055010   0.017900   0.033849   0.044843
     26       0.044748   0.008353   0.000131   0.029419   0.025315  -0.045172
     27       0.095319  -0.120877   0.139710  -0.007218  -0.002075  -0.017016
     28       0.024688  -0.024147  -0.042019  -0.016747  -0.014382   0.021228
     29      -0.006538  -0.011591   0.066364  -0.009142  -0.026811   0.024076
     30      -0.025374  -0.088105  -0.021667   0.289059   0.195494   0.249727
     31      -0.077503  -0.116424  -0.165317   0.111345   0.072959   0.146735
     32       0.017837   0.049345   0.110154   0.069160   0.052162   0.035461
     33      -0.317323  -0.071073   0.046396  -0.282402   0.105288  -0.185728
     34      -0.106747   0.181218   0.290765  -0.109864   0.078591  -0.112896
     35      -0.053376  -0.012612   0.001939  -0.089687   0.012791  -0.058163
     36       0.006613   0.200919   0.216567  -0.072732   0.069195  -0.042061
     37       0.390657   0.068718  -0.101434   0.097490  -0.379969  -0.070999
     38      -0.017812  -0.083679  -0.090478   0.037696  -0.040326   0.021081
     39      -0.002895  -0.183599  -0.255690   0.072908  -0.063595   0.080039
     40       0.084764   0.199782   0.048531  -0.391973   0.133778  -0.078676
     41       0.002887  -0.057428  -0.069037   0.012485  -0.026735   0.005677
     42       0.286616   0.157076   0.005486  -0.106381  -0.129863  -0.076404
     43      -0.244235  -0.254078  -0.025237   0.107890   0.090581   0.009947
     44      -0.021900   0.134244   0.074512   0.015495   0.066758   0.066226
     45      -0.172153   0.007649  -0.097476  -0.335951   0.148370   0.045210
     46      -0.100392   0.009192   0.148705  -0.053807   0.084473  -0.018213
     47       0.021568   0.036595   0.175452   0.109725  -0.015658  -0.033240
     48       0.056646  -0.155212   0.072085   0.376864   0.144407   0.099342
     49       0.077910  -0.036231   0.008706   0.149493   0.043979   0.053281
     50       0.103498   0.048345  -0.260289  -0.155854  -0.030206   0.055318
     51       0.028508  -0.218272  -0.087272  -0.013065  -0.292305  -0.221273
     52       0.014700   0.158105   0.049336  -0.007083   0.234042   0.179907
     53       0.084688  -0.063733  -0.153810  -0.052881   0.068532   0.057084
     54      -0.091347   0.132717   0.256663  -0.130037   0.324389  -0.095332
     55       0.030821   0.015304  -0.056769   0.198493  -0.310316   0.086495
     56       0.006942   0.096915   0.093586   0.093507  -0.060097   0.041288
     57       0.144027  -0.214163   0.153949  -0.250943   0.021270   0.283564
     58       0.036575  -0.071296   0.024408  -0.073651   0.010972   0.076339
     59       0.007452  -0.118492   0.091982   0.083934   0.000515  -0.136231
     60       0.197215  -0.077787  -0.251855   0.131869   0.271807  -0.138318
     61       0.074128  -0.148374  -0.016850   0.034840   0.113407  -0.060895
     62      -0.059395   0.211263   0.004421  -0.014669  -0.120453   0.016889
     63       0.006839  -0.114415  -0.023241   0.009481   0.134827   0.070849
     64       0.010960  -0.150223   0.091005  -0.067973  -0.119709  -0.103613
     65       0.003491   0.131371  -0.062178   0.078973   0.183688   0.146240
     66      -0.149389   0.122608  -0.025805  -0.024027  -0.077409  -0.183993
     67       0.151558   0.038805   0.117900   0.038832   0.095768   0.173268
     68      -0.212909   0.096977  -0.113098  -0.038839  -0.121742  -0.254902
     69      -0.200205  -0.053200   0.105172  -0.132027  -0.220082   0.162260
     70      -0.152186   0.133789   0.035876  -0.029911  -0.092721   0.172075
     71       0.145003  -0.212143   0.042142  -0.005616   0.057645  -0.133751
     72      -0.100120   0.327019  -0.287727   0.222974   0.182381  -0.417125
     73      -0.118151   0.046206  -0.028277   0.063717  -0.000027  -0.218889
     74       0.081178  -0.137119   0.096794  -0.122612  -0.073077   0.281034
     75       0.213478  -0.115574   0.243408   0.012043   0.039326   0.104435
     76       0.009026  -0.034025  -0.070270  -0.021350  -0.018065  -0.008382
     77      -0.105448   0.195212   0.089146   0.066986   0.081260   0.009964
                 42         43         44         45         46         47    
      0      -0.026355  -0.035151  -0.011462   0.003386   0.038993  -0.046868
      1      -0.008166  -0.018134  -0.020367   0.018392   0.002191  -0.012507
      2       0.000057   0.036880   0.021133  -0.054168   0.017174  -0.029219
      3       0.019467   0.029724   0.000150   0.009491  -0.016032   0.010032
      4       0.013988   0.009915   0.003541  -0.003867   0.056113  -0.041257
      5      -0.009916  -0.044186  -0.005157  -0.023013   0.003250   0.001318
      6      -0.008748  -0.013947   0.010006  -0.005763   0.021418  -0.006744
      7       0.003264  -0.030264  -0.001895  -0.034506  -0.016645   0.009644
      8      -0.007672   0.006232  -0.016714   0.060015   0.013463  -0.002642
      9      -0.010937   0.026227   0.000657   0.021310  -0.064693   0.037942
     10       0.007674   0.020365  -0.016962   0.024217  -0.021602   0.017179
     11       0.014813  -0.005297   0.005269  -0.024032   0.001595  -0.005705
     12      -0.062756  -0.017810  -0.026711  -0.051813  -0.022802  -0.043140
     13      -0.080834   0.046009   0.082227   0.033650   0.011040  -0.053108
     14      -0.043469  -0.069046   0.015556   0.000486  -0.012614   0.041001
     15       0.036848   0.007642  -0.021765   0.000485   0.033033  -0.018735
     16       0.014081   0.002469   0.007976  -0.009172  -0.031043   0.041851
     17       0.023821   0.028781  -0.005603   0.029094  -0.021830   0.007766
     18       0.039287  -0.012105   0.047512  -0.003706   0.070888   0.110466
     19       0.057782  -0.030372   0.011602  -0.003387   0.020678   0.049760
     20       0.057623   0.001438  -0.001352   0.006107  -0.024175  -0.040727
     21      -0.039491   0.019387  -0.006443   0.002259   0.025938   0.017696
     22       0.006845   0.034767  -0.075729  -0.011789  -0.025334  -0.033814
     23      -0.054143   0.023115  -0.032186  -0.019404   0.051255   0.086644
     24       0.018976  -0.021278  -0.011259  -0.003594  -0.030298   0.001913
     25      -0.064411  -0.012220   0.021271  -0.002689  -0.020363  -0.004007
     26      -0.008812   0.015477   0.014541   0.008046   0.014704  -0.021951
     27       0.005078   0.008035   0.017409   0.009995   0.002371  -0.015373
     28       0.037610  -0.024213  -0.005888  -0.005379   0.004500   0.014161
     29       0.011076  -0.002401   0.014556   0.003791  -0.001262  -0.010925
     30       0.243420   0.325067   0.097218   0.106320  -0.282552   0.270179
     31       0.105591   0.165949   0.037622   0.012510  -0.102026   0.089534
     32       0.049479   0.055827   0.019218   0.035320  -0.084405   0.071690
     33      -0.134763  -0.291892  -0.030106  -0.157402   0.071923   0.055282
     34      -0.067501  -0.225571  -0.073786   0.055100   0.030825   0.054194
     35      -0.035033  -0.067747   0.002082  -0.064120   0.030343   0.006259
     36      -0.007912  -0.049974  -0.003223  -0.020868  -0.039596   0.043744
     37      -0.254566  -0.210300  -0.176795   0.476715  -0.227333   0.234158
     38      -0.005668   0.009555  -0.012052   0.036416   0.004126  -0.006100
     39       0.033715   0.126724   0.025404   0.041176  -0.047156   0.028413
     40       0.075284   0.321768   0.285053  -0.472862  -0.280141   0.128100
     41      -0.002643   0.013091   0.003678   0.010009  -0.005645   0.005578
     42      -0.061393   0.016363   0.022972  -0.024221  -0.152460   0.068006
     43       0.021324  -0.075761  -0.017714   0.003082   0.118063  -0.044789
     44       0.055996   0.043183  -0.001262  -0.011337   0.036763  -0.020433
     45       0.149912   0.299894   0.011086   0.342710   0.455867  -0.241143
     46       0.063920   0.105296   0.024203   0.116066   0.202547  -0.099046
     47      -0.006388  -0.049633   0.012123  -0.068507  -0.059370   0.028489
     48       0.192702  -0.350624  -0.135205  -0.356702   0.150539  -0.060037
     49       0.091278  -0.136910  -0.061627  -0.144700   0.057911  -0.023310
     50       0.008924   0.064436  -0.036935   0.118720   0.047942   0.004466
     51      -0.184442   0.109548   0.230153  -0.131214  -0.117002   0.065504
     52       0.173960  -0.071555  -0.176075   0.089476   0.075146  -0.016932
     53       0.087674   0.002558  -0.024684  -0.049857   0.004094   0.052593
     54       0.018801  -0.134427  -0.007946   0.254868  -0.208838   0.255158
     55      -0.034165   0.137670   0.026447  -0.175363   0.126965  -0.200041
     56       0.010238   0.052939   0.001299   0.010767  -0.009322  -0.023807
     57      -0.095403   0.073319  -0.440714  -0.075451  -0.266552  -0.327948
     58      -0.032359   0.020443  -0.122771  -0.021754  -0.070469  -0.088572
     59      -0.054764   0.057790   0.064040   0.015584   0.017032  -0.038908
     60       0.106624  -0.178429   0.320509   0.180402  -0.293864  -0.455826
     61      -0.030032  -0.022205   0.090537   0.056214  -0.061829  -0.103732
     62       0.131475  -0.013814  -0.044961  -0.028185   0.010415   0.034280
     63      -0.320091   0.084227  -0.084278  -0.040134  -0.056720  -0.140222
     64       0.203670   0.037151  -0.131173  -0.013579   0.052250   0.135526
     65      -0.356185   0.009584   0.080294  -0.007175  -0.076433  -0.197086
     66       0.283314  -0.029212  -0.040933   0.049072  -0.182395  -0.248754
     67      -0.220789   0.020927   0.108283   0.002781   0.103160   0.069706
     68       0.353359  -0.032692  -0.097281   0.031191  -0.207026  -0.230773
     69       0.173224  -0.118670   0.258983   0.067570   0.102222  -0.050814
     70      -0.011879  -0.095870   0.300949   0.061480   0.104461  -0.068110
     71       0.023750   0.090614  -0.291945  -0.056866  -0.101898   0.065689
     72      -0.116273   0.246822  -0.217892  -0.025176   0.095636   0.001734
     73      -0.043523   0.177640  -0.169047  -0.029009   0.136797   0.059270
     74       0.070679  -0.200443   0.193405   0.030215  -0.109256  -0.042481
     75       0.066986  -0.006498  -0.037618  -0.005434   0.023021   0.218203
     76       0.023821  -0.020802   0.002485  -0.002353   0.001568  -0.028931
     77      -0.139566   0.064509   0.017592   0.027310  -0.016736   0.012838
                 48         49         50         51         52         53    
      0       0.107020  -0.041313  -0.110634   0.016659   0.003546   0.007224
      1       0.072802   0.002130  -0.002556   0.013634   0.022813  -0.005422
      2       0.040567   0.001625  -0.005343  -0.003703   0.003061   0.002681
      3      -0.011160   0.004609   0.014519  -0.002957  -0.034396  -0.003661
      4      -0.038865  -0.022234  -0.050000  -0.032895  -0.124736   0.004197
      5      -0.009483   0.006947   0.016154  -0.003847  -0.009031   0.000894
      6      -0.017652  -0.001438  -0.005602  -0.003233   0.041975   0.005362
      7       0.022724   0.004155   0.005194   0.016187   0.031881  -0.005565
      8      -0.000125  -0.001702   0.005641   0.002715   0.021966  -0.006093
      9       0.047373   0.013128   0.038173  -0.003885  -0.115195   0.011268
     10      -0.003028   0.003422   0.001171   0.005759  -0.070147  -0.003824
     11      -0.011595  -0.005842  -0.005270  -0.004633  -0.002719  -0.012053
     12      -0.061937   0.014469  -0.072202  -0.003798   0.042376   0.001563
     13       0.019937   0.013082   0.018301  -0.073267   0.024179   0.010155
     14       0.035414   0.017564  -0.010927   0.026529  -0.015239   0.006409
     15       0.044055   0.041804   0.130704  -0.016287  -0.019033  -0.008916
     16      -0.073442  -0.027547  -0.064202   0.016967  -0.014009  -0.010093
     17      -0.005010  -0.013190  -0.022846   0.008552   0.000988  -0.015831
     18       0.025890  -0.108391   0.047415  -0.001943  -0.008278  -0.015018
     19       0.004532   0.006362  -0.009734  -0.008097   0.000082   0.010309
     20      -0.014050   0.002677   0.002333  -0.000445  -0.000931  -0.059477
     21       0.001309   0.105808  -0.039299   0.006921   0.000139  -0.032758
     22      -0.008868  -0.064908   0.030248   0.025095  -0.001874  -0.027009
     23       0.012563   0.081038  -0.048631  -0.037325   0.006338   0.004064
     24       0.010576  -0.041200   0.004101  -0.072666   0.009715  -0.000074
     25       0.010196  -0.023159  -0.010707  -0.090893   0.017244  -0.022110
     26      -0.011858  -0.005559   0.023461   0.094472  -0.016919   0.003477
     27       0.004247   0.005243   0.002017   0.009109  -0.005771  -0.030738
     28      -0.003884   0.000705   0.007622   0.042102  -0.008815   0.010357
     29      -0.002475  -0.002539   0.000812  -0.008102   0.002649  -0.007650
     30      -0.381414   0.006537   0.065280   0.028193   0.045425  -0.019024
     31      -0.052030   0.034836   0.109765   0.018013   0.078990   0.019502
     32      -0.151701  -0.006178  -0.022696   0.001794  -0.033645  -0.050961
     33      -0.507658   0.188400   0.470325  -0.147884  -0.107997  -0.021150
     34      -0.153328   0.044487   0.146314  -0.029187   0.014877   0.047514
     35      -0.122500   0.044481   0.115300  -0.040351  -0.018872   0.016334
     36      -0.039453   0.025958   0.070051   0.012031   0.074674  -0.003496
     37      -0.012392   0.124391   0.309677   0.098881   0.484565  -0.017587
     38       0.007289   0.000294  -0.000956  -0.006514  -0.043822  -0.002663
     39       0.003314  -0.001224   0.001583   0.022463   0.093610  -0.004324
     40       0.255146   0.074413   0.126375   0.131313   0.461103  -0.006630
     41      -0.003048   0.000129   0.001192   0.007481   0.057006   0.001078
     42       0.198259   0.023252   0.050116   0.082809   0.054798  -0.058367
     43      -0.112691  -0.012752  -0.031436  -0.027852   0.111556   0.029765
     44      -0.100740  -0.009432  -0.015224  -0.055754  -0.160369   0.032683
     45      -0.208062  -0.094094  -0.067368  -0.090513   0.401907  -0.081230
     46      -0.070760  -0.048126   0.021393  -0.072391   0.259651   0.099429
     47       0.034407   0.009206   0.037668  -0.006666  -0.015583   0.060265
     48      -0.137541  -0.049111  -0.135713   0.108320   0.381481  -0.020713
     49      -0.069316  -0.019926  -0.066698   0.047390   0.123531  -0.034177
     50      -0.045728  -0.013690   0.020392  -0.017322   0.023500   0.126323
     51      -0.422582  -0.060107  -0.235884  -0.058165   0.006011  -0.008945
     52       0.262526   0.045131   0.198608   0.047108  -0.025868  -0.007713
     53      -0.056148   0.032918   0.079315   0.008144   0.040159   0.136626
     54      -0.048162  -0.172221  -0.461523   0.151416   0.091748   0.093656
     55       0.004677   0.128494   0.282104  -0.119430   0.064195   0.109615
     56       0.001974   0.004367  -0.000439  -0.005533   0.044023   0.036261
     57      -0.102797   0.051129  -0.055001   0.147958  -0.000510   0.011378
     58      -0.025467   0.020086  -0.022836   0.022908   0.014894   0.206857
     59       0.017536  -0.105326   0.056636  -0.049298   0.035399   0.467261
     60       0.019043   0.472885  -0.123259  -0.108641   0.018581   0.159940
     61       0.018611   0.132180  -0.016572  -0.005020  -0.027129  -0.373606
     62      -0.024494  -0.059054  -0.000483  -0.017325   0.020532   0.279930
     63      -0.053249  -0.331311   0.138223   0.190918  -0.023932   0.311484
     64       0.021079   0.283091  -0.131903  -0.087671   0.005658   0.058568
     65      -0.035819  -0.453892   0.206515   0.142492  -0.005231  -0.212546
     66      -0.042368  -0.048991   0.046301   0.035164  -0.011151   0.129760
     67      -0.016612   0.181116  -0.070481   0.119924  -0.025615   0.332371
     68      -0.034845  -0.141579   0.065932  -0.030408  -0.001152   0.115779
     69      -0.054208   0.034632   0.077547   0.384080  -0.052865   0.041150
     70      -0.054303   0.038797   0.058886   0.371113  -0.051945   0.015498
     71       0.054303  -0.043474  -0.056458  -0.390649   0.061234  -0.039805
     72      -0.033785   0.127403   0.013244   0.248877  -0.038213  -0.009373
     73      -0.045766   0.228896  -0.048710   0.307698  -0.050458   0.031637
     74       0.032148  -0.185271   0.031682  -0.219846   0.032165  -0.007925
     75       0.053184  -0.093907   0.043633  -0.159766   0.006636   0.312918
     76      -0.011769   0.022045  -0.000210   0.079484  -0.013489  -0.055768
     77       0.027993  -0.030495   0.000481  -0.193905   0.033130   0.064500
                 54         55         56         57         58         59    
      0      -0.017409   0.007255  -0.010516  -0.004771  -0.006631  -0.013265
      1       0.048193  -0.050096   0.011342  -0.000959   0.010509   0.024549
      2      -0.022898   0.012840  -0.001200   0.002621  -0.001601  -0.011707
      3       0.017328  -0.035619   0.011131  -0.011388  -0.028937  -0.036854
      4       0.004502   0.005858  -0.011965   0.000566   0.018758   0.021337
      5       0.002047   0.003166  -0.001573   0.000669   0.004899   0.004720
      6      -0.020451  -0.012259  -0.000671  -0.008207  -0.030795  -0.028172
      7       0.014584   0.004461   0.006161   0.006836   0.016200   0.014109
      8       0.017641   0.004690   0.006615   0.007465   0.015631   0.005746
      9      -0.013618   0.005081  -0.018760  -0.012286  -0.013477   0.010767
     10       0.010540   0.020081   0.001984   0.008172  -0.009360  -0.029255
     11       0.028557   0.025175   0.016284   0.019743   0.002220  -0.050593
     12      -0.020361  -0.024126   0.000350   0.011060   0.030516  -0.011203
     13      -0.010163  -0.017513  -0.004784   0.005006   0.036004  -0.014614
     14      -0.005111  -0.010483  -0.002250   0.016233   0.019566  -0.006092
     15      -0.006469  -0.002251   0.028264   0.013772  -0.001435   0.008770
     16      -0.015637  -0.005959   0.028960   0.017169  -0.010554   0.012151
     17      -0.028117  -0.009429   0.049494   0.025633  -0.009609   0.013152
     18       0.006014   0.009319   0.012093  -0.018034  -0.002755   0.001367
     19       0.007441   0.005790   0.002703   0.008557  -0.017152   0.007024
     20      -0.020144  -0.010683   0.000153  -0.042390   0.037483  -0.016206
     21       0.000045  -0.005012  -0.036747   0.035100  -0.025682   0.009022
     22      -0.007586  -0.013870  -0.034369   0.026807  -0.004164  -0.002195
     23       0.004570   0.007500   0.011690  -0.006598  -0.004844   0.004664
     24       0.000524   0.005582   0.020227  -0.031483   0.010416  -0.000996
     25       0.018169   0.025746   0.007240  -0.001085  -0.038072   0.016636
     26      -0.003885  -0.004894  -0.004211  -0.003793   0.005734  -0.002473
     27       0.024966   0.042248   0.018808  -0.027483  -0.057533   0.029101
     28      -0.007443  -0.012488  -0.006424   0.010434   0.013673  -0.007275
     29       0.006628   0.011584   0.005061  -0.007576  -0.017494   0.009192
     30      -0.010639   0.032128   0.024974   0.009341  -0.022411   0.000784
     31      -0.241631   0.237244  -0.029105   0.014378  -0.046378  -0.137277
     32       0.359765  -0.344408   0.082861  -0.003830   0.061836   0.213812
     33       0.186410  -0.152045   0.047751   0.011616   0.044976   0.100299
     34      -0.364062   0.379813  -0.077675   0.010696  -0.069099  -0.219556
     35      -0.133834   0.136870  -0.024057   0.009553  -0.020097  -0.078916
     36      -0.035353   0.279097  -0.056217   0.102767   0.283704   0.307994
     37       0.008374  -0.051613   0.046336  -0.013789  -0.082514  -0.089252
     38       0.042042  -0.221456   0.053065  -0.078647  -0.222875  -0.251690
     39      -0.050613   0.285067  -0.057395   0.105707   0.285638   0.314714
     40      -0.032895  -0.079815   0.041583  -0.021378  -0.107744  -0.100578
     41      -0.043549   0.216802  -0.047614   0.079232   0.215314   0.238637
     42       0.193036   0.025142   0.049256   0.063973   0.212637   0.185012
     43      -0.118742  -0.021461  -0.014644  -0.033532  -0.142205  -0.138578
     44      -0.086033  -0.008176  -0.035586  -0.036807  -0.095838  -0.068974
     45       0.191714   0.083623   0.115958   0.114212   0.107691  -0.154266
     46      -0.270488  -0.229740  -0.121026  -0.203928  -0.097476   0.346208
     47      -0.157158  -0.107209  -0.077830  -0.112121  -0.080609   0.158691
     48      -0.008480  -0.036460   0.031100  -0.013696  -0.002490   0.094302
     49       0.061783   0.036937   0.044819   0.042688   0.019346  -0.060328
     50      -0.354079  -0.242547  -0.168849  -0.248598  -0.165780   0.385917
     51      -0.035429  -0.015460   0.004614   0.027475   0.012719   0.003613
     52       0.010670   0.001531   0.043614   0.007142  -0.021840   0.018965
     53       0.303367   0.125736  -0.498658  -0.300003   0.034271  -0.098806
     54       0.191639   0.066235  -0.330628  -0.189845   0.013053  -0.064731
     55       0.221297   0.095273  -0.385314  -0.233724   0.050878  -0.089829
     56       0.078456   0.035378  -0.136936  -0.085965   0.011409  -0.028877
     57      -0.029437  -0.019871  -0.031059   0.028750   0.017706  -0.020680
     58       0.051378   0.022991  -0.007399   0.144250  -0.116819   0.044311
     59       0.135680   0.068320   0.011456   0.280820  -0.251882   0.099147
     60       0.006858  -0.018811  -0.032537   0.118580  -0.033025   0.012181
     61      -0.120932  -0.068799  -0.017304  -0.226335   0.233964  -0.093997
     62       0.086262   0.048708   0.012608   0.168701  -0.174952   0.068135
     63       0.024048   0.066438   0.288038  -0.257965   0.147606  -0.045144
     64      -0.002351   0.006069   0.050465  -0.031491   0.024852  -0.005674
     65      -0.011121  -0.042615  -0.202287   0.154266  -0.087889   0.020037
     66      -0.004779   0.010958   0.106573  -0.102435   0.077778  -0.029488
     67       0.035872   0.089913   0.321640  -0.266783   0.119152  -0.027244
     68      -0.009028   0.007187   0.108504  -0.110014   0.089222  -0.034378
     69      -0.046059  -0.118883  -0.186642   0.281666   0.027353  -0.047130
     70      -0.014119  -0.028282  -0.041540   0.048731   0.005575  -0.007683
     71       0.019015  -0.006039  -0.091201   0.173694  -0.071295   0.007947
     72      -0.012223  -0.054928  -0.141081   0.206413  -0.035079  -0.011166
     73      -0.024212   0.010610   0.109435  -0.209249   0.082682  -0.008414
     74       0.016009   0.034547   0.058958  -0.081682  -0.002121   0.010293
     75      -0.218949  -0.375060  -0.156721   0.204226   0.542162  -0.273206
     76       0.040010   0.067919   0.026533  -0.033035  -0.100283   0.049379
     77      -0.047047  -0.084434  -0.021544   0.048531   0.145546  -0.079560
                 60         61         62         63         64         65    
      0      -0.015413  -0.002081   0.000315   0.001065  -0.002549  -0.000094
      1      -0.037229  -0.006213   0.003254  -0.005091   0.012254   0.003681
      2       0.004149   0.001169  -0.005889   0.004847  -0.010856  -0.004515
      3       0.077638   0.008755   0.002246  -0.025147   0.051895  -0.002165
      4       0.032286   0.004748  -0.000910   0.000931  -0.002023  -0.000106
      5       0.011766   0.001594   0.002866  -0.017943   0.037582  -0.000597
      6      -0.069097  -0.008439  -0.002487   0.000228  -0.000733  -0.000329
      7       0.042879   0.005554  -0.001535   0.001485  -0.003236  -0.000208
      8       0.032597   0.004828   0.002012  -0.000038   0.000175  -0.000038
      9      -0.027596  -0.003894   0.017758   0.000814  -0.001043   0.002344
     10      -0.041926  -0.004527  -0.011847   0.000452  -0.000363  -0.001239
     11      -0.037657  -0.000851   0.071289   0.004292  -0.003834   0.007829
     12       0.006864  -0.001584  -0.000874   0.000498   0.000217   0.000804
     13       0.008830   0.009031  -0.001879  -0.000512  -0.000284   0.000876
     14       0.008652   0.003681   0.000264   0.000305   0.000032  -0.000596
     15      -0.003606   0.000407   0.000865   0.000178  -0.000756   0.000729
     16       0.002835   0.000990   0.000846   0.000285  -0.000662  -0.000136
     17      -0.000985   0.000699   0.000352  -0.000982   0.000602   0.002581
     18      -0.001248  -0.012774  -0.000975  -0.000628  -0.000136   0.007086
     19      -0.001465   0.004720  -0.001778   0.000128   0.000135   0.007134
     20      -0.003739  -0.023191  -0.008093  -0.003233  -0.000446   0.066618
     21      -0.001773   0.031895  -0.000645   0.008154   0.004430   0.014663
     22      -0.005109   0.033466  -0.000173  -0.001468  -0.000363   0.007110
     23       0.003699  -0.010233   0.000488  -0.004989  -0.002616  -0.008806
     24      -0.009487   0.059918   0.001351  -0.038762  -0.018628  -0.001077
     25       0.008861  -0.050804  -0.002137   0.051892   0.025121  -0.000688
     26      -0.006892   0.032499  -0.000100   0.006245   0.003216  -0.001469
     27       0.000573  -0.007200   0.000156  -0.001443  -0.000622  -0.000143
     28      -0.001865   0.000419   0.000521  -0.002823  -0.001345  -0.000133
     29       0.000219  -0.002798  -0.000322   0.001166   0.000622  -0.000099
     30       0.077225   0.010565   0.007146  -0.020878   0.049680   0.009951
     31       0.155689   0.023042  -0.010541   0.032603  -0.079765  -0.017802
     32      -0.188077  -0.028619  -0.012225   0.026643  -0.064880  -0.015651
     33      -0.032909  -0.002754  -0.010122   0.011090  -0.025580  -0.009338
     34       0.226524   0.035217  -0.026871   0.028482  -0.065685  -0.023875
     35       0.092522   0.015638   0.081395  -0.086637   0.198810   0.069379
     36      -0.168039  -0.016208  -0.038477   0.236320  -0.491145   0.014275
     37      -0.108394  -0.017452   0.010972  -0.022452   0.047280  -0.000461
     38       0.188046   0.019622  -0.039213   0.319988  -0.663809   0.021155
     39      -0.213513  -0.021772   0.000930   0.062013  -0.125288   0.009915
     40      -0.132448  -0.018477   0.001396  -0.003729   0.007764  -0.000468
     41      -0.181773  -0.018374  -0.000152  -0.105762   0.214393  -0.015080
     42       0.612854   0.077383   0.003141  -0.009437   0.019558  -0.000672
     43      -0.409485  -0.050625   0.011782  -0.005663   0.013268   0.001687
     44      -0.246573  -0.031848   0.005318  -0.000406   0.001283   0.001050
     45       0.074680   0.034127  -0.246192  -0.017900   0.017882  -0.028965
     46       0.151380  -0.009570   0.358750   0.021171  -0.018123   0.037022
     47       0.014919  -0.015391  -0.856256  -0.048428   0.039411  -0.092293
     48       0.145058   0.007957   0.083326   0.009357  -0.008149   0.006937
     49       0.006084   0.004388  -0.197421  -0.023544   0.022373  -0.023147
     50       0.066841  -0.035721  -0.011497  -0.001856   0.002120  -0.001734
     51       0.037154   0.017261  -0.009392   0.000133   0.005154  -0.010364
     52      -0.028525  -0.009692  -0.010573   0.000370   0.007127  -0.013590
     53       0.012652  -0.019199   0.000661  -0.000211   0.000125   0.000195
     54       0.011118  -0.012662   0.000456  -0.001085   0.000584   0.003989
     55       0.004998  -0.013052   0.001626  -0.004215   0.002200   0.011842
     56       0.001770  -0.006543  -0.006194   0.012903  -0.010615  -0.032271
     57      -0.005203   0.013209   0.015046   0.008746   0.001533  -0.137294
     58       0.002628   0.080164  -0.040314  -0.026032  -0.005101   0.432260
     59       0.009110   0.152239   0.013092   0.007694   0.001365  -0.147790
     60       0.006404   0.072127  -0.003552  -0.003168  -0.001048   0.052171
     61      -0.003523  -0.120407   0.067377   0.024670   0.003086  -0.524979
     62      -0.002722   0.087972   0.079647   0.028690   0.003841  -0.630934
     63       0.019049  -0.239964  -0.001063   0.001674   0.000397  -0.008160
     64       0.005007  -0.034299   0.002454  -0.005714  -0.007582  -0.104417
     65      -0.017945   0.162836   0.000912  -0.004339  -0.004799  -0.060513
     66      -0.001862  -0.078766   0.011621  -0.090097  -0.048926  -0.173748
     67       0.027411  -0.287861  -0.001381   0.016117   0.008644   0.026162
     68      -0.001753  -0.084449  -0.009958   0.073497   0.040441   0.158431
     69       0.060754  -0.401010  -0.012591   0.325746   0.157383  -0.000545
     70       0.002105  -0.030135   0.027769  -0.686281  -0.331368   0.000616
     71       0.069613  -0.425185   0.013629  -0.345693  -0.166899   0.000765
     72       0.051124  -0.335999  -0.005063   0.145996   0.069150   0.012438
     73      -0.080298   0.495608  -0.002911   0.089318   0.042434   0.005026
     74      -0.016657   0.109245  -0.010922   0.251614   0.119247   0.018711
     75      -0.024113   0.132927  -0.001631  -0.000221  -0.000690   0.000362
     76       0.003151  -0.027516  -0.003758   0.028012   0.014166   0.000684
     77      -0.005683   0.025633  -0.000669  -0.006824  -0.003269   0.001116
                 66         67         68         69         70         71    
      0      -0.001851   0.009636   0.001157  -0.015973   0.000174   0.002357
      1       0.006159  -0.049517   0.017974   0.022316  -0.000138  -0.003077
      2      -0.000769   0.028172  -0.030169   0.027363  -0.000671  -0.005164
      3      -0.001565   0.016019  -0.011641   0.026787   0.000654   0.000101
      4       0.000129   0.000385  -0.000700  -0.000511   0.000063   0.000628
      5      -0.001598   0.004933   0.004241  -0.075189  -0.003087  -0.004915
      6       0.000179  -0.000474   0.000200   0.000879   0.000146   0.000274
      7       0.000168  -0.000740   0.000577   0.000037   0.000098   0.000731
      8       0.000043  -0.000063  -0.000160   0.000285   0.000040   0.001276
      9      -0.000106  -0.000327  -0.002594  -0.001146   0.000854   0.033784
     10      -0.000262   0.001047   0.003865   0.001108  -0.002394  -0.080708
     11      -0.001473   0.003663  -0.004643   0.001461  -0.000348   0.002119
     12      -0.000550   0.000326   0.000896   0.000350  -0.000815   0.001400
     13      -0.000172  -0.000202  -0.001583  -0.000438   0.000351  -0.001028
     14       0.000375   0.000271   0.000016  -0.000173   0.000096   0.000653
     15      -0.007964   0.016492   0.017101   0.006674  -0.000608  -0.001148
     16      -0.009647   0.022677   0.018612   0.008536  -0.001050  -0.001286
     17      -0.013000   0.016191   0.054407   0.005943   0.003221   0.004862
     18       0.000185   0.000533   0.000366   0.000182  -0.000678  -0.001670
     19      -0.013457  -0.002986  -0.004915  -0.000551  -0.003450   0.005484
     20      -0.015644  -0.000332  -0.007742  -0.000079  -0.006472  -0.000110
     21       0.034925   0.008972   0.005322   0.000001   0.023528   0.000097
     22       0.052218   0.010478   0.008723   0.000158   0.003906   0.000268
     23       0.005948  -0.000405   0.001666   0.000127  -0.016413   0.000206
     24      -0.003982  -0.001697  -0.001591  -0.000954   0.028876  -0.001509
     25      -0.015756  -0.003198  -0.003640  -0.001194   0.033331  -0.000955
     26      -0.018472  -0.004678  -0.005464  -0.002403   0.070739  -0.002583
     27      -0.000275  -0.000035  -0.000038  -0.000035   0.000778   0.000109
     28       0.000737   0.000152   0.000408   0.000155  -0.001904   0.001142
     29       0.000362  -0.000069  -0.000229   0.000022  -0.000871   0.000299
     30       0.030355  -0.201282   0.039079   0.171146  -0.001247  -0.026071
     31      -0.056011   0.362205  -0.060379  -0.303658   0.003092   0.047342
     32      -0.043398   0.283046  -0.051276  -0.221704   0.002354   0.034286
     33      -0.007353   0.081406  -0.053206   0.010593  -0.000938  -0.003307
     34      -0.017474   0.213272  -0.144897   0.043312  -0.002058  -0.009630
     35       0.053696  -0.623357   0.409594  -0.111356   0.005851   0.026921
     36       0.016311  -0.117034   0.051947   0.164843   0.009609   0.017341
     37      -0.001658   0.008290  -0.002795  -0.010781  -0.000768  -0.000428
     38       0.021970  -0.160158   0.072453   0.197086   0.012003   0.024379
     39       0.001293  -0.065736   0.083372  -0.478657  -0.017195  -0.024691
     40      -0.000332   0.003565  -0.002965   0.020114   0.000648   0.000555
     41      -0.003179   0.101421  -0.121640   0.695008   0.024957   0.035387
     42      -0.000460   0.006544  -0.003915  -0.004720  -0.000402  -0.005760
     43      -0.000898   0.003944  -0.002412  -0.007668  -0.001188  -0.012944
     44      -0.000207   0.001020  -0.001255  -0.003536  -0.000632  -0.009667
     45       0.005012  -0.010472   0.016743  -0.005952   0.000429  -0.047546
     46      -0.006883   0.017198  -0.023306   0.006178   0.000274   0.058476
     47       0.016478  -0.040225   0.058009  -0.010604  -0.000613  -0.180617
     48      -0.003580   0.012270   0.010517   0.008635  -0.010953  -0.350675
     49       0.010441  -0.028765  -0.025041  -0.019612   0.028103   0.891832
     50       0.001148  -0.004576  -0.004141  -0.002618   0.004095   0.138740
     51       0.118509  -0.233495  -0.302143  -0.088067   0.001402   0.003769
     52       0.163120  -0.327440  -0.411737  -0.120066   0.001798   0.003912
     53       0.000051  -0.000959   0.003550  -0.001382   0.000920   0.000536
     54      -0.023319   0.031678   0.096144   0.011799   0.005681   0.007928
     55      -0.050193   0.064060   0.205885   0.021164   0.011804   0.016596
     56       0.150379  -0.184632  -0.639649  -0.060752  -0.037769  -0.055257
     57      -0.000197  -0.007701   0.002323  -0.001436   0.003899   0.016638
     58       0.010607   0.027102  -0.008509   0.004691  -0.008782  -0.046932
     59      -0.008409  -0.009770   0.001761  -0.001648   0.002021   0.018930
     60      -0.013977  -0.000315  -0.007967  -0.000303  -0.005685   0.000506
     61       0.153400   0.008061   0.070253   0.001774   0.052430  -0.017909
     62       0.189401   0.011874   0.088132   0.002876   0.064732  -0.019731
     63      -0.072795  -0.014962  -0.012364  -0.000300  -0.005465  -0.000531
     64      -0.672967  -0.138271  -0.113414  -0.002475  -0.071668  -0.003129
     65      -0.372271  -0.076540  -0.062410  -0.001378  -0.039267  -0.002004
     66      -0.324421  -0.088221  -0.048039   0.000193  -0.265106  -0.000360
     67       0.060369   0.015186   0.009065  -0.000072   0.039553   0.000133
     68       0.291491   0.078303   0.041799  -0.000403   0.234283  -0.000339
     69      -0.062317  -0.010760  -0.013465  -0.003983   0.103384  -0.002782
     70       0.125861   0.021547   0.026788   0.007654  -0.204987   0.004434
     71       0.058081   0.009509   0.012009   0.003440  -0.091035   0.001551
     72       0.110770   0.030304   0.032650   0.015301  -0.452409   0.018133
     73       0.049819   0.014292   0.015356   0.007150  -0.207778   0.008679
     74       0.171833   0.047771   0.052850   0.024839  -0.733909   0.028669
     75       0.000011  -0.000363  -0.001359  -0.000520   0.002701  -0.006041
     76      -0.008716  -0.002078  -0.002366  -0.000976   0.019783  -0.005747
     77      -0.000862  -0.000623  -0.001088  -0.000340   0.002750  -0.004908
                 72         73         74         75         76         77    
      0      -0.003230   0.013037  -0.026137   0.002927  -0.000314   0.000006
      1       0.006847  -0.021610   0.024265  -0.001896  -0.000381  -0.000016
      2       0.003594  -0.021655   0.067672  -0.008798   0.000298  -0.000116
      3      -0.003341   0.009771  -0.009388   0.000685   0.002719  -0.000072
      4      -0.000113   0.000197   0.000169   0.000020  -0.001236   0.000040
      5       0.005878  -0.019922   0.031489  -0.003225   0.003287  -0.000089
      6      -0.000043   0.000058  -0.000454   0.000054   0.043646  -0.000493
      7       0.000114   0.000056  -0.000604   0.000012   0.052088  -0.000611
      8       0.000147  -0.000051  -0.000249   0.000017   0.022444  -0.000346
      9       0.002484  -0.001781   0.002505  -0.000568  -0.000544  -0.000061
     10      -0.006421   0.004298  -0.004733   0.001608   0.001050  -0.000172
     11      -0.000680   0.000854   0.002377   0.000266   0.003313   0.000060
     12       0.001603  -0.000336   0.000366  -0.000145  -0.000276  -0.000553
     13      -0.000319  -0.000531  -0.000723   0.000871  -0.000269  -0.000422
     14      -0.000830   0.000229   0.000243   0.000030  -0.000392  -0.002737
     15       0.017496  -0.035177  -0.014073   0.008025  -0.000193   0.000033
     16       0.026235  -0.051869  -0.021872   0.011838  -0.000317   0.000224
     17      -0.021118   0.036906   0.029106  -0.008942  -0.000087   0.000287
     18       0.020070   0.008314   0.000452  -0.009791   0.000054  -0.000146
     19      -0.073236  -0.028297  -0.000211   0.040729   0.000056   0.000141
     20       0.000449   0.002153   0.002254   0.009738   0.000187  -0.000481
     21      -0.020549  -0.015934  -0.008096  -0.034044   0.000024   0.000383
     22       0.009866   0.009289   0.009063   0.045243   0.000016   0.000090
     23       0.022165   0.018327   0.012091   0.055680  -0.000018  -0.000384
     24       0.000441  -0.000671   0.000356   0.002557   0.000007   0.002467
     25       0.008068   0.004954   0.003358   0.014305  -0.000057  -0.003257
     26       0.008290   0.004233   0.004016   0.017902  -0.000057  -0.003682
     27       0.000007   0.000381   0.000174   0.000208  -0.000182  -0.014178
     28      -0.000067  -0.000337  -0.000191  -0.001014  -0.000918  -0.070842
     29      -0.000164  -0.000357  -0.000276  -0.000176   0.000025   0.002598
     30       0.040272  -0.150196   0.256116  -0.026667   0.000713   0.000292
     31      -0.073315   0.272589  -0.463278   0.048284  -0.000153   0.000077
     32      -0.054533   0.199086  -0.334512   0.034909  -0.000665   0.000394
     33      -0.001199  -0.009537   0.055222  -0.007407   0.000399   0.000049
     34      -0.001724  -0.026575   0.174934  -0.025675   0.001614  -0.000228
     35       0.008883   0.063514  -0.475673   0.070534  -0.002425   0.000578
     36      -0.007502   0.032034  -0.081686   0.009336  -0.017491   0.000476
     37       0.001034  -0.002706   0.005920  -0.000884  -0.002522   0.000175
     38      -0.007952   0.037118  -0.102065   0.012050  -0.022224   0.000650
     39       0.042273  -0.136806   0.189698  -0.018583   0.000727  -0.000103
     40      -0.001662   0.006018  -0.005923   0.000166   0.004327   0.000098
     41      -0.062181   0.199310  -0.270222   0.026138  -0.002239   0.000257
     42      -0.000889   0.000144   0.004009  -0.000648  -0.611631   0.007663
     43      -0.000923  -0.000243   0.005019  -0.000436  -0.703795   0.008950
     44      -0.000016  -0.001046   0.002160  -0.000073  -0.352252   0.004284
     45      -0.001202  -0.000395  -0.009103  -0.000630  -0.004712  -0.002525
     46       0.000028  -0.000040   0.013204   0.000782   0.003354   0.002553
     47      -0.004964   0.002370  -0.036945  -0.000209  -0.005168  -0.003141
     48      -0.028623   0.018727  -0.016445   0.007049   0.007086   0.000219
     49       0.075928  -0.045774   0.042543  -0.021644  -0.014386   0.007092
     50       0.010844  -0.007073   0.005948  -0.002741  -0.004762   0.001900
     51      -0.174337   0.355466   0.120070  -0.079263   0.000948  -0.000898
     52      -0.236105   0.485423   0.163386  -0.111164   0.001473  -0.001650
     53      -0.005515   0.014989   0.005724  -0.004207  -0.000125  -0.000348
     54      -0.032323   0.059622   0.043600  -0.013922  -0.000461   0.000015
     55      -0.076834   0.137484   0.105283  -0.032762  -0.000368  -0.000387
     56       0.261682  -0.462216  -0.344804   0.108209  -0.000254   0.000544
     57      -0.219891  -0.088221  -0.004359   0.100422   0.000039   0.000743
     58       0.667269   0.271042   0.018328  -0.303278   0.000648  -0.000133
     59      -0.254504  -0.105656  -0.007714   0.117264  -0.000233   0.000042
     60      -0.017867  -0.006594   0.001057   0.014246   0.000125  -0.000287
     61       0.207392   0.069033  -0.015634  -0.183995  -0.000471   0.000859
     62       0.266530   0.086257  -0.020050  -0.231754  -0.000634   0.001719
     63      -0.011689  -0.011066  -0.011884  -0.061480   0.000012   0.000136
     64      -0.095458  -0.088318  -0.093418  -0.476924   0.000075   0.001999
     65      -0.049702  -0.046644  -0.050202  -0.257044   0.000079   0.000412
     66       0.246633   0.196984   0.107896   0.468381   0.000158  -0.001697
     67      -0.035245  -0.027374  -0.014779  -0.065054   0.000061   0.000045
     68      -0.215326  -0.171268  -0.093921  -0.407350   0.000119   0.001524
     69       0.032979   0.023924   0.014814   0.060184  -0.000044  -0.011047
     70      -0.069413  -0.047725  -0.029758  -0.125056   0.000346   0.033399
     71      -0.032725  -0.022961  -0.013895  -0.056610   0.000108   0.012999
     72      -0.044643  -0.019232  -0.021269  -0.094585   0.000167   0.002911
     73      -0.019628  -0.008414  -0.009289  -0.042494   0.000017   0.001018
     74      -0.071095  -0.031132  -0.034592  -0.154186   0.000349   0.011708
     75       0.000081   0.000435  -0.000231   0.001600   0.002392   0.183403
     76       0.004454   0.005256   0.003491   0.010941   0.012287   0.979223
     77      -0.000640  -0.000690  -0.000348   0.000736   0.000271   0.020306
# -----------------------------------------------------------
$ THERMOCHEMISTRY_Energies
   description: The Thermochemistry energies
   geom. index: 1
   prop. index: 1
        Temperature (Kelvin)           :        298.1500000000
        Pressure (atm)                 :          1.0000000000
        Total Mass (AMU)               :        140.2300000000
        Spin Degeneracy                :          1.0000000000
        Electronic Energy (Hartree)    :       -424.2224611534
        Translational Energy (Hartree) :          0.0014162714
        Rotational Energy (Hartree)    :          0.0014162714
        Vibrational Energy (Hartree)   :          0.0059653067
        Number of frequencies          :     78      
        Scaling Factor for frequencies :          1.0000000000
        Vibrational frequencies        :     
                  0    
      0       0.000000
      1       0.000000
      2       0.000000
      3       0.000000
      4       0.000000
      5       0.000000
      6      21.772233
      7      93.679742
      8     183.336795
      9     236.108883
     10     264.452014
     11     340.457434
     12     383.371895
     13     411.787230
     14     479.246905
     15     510.552656
     16     601.842920
     17     656.957159
     18     681.689447
     19     756.363206
     20     864.022412
     21     884.995144
     22     908.493796
     23     926.013470
     24     940.189851
     25     955.842962
     26     990.561666
     27     1003.553173
     28     1009.187019
     29     1031.158972
     30     1066.984329
     31     1099.861996
     32     1106.414200
     33     1119.710267
     34     1135.476201
     35     1191.983706
     36     1192.665346
     37     1208.377542
     38     1220.315333
     39     1255.854365
     40     1261.502329
     41     1282.043568
     42     1304.366858
     43     1315.903713
     44     1327.787748
     45     1342.404605
     46     1382.471336
     47     1396.370605
     48     1409.152758
     49     1417.582232
     50     1426.195874
     51     1438.151070
     52     1459.481602
     53     1512.628294
     54     1516.009337
     55     1522.271970
     56     1524.773315
     57     1534.327630
     58     1537.788016
     59     1548.101808
     60     1550.083346
     61     1558.185521
     62     2896.004498
     63     2912.402989
     64     2912.939103
     65     2932.364032
     66     2941.608406
     67     2945.031543
     68     2948.049339
     69     2966.346418
     70     2969.099234
     71     2973.671410
     72     2983.097844
     73     2986.819047
     74     2997.271300
     75     3002.702735
     76     3227.531055
     77     3233.925443
        Zero Point Energy (Hartree)    :          0.2417813113
        Inner Energy (Hartree)         :       -423.9718819925
        Enthalpy (Hartree)             :       -423.9709377835
        Electronic entropy             :          0.0000000000
        Rotational entropy             :          0.0139464769
        Vibrational entropy            :          0.0101098383
        Translational entropy          :          0.0139464769
        Entropy                        :          0.0434064182
        Gibbs Energy (Hartree)         :       -424.0143442017
        Is Linear                      :                 false
# -----------------------------------------------------------
$ PAL_Flags
   description: The PAL Flags
   geom. index: 2
   prop. index: 1
        Diskflag:     2
# -----------------------------------------------------------
$ SCF_Energy
   description: The SCF energy
   geom. index: 2
   prop. index: 1
        SCF Energy:     -424.1836852007
# -----------------------------------------------------------
$ DFT_Energy
   description: The DFT energy
   geom. index: 2
   prop. index: 1
   Number of Alpha Electrons                 39.0000565308 
   Number of Beta  Electrons                 39.0000565308 
   Total number of  Electrons                78.0001130617 
   Exchange energy                          -40.1125601743 
   Correlation energy                        -3.1819014301 
   Correlation energy NL                      0.0000000000 
   Exchange-Correlation energy              -43.2944616044 
   Embedding correction                       0.0000000000 
   Total DFT Energy (No VdW correction)    -424.1836852007 
# -----------------------------------------------------------
$ VdW_Correction
   description: The Van der Waals Correction
   geom. index: 2
   prop. index: 1
        Van der Waals Correction:       -0.0471664291
# -----------------------------------------------------------
$ PAL_Flags
   description: The PAL Flags
   geom. index: 3
   prop. index: 1
        Diskflag:     2
# -----------------------------------------------------------
$ SCF_Energy
   description: The SCF energy
   geom. index: 3
   prop. index: 1
        SCF Energy:     -424.1846761540
# -----------------------------------------------------------
$ DFT_Energy
   description: The DFT energy
   geom. index: 3
   prop. index: 1
   Number of Alpha Electrons                 39.0001028341 
   Number of Beta  Electrons                 39.0001028341 
   Total number of  Electrons                78.0002056683 
   Exchange energy                          -40.1111976889 
   Correlation energy                        -3.1820391756 
   Correlation energy NL                      0.0000000000 
   Exchange-Correlation energy              -43.2932368646 
   Embedding correction                       0.0000000000 
   Total DFT Energy (No VdW correction)    -424.1846761540 
# -----------------------------------------------------------
$ VdW_Correction
   description: The Van der Waals Correction
   geom. index: 3
   prop. index: 1
        Van der Waals Correction:       -0.0472539250
# -----------------------------------------------------------
$ PAL_Flags
   description: The PAL Flags
   geom. index: 4
   prop. index: 1
        Diskflag:     2
# -----------------------------------------------------------
$ SCF_Energy
   description: The SCF energy
   geom. index: 4
   prop. index: 1
        SCF Energy:     -424.1852909415
# -----------------------------------------------------------
$ DFT_Energy
   description: The DFT energy
   geom. index: 4
   prop. index: 1
   Number of Alpha Electrons                 39.0001451240 
   Number of Beta  Electrons                 39.0001451240 
   Total number of  Electrons                78.0002902480 
   Exchange energy                          -40.1103075514 
   Correlation energy                        -3.1821750073 
   Correlation energy NL                      0.0000000000 
   Exchange-Correlation energy              -43.2924825587 
   Embedding correction                       0.0000000000 
   Total DFT Energy (No VdW correction)    -424.1852909415 
# -----------------------------------------------------------
$ VdW_Correction
   description: The Van der Waals Correction
   geom. index: 4
   prop. index: 1
        Van der Waals Correction:       -0.0473273373
# -----------------------------------------------------------
$ PAL_Flags
   description: The PAL Flags
   geom. index: 5
   prop. index: 1
        Diskflag:     2
# -----------------------------------------------------------
$ SCF_Energy
   description: The SCF energy
   geom. index: 5
   prop. index: 1
        SCF Energy:     -424.1857836852
# -----------------------------------------------------------
$ DFT_Energy
   description: The DFT energy
   geom. index: 5
   prop. index: 1
   Number of Alpha Electrons                 39.0001388240 
   Number of Beta  Electrons                 39.0001388240 
   Total number of  Electrons                78.0002776481 
   Exchange energy                          -40.1102959242 
   Correlation energy                        -3.1823213159 
   Correlation energy NL                      0.0000000000 
   Exchange-Correlation energy              -43.2926172401 
   Embedding correction                       0.0000000000 
   Total DFT Energy (No VdW correction)    -424.1857836852 
# -----------------------------------------------------------
$ VdW_Correction
   description: The Van der Waals Correction
   geom. index: 5
   prop. index: 1
        Van der Waals Correction:       -0.0473780355
# -----------------------------------------------------------
$ PAL_Flags
   description: The PAL Flags
   geom. index: 6
   prop. index: 1
        Diskflag:     2
# -----------------------------------------------------------
$ SCF_Energy
   description: The SCF energy
   geom. index: 6
   prop. index: 1
        SCF Energy:     -424.1862397783
# -----------------------------------------------------------
$ DFT_Energy
   description: The DFT energy
   geom. index: 6
   prop. index: 1
   Number of Alpha Electrons                 39.0000906377 
   Number of Beta  Electrons                 39.0000906377 
   Total number of  Electrons                78.0001812754 
   Exchange energy                          -40.1101693463 
   Correlation energy                        -3.1824172911 
   Correlation energy NL                      0.0000000000 
   Exchange-Correlation energy              -43.2925866374 
   Embedding correction                       0.0000000000 
   Total DFT Energy (No VdW correction)    -424.1862397783 
# -----------------------------------------------------------
$ VdW_Correction
   description: The Van der Waals Correction
   geom. index: 6
   prop. index: 1
        Van der Waals Correction:       -0.0474096332
# -----------------------------------------------------------
$ PAL_Flags
   description: The PAL Flags
   geom. index: 7
   prop. index: 1
        Diskflag:     2
# -----------------------------------------------------------
$ SCF_Energy
   description: The SCF energy
   geom. index: 7
   prop. index: 1
        SCF Energy:     -424.1866656587
# -----------------------------------------------------------
$ DFT_Energy
   description: The DFT energy
   geom. index: 7
   prop. index: 1
   Number of Alpha Electrons                 39.0000544328 
   Number of Beta  Electrons                 39.0000544328 
   Total number of  Electrons                78.0001088657 
   Exchange energy                          -40.1101184928 
   Correlation energy                        -3.1824933886 
   Correlation energy NL                      0.0000000000 
   Exchange-Correlation energy              -43.2926118814 
   Embedding correction                       0.0000000000 
   Total DFT Energy (No VdW correction)    -424.1866656587 
# -----------------------------------------------------------
$ VdW_Correction
   description: The Van der Waals Correction
   geom. index: 7
   prop. index: 1
        Van der Waals Correction:       -0.0474298737
# -----------------------------------------------------------
$ PAL_Flags
   description: The PAL Flags
   geom. index: 8
   prop. index: 1
        Diskflag:     2
# -----------------------------------------------------------
$ SCF_Energy
   description: The SCF energy
   geom. index: 8
   prop. index: 1
        SCF Energy:     -424.1870583979
# -----------------------------------------------------------
$ DFT_Energy
   description: The DFT energy
   geom. index: 8
   prop. index: 1
   Number of Alpha Electrons                 39.0000607339 
   Number of Beta  Electrons                 39.0000607339 
   Total number of  Electrons                78.0001214679 
   Exchange energy                          -40.1102539456 
   Correlation energy                        -3.1825586967 
   Correlation energy NL                      0.0000000000 
   Exchange-Correlation energy              -43.2928126424 
   Embedding correction                       0.0000000000 
   Total DFT Energy (No VdW correction)    -424.1870583979 
# -----------------------------------------------------------
$ VdW_Correction
   description: The Van der Waals Correction
   geom. index: 8
   prop. index: 1
        Van der Waals Correction:       -0.0474388681
# -----------------------------------------------------------
$ PAL_Flags
   description: The PAL Flags
   geom. index: 9
   prop. index: 1
        Diskflag:     2
# -----------------------------------------------------------
$ SCF_Energy
   description: The SCF energy
   geom. index: 9
   prop. index: 1
        SCF Energy:     -424.1873383337
# -----------------------------------------------------------
$ DFT_Energy
   description: The DFT energy
   geom. index: 9
   prop. index: 1
   Number of Alpha Electrons                 39.0000451445 
   Number of Beta  Electrons                 39.0000451445 
   Total number of  Electrons                78.0000902890 
   Exchange energy                          -40.1105306789 
   Correlation energy                        -3.1826410617 
   Correlation energy NL                      0.0000000000 
   Exchange-Correlation energy              -43.2931717406 
   Embedding correction                       0.0000000000 
   Total DFT Energy (No VdW correction)    -424.1873383337 
# -----------------------------------------------------------
$ VdW_Correction
   description: The Van der Waals Correction
   geom. index: 9
   prop. index: 1
        Van der Waals Correction:       -0.0474631831
# -----------------------------------------------------------
$ PAL_Flags
   description: The PAL Flags
   geom. index: 10
   prop. index: 1
        Diskflag:     2
# -----------------------------------------------------------
$ SCF_Energy
   description: The SCF energy
   geom. index: 10
   prop. index: 1
        SCF Energy:     -424.1876621528
# -----------------------------------------------------------
$ DFT_Energy
   description: The DFT energy
   geom. index: 10
   prop. index: 1
   Number of Alpha Electrons                 38.9999958172 
   Number of Beta  Electrons                 38.9999958172 
   Total number of  Electrons                77.9999916345 
   Exchange energy                          -40.1106993126 
   Correlation energy                        -3.1826387189 
   Correlation energy NL                      0.0000000000 
   Exchange-Correlation energy              -43.2933380316 
   Embedding correction                       0.0000000000 
   Total DFT Energy (No VdW correction)    -424.1876621528 
# -----------------------------------------------------------
$ VdW_Correction
   description: The Van der Waals Correction
   geom. index: 10
   prop. index: 1
        Van der Waals Correction:       -0.0474427518
# -----------------------------------------------------------
$ PAL_Flags
   description: The PAL Flags
   geom. index: 11
   prop. index: 1
        Diskflag:     2
# -----------------------------------------------------------
$ SCF_Energy
   description: The SCF energy
   geom. index: 11
   prop. index: 1
        SCF Energy:     -424.1878929209
# -----------------------------------------------------------
$ DFT_Energy
   description: The DFT energy
   geom. index: 11
   prop. index: 1
   Number of Alpha Electrons                 38.9999421174 
   Number of Beta  Electrons                 38.9999421174 
   Total number of  Electrons                77.9998842348 
   Exchange energy                          -40.1102193925 
   Correlation energy                        -3.1826250829 
   Correlation energy NL                      0.0000000000 
   Exchange-Correlation energy              -43.2928444754 
   Embedding correction                       0.0000000000 
   Total DFT Energy (No VdW correction)    -424.1878929209 
# -----------------------------------------------------------
$ VdW_Correction
   description: The Van der Waals Correction
   geom. index: 11
   prop. index: 1
        Van der Waals Correction:       -0.0474454300
# -----------------------------------------------------------
$ PAL_Flags
   description: The PAL Flags
   geom. index: 12
   prop. index: 1
        Diskflag:     2
# -----------------------------------------------------------
$ SCF_Energy
   description: The SCF energy
   geom. index: 12
   prop. index: 1
        SCF Energy:     -424.1881110223
# -----------------------------------------------------------
$ DFT_Energy
   description: The DFT energy
   geom. index: 12
   prop. index: 1
   Number of Alpha Electrons                 38.9998891492 
   Number of Beta  Electrons                 38.9998891492 
   Total number of  Electrons                77.9997782985 
   Exchange energy                          -40.1094176207 
   Correlation energy                        -3.1825140048 
   Correlation energy NL                      0.0000000000 
   Exchange-Correlation energy              -43.2919316255 
   Embedding correction                       0.0000000000 
   Total DFT Energy (No VdW correction)    -424.1881110223 
# -----------------------------------------------------------
$ VdW_Correction
   description: The Van der Waals Correction
   geom. index: 12
   prop. index: 1
        Van der Waals Correction:       -0.0474246048
# -----------------------------------------------------------
$ PAL_Flags
   description: The PAL Flags
   geom. index: 13
   prop. index: 1
        Diskflag:     2
# -----------------------------------------------------------
$ SCF_Energy
   description: The SCF energy
   geom. index: 13
   prop. index: 1
        SCF Energy:     -424.1882078690
# -----------------------------------------------------------
$ DFT_Energy
   description: The DFT energy
   geom. index: 13
   prop. index: 1
   Number of Alpha Electrons                 38.9999084800 
   Number of Beta  Electrons                 38.9999084800 
   Total number of  Electrons                77.9998169599 
   Exchange energy                          -40.1093391790 
   Correlation energy                        -3.1825683684 
   Correlation energy NL                      0.0000000000 
   Exchange-Correlation energy              -43.2919075474 
   Embedding correction                       0.0000000000 
   Total DFT Energy (No VdW correction)    -424.1882078690 
# -----------------------------------------------------------
$ VdW_Correction
   description: The Van der Waals Correction
   geom. index: 13
   prop. index: 1
        Van der Waals Correction:       -0.0474389047
# -----------------------------------------------------------
$ PAL_Flags
   description: The PAL Flags
   geom. index: 14
   prop. index: 1
        Diskflag:     2
# -----------------------------------------------------------
$ SCF_Energy
   description: The SCF energy
   geom. index: 14
   prop. index: 1
        SCF Energy:     -424.1882610194
# -----------------------------------------------------------
$ DFT_Energy
   description: The DFT energy
   geom. index: 14
   prop. index: 1
   Number of Alpha Electrons                 38.9999609425 
   Number of Beta  Electrons                 38.9999609425 
   Total number of  Electrons                77.9999218851 
   Exchange energy                          -40.1093774524 
   Correlation energy                        -3.1825622373 
   Correlation energy NL                      0.0000000000 
   Exchange-Correlation energy              -43.2919396897 
   Embedding correction                       0.0000000000 
   Total DFT Energy (No VdW correction)    -424.1882610194 
# -----------------------------------------------------------
$ VdW_Correction
   description: The Van der Waals Correction
   geom. index: 14
   prop. index: 1
        Van der Waals Correction:       -0.0474283166
# -----------------------------------------------------------
$ PAL_Flags
   description: The PAL Flags
   geom. index: 15
   prop. index: 1
        Diskflag:     2
# -----------------------------------------------------------
$ SCF_Energy
   description: The SCF energy
   geom. index: 15
   prop. index: 1
        SCF Energy:     -424.1882600322
# -----------------------------------------------------------
$ DFT_Energy
   description: The DFT energy
   geom. index: 15
   prop. index: 1
   Number of Alpha Electrons                 38.9999825319 
   Number of Beta  Electrons                 38.9999825319 
   Total number of  Electrons                77.9999650638 
   Exchange energy                          -40.1095445602 
   Correlation energy                        -3.1826069456 
   Correlation energy NL                      0.0000000000 
   Exchange-Correlation energy              -43.2921515058 
   Embedding correction                       0.0000000000 
   Total DFT Energy (No VdW correction)    -424.1882600322 
# -----------------------------------------------------------
$ VdW_Correction
   description: The Van der Waals Correction
   geom. index: 15
   prop. index: 1
        Van der Waals Correction:       -0.0474358236
# -----------------------------------------------------------
$ PAL_Flags
   description: The PAL Flags
   geom. index: 16
   prop. index: 1
        Diskflag:     2
# -----------------------------------------------------------
$ SCF_Energy
   description: The SCF energy
   geom. index: 16
   prop. index: 1
        SCF Energy:     -424.1882682286
# -----------------------------------------------------------
$ DFT_Energy
   description: The DFT energy
   geom. index: 16
   prop. index: 1
   Number of Alpha Electrons                 38.9999825361 
   Number of Beta  Electrons                 38.9999825361 
   Total number of  Electrons                77.9999650723 
   Exchange energy                          -40.1095581364 
   Correlation energy                        -3.1825894239 
   Correlation energy NL                      0.0000000000 
   Exchange-Correlation energy              -43.2921475602 
   Embedding correction                       0.0000000000 
   Total DFT Energy (No VdW correction)    -424.1882682286 
# -----------------------------------------------------------
$ Mayer_Pop
   description: The Mayer population analysis
   geom. index: 16
   prop. index: 1
     Number of atoms                     : 26
     Threshold for printing              : 0.1000000
     Number of bond orders printed       : 33
  NA   - Mulliken gross atomic population
  ZA   - Total nuclear charge
  QA   - Mulliken gross atomic charge
  VA   - Mayer's total valence
  BVA  - Mayer's bonded valence
  FA   - Mayer's free valence
  ATOM       NA         ZA         QA         VA         BVA        FA
  0   0     6.3576     6.0000    -0.3576     3.7382     3.7382    -0.0000
  1   0     6.2760     6.0000    -0.2760     3.8263     3.8263     0.0000
  2   0     7.3555     7.0000    -0.3555     2.5496     2.5496    -0.0000
  3   0     6.4332     6.0000    -0.4332     3.8975     3.8975    -0.0000
  4   0     6.1626     6.0000    -0.1626     4.2170     4.2170    -0.0000
  5   0     6.1587     6.0000    -0.1587     3.3208     3.3208    -0.0000
  6   0     6.3161     6.0000    -0.3161     3.7255     3.7255    -0.0000
  7   0     6.4196     6.0000    -0.4196     3.9056     3.9056    -0.0000
  8   0     6.1192     6.0000    -0.1192     3.6189     3.6189    -0.0000
  9   0     7.2261     7.0000    -0.2261     2.5953     2.5953    -0.0000
 10   0     0.8372     1.0000     0.1628     0.9418     0.9418     0.0000
 11   0     0.8395     1.0000     0.1605     0.9214     0.9214    -0.0000
 12   0     0.8680     1.0000     0.1320     0.9440     0.9440     0.0000
 13   0     0.8488     1.0000     0.1512     0.9341     0.9341    -0.0000
 14   0     0.6886     1.0000     0.3114     0.8454     0.8454    -0.0000
 15   0     0.8506     1.0000     0.1494     0.8951     0.8951     0.0000
 16   0     0.8291     1.0000     0.1709     0.9023     0.9023     0.0000
 17   0     0.8365     1.0000     0.1635     0.9297     0.9297     0.0000
 18   0     0.8239     1.0000     0.1761     0.9541     0.9541    -0.0000
 19   0     0.8380     1.0000     0.1620     0.9473     0.9473    -0.0000
 20   0     0.8545     1.0000     0.1455     0.9593     0.9593    -0.0000
 21   0     0.8360     1.0000     0.1640     0.9327     0.9327     0.0000
 22   0     0.8453     1.0000     0.1547     0.9416     0.9416    -0.0000
 23   0     0.8881     1.0000     0.1119     0.9606     0.9606    -0.0000
 24   0     0.8436     1.0000     0.1564     0.9376     0.9376    -0.0000
 25   0     0.6478     1.0000     0.3522     0.7991     0.7991     0.0000
      Bond orders larger than 0.1000000
           Atom A     A.N. of A          Atom B    A.N. of B              Bond order
                0             6               1            6                0.994541
                0             6               5            6                0.913682
                0             6              10            1                0.933895
                0             6              11            1                0.982867
                1             6               2            7                0.911927
                1             6              12            1                0.988305
                1             6              13            1                0.992226
                2             7               3            6                0.928226
                2             7               4            6                0.136181
                2             7               5            6               -0.139126
                2             7              14            1                0.862129
                3             6               4            6                0.870651
                3             6               5            6                0.114744
                3             6               6            6                0.115519
                3             6              15            1                0.995655
                3             6              16            1                0.975159
                4             6               5            6                0.768597
                4             6               6            6                0.716483
                4             6               9            7                1.530133
                5             6               6            6                0.150580
                5             6               9            7               -0.311247
                5             6              17            1                0.969872
                5             6              18            1                0.945324
                6             6               7            6                0.984904
                6             6              19            1                0.948279
                6             6              20            1                0.972564
                7             6               8            6                1.007459
                7             6              21            1                0.980673
                7             6              22            1                0.951212
                8             6               9            7                0.741340
                8             6              23            1                0.945410
                8             6              24            1                0.980942
                9             7              25            1                0.802278
# -----------------------------------------------------------
$ VdW_Correction
   description: The Van der Waals Correction
   geom. index: 16
   prop. index: 1
        Van der Waals Correction:       -0.0474283082
# -----------------------------------------------------------
$ SCF_Electric_Properties
   description: The SCF Calculated Electric Properties
   geom. index: 16
   prop. index: 1
       Filename                          : file.scfp 
       Do Dipole Moment Calculation      : true 
       Do Quadrupole Moment Calculation  : false 
       Do Polarizability Calculation     : false 
** Dipole moment part of electric properties **
        Magnitude of dipole moment (Debye) :        1.8592586130
        Electronic Contribution:
                  0    
      0       0.068030
      1       1.462571
      2      -1.817466
        Nuclear Contribution:
                  0    
      0       0.223850
      1      -1.205652
      2       2.437024
        Total Dipole moment:
                  0    
      0       0.291880
      1       0.256919
      2       0.619558
# -------------------------------------------------------------
----------------------- !GEOMETRIES! ------------------------
# -------------------------------------------------------------
------------------------ !GEOMETRY! -------------------------
    Number of atoms:    26 
    Geometry Index:     1 
    Coordinates:
               0 C      1.779600000000   -1.341300000000   -0.240000000000
               1 C      2.726200000000   -0.120300000000   -0.231100000000
               2 N      2.004500000000    1.166500000000   -0.221700000000
               3 C      0.815000000000    1.097100000000    0.633500000000
               4 C     -0.267800000000    0.184600000000   -0.024300000000
               5 C      0.410300000000   -0.973200000000   -0.819100000000
               6 C     -1.207600000000   -0.375300000000    1.057100000000
               7 C     -2.554200000000   -0.443400000000    0.384100000000
               8 C     -2.515700000000    0.691600000000   -0.619000000000
               9 N     -1.114900000000    0.937200000000   -0.971700000000
              10 H      2.231200000000   -2.163000000000   -0.837000000000
              11 H      1.644100000000   -1.715300000000    0.798600000000
              12 H      3.401800000000   -0.189100000000    0.651300000000
              13 H      3.362900000000   -0.152500000000   -1.141100000000
              14 H      2.646400000000    1.895800000000    0.168400000000
              15 H      1.104700000000    0.702700000000    1.635700000000
              16 H      0.418100000000    2.120500000000    0.811400000000
              17 H     -0.236700000000   -1.877100000000   -0.848800000000
              18 H      0.565500000000   -0.662400000000   -1.876800000000
              19 H     -0.889900000000   -1.370400000000    1.439200000000
              20 H     -1.283700000000    0.325700000000    1.919100000000
              21 H     -2.663000000000   -1.414800000000   -0.146800000000
              22 H     -3.385200000000   -0.321600000000    1.112400000000
              23 H     -2.965100000000    1.603700000000   -0.163700000000
              24 H     -3.092300000000    0.426200000000   -1.530500000000
              25 H     -0.934500000000    1.967900000000   -0.939300000000
------------------------ !GEOMETRY! -------------------------
    Number of atoms:    26 
    Geometry Index:     2 
    Coordinates:
               0 C      1.789255598284   -1.331944200342   -0.217429853559
               1 C      2.749008442771   -0.124490193702   -0.235237528172
               2 N      2.005182739934    1.148761768103   -0.234900352905
               3 C      0.827604540720    1.067278277643    0.626151426692
               4 C     -0.258121108937    0.183708323081   -0.017084312563
               5 C      0.427242097303   -0.956798727341   -0.806973398251
               6 C     -1.209240914252   -0.367338168845    1.063943217777
               7 C     -2.569003691344   -0.458025247950    0.368758263742
               8 C     -2.545904443316    0.714823046329   -0.622053191832
               9 N     -1.126967672463    0.944182021210   -0.945321329544
              10 H      2.233035549601   -2.153238367327   -0.791054326325
              11 H      1.657905932720   -1.697850066211    0.810006959178
              12 H      3.429472633080   -0.191960334157    0.631677256886
              13 H      3.369275593618   -0.154429271555   -1.139353680165
              14 H      2.619380103458    1.876095587745    0.108395670659
              15 H      1.083853511123    0.660381545970    1.623066021196
              16 H      0.426770373341    2.074998486546    0.792796153884
              17 H     -0.229165413377   -1.836585561659   -0.836013991421
              18 H      0.559889038216   -0.624691767885   -1.840906714334
              19 H     -0.869948852272   -1.335268660852    1.450269910635
              20 H     -1.270562337254    0.329884253218    1.911247467325
              21 H     -2.668238811746   -1.411665179483   -0.162779306451
              22 H     -3.401230131771   -0.372828603542    1.074480613808
              23 H     -3.001669852135    1.606776144117   -0.165618598447
              24 H     -3.114960502301    0.479837707736   -1.529957997621
              25 H     -0.913162423002    1.930187189152   -0.916208380191
------------------------ !GEOMETRY! -------------------------
    Number of atoms:    26 
    Geometry Index:     3 
    Coordinates:
               0 C      1.782511316733   -1.331488996345   -0.198358653301
               1 C      2.752438498609   -0.132576900899   -0.232868780357
               2 N      2.003296066838    1.136047978155   -0.244163938965
               3 C      0.831983797565    1.063802454573    0.623020819692
               4 C     -0.258774853721    0.183612037648   -0.019310288501
               5 C      0.432606447506   -0.952310485625   -0.810710854826
               6 C     -1.210799088184   -0.366119741444    1.061887520248
               7 C     -2.561870038047   -0.477969801836    0.351422407928
               8 C     -2.553942678202    0.728375561727   -0.600337851151
               9 N     -1.137325072362    0.944440579100   -0.939759728585
              10 H      2.226121724127   -2.170686123055   -0.744981500066
              11 H      1.638113576800   -1.675797683943    0.834275952886
              12 H      3.436482821148   -0.195218562285    0.631032095797
              13 H      3.365966186945   -0.170930167432   -1.140694842592
              14 H      2.613735763240    1.885583115322    0.060779438286
              15 H      1.078425939051    0.656187437175    1.621614989609
              16 H      0.434889419631    2.073488279094    0.783752605052
              17 H     -0.230338257195   -1.825946572412   -0.853608508513
              18 H      0.573395672170   -0.604924294566   -1.838215908110
              19 H     -0.856801242583   -1.320075648756    1.468479747239
              20 H     -1.282478824914    0.344715846348    1.896916072269
              21 H     -2.633745695005   -1.417476479433   -0.208484341310
              22 H     -3.406000473234   -0.439291048346    1.046677645576
              23 H     -2.997036863553    1.607233269352   -0.106998728990
              24 H     -3.140967921184    0.528940327523   -1.504718617337
              25 H     -0.900186222179    1.928185620361   -0.936746751979
------------------------ !GEOMETRY! -------------------------
    Number of atoms:    26 
    Geometry Index:     4 
    Coordinates:
               0 C      1.780929031070   -1.331987534929   -0.181762202588
               1 C      2.752529956048   -0.134641453436   -0.229634471502
               2 N      1.996953556730    1.128569690879   -0.251529733419
               3 C      0.829259035117    1.062969359873    0.619958568337
               4 C     -0.260321565463    0.177712115233   -0.021214558305
               5 C      0.438318906057   -0.955027059608   -0.811609839896
               6 C     -1.213478614105   -0.373830825820    1.057629610880
               7 C     -2.559087475340   -0.488872262963    0.337665246832
               8 C     -2.556005734172    0.745883025835   -0.574941853341
               9 N     -1.143658899000    0.933718558223   -0.941829950096
              10 H      2.227410231620   -2.184595439310   -0.705292956777
              11 H      1.625460281864   -1.654832727702    0.856321262296
              12 H      3.439787898151   -0.188852780574    0.632488006204
              13 H      3.361540513744   -0.180575149968   -1.140403795403
              14 H      2.601118872182    1.896108777535    0.017409922911
              15 H      1.074838545544    0.660641419521    1.621045708315
              16 H      0.431824379317    2.073633649192    0.774108740949
              17 H     -0.225843445533   -1.826999553009   -0.867496342268
              18 H      0.590353592245   -0.598441388828   -1.834661796224
              19 H     -0.854567649256   -1.321427847920    1.475294658568
              20 H     -1.294309242874    0.344569207781    1.885683979116
              21 H     -2.609183946616   -1.409888711141   -0.254987007510
              22 H     -3.411109425178   -0.489229584911    1.024921484494
              23 H     -2.969861458469    1.614869526214   -0.038547504332
              24 H     -3.168918248544    0.589502590025   -1.470752122815
              25 H     -0.884279095139    1.910824399808   -0.977963054429
------------------------ !GEOMETRY! -------------------------
    Number of atoms:    26 
    Geometry Index:     5 
    Coordinates:
               0 C      1.785513654312   -1.331613895610   -0.167716573772
               1 C      2.752735872087   -0.131087065434   -0.224963914420
               2 N      1.988517698119    1.125794073090   -0.256078839872
               3 C      0.820471115982    1.061440226478    0.614321868231
               4 C     -0.262654581196    0.166415161721   -0.026737227324
               5 C      0.446937748023   -0.963215770655   -0.811452311041
               6 C     -1.216962720467   -0.386628284059    1.050348831477
               7 C     -2.562176602566   -0.491825958515    0.328472586052
               8 C     -2.555789645209    0.767005911198   -0.546843497086
               9 N     -1.150475798845    0.911167619895   -0.953072830155
              10 H      2.238168695679   -2.191635361496   -0.673528173610
              11 H      1.622300492375   -1.637722454973    0.874289190785
              12 H      3.441184478775   -0.175667755110    0.636846357283
              13 H      3.360343867585   -0.181028344925   -1.136547611941
              14 H      2.585378859818    1.906561240376   -0.010062491865
              15 H      1.065910276903    0.666276302341    1.618279192613
              16 H      0.418042035687    2.071144909213    0.761198418234
              17 H     -0.213929257780   -1.836921331236   -0.876068604806
              18 H      0.608406758368   -0.603657509236   -1.832075842851
              19 H     -0.859938380539   -1.333964576568    1.469898447407
              20 H     -1.299732849301    0.333047532665    1.877194360095
              21 H     -2.602435283277   -1.393251471412   -0.294492456190
              22 H     -3.416674706363   -0.518443748009    1.012181794979
              23 H     -2.924716309014    1.629935036925    0.032251812275
              24 H     -3.200859549318    0.658505616765   -1.426892263093
              25 H     -0.867865869838    1.879169896573   -1.038850221404
------------------------ !GEOMETRY! -------------------------
    Number of atoms:    26 
    Geometry Index:     6 
    Coordinates:
               0 C      1.793943359112   -1.330060308088   -0.156159909156
               1 C      2.752955219764   -0.123194826195   -0.220059223819
               2 N      1.977842882081    1.126194893840   -0.258148747193
               3 C      0.808082343835    1.058145688218    0.609112389399
               4 C     -0.265460278762    0.151176558861   -0.033548985292
               5 C      0.457465857913   -0.974188085950   -0.811534517970
               6 C     -1.221282097377   -0.403070552600    1.042044796445
               7 C     -2.570425805600   -0.488111000725    0.324493864473
               8 C     -2.552691475535    0.789581552138   -0.519941851314
               9 N     -1.157395660625    0.881558110742   -0.967666524661
              10 H      2.255359127854   -2.193805155452   -0.647597911832
              11 H      1.625052294316   -1.623272611815    0.888676885305
              12 H      3.441932751706   -0.157879625620    0.641846845897
              13 H      3.360439744749   -0.173819363929   -1.131807190390
              14 H      2.565622778966    1.918315522618   -0.027855121710
              15 H      1.053650496320    0.670024261686    1.615839144575
              16 H      0.397186294895    2.065379664266    0.749267715128
              17 H     -0.197519024657   -1.851697022960   -0.882734929628
              18 H      0.626391071376   -0.613408110148   -1.830672759699
              19 H     -0.870115829785   -1.354411596104    1.457190697575
              20 H     -1.298660161228    0.313623498878    1.872039308226
              21 H     -2.611835042028   -1.370414774987   -0.325339017938
              22 H     -3.423796405062   -0.530479074932    1.008887647530
              23 H     -2.868742963710    1.648822718521    0.096408808791
              24 H     -3.229197074004    0.729898400303   -1.380808342335
              25 H     -0.849102404515    1.834891239433   -1.112033070408
------------------------ !GEOMETRY! -------------------------
    Number of atoms:    26 
    Geometry Index:     7 
    Coordinates:
               0 C      1.805688488261   -1.327222042720   -0.146886045481
               1 C      2.752771059206   -0.111154118843   -0.215508196329
               2 N      1.964572685754    1.129680296923   -0.258885507181
               3 C      0.792472105900    1.053059216997    0.604242715031
               4 C     -0.268562498574    0.132295840255   -0.041287048951
               5 C      0.469617754965   -0.987596104525   -0.811566269213
               6 C     -1.226783554920   -0.422441465724    1.033163366283
               7 C     -2.582580855501   -0.478602105941    0.324503702215
               8 C     -2.545704119746    0.813686775114   -0.494617191478
               9 N     -1.164064969607    0.845883879340   -0.984623407905
              10 H      2.278114420536   -2.191034931892   -0.627609750572
              11 H      1.633424306206   -1.611712076218    0.899822222019
              12 H      3.441834169540   -0.135479196910    0.646686878954
              13 H      3.360951371899   -0.159433578235   -1.127005454264
              14 H      2.542336870838    1.931028656686   -0.035933757193
              15 H      1.038752973960    0.671582296619    1.613384708624
              16 H      0.369818751490    2.056227786556    0.738470392929
              17 H     -0.177378555974   -1.870597964147   -0.886643953885
              18 H      0.643327210404   -0.627410496417   -1.830292107941
              19 H     -0.885750832825   -1.381573082832    1.438345235218
              20 H     -1.291840334293    0.287285284632    1.870177972855
              21 H     -2.635593329284   -1.343698852283   -0.347300583613
              22 H     -3.432248803468   -0.525690006128    1.013119466943
              23 H     -2.802961972468    1.671097560179    0.152464566186
              24 H     -3.251006674742    0.802826226003   -1.333916845333
              25 H     -0.829505667558    1.778792203515   -1.192405107919
------------------------ !GEOMETRY! -------------------------
    Number of atoms:    26 
    Geometry Index:     8 
    Coordinates:
               0 C      1.820700640427   -1.322940756663   -0.140538279613
               1 C      2.751701512181   -0.094536643478   -0.211897815726
               2 N      1.947637072687    1.136086518413   -0.257974707775
               3 C      0.773628145133    1.045479979740    0.601151288187
               4 C     -0.271740369531    0.109358250047   -0.048723211605
               5 C      0.483209034710   -1.003219922975   -0.811977938713
               6 C     -1.233679863727   -0.445720963852    1.024123553905
               7 C     -2.599283592110   -0.461613234061    0.330899672645
               8 C     -2.534063298986    0.838260607446   -0.474047157725
               9 N     -1.168669076853    0.805463822207   -1.001184948668
              10 H      2.306681162916   -2.183415395484   -0.613713484815
              11 H      1.647056314370   -1.602295006436    0.907315850011
              12 H      3.440903886460   -0.108032720660    0.650385396477
              13 H      3.360721927153   -0.137046360821   -1.123225037078
              14 H      2.513738665995    1.945938043616   -0.036307851459
              15 H      1.022039029535    0.670099754277    1.612102967527
              16 H      0.335408329645    2.042621032394    0.730651678167
              17 H     -0.153288182416   -1.893519673889   -0.889457135882
              18 H      0.659613517170   -0.644055485613   -1.830874032520
              19 H     -0.908554413419   -1.417276777356    1.412134790010
              20 H     -1.278144082363    0.251663944302    1.872668792131
              21 H     -2.676268272252   -1.312228649795   -0.356820025810
              22 H     -3.441576550762   -0.500695109428    1.028946455914
              23 H     -2.728635026292    1.696527434969    0.194492186412
              24 H     -3.262794683646    0.874153034893   -1.292238730750
              25 H     -0.806641826025    1.710744278207   -1.275992273248
------------------------ !GEOMETRY! -------------------------
    Number of atoms:    26 
    Geometry Index:     9 
    Coordinates:
               0 C      1.838989146488   -1.316368889989   -0.131078428022
               1 C      2.749570394327   -0.073530861132   -0.211488129526
               2 N      1.926046656880    1.144968461626   -0.263148185132
               3 C      0.753142404762    1.035611860383    0.595640470082
               4 C     -0.275645316723    0.082906303329   -0.057823213218
               5 C      0.498905937200   -1.024001590944   -0.808113387484
               6 C     -1.243934768791   -0.471240789775    1.013604341687
               7 C     -2.615727548674   -0.441942020927    0.330966089383
               8 C     -2.515534218714    0.868253271262   -0.450370054229
               9 N     -1.173205524083    0.762524096587   -1.021391933065
              10 H      2.340032346461   -2.171035088613   -0.598624549834
              11 H      1.668929604046   -1.592994927413    0.918062828621
              12 H      3.440352947270   -0.071169260745    0.649390046190
              13 H      3.357493036133   -0.111237530089   -1.123613487141
              14 H      2.481668514173    1.959852008390   -0.033135067458
              15 H      1.005463940792    0.664926222056    1.607190092823
              16 H      0.297272844392    2.025195503026    0.722017556377
              17 H     -0.125796563894   -1.923142606205   -0.878105844011
              18 H      0.670867511319   -0.672990405391   -1.830717786389
              19 H     -0.938386869245   -1.457360254586    1.379898550431
              20 H     -1.264027614093    0.207912529112    1.877465238998
              21 H     -2.722563955843   -1.280934461081   -0.366963707190
              22 H     -3.453974302041   -0.465271239465    1.034401804883
              23 H     -2.646235079399    1.724408014343    0.237640096147
              24 H     -3.265176278770    0.954891047854   -1.244696132317
              25 H     -0.788827243974    1.641570608388   -1.347107210604
------------------------ !GEOMETRY! -------------------------
    Number of atoms:    26 
    Geometry Index:     10 
    Coordinates:
               0 C      1.856968142242   -1.310188199817   -0.131588703653
               1 C      2.746847636413   -0.051748786768   -0.207326932663
               2 N      1.905213175494    1.154568984816   -0.258401077743
               3 C      0.730977297858    1.024660967794    0.595846887144
               4 C     -0.278074770943    0.056033559554   -0.064575802306
               5 C      0.513749666184   -1.039915953728   -0.811713483221
               6 C     -1.251012292815   -0.500258948063    1.004135050286
               7 C     -2.636727386778   -0.410872472510    0.353584766690
               8 C     -2.498745756322    0.887986135458   -0.444927693811
               9 N     -1.172487418691    0.721876833545   -1.033685853180
              10 H      2.374506497731   -2.156095911270   -0.597365099949
              11 H      1.686874548554   -1.588544459967    0.917053501015
              12 H      3.435583005186   -0.039740022930    0.655105573261
              13 H      3.357658850727   -0.078226882098   -1.118081045459
              14 H      2.446699208476    1.977067198633   -0.022075874370
              15 H      0.987010579617    0.658685753874    1.608217364728
              16 H      0.255472247317    2.005386013066    0.720104513597
              17 H     -0.096641382204   -1.948422788684   -0.884513100905
              18 H      0.686900444461   -0.687972681273   -1.834231899872
              19 H     -0.972979190122   -1.506273496169    1.336673875802
              20 H     -1.235379018225    0.152556376964    1.887793804467
              21 H     -2.792672705289   -1.242459375346   -0.343550417004
              22 H     -3.455891561022   -0.400795963620    1.079510665474
              23 H     -2.573580852166    1.753273354671    0.240034649442
              24 H     -3.258172613571    1.004699893404   -1.226258656532
              25 H     -0.762396352113    1.564520870463   -1.419865011238
------------------------ !GEOMETRY! -------------------------
    Number of atoms:    26 
    Geometry Index:     11 
    Coordinates:
               0 C      1.878288783608   -1.300779903283   -0.125025557975
               1 C      2.743505293143   -0.025873068627   -0.208782457920
               2 N      1.878936754817    1.164710657138   -0.261041438307
               3 C      0.708477669006    1.010080014601    0.594557379782
               4 C     -0.282440741060    0.025523562951   -0.071474135665
               5 C      0.530906224077   -1.061623869665   -0.807901228849
               6 C     -1.263234660044   -0.532751767815    0.992454370728
               7 C     -2.655837565157   -0.378208020477    0.365267973026
               8 C     -2.474874937104    0.914469465002   -0.434112441968
               9 N     -1.172989354835    0.679071919321   -1.051013750192
              10 H      2.412760172037   -2.138493843841   -0.586405487875
              11 H      1.713253206209   -1.577492358133    0.924810348238
              12 H      3.434872710955    0.002554917011    0.650989432826
              13 H      3.351475056191   -0.044492788678   -1.121596306370
              14 H      2.406120329393    1.994872314693   -0.018617808966
              15 H      0.972167408017    0.645633134967    1.605375824909
              16 H      0.214158190208    1.981171303024    0.721513100095
              17 H     -0.062779713242   -1.981461804007   -0.873238857807
              18 H      0.698338659259   -0.715903265186   -1.833655008991
              19 H     -1.016048388341   -1.558539251570    1.286459890210
              20 H     -1.212597864783    0.085778046597    1.898667452847
              21 H     -2.862891372220   -1.200428415120   -0.329183404982
              22 H     -3.460398433003   -0.332217485304    1.106129669769
              23 H     -2.493764988396    1.782555913552    0.252003510059
              24 H     -3.243577731461    1.069318490148   -1.199261521822
              25 H     -0.742124707274    1.492326102702   -1.477019544801
------------------------ !GEOMETRY! -------------------------
    Number of atoms:    26 
    Geometry Index:     12 
    Coordinates:
               0 C      1.900517656417   -1.291062989384   -0.120655033209
               1 C      2.740439262814   -0.000020249058   -0.211282762451
               2 N      1.853046970483    1.174157745635   -0.263320317617
               3 C      0.687124264285    0.994821899960    0.594177643818
               4 C     -0.286448559299   -0.004345447625   -0.076980905347
               5 C      0.547416796772   -1.083357093144   -0.802484651401
               6 C     -1.276663170069   -0.565227791689    0.980767168981
               7 C     -2.673557928517   -0.342227645265    0.379903232694
               8 C     -2.452041008461    0.935087245242   -0.432997374211
               9 N     -1.169806015690    0.642632774900   -1.067407249610
              10 H      2.450558204104   -2.118986640994   -0.581436085021
              11 H      1.743686454384   -1.568904204382    0.930036690555
              12 H      3.434651598318    0.044477829224    0.645367383307
              13 H      3.344896129651   -0.010250108528   -1.126554952468
              14 H      2.365305261047    2.012110869856   -0.015357778231
              15 H      0.959205315040    0.630810421557    1.602661097475
              16 H      0.176363147518    1.956640256413    0.726577732322
              17 H     -0.026962310862   -2.015722840868   -0.856544981685
              18 H      0.706361488743   -0.746105662017   -1.832549664013
              19 H     -1.066808906890   -1.611308118664    1.228138970023
              20 H     -1.189201452193    0.011223475155    1.911040926675
              21 H     -2.940037325098   -1.158531425924   -0.300565714346
              22 H     -3.457409505355   -0.249037824150    1.138431768582
              23 H     -2.425467142586    1.809596095098    0.244903672068
              24 H     -3.225781369464    1.114421178821   -1.187377612533
              25 H     -0.719687855093    1.438908249829   -1.506591204354
------------------------ !GEOMETRY! -------------------------
    Number of atoms:    26 
    Geometry Index:     13 
    Coordinates:
               0 C      1.922121841361   -1.280866430320   -0.115320967316
               1 C      2.735195693652    0.026294730763   -0.216141072997
               2 N      1.823762837068    1.182016493166   -0.263015031424
               3 C      0.664224110031    0.978108774511    0.597614832592
               4 C     -0.291173513945   -0.034760200424   -0.079651079165
               5 C      0.563157333519   -1.105314234103   -0.794949775852
               6 C     -1.291404479324   -0.598420652326    0.968374105736
               7 C     -2.688109738014   -0.305362850418    0.392998968772
               8 C     -2.424720277161    0.956669083547   -0.430884362728
               9 N     -1.166298806417    0.605396300575   -1.081208792394
              10 H      2.487693548552   -2.100090732954   -0.572980311381
              11 H      1.774100576038   -1.555652936663    0.937410018506
              12 H      3.435588258750    0.087051939647    0.634359771330
              13 H      3.332042940178    0.025116312480   -1.136536246328
              14 H      2.318434849505    2.031828261008   -0.020240164812
              15 H      0.945710763664    0.615065487911    1.603657960950
              16 H      0.136591062739    1.929990618853    0.735515680347
              17 H      0.008090854973   -2.049698800365   -0.838952173655
              18 H      0.714504576699   -0.776417421589   -1.828933288271
              19 H     -1.120640271065   -1.661275777600    1.169297381785
              20 H     -1.171518234214   -0.066507400076    1.920912186731
              21 H     -3.011242928900   -1.110022460536   -0.276622410223
              22 H     -3.449190508662   -0.169584260239    1.168210093900
              23 H     -2.350834087197    1.833048438225    0.241153538956
              24 H     -3.201508372980    1.163991465652   -1.175064753896
              25 H     -0.694878028848    1.379196251277   -1.539104109161
------------------------ !GEOMETRY! -------------------------
    Number of atoms:    26 
    Geometry Index:     14 
    Coordinates:
               0 C      1.936366372798   -1.274060394768   -0.112532082508
               1 C      2.732474322150    0.042851201020   -0.218313072715
               2 N      1.805762252049    1.186096723881   -0.260820216804
               3 C      0.649830892642    0.967392051318    0.600971989003
               4 C     -0.293520313924   -0.053944248586   -0.081110748845
               5 C      0.573779355027   -1.118446341739   -0.790257338694
               6 C     -1.300811487360   -0.621199543083    0.959010743229
               7 C     -2.696312362109   -0.278128841717    0.405831587917
               8 C     -2.409609070298    0.967417755372   -0.435252476259
               9 N     -1.161987439489    0.584879080172   -1.088961542053
              10 H      2.511251022549   -2.087223935650   -0.569411425452
              11 H      1.794472140219   -1.548004693885    0.941209156715
              12 H      3.437214925561    0.112927345941    0.627869906339
              13 H      3.323687094105    0.048444858093   -1.142400312611
              14 H      2.288462396320    2.044261968586   -0.023676910626
              15 H      0.936135416369    0.604632900672    1.605546487629
              16 H      0.113019137517    1.913426956947    0.742622643950
              17 H      0.031637481081   -2.070485342141   -0.827714819089
              18 H      0.719905091659   -0.795392770429   -1.826909308620
              19 H     -1.160418527055   -1.694966340434    1.121276005915
              20 H     -1.155783539498   -0.127039235910    1.927978860198
              21 H     -3.062360168967   -1.077240327383   -0.247979513367
              22 H     -3.436748275205   -0.107643745391    1.194102157161
              23 H     -2.312232366414    1.850314746665    0.224813099855
              24 H     -3.187396641500    1.181993816841   -1.176196582221
              25 H     -0.677117708228    1.348936355606   -1.549796288045
------------------------ !GEOMETRY! -------------------------
    Number of atoms:    26 
    Geometry Index:     15 
    Coordinates:
               0 C      1.940937300110   -1.271271014638   -0.111147769526
               1 C      2.730981861944    0.049199145463   -0.217387134328
               2 N      1.798794798250    1.187754811224   -0.259682313319
               3 C      0.643447706825    0.964031276152    0.601441565231
               4 C     -0.294882968238   -0.061090983968   -0.082459604037
               5 C      0.577862728436   -1.122581509713   -0.789520582698
               6 C     -1.303572617816   -0.630547470299    0.954804291491
               7 C     -2.698696511596   -0.267737339964    0.411764671922
               8 C     -2.402371618264    0.972574573514   -0.434151312999
               9 N     -1.162744513858    0.573587308377   -1.092601175584
              10 H      2.519745036407   -2.082201929339   -0.567022178930
              11 H      1.799833142389   -1.544745154619    0.942808721316
              12 H      3.435872241484    0.122582767262    0.628409060929
              13 H      3.321602687186    0.057547680936   -1.141851673210
              14 H      2.276862896820    2.049097653929   -0.024898205892
              15 H      0.930689656179    0.602400107464    1.606139535070
              16 H      0.102559643934    1.907784168017    0.742707757244
              17 H      0.040028163562   -2.077026685146   -0.826219938814
              18 H      0.723445110286   -0.800518569511   -1.826598265257
              19 H     -1.173703437403   -1.707692570058    1.102244834321
              20 H     -1.148783286885   -0.151516478390    1.929779555468
              21 H     -3.080594812882   -1.062565899365   -0.238075337669
              22 H     -3.430690336163   -0.086108673871    1.205386677767
              23 H     -2.292039324841    1.856569240944    0.222477732414
              24 H     -3.181097459458    1.193713035467   -1.172116863003
              25 H     -0.673786086408    1.328562510132   -1.564332047907
------------------------ !GEOMETRY! -------------------------
    Number of atoms:    26 
    Geometry Index:     16 
    Coordinates:
               0 C      1.940466895110   -1.271486868076   -0.111219848570
               1 C      2.731493865740    0.048445754985   -0.216849004818
               2 N      1.800054683635    1.187569041076   -0.259327022615
               3 C      0.644365547957    0.964639169695    0.601519792151
               4 C     -0.294573065056   -0.059952243043   -0.082366487283
               5 C      0.577634117116   -1.121663680391   -0.789844418240
               6 C     -1.302814165733   -0.630238334690    0.954706134545
               7 C     -2.698449889514   -0.267656340251    0.412672014852
               8 C     -2.403933455171    0.971604153110   -0.435290514403
               9 N     -1.162816979756    0.574784963608   -1.092284185215
              10 H      2.518765540703   -2.082678134130   -0.567271309993
              11 H      1.798885217069   -1.545262427589    0.942596224537
              12 H      3.435958824112    0.121119095774    0.629370766314
              13 H      3.322663774050    0.056671021154   -1.140961132971
              14 H      2.278625247552    2.048601428755   -0.024422496420
              15 H      0.931127043982    0.602773920909    1.606279834496
              16 H      0.104317797316    1.908862590633    0.742642078122
              17 H      0.039207340647   -2.075751870768   -0.827053102122
              18 H      0.723588825387   -0.799151578575   -1.826721952178
              19 H     -1.172672890093   -1.707617046098    1.100195926512
              20 H     -1.147360229895   -0.152755774942    1.930310839541
              21 H     -3.080860211028   -1.063576805199   -0.235527580021
              22 H     -3.429788207226   -0.085032249849    1.206656304092
              23 H     -2.296458608864    1.857262548148    0.219457182965
              24 H     -3.182727556876    1.189284654767   -1.174240894862
              25 H     -0.674999461165    1.331005010989   -1.563127148415
