-------------------------------------------------------------
----------------------- !PROPERTIES! ------------------------
-------------------------------------------------------------
# -----------------------------------------------------------
$ PAL_Flags
   description: The PAL Flags
   geom. index: 1
   prop. index: 1
        Diskflag:     2
# -----------------------------------------------------------
$ SCF_Energy
   description: The SCF energy
   geom. index: 1
   prop. index: 1
        SCF Energy:     -420.7232345869
# -----------------------------------------------------------
$ DFT_Energy
   description: The DFT energy
   geom. index: 1
   prop. index: 1
   Number of Alpha Electrons                 35.0000407124 
   Number of Beta  Electrons                 35.0000407124 
   Total number of  Electrons                70.0000814248 
   Exchange energy                          -38.1243744496 
   Correlation energy                        -2.9037163152 
   Correlation energy NL                      0.0000000000 
   Exchange-Correlation energy              -41.0280907648 
   Embedding correction                       0.0000000000 
   Total DFT Energy (No VdW correction)    -420.7232345869 
# -----------------------------------------------------------
$ Mayer_Pop
   description: The Mayer population analysis
   geom. index: 1
   prop. index: 1
     Number of atoms                     : 21
     Threshold for printing              : 0.1000000
     Number of bond orders printed       : 25
  NA   - Mulliken gross atomic population
  ZA   - Total nuclear charge
  QA   - Mulliken gross atomic charge
  VA   - Mayer's total valence
  BVA  - Mayer's bonded valence
  FA   - Mayer's free valence
  ATOM       NA         ZA         QA         VA         BVA        FA
  0   0     6.2254     6.0000    -0.2254     3.6018     3.6018    -0.0000
  1   0     6.0341     6.0000    -0.0341     3.4969     3.4969     0.0000
  2   0     8.2912     8.0000    -0.2912     1.6935     1.6935     0.0000
  3   0     6.1003     6.0000    -0.1003     3.8855     3.8855    -0.0000
  4   0     6.3382     6.0000    -0.3382     3.6654     3.6654     0.0000
  5   0     7.3151     7.0000    -0.3151     2.5173     2.5173     0.0000
  6   0     6.4298     6.0000    -0.4298     3.6839     3.6839     0.0000
  7   0     6.1176     6.0000    -0.1176     3.7898     3.7898     0.0000
  8   0     7.3048     7.0000    -0.3048     2.7862     2.7862     0.0000
  9   0     0.8663     1.0000     0.1337     0.9256     0.9256    -0.0000
 10   0     0.8444     1.0000     0.1556     0.9291     0.9291    -0.0000
 11   0     0.8383     1.0000     0.1617     0.9408     0.9408     0.0000
 12   0     0.8630     1.0000     0.1370     0.9278     0.9278     0.0000
 13   0     0.8811     1.0000     0.1189     0.9592     0.9592     0.0000
 14   0     0.8383     1.0000     0.1617     0.9263     0.9263     0.0000
 15   0     0.8046     1.0000     0.1954     0.9159     0.9159    -0.0000
 16   0     0.7030     1.0000     0.2970     0.8556     0.8556    -0.0000
 17   0     0.8475     1.0000     0.1525     0.9281     0.9281     0.0000
 18   0     0.7944     1.0000     0.2056     0.8970     0.8970     0.0000
 19   0     0.8645     1.0000     0.1355     0.9290     0.9290     0.0000
 20   0     0.6982     1.0000     0.3018     0.8508     0.8508     0.0000
      Bond orders larger than 0.1000000
           Atom A     A.N. of A          Atom B    A.N. of B              Bond order
                0             6               1            6                0.859188
                0             6               8            7                0.917233
                0             6               9            1                0.993858
                0             6              10            1                0.994484
                1             6               2            8                0.767374
                1             6              11            1                0.995642
                1             6              12            1                0.983928
                2             8               3            6                1.243209
                2             8               4            6               -0.166465
                3             6               4            6                1.032926
                3             6               7            6                0.804986
                3             6              13            1                0.963614
                4             6               5            7                0.926317
                4             6              14            1                0.983443
                4             6              15            1                0.968919
                5             7               6            6                0.941801
                5             7               7            6               -0.109037
                5             7              16            1                0.898181
                6             6               7            6                0.906766
                6             6               8            7               -0.149756
                6             6              17            1                0.977355
                6             6              18            1                0.990885
                7             6               8            7                1.333279
                7             6              19            1                1.032168
                8             7              20            1                0.860243
# -----------------------------------------------------------
$ VdW_Correction
   description: The Van der Waals Correction
   geom. index: 1
   prop. index: 1
        Van der Waals Correction:       -0.0357657525
# -----------------------------------------------------------
$ Hessian
   description: Details about the Hessian
   geom. index: 1
   prop. index: 1
Normal modes:
Number of Rows: 63 Number of Columns: 63
                  0          1          2          3          4          5    
      0       0.000000   0.000000   0.000000   0.000000   0.000000   0.000000
      1       0.000000   0.000000   0.000000   0.000000   0.000000   0.000000
      2       0.000000   0.000000   0.000000   0.000000   0.000000   0.000000
      3       0.000000   0.000000   0.000000   0.000000   0.000000   0.000000
      4       0.000000   0.000000   0.000000   0.000000   0.000000   0.000000
      5       0.000000   0.000000   0.000000   0.000000   0.000000   0.000000
      6       0.000000   0.000000   0.000000   0.000000   0.000000   0.000000
      7       0.000000   0.000000   0.000000   0.000000   0.000000   0.000000
      8       0.000000   0.000000   0.000000   0.000000   0.000000   0.000000
      9       0.000000   0.000000   0.000000   0.000000   0.000000   0.000000
     10       0.000000   0.000000   0.000000   0.000000   0.000000   0.000000
     11       0.000000   0.000000   0.000000   0.000000   0.000000   0.000000
     12       0.000000   0.000000   0.000000   0.000000   0.000000   0.000000
     13       0.000000   0.000000   0.000000   0.000000   0.000000   0.000000
     14       0.000000   0.000000   0.000000   0.000000   0.000000   0.000000
     15       0.000000   0.000000   0.000000   0.000000   0.000000   0.000000
     16       0.000000   0.000000   0.000000   0.000000   0.000000   0.000000
     17       0.000000   0.000000   0.000000   0.000000   0.000000   0.000000
     18       0.000000   0.000000   0.000000   0.000000   0.000000   0.000000
     19       0.000000   0.000000   0.000000   0.000000   0.000000   0.000000
     20       0.000000   0.000000   0.000000   0.000000   0.000000   0.000000
     21       0.000000   0.000000   0.000000   0.000000   0.000000   0.000000
     22       0.000000   0.000000   0.000000   0.000000   0.000000   0.000000
     23       0.000000   0.000000   0.000000   0.000000   0.000000   0.000000
     24       0.000000   0.000000   0.000000   0.000000   0.000000   0.000000
     25       0.000000   0.000000   0.000000   0.000000   0.000000   0.000000
     26       0.000000   0.000000   0.000000   0.000000   0.000000   0.000000
     27       0.000000   0.000000   0.000000   0.000000   0.000000   0.000000
     28       0.000000   0.000000   0.000000   0.000000   0.000000   0.000000
     29       0.000000   0.000000   0.000000   0.000000   0.000000   0.000000
     30       0.000000   0.000000   0.000000   0.000000   0.000000   0.000000
     31       0.000000   0.000000   0.000000   0.000000   0.000000   0.000000
     32       0.000000   0.000000   0.000000   0.000000   0.000000   0.000000
     33       0.000000   0.000000   0.000000   0.000000   0.000000   0.000000
     34       0.000000   0.000000   0.000000   0.000000   0.000000   0.000000
     35       0.000000   0.000000   0.000000   0.000000   0.000000   0.000000
     36       0.000000   0.000000   0.000000   0.000000   0.000000   0.000000
     37       0.000000   0.000000   0.000000   0.000000   0.000000   0.000000
     38       0.000000   0.000000   0.000000   0.000000   0.000000   0.000000
     39       0.000000   0.000000   0.000000   0.000000   0.000000   0.000000
     40       0.000000   0.000000   0.000000   0.000000   0.000000   0.000000
     41       0.000000   0.000000   0.000000   0.000000   0.000000   0.000000
     42       0.000000   0.000000   0.000000   0.000000   0.000000   0.000000
     43       0.000000   0.000000   0.000000   0.000000   0.000000   0.000000
     44       0.000000   0.000000   0.000000   0.000000   0.000000   0.000000
     45       0.000000   0.000000   0.000000   0.000000   0.000000   0.000000
     46       0.000000   0.000000   0.000000   0.000000   0.000000   0.000000
     47       0.000000   0.000000   0.000000   0.000000   0.000000   0.000000
     48       0.000000   0.000000   0.000000   0.000000   0.000000   0.000000
     49       0.000000   0.000000   0.000000   0.000000   0.000000   0.000000
     50       0.000000   0.000000   0.000000   0.000000   0.000000   0.000000
     51       0.000000   0.000000   0.000000   0.000000   0.000000   0.000000
     52       0.000000   0.000000   0.000000   0.000000   0.000000   0.000000
     53       0.000000   0.000000   0.000000   0.000000   0.000000   0.000000
     54       0.000000   0.000000   0.000000   0.000000   0.000000   0.000000
     55       0.000000   0.000000   0.000000   0.000000   0.000000   0.000000
     56       0.000000   0.000000   0.000000   0.000000   0.000000   0.000000
     57       0.000000   0.000000   0.000000   0.000000   0.000000   0.000000
     58       0.000000   0.000000   0.000000   0.000000   0.000000   0.000000
     59       0.000000   0.000000   0.000000   0.000000   0.000000   0.000000
     60       0.000000   0.000000   0.000000   0.000000   0.000000   0.000000
     61       0.000000   0.000000   0.000000   0.000000   0.000000   0.000000
     62       0.000000   0.000000   0.000000   0.000000   0.000000   0.000000
                  6          7          8          9         10         11    
      0      -0.017449  -0.085933   0.021100   0.018157  -0.061264  -0.020352
      1       0.029312   0.008006   0.002602   0.005468  -0.138039   0.014517
      2      -0.151703  -0.159948  -0.045526   0.039277  -0.014507   0.006052
      3       0.015989   0.039896  -0.057125   0.056742   0.048699  -0.051361
      4       0.015435   0.002531   0.010441   0.004241  -0.135389  -0.012176
      5       0.138776   0.026648  -0.164901   0.095127   0.017208   0.000910
      6      -0.040857   0.020800   0.051974  -0.015982   0.078193  -0.095332
      7      -0.052866   0.038539  -0.050301   0.097967   0.087968  -0.231734
      8       0.083331  -0.039405   0.114304  -0.135843  -0.027350   0.048329
      9       0.023581   0.005015   0.015000  -0.034330  -0.018258  -0.024277
     10      -0.024905  -0.019470   0.004857  -0.017324   0.158888   0.006297
     11      -0.028104   0.018928   0.145429  -0.040206   0.040702  -0.142739
     12      -0.026646   0.022994  -0.048888   0.034886  -0.152457   0.083271
     13       0.053462  -0.040154  -0.007954  -0.074500   0.000054  -0.058332
     14      -0.159787   0.055476   0.035486   0.124885  -0.004441   0.048479
     15      -0.001723  -0.003924  -0.038028  -0.024099  -0.009884   0.049806
     16       0.012001   0.002061   0.020662   0.022745  -0.150112   0.005165
     17      -0.011597  -0.073778  -0.243175  -0.111797  -0.021022  -0.025408
     18       0.028956  -0.042989  -0.001066  -0.011969   0.165179   0.107142
     19       0.027527  -0.026324   0.040045   0.032408  -0.006836   0.060732
     20       0.161708  -0.075444   0.083831   0.107660   0.034375   0.047923
     21      -0.021768   0.028918   0.008787  -0.038381   0.036023  -0.006644
     22      -0.027056  -0.028134   0.006359  -0.025171   0.161186   0.035453
     23       0.037490   0.076761   0.099148  -0.001117  -0.033805  -0.158563
     24       0.041047   0.017957   0.043237  -0.006545  -0.081987  -0.053273
     25      -0.033345   0.063689  -0.026384  -0.053395   0.054448   0.208512
     26      -0.072069   0.184096   0.001986  -0.091233   0.006287   0.076991
     27      -0.162389  -0.463662   0.039298   0.107582  -0.130928  -0.065602
     28       0.201351   0.093571  -0.060718   0.056982  -0.136758  -0.060221
     29      -0.229814  -0.255613  -0.022433   0.040582  -0.030296   0.019612
     30       0.059808   0.085756   0.037782  -0.027023  -0.072019  -0.043026
     31      -0.083540  -0.106602   0.085887  -0.026526  -0.216964  -0.002811
     32      -0.327758  -0.463018  -0.011946   0.078205  -0.051354   0.023936
     33      -0.049197  -0.008284   0.082841  -0.049333   0.049734  -0.074262
     34      -0.107328  -0.127658   0.097276  -0.048885  -0.225043   0.037356
     35       0.296109   0.164111  -0.409342   0.274321   0.062152   0.006347
     36       0.146820   0.195314  -0.361469   0.300209   0.159312  -0.115650
     37       0.180006   0.097590  -0.036065   0.008609  -0.152688   0.045488
     38       0.227529   0.088262  -0.224084   0.127991   0.025853   0.018667
     39       0.152027  -0.062340   0.038653  -0.184697  -0.059583   0.023198
     40      -0.058664  -0.055058   0.015885  -0.032103   0.206976   0.154730
     41      -0.038526  -0.000615   0.150215  -0.053277   0.062375  -0.071125
     42      -0.031034   0.054137   0.035867   0.085552  -0.271099   0.074031
     43      -0.017241   0.013488   0.047282   0.067748  -0.083547   0.054808
     44      -0.303325   0.139292   0.074418   0.378770  -0.069162   0.297539
     45      -0.063591   0.016468  -0.213684   0.093344  -0.264181   0.249216
     46       0.212846  -0.154318  -0.141638  -0.382445   0.076808  -0.307805
     47      -0.180963   0.077171   0.091591   0.169511   0.002979   0.061178
     48      -0.001042   0.047475   0.191672   0.166349   0.008640   0.129859
     49      -0.108884   0.058641  -0.008912   0.038978  -0.229932   0.003283
     50      -0.025532  -0.095044  -0.372940  -0.217859  -0.040777  -0.073940
     51       0.032473  -0.017493   0.076961   0.002258   0.272897   0.079072
     52      -0.070416   0.028707  -0.094768  -0.093790  -0.157057  -0.095353
     53       0.292931  -0.173481   0.199739   0.270029   0.141655   0.291514
     54       0.074955  -0.159565  -0.069213   0.018906   0.309917   0.312380
     55       0.182656  -0.095735   0.265001   0.248769   0.125006   0.294901
     56       0.209968  -0.080293   0.177620   0.181175   0.057948   0.098151
     57      -0.140812   0.166477  -0.051625  -0.152588   0.046925   0.028303
     58      -0.049058  -0.079003   0.055175  -0.037361   0.204624  -0.121221
     59       0.045586   0.084612   0.086721   0.005039  -0.046699  -0.116661
     60       0.052310   0.003044   0.036679   0.019794  -0.227619  -0.082184
     61      -0.025120   0.034833  -0.017958  -0.036796   0.046663   0.151732
     62      -0.106926   0.293167  -0.030950  -0.157186   0.053135   0.319478
                 12         13         14         15         16         17    
      0      -0.239088   0.175840  -0.003658  -0.067286  -0.097493  -0.068078
      1      -0.012644  -0.137287   0.004311   0.075969   0.121605   0.027618
      2       0.018190  -0.047684  -0.000861   0.029541   0.069397  -0.008351
      3      -0.253799  -0.157163  -0.025995   0.071929   0.092786  -0.065529
      4       0.030272  -0.127132  -0.033126   0.071511   0.104178  -0.035085
      5       0.008573   0.040178   0.011702  -0.019127  -0.054229  -0.007072
      6      -0.108738  -0.201293  -0.057167   0.034515   0.034404  -0.043427
      7       0.203780  -0.065321  -0.068511  -0.051797  -0.192423  -0.047454
      8       0.069112  -0.082698  -0.069740  -0.061765  -0.064290  -0.089308
      9       0.072492  -0.173387  -0.088935  -0.050305  -0.003056   0.036637
     10       0.007510   0.060015   0.024999  -0.128793   0.101927  -0.189837
     11      -0.017886  -0.027246   0.063376   0.148024  -0.103801   0.133427
     12       0.172399  -0.112846   0.038269  -0.071555  -0.037226   0.075455
     13      -0.008342   0.141460   0.146604   0.090539   0.020768  -0.111023
     14      -0.017362   0.090375   0.055677   0.089738  -0.004920  -0.046114
     15       0.207097  -0.009854   0.271738   0.030414   0.004211  -0.080143
     16       0.002714   0.097907  -0.013503   0.027526  -0.039435   0.008425
     17      -0.022659   0.011858  -0.092811  -0.005629  -0.003586   0.022014
     18       0.167788   0.100858   0.007917   0.076560   0.054079   0.104922
     19       0.005010   0.135573  -0.172023   0.052407   0.018460   0.117867
     20      -0.011538  -0.070081   0.045884  -0.060250   0.003011  -0.039981
     21       0.087027   0.174851  -0.091682   0.014633   0.012729   0.080099
     22      -0.039449   0.033183   0.012108  -0.123627   0.107214   0.122293
     23      -0.028676   0.046244   0.109866  -0.153957   0.132415   0.163112
     24      -0.105040   0.226513  -0.030314  -0.052499  -0.068150  -0.030673
     25      -0.211546  -0.136552   0.106404  -0.048643  -0.178475   0.100912
     26       0.022876   0.060108  -0.073310   0.036440   0.083160  -0.091100
     27      -0.309568   0.093440   0.117364  -0.115158  -0.214581   0.113851
     28       0.088547  -0.060399  -0.042329   0.052549   0.100025  -0.057835
     29      -0.027221  -0.086815   0.033420   0.031001   0.063355   0.048541
     30      -0.115018   0.306851  -0.095184  -0.049428  -0.012579  -0.178837
     31       0.053760  -0.044245   0.002797   0.067410   0.145360   0.088591
     32      -0.103764  -0.152877   0.119203  -0.004109  -0.032890   0.172397
     33      -0.121190  -0.267350  -0.108995   0.014718   0.017419  -0.160806
     34       0.001587  -0.035269  -0.041366   0.033817   0.098284  -0.124563
     35      -0.166611   0.139244   0.131776   0.087072   0.062815   0.168157
     36      -0.384408  -0.076129   0.087666   0.184782   0.193935   0.114324
     37      -0.054813  -0.114772   0.010272   0.098941   0.152202   0.042083
     38      -0.047607   0.058894   0.045458   0.003548  -0.024985   0.048754
     39       0.109620  -0.303417  -0.167924  -0.216809   0.016688  -0.046977
     40      -0.038764   0.049570  -0.056201  -0.091047   0.090592  -0.350956
     41      -0.041174  -0.046628   0.018257   0.155259  -0.109145   0.053800
     42       0.166441  -0.114673  -0.064999   0.025465  -0.153870   0.330528
     43       0.015440   0.154854   0.009020  -0.038944   0.052161  -0.084141
     44       0.041350   0.115213  -0.139270  -0.280210   0.170150  -0.217998
     45       0.248453  -0.082516  -0.096918  -0.339638   0.064380  -0.013350
     46      -0.055220   0.103958   0.338807   0.403080  -0.125366  -0.014832
     47      -0.022920   0.092488   0.045740   0.083511   0.003146  -0.047682
     48       0.211737  -0.018021   0.393188   0.046526  -0.001522  -0.134436
     49       0.003582   0.123023  -0.025179   0.058238  -0.067081   0.015000
     50      -0.023310   0.019206  -0.148337  -0.009624  -0.003460   0.049489
     51       0.135226   0.107002  -0.040124  -0.062244   0.186178   0.347058
     52      -0.023746   0.166832   0.050278  -0.067974   0.055345   0.084115
     53       0.059097  -0.115045  -0.219308   0.237828  -0.169827  -0.209229
     54       0.245567   0.042195  -0.230852   0.330339  -0.048961   0.000915
     55       0.054536   0.082065  -0.417119   0.274581  -0.115049   0.043236
     56      -0.007424  -0.080864  -0.003484  -0.022506  -0.031025  -0.050932
     57       0.130054   0.292467  -0.213241   0.157627   0.032012   0.031926
     58       0.009965  -0.006373   0.084311  -0.072013   0.063616   0.293662
     59      -0.043688   0.061966   0.088105  -0.167577   0.148737   0.115507
     60      -0.090438   0.107263  -0.072252   0.092970   0.003341  -0.123331
     61      -0.177143  -0.106294   0.087257  -0.055935  -0.017732   0.111766
     62      -0.136411  -0.070948   0.040097   0.033234  -0.661143  -0.077095
                 18         19         20         21         22         23    
      0      -0.005620  -0.191078   0.035650   0.009704  -0.002396  -0.002313
      1      -0.054542   0.170119   0.051312   0.006102   0.030381   0.013700
      2      -0.086367   0.033010  -0.013309  -0.002888   0.003604  -0.022127
      3      -0.001079  -0.095869  -0.107281   0.015831   0.003910   0.080539
      4       0.076451  -0.184392  -0.071168  -0.016894  -0.040800  -0.072582
      5      -0.073834   0.002175  -0.019556  -0.004017  -0.003025  -0.051556
      6      -0.011474   0.095670   0.006589   0.000449   0.009364  -0.033361
      7       0.011880  -0.018426  -0.018787   0.009195   0.003686   0.068395
      8       0.040836  -0.002325  -0.051526   0.011979   0.006592   0.097724
      9       0.005923   0.036087   0.049094  -0.049324  -0.015879  -0.110608
     10       0.029362   0.051692   0.081363  -0.018301  -0.003792  -0.077191
     11      -0.007082  -0.048028   0.061556   0.036609   0.014754  -0.033201
     12      -0.013095  -0.064465   0.105297   0.020156  -0.093597  -0.008674
     13       0.006394   0.070163  -0.062831   0.113611  -0.149342  -0.018118
     14      -0.005795   0.019212  -0.002410  -0.047039  -0.028330  -0.022000
     15       0.006435  -0.048255  -0.008988   0.009719   0.231782   0.007981
     16      -0.001351   0.011123  -0.012519   0.004018  -0.008608   0.027984
     17       0.003060   0.007889   0.000285  -0.034319  -0.050360   0.019777
     18       0.010722   0.018950  -0.116797   0.017963  -0.072429   0.015595
     19       0.009793  -0.014963  -0.073486  -0.101077   0.160174   0.004836
     20      -0.003300   0.016965  -0.008347  -0.063140  -0.003456   0.006154
     21       0.008672   0.069874  -0.035357  -0.037041  -0.010205   0.002678
     22      -0.027331  -0.110328   0.084651  -0.004097  -0.004637  -0.003892
     23       0.007757  -0.002466  -0.054353   0.041838   0.016765  -0.012736
     24      -0.018091   0.118799   0.038278  -0.000183   0.013893   0.003727
     25      -0.039257   0.047381  -0.020028   0.012935   0.009781   0.054989
     26       0.017767  -0.069837   0.085958   0.006186   0.003827   0.052429
     27       0.320700   0.085714   0.049181   0.015482   0.016237   0.005272
     28      -0.423276   0.137154  -0.043638  -0.012739   0.028211  -0.195470
     29       0.087480   0.085549   0.026384   0.004620   0.008338   0.046139
     30      -0.131568  -0.227267   0.125711  -0.008931  -0.002710  -0.078272
     31       0.269426   0.360946   0.267914  -0.007459   0.042977   0.017556
     32       0.294883   0.198510   0.011950   0.012923   0.012207   0.079227
     33      -0.105250  -0.025617  -0.221723   0.021005   0.013633   0.155858
     34      -0.249227  -0.471677  -0.199393  -0.026639  -0.072125  -0.249490
     35       0.248433   0.050803   0.201017  -0.005747  -0.000392  -0.064350
     36       0.289545   0.095228   0.131142   0.018016   0.028499   0.086614
     37       0.424214  -0.147007   0.073429  -0.015532  -0.044030   0.013962
     38       0.117614   0.043914   0.072820  -0.001629   0.000445  -0.000719
     39       0.038695   0.119585  -0.005408   0.016587  -0.071176  -0.144432
     40       0.034094   0.052995   0.224767  -0.163832   0.040565  -0.108804
     41      -0.002367  -0.044608   0.122375  -0.025715   0.036987  -0.040340
     42      -0.045070  -0.122626   0.127386   0.119069  -0.262399   0.005703
     43       0.028404   0.129042  -0.180842   0.303303  -0.211289  -0.012134
     44       0.069815   0.188330  -0.267370   0.259978   0.016172  -0.019286
     45       0.024803  -0.018434  -0.043531   0.167538  -0.106972   0.111982
     46      -0.057941  -0.089296   0.212109  -0.239326  -0.151888  -0.003340
     47       0.000232   0.041455  -0.027788  -0.005785  -0.014258  -0.049890
     48      -0.023347  -0.008090   0.021617  -0.565370  -0.583858   0.281331
     49      -0.011997  -0.027001   0.081301   0.014288   0.008603   0.007014
     50       0.019023  -0.022844  -0.007705   0.296491   0.447394  -0.142516
     51       0.005401  -0.001265  -0.178091   0.080129  -0.242517  -0.071376
     52       0.022165   0.051185  -0.248336  -0.331538   0.238844   0.074672
     53      -0.015538  -0.059203   0.286251   0.199463   0.058703  -0.007811
     54      -0.008031  -0.096142   0.101758   0.199143  -0.081534   0.059490
     55      -0.005831  -0.094997   0.202848   0.197498   0.162980  -0.060996
     56      -0.004615   0.006048   0.059535   0.020596   0.010622  -0.029663
     57      -0.006406   0.055741   0.130235   0.053598  -0.055660   0.137913
     58      -0.042525  -0.216115   0.173912   0.110312  -0.048149  -0.115760
     59       0.012315   0.019381  -0.072151   0.011874   0.032362   0.019031
     60      -0.081177   0.343342   0.077019   0.014703   0.057050   0.088214
     61      -0.089933   0.005286   0.069113   0.036271   0.026018   0.220287
     62       0.244425   0.141705  -0.351970  -0.105892  -0.070295  -0.730088
                 24         25         26         27         28         29    
      0      -0.116905   0.053458  -0.012887   0.019289  -0.029653   0.084385
      1      -0.054894   0.050536   0.027523  -0.044332  -0.065037   0.009157
      2       0.024081  -0.076903   0.022045  -0.029411   0.131596   0.087139
      3       0.085116  -0.016900   0.052257  -0.055353   0.018714  -0.093097
      4       0.054981  -0.050359  -0.029737   0.029127   0.014113   0.004409
      5      -0.008975   0.060223  -0.030360   0.032454  -0.136533  -0.069716
      6      -0.048966   0.029539  -0.018744   0.010800  -0.103506   0.086487
      7      -0.017091   0.020817   0.010778   0.009350   0.018734   0.010314
      8       0.035961   0.017487   0.039605  -0.016754   0.024141   0.043770
      9      -0.032648   0.026575  -0.097430   0.101570   0.106369  -0.036808
     10       0.058099  -0.014614   0.065909  -0.029196   0.000486  -0.042628
     11      -0.085313  -0.106786   0.006280  -0.059713   0.019271  -0.056136
     12       0.041195   0.017873   0.094090  -0.009559   0.011112  -0.086698
     13      -0.042647   0.016001  -0.050356   0.043269   0.046517  -0.087008
     14       0.069197   0.105093  -0.010591   0.102700   0.041168   0.017610
     15      -0.003501  -0.003635  -0.034621  -0.022861  -0.004221   0.012272
     16       0.016859  -0.073425   0.016951  -0.005716  -0.073931   0.164890
     17      -0.009371   0.004520  -0.032838  -0.056926   0.000622   0.004032
     18      -0.078837   0.033279   0.080053   0.014353  -0.009657   0.061356
     19      -0.059586   0.076555   0.010868  -0.021909   0.058311  -0.107567
     20      -0.040489  -0.145591   0.020184   0.071126  -0.045915  -0.006295
     21       0.137462  -0.147833  -0.074567   0.051391  -0.082131   0.025499
     22      -0.001809  -0.020554  -0.017994  -0.029713  -0.016956   0.001949
     23       0.092076   0.109229  -0.026343  -0.046069   0.003727   0.010470
     24       0.049671  -0.024770   0.030839  -0.036273   0.097694  -0.064096
     25       0.023979  -0.014375  -0.036789   0.050618   0.040045   0.008558
     26      -0.094308   0.034898   0.012606   0.028147  -0.037170  -0.036402
     27      -0.045530   0.272254  -0.040221   0.009865  -0.437984  -0.242887
     28      -0.068569   0.048141   0.052351  -0.158560  -0.098431   0.150387
     29       0.024858  -0.027190   0.010179   0.006306   0.056688  -0.012639
     30      -0.243066  -0.025622   0.045667  -0.047478   0.116410   0.325509
     31      -0.199510   0.145422   0.045993  -0.061332  -0.259092   0.014992
     32       0.094330   0.087403  -0.040572   0.047726  -0.176633  -0.225639
     33       0.148305   0.103051   0.073331  -0.048530  -0.171222  -0.163840
     34       0.059733  -0.031366  -0.084985   0.047993  -0.122268  -0.226676
     35      -0.095123  -0.117908  -0.028512   0.011231   0.193071   0.154748
     36      -0.013014  -0.188720   0.093390  -0.125149   0.325513   0.212756
     37       0.001210  -0.063018  -0.043404   0.084144   0.111293   0.163642
     38      -0.039910   0.031591  -0.024006   0.042908  -0.046020   0.037133
     39      -0.203285   0.113713  -0.356318   0.092842   0.361931   0.056149
     40       0.098125  -0.168475   0.318101   0.073220  -0.080425  -0.115780
     41      -0.072170  -0.172272   0.118204  -0.017625  -0.013007  -0.076115
     42      -0.040736  -0.202133   0.359419   0.153383  -0.099641  -0.276932
     43      -0.222916  -0.185876  -0.044496   0.028832   0.003703  -0.185845
     44      -0.237574  -0.117219  -0.241012  -0.095695   0.051474  -0.013347
     45       0.001978   0.019503  -0.039576  -0.291566  -0.009780   0.089048
     46       0.343237   0.333124   0.094547   0.157762   0.064252   0.100188
     47       0.005006   0.044222  -0.016947   0.137097   0.044094  -0.042551
     48      -0.101086   0.118292  -0.284689  -0.433305   0.022385  -0.000237
     49       0.246003   0.156948   0.020321  -0.002994  -0.017882   0.367395
     50       0.075058  -0.042163   0.112195   0.188677  -0.009246   0.036074
     51      -0.027708   0.243047   0.329488   0.189289   0.046110   0.267178
     52      -0.297335  -0.186166   0.018740   0.007522  -0.003951  -0.219194
     53       0.238098   0.035409  -0.219844  -0.139743  -0.008821  -0.043130
     54      -0.083837   0.181126  -0.109836  -0.220808   0.024270  -0.071959
     55       0.318243   0.349666  -0.107532  -0.145375   0.105664   0.044396
     56       0.104674  -0.071822   0.003228   0.066302  -0.035812   0.064168
     57       0.327550  -0.292867  -0.339462  -0.024588  -0.317345  -0.117601
     58      -0.024638  -0.180466  -0.160776  -0.330908  -0.029073  -0.019249
     59       0.080397   0.161301   0.021807   0.033453   0.010871   0.011678
     60      -0.005555  -0.016035   0.124187  -0.053702   0.307511  -0.189234
     61      -0.003378  -0.014206  -0.078307   0.155930   0.053680  -0.006610
     62       0.089637   0.015531   0.181628  -0.461865  -0.100599   0.066403
                 30         31         32         33         34         35    
      0      -0.065004  -0.018063  -0.135984   0.009900   0.012264   0.014828
      1      -0.089881   0.083900  -0.080746  -0.004876  -0.001072  -0.003852
      2      -0.029610  -0.075899   0.006942   0.028972   0.014194   0.036316
      3      -0.048856   0.185521  -0.027370  -0.015206  -0.018394   0.016801
      4       0.079350  -0.106640   0.080671   0.004706   0.007365  -0.008155
      5       0.067186  -0.010236   0.078068  -0.019328  -0.043935   0.040265
      6       0.055405  -0.230853   0.086716   0.006112  -0.010728  -0.018859
      7      -0.024680   0.013447  -0.001600   0.000749  -0.001493  -0.008930
      8      -0.061990  -0.026976   0.004989   0.019977  -0.015470  -0.047346
      9       0.000293   0.187675  -0.045496   0.022551   0.014324   0.037111
     10       0.083618   0.016457  -0.152275   0.011172  -0.006388   0.013521
     11       0.078184   0.032927  -0.091743  -0.075435   0.010430   0.027595
     12      -0.038386  -0.098939  -0.040851  -0.015353   0.005531   0.008018
     13      -0.092853  -0.074170   0.000605  -0.023114   0.002111   0.012448
     14      -0.078221   0.031654   0.052980   0.020525  -0.001220  -0.043373
     15       0.001916   0.009700   0.023229   0.003164   0.000669   0.009734
     16       0.125288   0.174134   0.027850   0.037108   0.004347  -0.002484
     17       0.041038   0.005411  -0.036505   0.003827  -0.006603   0.035367
     18       0.085980   0.055233  -0.023336   0.014076  -0.007161  -0.007623
     19      -0.040025  -0.122553  -0.034388  -0.023400   0.003765   0.000878
     20      -0.064700   0.027408   0.049673  -0.023063   0.022960  -0.029133
     21      -0.097705  -0.019771  -0.084891  -0.030917  -0.028607   0.020713
     22      -0.080078   0.043928   0.197993   0.019838   0.015564  -0.019505
     23       0.040032  -0.037387  -0.101669   0.065418  -0.022733   0.003776
     24       0.081722  -0.021083   0.193433   0.006263   0.010488  -0.010818
     25       0.044489  -0.045393  -0.041301  -0.000603  -0.014329   0.012280
     26       0.016551   0.049884   0.050881  -0.022064   0.042694  -0.020021
     27       0.040312   0.183773  -0.066961  -0.015311   0.314656  -0.214271
     28      -0.209779  -0.034286  -0.273945   0.097495   0.500578  -0.183692
     29       0.018948   0.006500   0.070121  -0.009648  -0.089760   0.053661
     30      -0.297283  -0.081184  -0.044075   0.050127  -0.295048   0.163718
     31      -0.291076   0.231865   0.167798  -0.035599  -0.512991   0.129207
     32       0.150251   0.098065   0.065256  -0.043238   0.077391  -0.068902
     33      -0.122893   0.222007   0.181108   0.036730   0.108934   0.308006
     34       0.312606   0.058225  -0.057395  -0.141477  -0.312334  -0.328754
     35       0.048148  -0.162827  -0.127667  -0.012243  -0.048019  -0.190023
     36      -0.134575  -0.050824  -0.186154   0.004517  -0.077857  -0.409904
     37      -0.015110  -0.251362   0.092731   0.104964   0.302471   0.448006
     38       0.003198  -0.089016   0.052230   0.029610   0.081276   0.194838
     39       0.068574   0.385425  -0.038115  -0.086762  -0.019902  -0.259951
     40       0.215661  -0.080079  -0.278737  -0.052876  -0.016765   0.047245
     41       0.141255  -0.028439  -0.141320  -0.112190   0.001287   0.021885
     42      -0.111394  -0.151287  -0.022109   0.376005  -0.095363  -0.071501
     43      -0.071977  -0.090491  -0.039234   0.089326  -0.031072   0.034678
     44       0.043005   0.036608  -0.048252  -0.116047   0.024583   0.074724
     45      -0.043888  -0.290600   0.038997  -0.506038   0.035806  -0.143255
     46      -0.178942  -0.055169   0.106129  -0.134935   0.015973  -0.128606
     47      -0.060475   0.072595   0.019482   0.125280  -0.008366   0.007787
     48       0.143305  -0.060583  -0.077217  -0.008008  -0.020234   0.095337
     49       0.139807   0.219684   0.046208  -0.162284  -0.002038  -0.003969
     50      -0.046123   0.054215   0.031763  -0.012559   0.006237  -0.019673
     51       0.028710   0.147233   0.090037  -0.346626   0.118948   0.062218
     52      -0.055024  -0.141740  -0.015358   0.119958  -0.022484  -0.083840
     53       0.017894  -0.037803  -0.081633   0.117440  -0.056841   0.019823
     54       0.222087   0.049551   0.053503   0.464352  -0.011504  -0.153901
     55       0.014935  -0.132634  -0.135750  -0.164405  -0.035644   0.132857
     56      -0.073075   0.022219  -0.002461  -0.142014   0.009303   0.040226
     57      -0.136399  -0.112556  -0.267006   0.047959   0.147850  -0.156648
     58      -0.271156   0.245470   0.518666  -0.037695   0.039632  -0.017347
     59       0.099566  -0.083428  -0.164852   0.081436  -0.025344   0.001491
     60       0.252154   0.106051   0.215896  -0.066834   0.071608   0.023951
     61       0.109231  -0.076366  -0.060110  -0.014882  -0.017267   0.015416
     62      -0.312297   0.146852   0.116882   0.065195   0.014219  -0.019959
                 36         37         38         39         40         41    
      0       0.033964   0.009523   0.024647   0.042414   0.019023   0.035043
      1       0.019630   0.016037   0.023278   0.048766   0.009601   0.063498
      2       0.003833  -0.009151  -0.019291  -0.021384   0.008013  -0.014142
      3       0.001911  -0.007053  -0.020458  -0.028425  -0.004665   0.006694
      4      -0.016247   0.005641  -0.008844   0.003880   0.015100  -0.058612
      5       0.018951   0.001110  -0.007283  -0.000110   0.019817  -0.011964
      6       0.003319   0.003403   0.024444  -0.000314  -0.001248   0.013888
      7      -0.007926  -0.001863  -0.000915   0.008470   0.006007   0.004960
      8      -0.018662  -0.013995   0.030700   0.008653  -0.028908   0.006220
      9      -0.025918  -0.037965  -0.018075   0.040505  -0.060132   0.020153
     10       0.090626   0.018749   0.046289  -0.087548  -0.023940   0.027113
     11       0.015683  -0.008163  -0.038016  -0.059844  -0.028767   0.011030
     12       0.037449  -0.069747   0.041075   0.003132  -0.046248  -0.091642
     13      -0.032930  -0.021084  -0.004131   0.030814  -0.013943  -0.014595
     14       0.043814   0.019470  -0.018460  -0.003969   0.018111   0.011411
     15      -0.059184   0.006109   0.017601  -0.009997   0.034991   0.038814
     16       0.006059  -0.026420   0.001104   0.008379  -0.002203  -0.003877
     17      -0.066261   0.016756   0.044568  -0.010072   0.012342   0.004084
     18       0.061914   0.069234   0.002416  -0.019611  -0.026966  -0.096984
     19       0.011677  -0.028798   0.017923  -0.001980   0.026236   0.008838
     20       0.042201  -0.046665  -0.002982  -0.007181   0.016176   0.015966
     21      -0.015011   0.058021  -0.014101   0.059833  -0.063597   0.045452
     22      -0.088339   0.003586  -0.056835  -0.041154  -0.040958   0.047563
     23       0.019184  -0.001793  -0.014407   0.051449   0.030102  -0.014052
     24      -0.032169  -0.006812  -0.019754  -0.027341  -0.003001  -0.033476
     25       0.011541  -0.004685   0.001002  -0.000199   0.000562  -0.024372
     26      -0.010563   0.031767   0.014323   0.017898  -0.026184  -0.011356
     27      -0.161706   0.036254  -0.043797  -0.098824  -0.092121  -0.162526
     28      -0.214314   0.052424  -0.116571  -0.149322  -0.138308  -0.225710
     29       0.042481  -0.009771   0.012013   0.022746   0.028244   0.043649
     30       0.006916  -0.116704  -0.111117  -0.166164   0.054881  -0.168137
     31      -0.055065  -0.149996  -0.162552  -0.231229   0.015373  -0.231332
     32      -0.008744   0.044267   0.036396   0.064165  -0.031582   0.055678
     33       0.059694   0.052291  -0.133791  -0.017693   0.144105  -0.178777
     34      -0.046867  -0.082920   0.133831  -0.052462  -0.155307   0.209115
     35      -0.043810  -0.032995   0.072367   0.010766  -0.092901   0.100340
     36      -0.177167  -0.010514   0.071765   0.072480  -0.016062  -0.151685
     37       0.191502   0.033057  -0.080810  -0.121986   0.014920   0.181587
     38       0.089601   0.009530  -0.027138  -0.040357   0.010589   0.080336
     39       0.122966   0.289150  -0.119872  -0.224105   0.525183  -0.136962
     40      -0.274718  -0.001801  -0.287989   0.555507   0.362712  -0.184450
     41      -0.155246  -0.006157  -0.204510   0.236935   0.179382  -0.101669
     42      -0.141234   0.434806   0.021022  -0.179764   0.293553   0.352892
     43      -0.170017   0.134722   0.003967  -0.008032   0.076527   0.133379
     44      -0.070493  -0.127575   0.014649   0.074940  -0.102800  -0.095480
     45       0.308605   0.142175  -0.494875   0.023609   0.005334   0.267007
     46       0.229903   0.023741  -0.165911   0.033662  -0.034260   0.023193
     47      -0.051635  -0.026386   0.102491  -0.005195   0.011544  -0.058920
     48      -0.228362   0.050945   0.078416  -0.018457   0.066141   0.095129
     49       0.015560   0.110883  -0.032517  -0.046084  -0.017345   0.003455
     50       0.035449   0.004256   0.000785  -0.012103  -0.001448  -0.019010
     51      -0.244632  -0.372175   0.194115  -0.038747   0.282254   0.260622
     52       0.250396   0.093077  -0.085217  -0.013461  -0.074818  -0.147765
     53       0.001034   0.188628  -0.039360   0.023565  -0.119398  -0.099310
     54       0.207629  -0.393749  -0.324250   0.225339   0.003010   0.265657
     55      -0.227931   0.177253   0.149534  -0.074400   0.047648  -0.047207
     56      -0.068167   0.099725   0.092183  -0.070333   0.015660  -0.059048
     57       0.145712  -0.425897   0.093232  -0.330838   0.456183  -0.084660
     58       0.365027   0.135828   0.422415   0.425441   0.175485  -0.216631
     59      -0.110021  -0.028205  -0.152592  -0.067242  -0.040183   0.054247
     60       0.194561   0.006860   0.226356   0.111065   0.028431   0.315376
     61       0.003446   0.005465  -0.003591  -0.003050  -0.012679  -0.063245
     62      -0.008592  -0.028956  -0.016102   0.005018   0.037996   0.122371
                 42         43         44         45         46         47    
      0      -0.032693  -0.046116  -0.031312  -0.003964  -0.050721   0.000490
      1      -0.048459  -0.052475  -0.092620  -0.002397   0.022329   0.000525
      2       0.015642   0.010573   0.003797   0.001537   0.018002  -0.000948
      3       0.032837   0.052497  -0.016520   0.001103   0.046133   0.002759
      4      -0.068993  -0.081663   0.069941   0.006410   0.025262   0.001596
      5      -0.033501  -0.026729   0.013833  -0.000770  -0.017195  -0.002558
      6       0.006941   0.014516  -0.012628   0.000526   0.008793  -0.001809
      7       0.017355   0.016773  -0.023504  -0.000029   0.003496  -0.000107
      8       0.020074  -0.006769   0.000802   0.001407  -0.001357   0.001019
      9       0.094907  -0.097124   0.051869   0.007251  -0.018229   0.010130
     10      -0.041156  -0.006931   0.074272  -0.001881  -0.007228   0.003142
     11      -0.047100  -0.012613   0.011229  -0.000988  -0.006917  -0.000577
     12      -0.074522   0.048731  -0.074004  -0.009887   0.007993  -0.004214
     13       0.000442   0.005964  -0.020899   0.052930  -0.004344   0.054924
     14       0.008973   0.002906   0.005089   0.039344  -0.004449   0.022094
     15       0.002032   0.001944   0.020891   0.000507  -0.000773  -0.006126
     16      -0.005896   0.007743  -0.002073   0.023054  -0.003074  -0.008784
     17       0.000643   0.001129   0.005559   0.001178  -0.000279   0.003577
     18       0.068347  -0.051838  -0.068851   0.013890  -0.003054  -0.009612
     19      -0.009572   0.017317   0.032098   0.043992  -0.006077  -0.063464
     20      -0.010464   0.003480   0.009881  -0.026317   0.002591   0.023694
     21      -0.091356   0.082829   0.035452  -0.003035   0.015986   0.003944
     22      -0.023499  -0.039509  -0.111835   0.005269   0.002323  -0.007614
     23       0.029031   0.005033   0.004009   0.002168   0.005408  -0.001970
     24       0.001886  -0.002294  -0.008932  -0.009923  -0.020228   0.004515
     25       0.015606   0.017021   0.047526   0.001683   0.003998   0.000556
     26      -0.006441   0.017765   0.023279  -0.002229   0.002259   0.002861
     27       0.083651   0.095427   0.213178   0.057161   0.453489  -0.012613
     28       0.181088   0.301640   0.279367  -0.019934  -0.182442   0.014319
     29      -0.036396  -0.063842  -0.067999   0.014175   0.148989  -0.005814
     30       0.110946   0.049853   0.188976   0.040829   0.228109  -0.016443
     31       0.180469   0.197229   0.253827  -0.007652  -0.151646   0.001566
     32      -0.024382   0.038012  -0.051890  -0.056156  -0.432476   0.020449
     33      -0.243122  -0.162755   0.146310  -0.012446  -0.177601  -0.014704
     34       0.367015   0.386699  -0.204325  -0.029761  -0.189097  -0.010749
     35       0.122006   0.037023  -0.065020   0.035199   0.387616   0.026936
     36      -0.136548  -0.149587   0.142273  -0.028016  -0.427422  -0.021183
     37       0.283328   0.419195  -0.227581  -0.031818  -0.141897  -0.015479
     38       0.103694   0.158361  -0.097316  -0.019291  -0.134693  -0.011244
     39      -0.384898   0.385860  -0.227401  -0.018773   0.047878  -0.034839
     40       0.234535   0.083102  -0.154021   0.007324   0.032872  -0.000534
     41       0.056082   0.049644  -0.117838   0.002220   0.011611  -0.006908
     42       0.145929  -0.075132   0.263797  -0.087218  -0.001399  -0.067011
     43       0.099531  -0.067162   0.104204  -0.247633   0.021262  -0.188640
     44      -0.003778  -0.025606  -0.053894  -0.484373   0.054924  -0.407767
     45       0.223132  -0.188795   0.217829   0.191044  -0.049639   0.109250
     46       0.080190  -0.068477   0.049695  -0.467537   0.046219  -0.431361
     47      -0.053111   0.054038  -0.057980   0.086376  -0.003034   0.082398
     48       0.006933   0.000777   0.068394  -0.013387   0.000695  -0.004497
     49       0.026251  -0.031412  -0.011314  -0.159352   0.030836   0.083173
     50       0.001484  -0.002227  -0.017401  -0.011657   0.002504   0.012293
     51      -0.114081   0.109962   0.261544   0.035120  -0.015805  -0.055924
     52       0.083044  -0.076652  -0.114512  -0.267753   0.030685   0.317583
     53       0.037277  -0.021310  -0.094627   0.360825  -0.033758  -0.434919
     54      -0.237666   0.193272   0.215157  -0.196194   0.031536   0.196085
     55       0.089016  -0.071871  -0.048659  -0.350243   0.035182   0.452667
     56       0.067759  -0.063358  -0.063650  -0.126948   0.011815   0.170570
     57       0.316784  -0.318447  -0.206414   0.015089  -0.025764  -0.021380
     58       0.225800   0.155386   0.309715  -0.010328   0.013141   0.018269
     59      -0.039734  -0.042618  -0.113295   0.007434   0.007570  -0.010715
     60       0.093857  -0.034651  -0.017710   0.075427   0.110730  -0.047322
     61       0.018059   0.036302   0.089421  -0.001662   0.002112   0.004999
     62      -0.023059  -0.066476  -0.182567   0.006033   0.003456  -0.014378
                 48         49         50         51         52         53    
      0       0.009348   0.045164   0.009043   0.000539  -0.022094   0.002035
      1       0.053152  -0.061632  -0.018223  -0.000530   0.028461  -0.002930
      2       0.004532  -0.020358  -0.005651  -0.001851   0.055878  -0.003939
      3       0.041888   0.037956   0.007018  -0.000374   0.008691   0.003236
      4      -0.005824   0.042049   0.010378  -0.000205   0.015927   0.007602
      5      -0.021631  -0.012575  -0.001069   0.001349  -0.028392  -0.010154
      6       0.002004   0.004948   0.001156   0.001178   0.001181   0.002137
      7       0.003579   0.001394  -0.000461   0.000416  -0.000507   0.000447
      8       0.001968  -0.001037   0.000355   0.001086  -0.000844   0.000859
      9       0.012775  -0.016726  -0.008232  -0.003195  -0.000419  -0.005429
     10       0.020000  -0.011603  -0.000148  -0.018327  -0.000472  -0.032250
     11       0.001828  -0.005541  -0.000207   0.038511   0.000385   0.060983
     12      -0.015081   0.008742   0.006073  -0.001221  -0.000038  -0.004043
     13      -0.008314   0.005455  -0.023849   0.003094   0.000077   0.010847
     14       0.006731  -0.009783   0.036023  -0.002296  -0.000060  -0.005883
     15       0.004804  -0.002258   0.004221   0.000035  -0.000033  -0.000035
     16       0.008113  -0.019153   0.079354  -0.000286   0.000024  -0.000097
     17       0.001082  -0.001965   0.006634   0.000069   0.000054   0.000212
     18      -0.007195   0.006921  -0.003984   0.002961   0.000138  -0.003986
     19       0.018063   0.002029  -0.029351   0.005567   0.000191  -0.007603
     20      -0.003412   0.008792  -0.038499   0.005055   0.000276  -0.004800
     21      -0.026744   0.004000   0.007991   0.001242   0.000464  -0.000927
     22      -0.052942   0.024713   0.013829  -0.020285  -0.001336   0.013765
     23      -0.015746   0.006890   0.002349  -0.066760  -0.003533   0.040139
     24       0.091225  -0.036672  -0.016129  -0.000967  -0.001672   0.000471
     25      -0.010062   0.001672   0.000443   0.002541  -0.002551  -0.001268
     26       0.008520  -0.005662  -0.002389  -0.001844   0.001457   0.000570
     27      -0.232109  -0.324392  -0.054676  -0.012422   0.132490  -0.004789
     28      -0.032436   0.275187   0.066078   0.006343  -0.241043   0.018716
     29      -0.000413  -0.176689  -0.040773   0.028751  -0.817876   0.060970
     30      -0.188388  -0.106249  -0.009565  -0.001509   0.151481  -0.017919
     31      -0.071938   0.263273   0.063165  -0.000295  -0.067839   0.009288
     32       0.164207   0.371833   0.069339  -0.000417   0.137270  -0.017196
     33      -0.159749  -0.109316  -0.017729  -0.000407  -0.065758  -0.033982
     34      -0.083074  -0.253868  -0.057752  -0.000837  -0.016959  -0.011476
     35       0.284258   0.335070   0.066854  -0.001571  -0.053780  -0.031149
     36      -0.318293  -0.345858  -0.065341   0.006541  -0.045238  -0.009324
     37      -0.045076  -0.197726  -0.044042   0.005779  -0.171136  -0.067555
     38      -0.069991  -0.155960  -0.032620  -0.018481   0.403388   0.152068
     39      -0.036885   0.034632   0.052606   0.019865   0.004086   0.032748
     40      -0.043696   0.030872  -0.009290   0.219763   0.002697   0.353697
     41      -0.039606   0.013884   0.000297  -0.471040  -0.002376  -0.737258
     42       0.047960  -0.009878  -0.038709   0.016958   0.000409   0.054877
     43       0.007042   0.009751  -0.045602  -0.041081  -0.000902  -0.132086
     44      -0.019303   0.013903   0.044480   0.019918   0.000371   0.066189
     45       0.053662  -0.064635   0.112737   0.002569  -0.000318   0.002070
     46       0.016634  -0.024974   0.166478   0.002224   0.000299   0.002626
     47      -0.009608   0.006703  -0.010551   0.006801   0.001117  -0.000496
     48       0.002776   0.009563  -0.062560   0.000796   0.000149  -0.005144
     49      -0.093588   0.216686  -0.889314  -0.001257   0.000150   0.000472
     50      -0.008074   0.017697  -0.066026   0.000214  -0.000049  -0.004454
     51       0.089030  -0.035679   0.001485  -0.045106  -0.001520   0.055465
     52      -0.064232   0.010853   0.004321  -0.072101  -0.002616   0.087370
     53       0.014935   0.039101  -0.095021  -0.053972  -0.001940   0.066679
     54      -0.009422   0.002488  -0.092077  -0.002780   0.000873  -0.000624
     55      -0.047558  -0.056006   0.248842   0.004975   0.000868   0.001300
     56      -0.025930  -0.010430   0.067693  -0.006174  -0.002083  -0.010807
     57      -0.032256   0.043812  -0.034230   0.016397  -0.007070  -0.009688
     58       0.114625  -0.046116  -0.035179   0.217538   0.013155  -0.133499
     59      -0.070623   0.025352   0.014489   0.812853   0.036269  -0.479787
     60      -0.761163   0.342531   0.141787  -0.006074  -0.006645   0.004949
     61       0.025989  -0.019201  -0.004838  -0.013344   0.015907   0.008924
     62      -0.054490   0.030143   0.001292   0.000279  -0.000511   0.001034
                 54         55         56         57         58         59    
      0      -0.015832   0.000051  -0.000623  -0.051035   0.000443  -0.000190
      1       0.018167  -0.000192   0.000699   0.021611  -0.000246  -0.000036
      2       0.021623  -0.000899   0.001395  -0.059121   0.000380  -0.000836
      3      -0.020635   0.000487  -0.000551   0.027801   0.000382   0.000143
      4      -0.035798   0.000638  -0.001327   0.009384   0.000346   0.000244
      5       0.050630  -0.000979   0.002934   0.021267  -0.000364  -0.000611
      6      -0.001751  -0.000014   0.000520   0.000312  -0.000035  -0.000166
      7       0.000876  -0.000023   0.000120  -0.000213  -0.000014  -0.000130
      8       0.001206  -0.000049   0.000259  -0.000074   0.000043   0.000079
      9       0.000443  -0.000474  -0.003048  -0.000429   0.000428   0.000790
     10      -0.005167   0.000833  -0.004328   0.000186   0.001359   0.004947
     11       0.010826   0.000118   0.009348  -0.000989  -0.002200  -0.010445
     12      -0.001502   0.006180   0.011802   0.000169   0.001120  -0.031325
     13       0.004402  -0.023606  -0.053294  -0.000217  -0.000881   0.039724
     14      -0.000928  -0.012534  -0.032530   0.000569   0.003955  -0.079548
     15      -0.000118   0.000152  -0.000576  -0.000016   0.001065   0.001118
     16       0.000002  -0.000339  -0.000120   0.000020   0.000775  -0.001445
     17       0.000134  -0.000286   0.000686  -0.000007   0.003778   0.003973
     18      -0.001817  -0.019308   0.007412   0.000018  -0.035672  -0.001518
     19      -0.003838  -0.055382   0.024347   0.000089  -0.022781  -0.001443
     20      -0.000918   0.022805  -0.011786  -0.000348  -0.084407  -0.002527
     21       0.000245   0.002011  -0.001271   0.000651   0.000195   0.000317
     22       0.002182  -0.001470   0.002248  -0.000363  -0.002850  -0.001174
     23       0.007116  -0.006732   0.006037   0.000434  -0.010074  -0.002870
     24      -0.000551  -0.000107   0.000149  -0.000107  -0.000226  -0.000032
     25      -0.001477   0.000308  -0.000296   0.000109   0.000281   0.000135
     26       0.000547  -0.000243   0.000204  -0.000176   0.000144   0.000041
     27       0.060919  -0.001368   0.003380  -0.044633  -0.002587  -0.001738
     28      -0.115635   0.003106  -0.005938   0.073280   0.000062   0.002498
     29      -0.382611   0.009960  -0.019495   0.208738   0.002757   0.007911
     30       0.146034  -0.001653   0.005816   0.639060  -0.004600   0.003446
     31      -0.072625   0.000138  -0.002283  -0.321054   0.002486  -0.001708
     32       0.121768  -0.000640   0.004219   0.499195  -0.003811   0.002784
     33       0.181238  -0.002946   0.003986  -0.327755  -0.003252   0.000870
     34       0.060337  -0.000960   0.000392  -0.122439  -0.001198   0.000375
     35       0.142762  -0.002463   0.002103  -0.239888  -0.002203   0.000825
     36       0.085549  -0.001959   0.004253   0.005301  -0.000976  -0.003034
     37       0.329856  -0.006058   0.015162   0.011605  -0.002920  -0.003216
     38      -0.761782   0.014129  -0.034892  -0.014380   0.006757   0.009051
     39      -0.002592   0.000768   0.006429  -0.000466  -0.001148  -0.007448
     40       0.060736  -0.001697   0.051868  -0.004083  -0.012644  -0.053270
     41      -0.130757   0.000114  -0.110919   0.008992   0.025062   0.110959
     42       0.020992  -0.109432  -0.234037  -0.001600  -0.008455   0.264274
     43      -0.049014   0.239946   0.516726   0.003635   0.019722  -0.581869
     44       0.024605  -0.122310  -0.260608  -0.001743  -0.008837   0.277938
     45      -0.001447   0.048989   0.117427  -0.001026  -0.005446   0.115426
     46      -0.002430   0.041805   0.102540  -0.000925  -0.004257   0.123475
     47      -0.017357   0.271025   0.636156  -0.004977  -0.036781   0.675253
     48      -0.001319  -0.001627   0.004073   0.000102  -0.021212  -0.022669
     49       0.000182  -0.002152  -0.000981  -0.000012  -0.001546   0.011396
     50      -0.001821   0.001095  -0.002804   0.000013  -0.046332  -0.049893
     51       0.025166   0.303907  -0.124106   0.000202   0.335929   0.013990
     52       0.038510   0.445883  -0.183459   0.000347   0.494141   0.019586
     53       0.029277   0.340418  -0.138599   0.000232   0.359881   0.014855
     54      -0.002416  -0.099374   0.045566   0.000231   0.096023   0.002975
     55       0.006277   0.206003  -0.094989  -0.001445  -0.236720  -0.008469
     56      -0.019903  -0.605407   0.272820   0.003858   0.649333   0.015862
     57      -0.005930  -0.000854  -0.000331   0.002341  -0.000262   0.000543
     58      -0.023606   0.020114  -0.019855  -0.000888   0.029991   0.009197
     59      -0.086514   0.080218  -0.071271  -0.002002   0.105530   0.031384
     60      -0.003234  -0.003172   0.001726  -0.003036  -0.000671  -0.000364
     61       0.012929  -0.001871   0.001875  -0.002123  -0.003054  -0.001294
     62       0.000981   0.000811  -0.000039   0.000716  -0.001840  -0.000073
                 60         61         62    
      0      -0.022093   0.000014  -0.001797
      1       0.009362   0.000006   0.000888
      2      -0.029951   0.000009   0.003126
      3      -0.054695   0.000010  -0.000122
      4      -0.013555  -0.000009  -0.000574
      5      -0.060227   0.000027   0.000259
      6      -0.000094  -0.000064  -0.000016
      7       0.000095   0.000011  -0.000163
      8      -0.000074  -0.000019  -0.000083
      9       0.000793  -0.000099   0.000148
     10      -0.000027  -0.000308  -0.000570
     11       0.000355   0.000320   0.000213
     12       0.000433  -0.000224   0.000030
     13      -0.000645  -0.002997  -0.000026
     14       0.000419   0.005494   0.000063
     15      -0.000077   0.039039   0.000071
     16       0.000012  -0.007077  -0.000027
     17       0.000115   0.059240   0.000254
     18       0.000053   0.000063  -0.000162
     19       0.000240   0.002040   0.000144
     20      -0.000372   0.005841  -0.000092
     21       0.000285  -0.000074   0.001129
     22      -0.000062   0.000295   0.000687
     23      -0.000192   0.000364   0.003337
     24       0.000192  -0.000053   0.002395
     25       0.000353  -0.000254   0.070623
     26      -0.000101  -0.000079   0.011964
     27      -0.025996   0.000169   0.001148
     28       0.042054   0.000022  -0.008148
     29       0.131097   0.000005  -0.016860
     30       0.285611  -0.000263   0.005325
     31      -0.144855   0.000009   0.001082
     32       0.222147  -0.000051   0.000129
     33       0.671205  -0.000268   0.000190
     34       0.256581  -0.000020   0.000511
     35       0.490147  -0.000075   0.000229
     36      -0.033231   0.000168   0.000383
     37      -0.107977   0.000029   0.001296
     38       0.225126  -0.000114  -0.001865
     39       0.002653   0.001129   0.000033
     40      -0.000034   0.001316   0.001840
     41       0.000729  -0.002485  -0.002056
     42      -0.003573  -0.012971  -0.000163
     43       0.007596   0.030010  -0.000088
     44      -0.003578  -0.017382  -0.000024
     45      -0.000581  -0.004928  -0.000126
     46      -0.000009  -0.003272  -0.000111
     47      -0.000302  -0.034764  -0.000358
     48       0.000091  -0.500623  -0.001840
     49      -0.000058   0.098170   0.000201
     50      -0.000198  -0.854066  -0.002925
     51      -0.000753  -0.016126  -0.001340
     52      -0.000913  -0.024265  -0.000728
     53      -0.000628  -0.020983   0.000060
     54       0.000418  -0.004196  -0.001248
     55      -0.001942   0.008812   0.000564
     56       0.005485  -0.033402  -0.000897
     57       0.001664   0.000908   0.000791
     58       0.000403  -0.001013  -0.007360
     59       0.003508  -0.003111  -0.014731
     60      -0.001270  -0.000048  -0.027949
     61      -0.001566   0.003481  -0.973995
     62      -0.000524   0.000988  -0.211434
# -----------------------------------------------------------
$ THERMOCHEMISTRY_Energies
   description: The Thermochemistry energies
   geom. index: 1
   prop. index: 1
        Temperature (Kelvin)           :        298.1500000000
        Pressure (atm)                 :          1.0000000000
        Total Mass (AMU)               :        128.1750000000
        Spin Degeneracy                :          1.0000000000
        Electronic Energy (Hartree)    :       -420.7590003394
        Translational Energy (Hartree) :          0.0014162714
        Rotational Energy (Hartree)    :          0.0014162714
        Vibrational Energy (Hartree)   :          0.0043045507
        Number of frequencies          :     63      
        Scaling Factor for frequencies :          1.0000000000
        Vibrational frequencies        :     
                  0    
      0       0.000000
      1       0.000000
      2       0.000000
      3       0.000000
      4       0.000000
      5       0.000000
      6      83.492750
      7     186.618278
      8     239.599205
      9     309.180408
     10     355.566039
     11     431.472318
     12     474.800758
     13     524.324180
     14     666.259154
     15     692.637809
     16     751.562784
     17     839.170559
     18     912.692115
     19     945.001897
     20     962.878151
     21     992.225871
     22     993.026115
     23     1037.569793
     24     1077.176231
     25     1092.174312
     26     1113.881116
     27     1125.992445
     28     1176.380498
     29     1189.817165
     30     1197.703260
     31     1202.822968
     32     1221.288558
     33     1264.657672
     34     1314.646936
     35     1329.850422
     36     1345.412775
     37     1358.015581
     38     1360.949105
     39     1382.923417
     40     1390.447399
     41     1424.273993
     42     1437.394454
     43     1455.871046
     44     1471.612615
     45     1527.414990
     46     1534.665237
     47     1539.455599
     48     1542.035169
     49     1556.689378
     50     1559.077541
     51     2884.846482
     52     2903.245069
     53     2914.254764
     54     2931.182161
     55     2943.268501
     56     2949.085431
     57     2967.131372
     58     2988.546013
     59     2993.406506
     60     2998.292589
     61     3209.819927
     62     3229.526879
        Zero Point Energy (Hartree)    :          0.1902345464
        Inner Energy (Hartree)         :       -420.5616286995
        Enthalpy (Hartree)             :       -420.5606844905
        Electronic entropy             :          0.0000000000
        Rotational entropy             :          0.0135561980
        Vibrational entropy            :          0.0069077500
        Translational entropy          :          0.0135561980
        Entropy                        :          0.0396867460
        Gibbs Energy (Hartree)         :       -420.6003712364
        Is Linear                      :                 false
# -----------------------------------------------------------
$ PAL_Flags
   description: The PAL Flags
   geom. index: 2
   prop. index: 1
        Diskflag:     2
# -----------------------------------------------------------
$ SCF_Energy
   description: The SCF energy
   geom. index: 2
   prop. index: 1
        SCF Energy:     -420.7295194375
# -----------------------------------------------------------
$ DFT_Energy
   description: The DFT energy
   geom. index: 2
   prop. index: 1
   Number of Alpha Electrons                 35.0000347876 
   Number of Beta  Electrons                 35.0000347876 
   Total number of  Electrons                70.0000695752 
   Exchange energy                          -38.1640120846 
   Correlation energy                        -2.9056350099 
   Correlation energy NL                      0.0000000000 
   Exchange-Correlation energy              -41.0696470944 
   Embedding correction                       0.0000000000 
   Total DFT Energy (No VdW correction)    -420.7295194375 
# -----------------------------------------------------------
$ VdW_Correction
   description: The Van der Waals Correction
   geom. index: 2
   prop. index: 1
        Van der Waals Correction:       -0.0356988769
# -----------------------------------------------------------
$ PAL_Flags
   description: The PAL Flags
   geom. index: 3
   prop. index: 1
        Diskflag:     2
# -----------------------------------------------------------
$ SCF_Energy
   description: The SCF energy
   geom. index: 3
   prop. index: 1
        SCF Energy:     -420.7302311918
# -----------------------------------------------------------
$ DFT_Energy
   description: The DFT energy
   geom. index: 3
   prop. index: 1
   Number of Alpha Electrons                 35.0000370099 
   Number of Beta  Electrons                 35.0000370099 
   Total number of  Electrons                70.0000740198 
   Exchange energy                          -38.1611943544 
   Correlation energy                        -2.9055824652 
   Correlation energy NL                      0.0000000000 
   Exchange-Correlation energy              -41.0667768196 
   Embedding correction                       0.0000000000 
   Total DFT Energy (No VdW correction)    -420.7302311918 
# -----------------------------------------------------------
$ VdW_Correction
   description: The Van der Waals Correction
   geom. index: 3
   prop. index: 1
        Van der Waals Correction:       -0.0357464700
# -----------------------------------------------------------
$ PAL_Flags
   description: The PAL Flags
   geom. index: 4
   prop. index: 1
        Diskflag:     2
# -----------------------------------------------------------
$ SCF_Energy
   description: The SCF energy
   geom. index: 4
   prop. index: 1
        SCF Energy:     -420.7304939681
# -----------------------------------------------------------
$ DFT_Energy
   description: The DFT energy
   geom. index: 4
   prop. index: 1
   Number of Alpha Electrons                 35.0000186446 
   Number of Beta  Electrons                 35.0000186446 
   Total number of  Electrons                70.0000372892 
   Exchange energy                          -38.1598495180 
   Correlation energy                        -2.9056145321 
   Correlation energy NL                      0.0000000000 
   Exchange-Correlation energy              -41.0654640501 
   Embedding correction                       0.0000000000 
   Total DFT Energy (No VdW correction)    -420.7304939681 
# -----------------------------------------------------------
$ VdW_Correction
   description: The Van der Waals Correction
   geom. index: 4
   prop. index: 1
        Van der Waals Correction:       -0.0357957858
# -----------------------------------------------------------
$ PAL_Flags
   description: The PAL Flags
   geom. index: 5
   prop. index: 1
        Diskflag:     2
# -----------------------------------------------------------
$ SCF_Energy
   description: The SCF energy
   geom. index: 5
   prop. index: 1
        SCF Energy:     -420.7306369574
# -----------------------------------------------------------
$ DFT_Energy
   description: The DFT energy
   geom. index: 5
   prop. index: 1
   Number of Alpha Electrons                 34.9999835063 
   Number of Beta  Electrons                 34.9999835063 
   Total number of  Electrons                69.9999670126 
   Exchange energy                          -38.1597515276 
   Correlation energy                        -2.9056779237 
   Correlation energy NL                      0.0000000000 
   Exchange-Correlation energy              -41.0654294513 
   Embedding correction                       0.0000000000 
   Total DFT Energy (No VdW correction)    -420.7306369574 
# -----------------------------------------------------------
$ VdW_Correction
   description: The Van der Waals Correction
   geom. index: 5
   prop. index: 1
        Van der Waals Correction:       -0.0358284812
# -----------------------------------------------------------
$ PAL_Flags
   description: The PAL Flags
   geom. index: 6
   prop. index: 1
        Diskflag:     2
# -----------------------------------------------------------
$ SCF_Energy
   description: The SCF energy
   geom. index: 6
   prop. index: 1
        SCF Energy:     -420.7307966682
# -----------------------------------------------------------
$ DFT_Energy
   description: The DFT energy
   geom. index: 6
   prop. index: 1
   Number of Alpha Electrons                 34.9999971375 
   Number of Beta  Electrons                 34.9999971375 
   Total number of  Electrons                69.9999942750 
   Exchange energy                          -38.1599811850 
   Correlation energy                        -2.9057325128 
   Correlation energy NL                      0.0000000000 
   Exchange-Correlation energy              -41.0657136978 
   Embedding correction                       0.0000000000 
   Total DFT Energy (No VdW correction)    -420.7307966682 
# -----------------------------------------------------------
$ VdW_Correction
   description: The Van der Waals Correction
   geom. index: 6
   prop. index: 1
        Van der Waals Correction:       -0.0358515258
# -----------------------------------------------------------
$ PAL_Flags
   description: The PAL Flags
   geom. index: 7
   prop. index: 1
        Diskflag:     2
# -----------------------------------------------------------
$ SCF_Energy
   description: The SCF energy
   geom. index: 7
   prop. index: 1
        SCF Energy:     -420.7309867310
# -----------------------------------------------------------
$ DFT_Energy
   description: The DFT energy
   geom. index: 7
   prop. index: 1
   Number of Alpha Electrons                 35.0000324057 
   Number of Beta  Electrons                 35.0000324057 
   Total number of  Electrons                70.0000648115 
   Exchange energy                          -38.1605401142 
   Correlation energy                        -2.9057755877 
   Correlation energy NL                      0.0000000000 
   Exchange-Correlation energy              -41.0663157019 
   Embedding correction                       0.0000000000 
   Total DFT Energy (No VdW correction)    -420.7309867310 
# -----------------------------------------------------------
$ VdW_Correction
   description: The Van der Waals Correction
   geom. index: 7
   prop. index: 1
        Van der Waals Correction:       -0.0358659344
# -----------------------------------------------------------
$ PAL_Flags
   description: The PAL Flags
   geom. index: 8
   prop. index: 1
        Diskflag:     2
# -----------------------------------------------------------
$ SCF_Energy
   description: The SCF energy
   geom. index: 8
   prop. index: 1
        SCF Energy:     -420.7311666861
# -----------------------------------------------------------
$ DFT_Energy
   description: The DFT energy
   geom. index: 8
   prop. index: 1
   Number of Alpha Electrons                 35.0000215944 
   Number of Beta  Electrons                 35.0000215944 
   Total number of  Electrons                70.0000431888 
   Exchange energy                          -38.1610690932 
   Correlation energy                        -2.9058434264 
   Correlation energy NL                      0.0000000000 
   Exchange-Correlation energy              -41.0669125196 
   Embedding correction                       0.0000000000 
   Total DFT Energy (No VdW correction)    -420.7311666861 
# -----------------------------------------------------------
$ VdW_Correction
   description: The Van der Waals Correction
   geom. index: 8
   prop. index: 1
        Van der Waals Correction:       -0.0358896796
# -----------------------------------------------------------
$ PAL_Flags
   description: The PAL Flags
   geom. index: 9
   prop. index: 1
        Diskflag:     2
# -----------------------------------------------------------
$ SCF_Energy
   description: The SCF energy
   geom. index: 9
   prop. index: 1
        SCF Energy:     -420.7313696748
# -----------------------------------------------------------
$ DFT_Energy
   description: The DFT energy
   geom. index: 9
   prop. index: 1
   Number of Alpha Electrons                 34.9999651623 
   Number of Beta  Electrons                 34.9999651623 
   Total number of  Electrons                69.9999303246 
   Exchange energy                          -38.1618063775 
   Correlation energy                        -2.9057724083 
   Correlation energy NL                      0.0000000000 
   Exchange-Correlation energy              -41.0675787857 
   Embedding correction                       0.0000000000 
   Total DFT Energy (No VdW correction)    -420.7313696748 
# -----------------------------------------------------------
$ VdW_Correction
   description: The Van der Waals Correction
   geom. index: 9
   prop. index: 1
        Van der Waals Correction:       -0.0358574488
# -----------------------------------------------------------
$ PAL_Flags
   description: The PAL Flags
   geom. index: 10
   prop. index: 1
        Diskflag:     2
# -----------------------------------------------------------
$ SCF_Energy
   description: The SCF energy
   geom. index: 10
   prop. index: 1
        SCF Energy:     -420.7315421448
# -----------------------------------------------------------
$ DFT_Energy
   description: The DFT energy
   geom. index: 10
   prop. index: 1
   Number of Alpha Electrons                 34.9999105357 
   Number of Beta  Electrons                 34.9999105357 
   Total number of  Electrons                69.9998210713 
   Exchange energy                          -38.1614310055 
   Correlation energy                        -2.9059191966 
   Correlation energy NL                      0.0000000000 
   Exchange-Correlation energy              -41.0673502021 
   Embedding correction                       0.0000000000 
   Total DFT Energy (No VdW correction)    -420.7315421448 
# -----------------------------------------------------------
$ VdW_Correction
   description: The Van der Waals Correction
   geom. index: 10
   prop. index: 1
        Van der Waals Correction:       -0.0359255834
# -----------------------------------------------------------
$ PAL_Flags
   description: The PAL Flags
   geom. index: 11
   prop. index: 1
        Diskflag:     2
# -----------------------------------------------------------
$ SCF_Energy
   description: The SCF energy
   geom. index: 11
   prop. index: 1
        SCF Energy:     -420.7316782541
# -----------------------------------------------------------
$ DFT_Energy
   description: The DFT energy
   geom. index: 11
   prop. index: 1
   Number of Alpha Electrons                 34.9999224633 
   Number of Beta  Electrons                 34.9999224633 
   Total number of  Electrons                69.9998449266 
   Exchange energy                          -38.1606170170 
   Correlation energy                        -2.9059457801 
   Correlation energy NL                      0.0000000000 
   Exchange-Correlation energy              -41.0665627971 
   Embedding correction                       0.0000000000 
   Total DFT Energy (No VdW correction)    -420.7316782541 
# -----------------------------------------------------------
$ VdW_Correction
   description: The Van der Waals Correction
   geom. index: 11
   prop. index: 1
        Van der Waals Correction:       -0.0359582239
# -----------------------------------------------------------
$ PAL_Flags
   description: The PAL Flags
   geom. index: 12
   prop. index: 1
        Diskflag:     2
# -----------------------------------------------------------
$ SCF_Energy
   description: The SCF energy
   geom. index: 12
   prop. index: 1
        SCF Energy:     -420.7317746254
# -----------------------------------------------------------
$ DFT_Energy
   description: The DFT energy
   geom. index: 12
   prop. index: 1
   Number of Alpha Electrons                 34.9999859310 
   Number of Beta  Electrons                 34.9999859310 
   Total number of  Electrons                69.9999718620 
   Exchange energy                          -38.1601297138 
   Correlation energy                        -2.9059570738 
   Correlation energy NL                      0.0000000000 
   Exchange-Correlation energy              -41.0660867876 
   Embedding correction                       0.0000000000 
   Total DFT Energy (No VdW correction)    -420.7317746254 
# -----------------------------------------------------------
$ VdW_Correction
   description: The Van der Waals Correction
   geom. index: 12
   prop. index: 1
        Van der Waals Correction:       -0.0359718344
# -----------------------------------------------------------
$ PAL_Flags
   description: The PAL Flags
   geom. index: 13
   prop. index: 1
        Diskflag:     2
# -----------------------------------------------------------
$ SCF_Energy
   description: The SCF energy
   geom. index: 13
   prop. index: 1
        SCF Energy:     -420.7317494677
# -----------------------------------------------------------
$ DFT_Energy
   description: The DFT energy
   geom. index: 13
   prop. index: 1
   Number of Alpha Electrons                 35.0000263554 
   Number of Beta  Electrons                 35.0000263554 
   Total number of  Electrons                70.0000527108 
   Exchange energy                          -38.1614241300 
   Correlation energy                        -2.9061046342 
   Correlation energy NL                      0.0000000000 
   Exchange-Correlation energy              -41.0675287642 
   Embedding correction                       0.0000000000 
   Total DFT Energy (No VdW correction)    -420.7317494677 
# -----------------------------------------------------------
$ VdW_Correction
   description: The Van der Waals Correction
   geom. index: 13
   prop. index: 1
        Van der Waals Correction:       -0.0360053869
# -----------------------------------------------------------
$ PAL_Flags
   description: The PAL Flags
   geom. index: 14
   prop. index: 1
        Diskflag:     2
# -----------------------------------------------------------
$ SCF_Energy
   description: The SCF energy
   geom. index: 14
   prop. index: 1
        SCF Energy:     -420.7317844149
# -----------------------------------------------------------
$ DFT_Energy
   description: The DFT energy
   geom. index: 14
   prop. index: 1
   Number of Alpha Electrons                 35.0000354539 
   Number of Beta  Electrons                 35.0000354539 
   Total number of  Electrons                70.0000709078 
   Exchange energy                          -38.1602789263 
   Correlation energy                        -2.9059408963 
   Correlation energy NL                      0.0000000000 
   Exchange-Correlation energy              -41.0662198225 
   Embedding correction                       0.0000000000 
   Total DFT Energy (No VdW correction)    -420.7317844149 
# -----------------------------------------------------------
$ VdW_Correction
   description: The Van der Waals Correction
   geom. index: 14
   prop. index: 1
        Van der Waals Correction:       -0.0359544020
# -----------------------------------------------------------
$ PAL_Flags
   description: The PAL Flags
   geom. index: 15
   prop. index: 1
        Diskflag:     2
# -----------------------------------------------------------
$ SCF_Energy
   description: The SCF energy
   geom. index: 15
   prop. index: 1
        SCF Energy:     -420.7318096692
# -----------------------------------------------------------
$ DFT_Energy
   description: The DFT energy
   geom. index: 15
   prop. index: 1
   Number of Alpha Electrons                 35.0000285682 
   Number of Beta  Electrons                 35.0000285682 
   Total number of  Electrons                70.0000571364 
   Exchange energy                          -38.1607911911 
   Correlation energy                        -2.9059976894 
   Correlation energy NL                      0.0000000000 
   Exchange-Correlation energy              -41.0667888806 
   Embedding correction                       0.0000000000 
   Total DFT Energy (No VdW correction)    -420.7318096692 
# -----------------------------------------------------------
$ VdW_Correction
   description: The Van der Waals Correction
   geom. index: 15
   prop. index: 1
        Van der Waals Correction:       -0.0359707074
# -----------------------------------------------------------
$ PAL_Flags
   description: The PAL Flags
   geom. index: 16
   prop. index: 1
        Diskflag:     2
# -----------------------------------------------------------
$ SCF_Energy
   description: The SCF energy
   geom. index: 16
   prop. index: 1
        SCF Energy:     -420.7318060730
# -----------------------------------------------------------
$ DFT_Energy
   description: The DFT energy
   geom. index: 16
   prop. index: 1
   Number of Alpha Electrons                 35.0000276547 
   Number of Beta  Electrons                 35.0000276547 
   Total number of  Electrons                70.0000553094 
   Exchange energy                          -38.1608610581 
   Correlation energy                        -2.9060116116 
   Correlation energy NL                      0.0000000000 
   Exchange-Correlation energy              -41.0668726697 
   Embedding correction                       0.0000000000 
   Total DFT Energy (No VdW correction)    -420.7318060730 
# -----------------------------------------------------------
$ Mayer_Pop
   description: The Mayer population analysis
   geom. index: 16
   prop. index: 1
     Number of atoms                     : 21
     Threshold for printing              : 0.1000000
     Number of bond orders printed       : 29
  NA   - Mulliken gross atomic population
  ZA   - Total nuclear charge
  QA   - Mulliken gross atomic charge
  VA   - Mayer's total valence
  BVA  - Mayer's bonded valence
  FA   - Mayer's free valence
  ATOM       NA         ZA         QA         VA         BVA        FA
  0   0     6.1992     6.0000    -0.1992     3.6111     3.6111     0.0000
  1   0     6.0459     6.0000    -0.0459     3.5652     3.5652     0.0000
  2   0     8.3195     8.0000    -0.3195     1.6472     1.6472     0.0000
  3   0     5.6867     6.0000     0.3133     3.1050     3.1050    -0.0000
  4   0     6.4969     6.0000    -0.4969     3.8964     3.8964     0.0000
  5   0     7.3311     7.0000    -0.3311     2.5519     2.5519    -0.0000
  6   0     6.1868     6.0000    -0.1868     3.4236     3.4236    -0.0000
  7   0     6.6484     6.0000    -0.6484     4.4175     4.4175    -0.0000
  8   0     7.2718     7.0000    -0.2718     2.6878     2.6878    -0.0000
  9   0     0.8479     1.0000     0.1521     0.9004     0.9004     0.0000
 10   0     0.8503     1.0000     0.1497     0.9486     0.9486     0.0000
 11   0     0.8405     1.0000     0.1595     0.9212     0.9212    -0.0000
 12   0     0.8652     1.0000     0.1348     0.9335     0.9335     0.0000
 13   0     0.8638     1.0000     0.1362     0.9284     0.9284    -0.0000
 14   0     0.8538     1.0000     0.1462     0.9474     0.9474     0.0000
 15   0     0.8097     1.0000     0.1903     0.9240     0.9240     0.0000
 16   0     0.6925     1.0000     0.3075     0.8438     0.8438    -0.0000
 17   0     0.8432     1.0000     0.1568     0.9265     0.9265     0.0000
 18   0     0.7886     1.0000     0.2114     0.9016     0.9016    -0.0000
 19   0     0.8740     1.0000     0.1260     0.9581     0.9581    -0.0000
 20   0     0.6840     1.0000     0.3160     0.8353     0.8353    -0.0000
      Bond orders larger than 0.1000000
           Atom A     A.N. of A          Atom B    A.N. of B              Bond order
                0             6               1            6                0.897808
                0             6               7            6               -0.111393
                0             6               8            7                0.945436
                0             6               9            1                0.986854
                0             6              10            1                0.972712
                1             6               2            8                0.726989
                1             6              11            1                1.007451
                1             6              12            1                0.973108
                2             8               3            6                1.102265
                2             8               4            6               -0.125625
                2             8               6            6               -0.114321
                3             6               4            6                0.876760
                3             6               5            7               -0.153649
                3             6               7            6                0.667262
                3             6               8            7               -0.170807
                3             6              13            1                0.944810
                4             6               5            7                0.944965
                4             6               7            6                0.162617
                4             6              14            1                0.974834
                4             6              15            1                1.014609
                5             7               6            6                0.962501
                5             7              16            1                0.883399
                6             6               7            6                0.972993
                6             6               8            7               -0.225489
                6             6              17            1                0.986433
                6             6              18            1                0.940526
                7             6               8            7                1.402833
                7             6              19            1                1.030189
                8             7              20            1                0.849254
# -----------------------------------------------------------
$ VdW_Correction
   description: The Van der Waals Correction
   geom. index: 16
   prop. index: 1
        Van der Waals Correction:       -0.0359744217
# -----------------------------------------------------------
$ SCF_Electric_Properties
   description: The SCF Calculated Electric Properties
   geom. index: 16
   prop. index: 1
       Filename                          : file.scfp 
       Do Dipole Moment Calculation      : true 
       Do Quadrupole Moment Calculation  : false 
       Do Polarizability Calculation     : false 
** Dipole moment part of electric properties **
        Magnitude of dipole moment (Debye) :        3.6062070715
        Electronic Contribution:
                  0    
      0       0.561953
      1      -0.878814
      2      -1.438781
        Nuclear Contribution:
                  0    
      0      -1.035287
      1       1.421234
      2       2.661328
        Total Dipole moment:
                  0    
      0      -0.473334
      1       0.542420
      2       1.222548
# -------------------------------------------------------------
----------------------- !GEOMETRIES! ------------------------
# -------------------------------------------------------------
------------------------ !GEOMETRY! -------------------------
    Number of atoms:    21 
    Geometry Index:     1 
    Coordinates:
               0 C     -2.053800000000    0.752600000000    0.126700000000
               1 C     -2.065700000000   -0.788700000000    0.042900000000
               2 O     -0.888300000000   -1.288400000000   -0.561500000000
               3 C      0.239600000000   -0.894500000000    0.200200000000
               4 C      1.522600000000   -1.317400000000   -0.507300000000
               5 N      2.478500000000   -0.219400000000   -0.393800000000
               6 C      1.670600000000    0.994500000000   -0.328300000000
               7 C      0.342900000000    0.630500000000    0.328900000000
               8 N     -0.777000000000    1.297300000000   -0.349800000000
               9 H     -2.237600000000    1.072200000000    1.177600000000
              10 H     -2.874100000000    1.165400000000   -0.499600000000
              11 H     -2.935300000000   -1.114200000000   -0.566500000000
              12 H     -2.201000000000   -1.232300000000    1.055700000000
              13 H      0.213000000000   -1.365600000000    1.210900000000
              14 H      1.936100000000   -2.248300000000   -0.059100000000
              15 H      1.329600000000   -1.509100000000   -1.586100000000
              16 H      2.975400000000   -0.322200000000    0.523200000000
              17 H      2.195400000000    1.787100000000    0.250200000000
              18 H      1.510300000000    1.369100000000   -1.363700000000
              19 H      0.368200000000    0.915700000000    1.406700000000
              20 H     -0.749300000000    2.315700000000   -0.107500000000
------------------------ !GEOMETRY! -------------------------
    Number of atoms:    21 
    Geometry Index:     2 
    Coordinates:
               0 C     -2.067836581113    0.761015107455    0.142595027134
               1 C     -2.075188863449   -0.787067389916    0.043263942578
               2 O     -0.889747792450   -1.283059362360   -0.548406166432
               3 C      0.237088568608   -0.892121220711    0.209664620095
               4 C      1.528928676595   -1.319734931774   -0.508779874871
               5 N      2.492759426230   -0.225775398799   -0.360326789021
               6 C      1.691533214692    1.002599520594   -0.322711318488
               7 C      0.343049243705    0.652181258645    0.342344178359
               8 N     -0.785905547996    1.284549298548   -0.337772539844
               9 H     -2.273133213566    1.062046698140    1.185755352244
              10 H     -2.862480681411    1.179951334362   -0.483308238509
              11 H     -2.900737772130   -1.132662829407   -0.583021202352
              12 H     -2.202413890518   -1.232928488250    1.043684290657
              13 H      0.178538736320   -1.356898667836    1.208243020572
              14 H      1.942934821640   -2.247287992747   -0.103924933186
              15 H      1.303173433947   -1.479195637654   -1.569379069590
              16 H      2.988560681394   -0.330232184538    0.516092594830
              17 H      2.232917141824    1.788706230535    0.212899066555
              18 H      1.503508957703    1.349092572940   -1.345975423967
              19 H      0.372063935293    0.927013457253    1.413185447778
              20 H     -0.757512495318    2.279808625521   -0.154321984541
------------------------ !GEOMETRY! -------------------------
    Number of atoms:    21 
    Geometry Index:     3 
    Coordinates:
               0 C     -2.062357543232    0.759038052819    0.164799366831
               1 C     -2.079521513107   -0.788731251187    0.034252516332
               2 O     -0.886068292170   -1.281662140350   -0.546505484134
               3 C      0.237884301501   -0.890221338286    0.216119984393
               4 C      1.531640232792   -1.313757284736   -0.504132666491
               5 N      2.496497166196   -0.227007815121   -0.325041918313
               6 C      1.693664784317    0.999537778197   -0.327745474033
               7 C      0.343706301038    0.658912206006    0.344223296978
               8 N     -0.789013555855    1.272171359709   -0.339954827360
               9 H     -2.243420911769    1.040354505106    1.217979104221
              10 H     -2.865241338252    1.196413083366   -0.437146903589
              11 H     -2.890844361335   -1.124426067228   -0.615582572112
              12 H     -2.220598222490   -1.250235085662    1.025225494244
              13 H      0.168571864131   -1.351613945142    1.215440342270
              14 H      1.940617803325   -2.256573034148   -0.131511567784
              15 H      1.299433017900   -1.434306373417   -1.568701031418
              16 H      2.977854132111   -0.329027543201    0.562986382226
              17 H      2.235169652081    1.807379492860    0.173775819394
              18 H      1.496702686527    1.303090050628   -1.363063951663
              19 H      0.374619856768    0.932576084445    1.415216254087
              20 H     -0.759196060478    2.278089265341   -0.210832164082
------------------------ !GEOMETRY! -------------------------
    Number of atoms:    21 
    Geometry Index:     4 
    Coordinates:
               0 C     -2.053351131622    0.754537827977    0.189739270574
               1 C     -2.084033530742   -0.790334919356    0.018771211767
               2 O     -0.880980408327   -1.282250073592   -0.544488099651
               3 C      0.238013677355   -0.887642361873    0.223953276115
               4 C      1.534144465278   -1.310518808393   -0.493106411138
               5 N      2.499966544602   -0.226553758861   -0.302354363682
               6 C      1.693452385363    0.996786407178   -0.336380826233
               7 C      0.344947744855    0.664389855007    0.341617090627
               8 N     -0.792644425229    1.263630298384   -0.343083586677
               9 H     -2.195021231536    1.010302721718    1.255969987124
              10 H     -2.872937412307    1.213656215463   -0.372711029371
              11 H     -2.879625100859   -1.101780227225   -0.662654349785
              12 H     -2.256417237692   -1.274704775511    0.993967119656
              13 H      0.163459174853   -1.343650466595    1.225698312294
              14 H      1.938434610505   -2.262725882822   -0.138599399668
              15 H      1.302191504461   -1.408587338006   -1.560574704079
              16 H      2.961104537326   -0.320658948368    0.597346725957
              17 H      2.230707809789    1.824494679850    0.137548221030
              18 H      1.493638235225    1.263897078146   -1.381646764922
              19 H      0.377865068287    0.943527691029    1.411666573301
              20 H     -0.762815279584    2.274184785849   -0.260878253238
------------------------ !GEOMETRY! -------------------------
    Number of atoms:    21 
    Geometry Index:     5 
    Coordinates:
               0 C     -2.043444883649    0.747200692435    0.220282354129
               1 C     -2.088900514618   -0.790087751092   -0.008166149352
               2 O     -0.874161753577   -1.279284221032   -0.549274778766
               3 C      0.235913327976   -0.882152983068    0.230324853870
               4 C      1.537882665564   -1.312825936075   -0.472108708273
               5 N      2.502539866704   -0.225025916224   -0.291542787164
               6 C      1.690635626113    0.993626223157   -0.357673941503
               7 C      0.347785867015    0.671208775183    0.333167103372
               8 N     -0.799258481629    1.264351204310   -0.339212989022
               9 H     -2.139654505250    0.965558311818    1.300078416414
              10 H     -2.882734967964    1.229909212463   -0.290840148464
              11 H     -2.862952641341   -1.064800078988   -0.729068580263
              12 H     -2.303717911896   -1.305804652917    0.942218982431
              13 H      0.150048947407   -1.329527308838    1.234908185775
              14 H      1.940207383255   -2.262656090837   -0.109080728125
              15 H      1.311491343746   -1.418857718175   -1.540079446001
              16 H      2.946761446353   -0.301551171113    0.618917466226
              17 H      2.223432808622    1.837866303989    0.091471818805
              18 H      1.488470878619    1.229348241829   -1.409984036709
              19 H      0.392533340876    0.957159772443    1.401269113717
              20 H     -0.772777842326    2.276345090731   -0.275806001097
------------------------ !GEOMETRY! -------------------------
    Number of atoms:    21 
    Geometry Index:     6 
    Coordinates:
               0 C     -2.034523087570    0.738024035140    0.249976574694
               1 C     -2.093312337387   -0.787555850103   -0.038825114532
               2 O     -0.866531040982   -1.274956838802   -0.555586390630
               3 C      0.233513481392   -0.875493238831    0.236500879803
               4 C      1.541981749976   -1.317109648263   -0.447725170432
               5 N      2.504453931649   -0.223357639863   -0.286447610479
               6 C      1.686184909583    0.989424152539   -0.384541964459
               7 C      0.351991429099    0.678286268184    0.324679743143
               8 N     -0.806208623713    1.271107452939   -0.327776621860
               9 H     -2.090069126048    0.913817695278    1.340465555472
              10 H     -2.891307034341    1.241674956305   -0.209095535774
              11 H     -2.842232563902   -1.019447557895   -0.800370073735
              12 H     -2.353710923583   -1.336317450880    0.881043340074
              13 H      0.134125153970   -1.313056215323    1.244031634557
              14 H      1.943674277639   -2.259052886554   -0.064089565172
              15 H      1.322912357581   -1.444864512884   -1.514804204103
              16 H      2.934018778797   -0.276489759748    0.632918789167
              17 H      2.215706796494    1.849768979735    0.037112539858
              18 H      1.478274881869    1.192678513551   -1.442371194329
              19 H      0.415339906608    0.969893793813    1.390507448006
              20 H     -0.784182917132    2.283025751662   -0.265803059269
------------------------ !GEOMETRY! -------------------------
    Number of atoms:    21 
    Geometry Index:     7 
    Coordinates:
               0 C     -2.027109337300    0.727251448553    0.277145410995
               1 C     -2.097273879928   -0.782670287774   -0.070971769022
               2 O     -0.858669230656   -1.271036208536   -0.560793417344
               3 C      0.231586949914   -0.868335237582    0.242773463938
               4 C      1.546122247131   -1.322591469396   -0.422047416058
               5 N      2.505676207602   -0.221965267288   -0.286977286170
               6 C      1.680258089536    0.984212601928   -0.414682489087
               7 C      0.357038420364    0.685012095477    0.316661664600
               8 N     -0.812943653942    1.282173300590   -0.310527095815
               9 H     -2.048418362522    0.858112542704    1.375102242771
              10 H     -2.898795693862    1.247728085711   -0.132270841295
              11 H     -2.817544584042   -0.967032876927   -0.872421647706
              12 H     -2.405302350243   -1.363474018256    0.813538791599
              13 H      0.119476011167   -1.294948679348    1.253532067424
              14 H      1.948234999445   -2.251614375159   -0.008801246601
              15 H      1.335390448407   -1.482475396229   -1.486276966697
              16 H      2.922921944034   -0.247236101339    0.639239063183
              17 H      2.207788298409    1.859405583923   -0.022129075474
              18 H      1.463420928590    1.155346956992   -1.476214984484
              19 H      0.443434481897    0.981373896852    1.379681048774
              20 H     -0.795191934001    2.292763405106   -0.233759517533
------------------------ !GEOMETRY! -------------------------
    Number of atoms:    21 
    Geometry Index:     8 
    Coordinates:
               0 C     -2.019341718851    0.715514207078    0.304525222292
               1 C     -2.099873730977   -0.775262402344   -0.105520597918
               2 O     -0.850504673886   -1.265244592845   -0.568675434813
               3 C      0.228844271639   -0.861225998917    0.249042071757
               4 C      1.550238807541   -1.328601702673   -0.393940019020
               5 N      2.505420071149   -0.219958098265   -0.289727100187
               6 C      1.672420932112    0.978347667445   -0.446049001728
               7 C      0.361479292532    0.691166165842    0.309285872426
               8 N     -0.820032255861    1.293343698153   -0.292099016206
               9 H     -2.008940110986    0.800767164893    1.407161416717
              10 H     -2.903738864491    1.250228913207   -0.056350446049
              11 H     -2.790128605661   -0.911120006676   -0.942484554326
              12 H     -2.453412958145   -1.385645708422    0.740999229853
              13 H      0.100908648386   -1.277731886337    1.261889133451
              14 H      1.954129139276   -2.241120787178    0.052766780503
              15 H      1.347275499390   -1.525454958469   -1.453284564274
              16 H      2.916823228852   -0.216468437296    0.639312936941
              17 H      2.198638369591    1.867265629143   -0.083759736072
              18 H      1.444321637737    1.117820260909   -1.509698411980
              19 H      0.472319891372    0.991595043709    1.368988350986
              20 H     -0.806746870717    2.301785829043   -0.192582132353
------------------------ !GEOMETRY! -------------------------
    Number of atoms:    21 
    Geometry Index:     9 
    Coordinates:
               0 C     -2.020308617284    0.706248046205    0.318354940571
               1 C     -2.101236474899   -0.763782914511   -0.139111039304
               2 O     -0.841604150304   -1.262383249471   -0.569808914735
               3 C      0.229957270984   -0.855935874043    0.258437034438
               4 C      1.555379472982   -1.337093285219   -0.367633480185
               5 N      2.502618999953   -0.219022027803   -0.309131198463
               6 C      1.661679491949    0.972358627501   -0.478486556252
               7 C      0.367641964414    0.694620690082    0.309405990600
               8 N     -0.824079278779    1.310487327478   -0.262450540278
               9 H     -2.009324379398    0.753930818967    1.423207204570
              10 H     -2.907949484630    1.248354367466   -0.023222127621
              11 H     -2.759779816740   -0.857702717661   -1.007055501252
              12 H     -2.496328033581   -1.395344211560    0.672325552936
              13 H      0.090236377367   -1.264023024794    1.272786564932
              14 H      1.967420812377   -2.221546422030    0.125084928323
              15 H      1.354973953446   -1.588001735954   -1.415522496887
              16 H      2.931367235382   -0.184764114855    0.610626097188
              17 H      2.193069572811    1.869817575776   -0.146281068262
              18 H      1.409809372990    1.088364507121   -1.539461400575
              19 H      0.509043579918    0.995225256390    1.365268040289
              20 H     -0.812487868958    2.310192360914   -0.097532030032
------------------------ !GEOMETRY! -------------------------
    Number of atoms:    21 
    Geometry Index:     10 
    Coordinates:
               0 C     -2.008738613773    0.693222190631    0.349120565944
               1 C     -2.100220910279   -0.753664186549   -0.175387596669
               2 O     -0.832828407140   -1.251323470281   -0.585390936479
               3 C      0.223724456772   -0.848641231786    0.264478864070
               4 C      1.558264913641   -1.340922647856   -0.335671658360
               5 N      2.500061197974   -0.215624055193   -0.306507867654
               6 C      1.651703740637    0.965052773208   -0.507161312499
               7 C      0.369830156937    0.701004330453    0.303266507263
               8 N     -0.831632010007    1.317687584195   -0.246893869686
               9 H     -1.961704312148    0.694812458151    1.454257618140
              10 H     -2.907575045313    1.247111798127    0.059736067218
              11 H     -2.729762759005   -0.801422156311   -1.068244632305
              12 H     -2.532750258222   -1.410771880709    0.595822803277
              13 H      0.058876964344   -1.249720159878    1.277577505605
              14 H      1.972250529438   -2.210328830502    0.181854597933
              15 H      1.363166392977   -1.620771632499   -1.377374617283
              16 H      2.932163470784   -0.157498230254    0.610788945259
              17 H      2.180264139066    1.876278545178   -0.209492389454
              18 H      1.387719817131    1.045505575712   -1.568493993935
              19 H      0.533325395373    1.004109780672    1.355295397183
              20 H     -0.826038859188    2.315903445492   -0.071779997569
------------------------ !GEOMETRY! -------------------------
    Number of atoms:    21 
    Geometry Index:     11 
    Coordinates:
               0 C     -2.004155739505    0.682534885971    0.371811868173
               1 C     -2.096366705531   -0.740608766787   -0.212272578218
               2 O     -0.821410023482   -1.236742007880   -0.603383197973
               3 C      0.218756830492   -0.841871833468    0.271330189953
               4 C      1.562846849712   -1.345622665916   -0.300749197706
               5 N      2.496786693359   -0.211925258010   -0.315847665475
               6 C      1.637595289010    0.955920001950   -0.538555594401
               7 C      0.375441958902    0.705776727628    0.305048241607
               8 N     -0.835335460832    1.332517673781   -0.212889808049
               9 H     -1.944562415934    0.639291271797    1.475266702240
              10 H     -2.908266494263    1.243982426618    0.114955108890
              11 H     -2.698050638492   -0.744571162664   -1.125550195248
              12 H     -2.559736655955   -1.422076418963    0.518958899647
              13 H      0.024220534496   -1.240250352272    1.279890437521
              14 H      1.982384306166   -2.191918151317    0.250018127084
              15 H      1.372134391415   -1.667645564070   -1.331176849797
              16 H      2.945222097890   -0.128325288736    0.591952356528
              17 H      2.163771810948    1.881038899977   -0.282075246864
              18 H      1.351191433778    0.999312578985   -1.596173812504
              19 H      0.572594316260    1.004954277447    1.352307041298
              20 H     -0.834962378435    2.326228725929   -0.013064826705
------------------------ !GEOMETRY! -------------------------
    Number of atoms:    21 
    Geometry Index:     12 
    Coordinates:
               0 C     -2.003357714294    0.674689726791    0.387931998950
               1 C     -2.090461551522   -0.726043569908   -0.247150201469
               2 O     -0.808664914636   -1.220297232686   -0.620790846295
               3 C      0.215504552656   -0.836571698714    0.279049129619
               4 C      1.567454452959   -1.350738816582   -0.267910298008
               5 N      2.491008325395   -0.209641515552   -0.336060510560
               6 C      1.621218063126    0.947743347382   -0.565684330201
               7 C      0.380924019910    0.708673062326    0.312293858345
               8 N     -0.837015322991    1.347347157552   -0.174609330692
               9 H     -1.945544571373    0.593081274374    1.489134462403
              10 H     -2.908735044720    1.241955751620    0.148522958366
              11 H     -2.667147851729   -0.693094339657   -1.176005272430
              12 H     -2.578240549058   -1.428146457991    0.447894215329
              13 H     -0.007796936456   -1.235943081736    1.281066636059
              14 H      1.996086265349   -2.165774538243    0.322011366073
              15 H      1.379833727938   -1.724612972480   -1.281222501232
              16 H      2.969872172100   -0.103168641407    0.553556897264
              17 H      2.147190230475    1.882662286415   -0.346957448124
              18 H      1.306735735520    0.962194977069   -1.616212112896
              19 H      0.611780303969    1.001387463740    1.354488787737
              20 H     -0.840543392617    2.334297817685    0.056452541763
------------------------ !GEOMETRY! -------------------------
    Number of atoms:    21 
    Geometry Index:     13 
    Coordinates:
               0 C     -2.000614697741    0.662842213034    0.403604375933
               1 C     -2.086165105761   -0.710079112417   -0.280732876424
               2 O     -0.798526142292   -1.209503512437   -0.631507138012
               3 C      0.213508834503   -0.830653359495    0.284873797051
               4 C      1.571081678087   -1.355531935270   -0.238542131482
               5 N      2.484947805824   -0.209664644408   -0.353938168132
               6 C      1.604646196316    0.937591797874   -0.596224959112
               7 C      0.385916332224    0.711148934948    0.313164299936
               8 N     -0.839508868877    1.361829814117   -0.139837625720
               9 H     -1.936199455837    0.539419105739    1.500497001694
              10 H     -2.911144092380    1.233300815758    0.192844049570
              11 H     -2.631204753884   -0.629930692871   -1.225916563700
              12 H     -2.607059191411   -1.430085689601    0.370116095607
              13 H     -0.027311654703   -1.225439020818    1.284486758120
              14 H      2.005234027188   -2.133498225638    0.395509267344
              15 H      1.392744450560   -1.783616885236   -1.231416696075
              16 H      2.976505214908   -0.073335936377    0.523994354122
              17 H      2.129588395993    1.880238742764   -0.410826418744
              18 H      1.268309649576    0.925311822461   -1.639892050286
              19 H      0.649034316127    1.001585987122    1.348365942250
              20 H     -0.843682938420    2.338069780748    0.131178686062
------------------------ !GEOMETRY! -------------------------
    Number of atoms:    21 
    Geometry Index:     14 
    Coordinates:
               0 C     -2.009159785401    0.670849719427    0.398072808811
               1 C     -2.079982285049   -0.707660495714   -0.286036149832
               2 O     -0.790914463186   -1.194682329084   -0.644899279015
               3 C      0.214051237391   -0.832685732076    0.286672037139
               4 C      1.574161728246   -1.358048005215   -0.231261524896
               5 N      2.479975256758   -0.209006917029   -0.375457463521
               6 C      1.596994725484    0.937420435900   -0.595731736868
               7 C      0.389825942655    0.708601235241    0.329520800761
               8 N     -0.834496863272    1.367219908062   -0.114916448317
               9 H     -1.980635578683    0.552634036272    1.496750252583
              10 H     -2.909067135391    1.245071343019    0.153902516454
              11 H     -2.635079745466   -0.641717876209   -1.226377332879
              12 H     -2.584268747400   -1.432351628531    0.373022055836
              13 H     -0.042073644897   -1.241300216834    1.276892121383
              14 H      2.017217786348   -2.119768109420    0.416993670532
              15 H      1.392260524083   -1.808814577523   -1.213607360333
              16 H      3.010147356046   -0.077560038143    0.480767792982
              17 H      2.124814007530    1.879639378637   -0.415740626820
              18 H      1.241813159987    0.930184761203   -1.633341585492
              19 H      0.664744493959    0.989494089562    1.364005986517
              20 H     -0.840227969743    2.342481018456    0.160569464975
------------------------ !GEOMETRY! -------------------------
    Number of atoms:    21 
    Geometry Index:     15 
    Coordinates:
               0 C     -2.005003710588    0.668162450897    0.398322253247
               1 C     -2.084241090351   -0.711842492458   -0.277797644141
               2 O     -0.796894477249   -1.204815695854   -0.635200160834
               3 C      0.214236329708   -0.832616025517    0.285127162074
               4 C      1.571302426752   -1.356434128287   -0.240455743914
               5 N      2.483400474552   -0.210068492380   -0.363452800357
               6 C      1.604474480218    0.940074162506   -0.590335098361
               7 C      0.386593408270    0.709904757508    0.320248043381
               8 N     -0.837330163444    1.361714391399   -0.135351513229
               9 H     -1.957372740062    0.554122159546    1.497013271725
              10 H     -2.910217389316    1.239614622008    0.168116647470
              11 H     -2.638909381817   -0.646532526837   -1.218395976362
              12 H     -2.592501747056   -1.430790604438    0.384355119065
              13 H     -0.029457080363   -1.234422233154    1.281284376754
              14 H      2.008829231386   -2.131625146380    0.395058444898
              15 H      1.389181123126   -1.788414167971   -1.231077144662
              16 H      2.992003833830   -0.081080785812    0.505977971490
              17 H      2.132337465890    1.879811343250   -0.398444938680
              18 H      1.263368942743    0.938442099999   -1.632594797604
              19 H      0.648575619816    0.997371095813    1.356410149860
              20 H     -0.842275556045    2.339425216162    0.130992378179
------------------------ !GEOMETRY! -------------------------
    Number of atoms:    21 
    Geometry Index:     16 
    Coordinates:
               0 C     -2.004680662375    0.668008732669    0.398747002729
               1 C     -2.084392851547   -0.711795411662   -0.277655877379
               2 O     -0.797148631887   -1.204641949415   -0.635902019816
               3 C      0.214039245565   -0.832557036031    0.284346967197
               4 C      1.571416807442   -1.356311725826   -0.240479115553
               5 N      2.483550154414   -0.209750914504   -0.361917149878
               6 C      1.604404988218    0.939731566722   -0.590865890319
               7 C      0.386678182291    0.709824678463    0.319763960976
               8 N     -0.837253650224    1.361773626903   -0.135278345361
               9 H     -1.956178034888    0.553409448032    1.497337969972
              10 H     -2.910134895104    1.239517598270    0.169605015156
              11 H     -2.639477927086   -0.645866499148   -1.217996192550
              12 H     -2.592430890805   -1.431010413390    0.384379583114
              13 H     -0.029764966095   -1.234242258039    1.280533315851
              14 H      2.008408609883   -2.131908914491    0.394889891603
              15 H      1.390203841386   -1.787619056204   -1.231576652181
              16 H      2.990285012484   -0.080289509367    0.508539752296
              17 H      2.131869699378    1.879815157401   -0.399455651561
              18 H      1.263900515964    0.937082334216   -1.633305687046
              19 H      0.648867481700    0.997137300597    1.355929477133
              20 H     -0.842062028715    2.339693244802    0.130159645618
