-------------------------------------------------------------
----------------------- !PROPERTIES! ------------------------
-------------------------------------------------------------
# -----------------------------------------------------------
$ PAL_Flags
   description: The PAL Flags
   geom. index: 1
   prop. index: 1
        Diskflag:     2
# -----------------------------------------------------------
$ SCF_Energy
   description: The SCF energy
   geom. index: 1
   prop. index: 1
        SCF Energy:     -420.6897181600
# -----------------------------------------------------------
$ DFT_Energy
   description: The DFT energy
   geom. index: 1
   prop. index: 1
   Number of Alpha Electrons                 34.9999811358 
   Number of Beta  Electrons                 34.9999811358 
   Total number of  Electrons                69.9999622716 
   Exchange energy                          -38.1153270916 
   Correlation energy                        -2.9014558040 
   Correlation energy NL                      0.0000000000 
   Exchange-Correlation energy              -41.0167828956 
   Embedding correction                       0.0000000000 
   Total DFT Energy (No VdW correction)    -420.6897181600 
# -----------------------------------------------------------
$ Mayer_Pop
   description: The Mayer population analysis
   geom. index: 1
   prop. index: 1
     Number of atoms                     : 21
     Threshold for printing              : 0.1000000
     Number of bond orders printed       : 25
  NA   - Mulliken gross atomic population
  ZA   - Total nuclear charge
  QA   - Mulliken gross atomic charge
  VA   - Mayer's total valence
  BVA  - Mayer's bonded valence
  FA   - Mayer's free valence
  ATOM       NA         ZA         QA         VA         BVA        FA
  0   0     6.1421     6.0000    -0.1421     3.5100     3.5100     0.0000
  1   0     6.1939     6.0000    -0.1939     3.7664     3.7664     0.0000
  2   0     8.2960     8.0000    -0.2960     1.5664     1.5664     0.0000
  3   0     6.2160     6.0000    -0.2160     3.7870     3.7870    -0.0000
  4   0     5.9600     6.0000     0.0400     3.5450     3.5450     0.0000
  5   0     6.3078     6.0000    -0.3078     3.6997     3.6997     0.0000
  6   0     7.3780     7.0000    -0.3780     2.6687     2.6687    -0.0000
  7   0     6.3221     6.0000    -0.3221     3.7269     3.7269     0.0000
  8   0     7.3403     7.0000    -0.3403     2.7913     2.7913    -0.0000
  9   0     0.8545     1.0000     0.1455     0.9535     0.9535     0.0000
 10   0     0.8136     1.0000     0.1864     0.9179     0.9179     0.0000
 11   0     0.8576     1.0000     0.1424     0.9348     0.9348    -0.0000
 12   0     0.8597     1.0000     0.1403     0.9538     0.9538     0.0000
 13   0     0.8529     1.0000     0.1471     0.9105     0.9105     0.0000
 14   0     0.8394     1.0000     0.1606     0.9191     0.9191    -0.0000
 15   0     0.8411     1.0000     0.1589     0.9179     0.9179     0.0000
 16   0     0.8668     1.0000     0.1332     0.9378     0.9378     0.0000
 17   0     0.7100     1.0000     0.2900     0.8540     0.8540    -0.0000
 18   0     0.8081     1.0000     0.1919     0.8879     0.8879     0.0000
 19   0     0.8794     1.0000     0.1206     0.9540     0.9540     0.0000
 20   0     0.6607     1.0000     0.3393     0.8179     0.8179    -0.0000
      Bond orders larger than 0.1000000
           Atom A     A.N. of A          Atom B    A.N. of B              Bond order
                0             6               1            6                0.913370
                0             6               8            7                0.765321
                0             6               9            1                0.949708
                0             6              10            1                0.964411
                1             6               2            8                0.837590
                1             6              11            1                0.994002
                1             6              12            1                1.013628
                2             8               3            6                0.982396
                2             8               4            6               -0.163738
                3             6               4            6                0.845450
                3             6              13            1                0.963767
                3             6              14            1                1.013195
                4             6               5            6                0.734002
                4             6               7            6                0.846159
                4             6               8            7                1.428527
                4             6              15            1               -0.135194
                5             6               6            7                0.947750
                5             6              15            1                1.039167
                5             6              16            1                0.955233
                6             7               7            6                0.949993
                6             7              17            1                0.883652
                7             6               8            7               -0.173812
                7             6              18            1                1.007581
                7             6              19            1                0.948438
                8             7              20            1                0.840624
# -----------------------------------------------------------
$ VdW_Correction
   description: The Van der Waals Correction
   geom. index: 1
   prop. index: 1
        Van der Waals Correction:       -0.0357014652
# -----------------------------------------------------------
$ Hessian
   description: Details about the Hessian
   geom. index: 1
   prop. index: 1
Normal modes:
Number of Rows: 63 Number of Columns: 63
                  0          1          2          3          4          5    
      0       0.000000   0.000000   0.000000   0.000000   0.000000   0.000000
      1       0.000000   0.000000   0.000000   0.000000   0.000000   0.000000
      2       0.000000   0.000000   0.000000   0.000000   0.000000   0.000000
      3       0.000000   0.000000   0.000000   0.000000   0.000000   0.000000
      4       0.000000   0.000000   0.000000   0.000000   0.000000   0.000000
      5       0.000000   0.000000   0.000000   0.000000   0.000000   0.000000
      6       0.000000   0.000000   0.000000   0.000000   0.000000   0.000000
      7       0.000000   0.000000   0.000000   0.000000   0.000000   0.000000
      8       0.000000   0.000000   0.000000   0.000000   0.000000   0.000000
      9       0.000000   0.000000   0.000000   0.000000   0.000000   0.000000
     10       0.000000   0.000000   0.000000   0.000000   0.000000   0.000000
     11       0.000000   0.000000   0.000000   0.000000   0.000000   0.000000
     12       0.000000   0.000000   0.000000   0.000000   0.000000   0.000000
     13       0.000000   0.000000   0.000000   0.000000   0.000000   0.000000
     14       0.000000   0.000000   0.000000   0.000000   0.000000   0.000000
     15       0.000000   0.000000   0.000000   0.000000   0.000000   0.000000
     16       0.000000   0.000000   0.000000   0.000000   0.000000   0.000000
     17       0.000000   0.000000   0.000000   0.000000   0.000000   0.000000
     18       0.000000   0.000000   0.000000   0.000000   0.000000   0.000000
     19       0.000000   0.000000   0.000000   0.000000   0.000000   0.000000
     20       0.000000   0.000000   0.000000   0.000000   0.000000   0.000000
     21       0.000000   0.000000   0.000000   0.000000   0.000000   0.000000
     22       0.000000   0.000000   0.000000   0.000000   0.000000   0.000000
     23       0.000000   0.000000   0.000000   0.000000   0.000000   0.000000
     24       0.000000   0.000000   0.000000   0.000000   0.000000   0.000000
     25       0.000000   0.000000   0.000000   0.000000   0.000000   0.000000
     26       0.000000   0.000000   0.000000   0.000000   0.000000   0.000000
     27       0.000000   0.000000   0.000000   0.000000   0.000000   0.000000
     28       0.000000   0.000000   0.000000   0.000000   0.000000   0.000000
     29       0.000000   0.000000   0.000000   0.000000   0.000000   0.000000
     30       0.000000   0.000000   0.000000   0.000000   0.000000   0.000000
     31       0.000000   0.000000   0.000000   0.000000   0.000000   0.000000
     32       0.000000   0.000000   0.000000   0.000000   0.000000   0.000000
     33       0.000000   0.000000   0.000000   0.000000   0.000000   0.000000
     34       0.000000   0.000000   0.000000   0.000000   0.000000   0.000000
     35       0.000000   0.000000   0.000000   0.000000   0.000000   0.000000
     36       0.000000   0.000000   0.000000   0.000000   0.000000   0.000000
     37       0.000000   0.000000   0.000000   0.000000   0.000000   0.000000
     38       0.000000   0.000000   0.000000   0.000000   0.000000   0.000000
     39       0.000000   0.000000   0.000000   0.000000   0.000000   0.000000
     40       0.000000   0.000000   0.000000   0.000000   0.000000   0.000000
     41       0.000000   0.000000   0.000000   0.000000   0.000000   0.000000
     42       0.000000   0.000000   0.000000   0.000000   0.000000   0.000000
     43       0.000000   0.000000   0.000000   0.000000   0.000000   0.000000
     44       0.000000   0.000000   0.000000   0.000000   0.000000   0.000000
     45       0.000000   0.000000   0.000000   0.000000   0.000000   0.000000
     46       0.000000   0.000000   0.000000   0.000000   0.000000   0.000000
     47       0.000000   0.000000   0.000000   0.000000   0.000000   0.000000
     48       0.000000   0.000000   0.000000   0.000000   0.000000   0.000000
     49       0.000000   0.000000   0.000000   0.000000   0.000000   0.000000
     50       0.000000   0.000000   0.000000   0.000000   0.000000   0.000000
     51       0.000000   0.000000   0.000000   0.000000   0.000000   0.000000
     52       0.000000   0.000000   0.000000   0.000000   0.000000   0.000000
     53       0.000000   0.000000   0.000000   0.000000   0.000000   0.000000
     54       0.000000   0.000000   0.000000   0.000000   0.000000   0.000000
     55       0.000000   0.000000   0.000000   0.000000   0.000000   0.000000
     56       0.000000   0.000000   0.000000   0.000000   0.000000   0.000000
     57       0.000000   0.000000   0.000000   0.000000   0.000000   0.000000
     58       0.000000   0.000000   0.000000   0.000000   0.000000   0.000000
     59       0.000000   0.000000   0.000000   0.000000   0.000000   0.000000
     60       0.000000   0.000000   0.000000   0.000000   0.000000   0.000000
     61       0.000000   0.000000   0.000000   0.000000   0.000000   0.000000
     62       0.000000   0.000000   0.000000   0.000000   0.000000   0.000000
                  6          7          8          9         10         11    
      0      -0.096296  -0.015931   0.102806   0.022951   0.073175  -0.134589
      1       0.014738  -0.007468   0.182518  -0.043304   0.036839   0.038423
      2       0.039300  -0.002822   0.021050   0.006130  -0.012213   0.063773
      3      -0.020178   0.026043  -0.015875  -0.049806   0.132275  -0.136591
      4      -0.152922   0.129933  -0.094955  -0.115930   0.042924   0.046309
      5       0.096308   0.002131  -0.019247  -0.033659   0.032987   0.068860
      6       0.108032   0.005421  -0.016692  -0.072946   0.118166  -0.086044
      7      -0.010185   0.023336   0.009686   0.247686  -0.011399   0.038132
      8       0.023583  -0.004626   0.009526   0.071564   0.032024   0.008131
      9       0.014577   0.065462  -0.008903   0.029803   0.025340  -0.025222
     10       0.111780  -0.083676  -0.000674   0.022585   0.037572  -0.098835
     11      -0.128761   0.009047   0.000474  -0.009616  -0.139126  -0.114538
     12      -0.010749  -0.006491  -0.000404   0.012771  -0.053309   0.055445
     13       0.054044  -0.089604  -0.046376  -0.064121  -0.112545  -0.133958
     14      -0.103260  -0.042293   0.021459   0.017929  -0.045172  -0.054101
     15      -0.100906   0.043805   0.037048   0.041899  -0.044272   0.205401
     16      -0.032219  -0.041384   0.018110  -0.112038  -0.016290   0.045847
     17      -0.002007  -0.089155   0.047671  -0.159446   0.069486   0.108782
     18       0.036642   0.016242  -0.011389   0.012237  -0.128876   0.130280
     19      -0.019026   0.184305   0.024866   0.026912   0.023273   0.031074
     20       0.203108   0.184195  -0.011414  -0.012772   0.011865  -0.022558
     21       0.113817  -0.061946  -0.058007  -0.014555  -0.141157   0.063602
     22      -0.029700  -0.051079  -0.080778   0.054333   0.048171  -0.035905
     23      -0.046184  -0.071902  -0.094110   0.136463   0.134248   0.049789
     24      -0.042575  -0.060403  -0.019616   0.022566  -0.001793  -0.064816
     25       0.084422  -0.081867  -0.026872  -0.032792  -0.103979   0.016396
     26      -0.099575   0.012661   0.032086  -0.009600  -0.096691  -0.116336
     27      -0.186953   0.037703   0.311360   0.037021   0.178213  -0.186943
     28       0.062856  -0.047018   0.261537  -0.017508   0.040975   0.050633
     29       0.105635  -0.065824   0.273393   0.066658   0.038634   0.071565
     30      -0.106763  -0.061772   0.086981   0.036633  -0.029268  -0.148674
     31       0.028877  -0.006233   0.445439   0.000117   0.165449   0.040511
     32       0.037595   0.042373  -0.179028  -0.044645  -0.014072   0.076724
     33      -0.194478   0.168241  -0.265029  -0.349399   0.210814  -0.109576
     34      -0.231475   0.191762  -0.206298  -0.233280   0.075626   0.060725
     35       0.148879  -0.013803   0.043008  -0.171732   0.052919   0.061942
     36       0.112396  -0.069786   0.148163   0.138392   0.083907  -0.156008
     37      -0.300948   0.244633  -0.302158  -0.331892   0.099727   0.070187
     38       0.138226   0.027953  -0.131722  -0.001659   0.021479   0.093388
     39      -0.109342   0.151302   0.008466   0.196159  -0.085854   0.028764
     40       0.074412  -0.060391  -0.003158   0.038478  -0.017080  -0.107605
     41      -0.215938   0.057386  -0.025147  -0.083156  -0.347962  -0.216871
     42       0.089991   0.068618  -0.025602   0.012202   0.130327  -0.045427
     43       0.259568  -0.172799   0.012654   0.003480   0.289955  -0.026019
     44      -0.168483   0.001886   0.011360   0.003026  -0.191570  -0.098340
     45      -0.090281   0.161824   0.071094   0.027104   0.059995   0.385881
     46       0.014837   0.067056  -0.001992  -0.017260  -0.064250  -0.068449
     47      -0.102209  -0.314279   0.091188  -0.358284   0.173888   0.351361
     48      -0.235327  -0.019922   0.057377   0.083056  -0.089570   0.149969
     49      -0.151968  -0.264150   0.074406  -0.318955   0.110758   0.323973
     50       0.015375  -0.092265   0.047073  -0.180583   0.087541   0.140347
     51      -0.091703  -0.225758  -0.053958   0.001451  -0.026818   0.196582
     52      -0.020875   0.259879   0.104126  -0.056819  -0.006948   0.073259
     53       0.305404   0.320425  -0.034871   0.056365  -0.050040  -0.105285
     54       0.259161   0.043048  -0.079703  -0.025190  -0.107479   0.079092
     55      -0.141529  -0.271881  -0.229886   0.228423   0.318052   0.078714
     56      -0.066052  -0.089101  -0.093456   0.139494   0.133556   0.049448
     57       0.087181  -0.232049  -0.094869  -0.035853  -0.230330  -0.023411
     58       0.013849   0.032656  -0.025039  -0.011375  -0.049990  -0.075215
     59      -0.148920  -0.256940  -0.226345   0.298878   0.392750   0.163752
     60       0.022288  -0.100835  -0.143723   0.039471  -0.059000  -0.048417
     61       0.053788  -0.060111   0.008536  -0.053095  -0.096835  -0.039816
     62      -0.139460   0.043616   0.056613  -0.046497  -0.105800  -0.247489
                 12         13         14         15         16         17    
      0       0.005710  -0.106395  -0.105093  -0.089005  -0.025289   0.052926
      1       0.039679   0.018786   0.012751   0.048185  -0.054623  -0.000114
      2       0.054560  -0.049445  -0.089380  -0.262724   0.101770   0.053935
      3      -0.064822  -0.034434   0.015034   0.172067  -0.047795   0.054638
      4       0.041154  -0.043435  -0.024002  -0.038697   0.009498  -0.001583
      5       0.007935  -0.055872  -0.039159  -0.064308   0.041115  -0.002917
      6       0.003703   0.119007   0.102263  -0.003503   0.053202   0.016312
      7      -0.111661   0.026979  -0.006771  -0.035676   0.003546   0.028398
      8      -0.087710  -0.168869  -0.101553   0.201087  -0.152970  -0.024440
      9      -0.098028   0.165990   0.050420  -0.077455  -0.035401   0.004785
     10       0.095712  -0.039755   0.095406   0.103302   0.165779  -0.109510
     11      -0.117890   0.012733   0.042155   0.154286   0.130476  -0.123804
     12       0.039207  -0.001407   0.027370  -0.093001  -0.056786  -0.115429
     13      -0.002337   0.007278  -0.057086   0.000380   0.021163  -0.001242
     14       0.036995  -0.049572   0.185327   0.013679   0.051655   0.034439
     15       0.067218  -0.020886   0.113014   0.064271   0.004672  -0.152621
     16      -0.056512   0.042365  -0.099316   0.065770   0.046183   0.216695
     17      -0.103216   0.051925   0.045050  -0.039519  -0.014139  -0.090926
     18       0.069340  -0.010762  -0.036899   0.161087   0.073731   0.232207
     19       0.013142  -0.001416   0.022301   0.007963  -0.001118  -0.002722
     20      -0.017879   0.014976  -0.017271  -0.026950  -0.017478  -0.054720
     21       0.047127   0.023403  -0.148221   0.076680  -0.008075  -0.080890
     22       0.021474   0.064161  -0.117569  -0.049377  -0.056031  -0.187165
     23       0.059776   0.055720   0.060170   0.047642   0.047196   0.156586
     24      -0.053866  -0.156232   0.001763  -0.193034   0.008759   0.005271
     25      -0.050319  -0.057945   0.182846  -0.104492  -0.143189   0.071934
     26       0.183580   0.133354  -0.007706  -0.061377  -0.162043   0.063440
     27       0.123530  -0.018510  -0.359555  -0.045736   0.232163  -0.042318
     28       0.031299   0.003816  -0.009280   0.001340   0.035851  -0.028222
     29       0.087187  -0.041509  -0.240759  -0.341607   0.394761  -0.045166
     30       0.038798  -0.090500  -0.010683  -0.230416  -0.154742   0.082143
     31       0.092963   0.038602  -0.248051   0.048334   0.338336  -0.121114
     32      -0.021171  -0.083358   0.029094  -0.130868  -0.090282   0.129353
     33       0.030558  -0.226480  -0.052265   0.137660   0.043937   0.000058
     34       0.076439  -0.133416  -0.060130  -0.068672   0.062859  -0.023762
     35       0.088628   0.017236   0.035237   0.033115  -0.048788  -0.017611
     36      -0.118411   0.117480   0.079002   0.196737  -0.106604   0.092406
     37       0.098044  -0.211160  -0.087544  -0.070248   0.094193  -0.047354
     38      -0.028040   0.028117   0.032865  -0.141740   0.192065  -0.034394
     39      -0.316291   0.341507   0.013517  -0.248129   0.034302   0.083585
     40       0.008815   0.032537   0.056326   0.065341   0.219004  -0.089881
     41      -0.386687   0.251111  -0.143409   0.084829   0.345769  -0.104638
     42      -0.134098   0.117068  -0.040761   0.028943  -0.117380   0.075049
     43       0.434586  -0.342523   0.255123   0.255006  -0.083395  -0.148512
     44      -0.071293   0.026554   0.115483   0.098402   0.174539  -0.175917
     45       0.005061   0.029461   0.117566   0.066618  -0.082844  -0.320524
     46       0.026375  -0.012564  -0.062293   0.067982   0.098229   0.225173
     47      -0.276428   0.170433  -0.031862  -0.037342  -0.124025  -0.089744
     48       0.127774  -0.089487   0.252932   0.085801   0.088036  -0.261334
     49      -0.235138   0.171393  -0.162798   0.066639  -0.090105   0.210673
     50      -0.125991   0.075035   0.014955  -0.043212  -0.040023  -0.080107
     51       0.043246   0.077164  -0.073590   0.103663   0.008552  -0.069588
     52      -0.027934  -0.036910   0.089739   0.022169   0.027130   0.073144
     53       0.033829  -0.030496  -0.036774   0.015960   0.020103   0.156230
     54       0.039809   0.101796  -0.327476   0.107864  -0.042513  -0.270678
     55       0.108118   0.269038  -0.302402   0.011101  -0.045736  -0.314304
     56       0.061115   0.048331   0.081836   0.045045   0.054632   0.188263
     57       0.046168  -0.010880  -0.158875   0.073303   0.003236  -0.163962
     58      -0.008145  -0.008675  -0.050863  -0.063855  -0.058955  -0.167158
     59       0.134316   0.243464  -0.104195   0.085818   0.051370   0.096951
     60      -0.117189  -0.230031  -0.008987  -0.414945   0.113035   0.055450
     61       0.025164   0.037885   0.100736   0.028618  -0.220907   0.006849
     62       0.330986   0.325423  -0.226291   0.165928  -0.274245  -0.081941
                 18         19         20         21         22         23    
      0      -0.042259  -0.019609  -0.072157  -0.012465   0.004507   0.045142
      1      -0.062517   0.050868   0.009851   0.005096  -0.002982  -0.025242
      2      -0.078634  -0.155236   0.061159   0.020682  -0.026193  -0.061109
      3      -0.069994  -0.184181   0.145707   0.057289  -0.002236  -0.004204
      4      -0.068064   0.079564  -0.030668  -0.071444   0.022497   0.033609
      5      -0.033808   0.110228  -0.020688   0.001491  -0.001466   0.059232
      6       0.016072   0.029808  -0.010974  -0.017561   0.005455   0.027606
      7       0.001525  -0.024037   0.054319   0.016095  -0.003795  -0.000702
      8       0.062356   0.041120  -0.054385   0.006919   0.018356   0.008794
      9       0.080845   0.058299  -0.035540  -0.057342   0.004132  -0.078630
     10      -0.021329  -0.029535  -0.131646   0.028048  -0.023086   0.032276
     11      -0.023357  -0.048665  -0.054454  -0.087991  -0.039649  -0.083813
     12       0.004365   0.034757   0.022444  -0.010900  -0.017324  -0.079731
     13       0.016297   0.054708   0.042264   0.070166  -0.008881   0.032144
     14       0.035297   0.066600   0.120215  -0.045018   0.041276  -0.017926
     15      -0.010484  -0.028320   0.000547   0.059734   0.011197   0.065902
     16       0.014223   0.036575   0.023007  -0.030073   0.074310  -0.034373
     17       0.001339   0.033499   0.034104   0.064188   0.094667  -0.039367
     18       0.003116   0.007703  -0.037740  -0.008007  -0.024335  -0.052008
     19       0.001019  -0.007775  -0.007952   0.000945  -0.011830   0.007168
     20      -0.004041  -0.010879  -0.002823   0.000954   0.008504   0.009178
     21       0.000182  -0.020565   0.046204  -0.031822   0.026153   0.028922
     22       0.011953   0.005424   0.109291  -0.068679  -0.018302   0.014450
     23       0.020548   0.045663   0.042679   0.007966  -0.065183   0.088232
     24      -0.023522   0.139240  -0.039726   0.022013  -0.039909  -0.037394
     25       0.037433  -0.120130  -0.055281   0.029318   0.001519   0.010281
     26       0.031581  -0.092931  -0.056054  -0.022167   0.041421   0.054363
     27       0.166754  -0.006489  -0.046077  -0.118502   0.059349   0.181648
     28       0.110679  -0.001334   0.024425   0.067843  -0.030422  -0.060792
     29       0.365524  -0.253380   0.108728   0.119238  -0.070706  -0.091420
     30       0.092026   0.008470  -0.260348   0.011853  -0.003172   0.045565
     31       0.263102  -0.038318   0.143559   0.008359  -0.004227   0.007492
     32      -0.483767  -0.116495   0.140119  -0.005168  -0.017694  -0.089098
     33       0.346224  -0.346117   0.125081   0.280959  -0.073291  -0.100055
     34       0.119045  -0.010086  -0.028547   0.034126  -0.013741  -0.015438
     35      -0.179724   0.323495  -0.098868  -0.106055   0.056087   0.162547
     36      -0.337473  -0.050637   0.152225  -0.108201   0.053045   0.076645
     37       0.269780  -0.085218  -0.027842   0.130253  -0.047270  -0.065481
     38       0.169134   0.085070   0.021993   0.059171  -0.047821   0.021967
     39       0.061342   0.070480  -0.017183   0.028180   0.023269   0.007967
     40      -0.044698  -0.029181  -0.160471   0.119552  -0.014716   0.120837
     41      -0.131560  -0.024822  -0.249965   0.330541  -0.003625   0.330117
     42       0.116910   0.118426  -0.125016   0.044139   0.054570   0.097423
     43       0.093791  -0.030519   0.029575  -0.378983  -0.056462  -0.351455
     44      -0.038718  -0.087226   0.009523  -0.187302  -0.077109  -0.226750
     45      -0.033413  -0.237998  -0.171254  -0.004777  -0.203930   0.201006
     46       0.010675   0.131286   0.089736   0.065632   0.286577  -0.102799
     47       0.011207  -0.164729  -0.111289  -0.143643  -0.367558   0.097682
     48      -0.009143   0.092143   0.154736   0.190449   0.217763   0.102103
     49       0.022201  -0.178831  -0.145417  -0.235783  -0.441571   0.116894
     50       0.001052  -0.005811  -0.005066   0.026745   0.018634  -0.030988
     51       0.016484   0.016532   0.142056   0.003647   0.107586   0.175744
     52      -0.016959  -0.000819  -0.113445   0.096341   0.092268  -0.149001
     53      -0.000914  -0.019370  -0.073687  -0.078752  -0.177407  -0.071399
     54      -0.065061  -0.157391  -0.126152  -0.040501   0.083848  -0.019312
     55      -0.110870  -0.170137  -0.356957   0.090273   0.242770  -0.361666
     56       0.026955   0.061128   0.053079   0.013192  -0.068052   0.083809
     57       0.041590   0.035787   0.252025  -0.089054   0.039030   0.123584
     58       0.054216   0.065343   0.281774  -0.127381  -0.111122   0.154177
     59      -0.090964  -0.115986  -0.412943   0.159752   0.174426  -0.274768
     60       0.077212  -0.156247  -0.106872  -0.167633   0.133166   0.181128
     61      -0.025473   0.152083   0.016794   0.250772  -0.217566  -0.153996
     62      -0.083884   0.487304   0.118988   0.458169  -0.445411  -0.281808
                 24         25         26         27         28         29    
      0       0.034087   0.019100   0.006177  -0.175836  -0.118719  -0.082119
      1      -0.003758   0.010467   0.005852  -0.027545   0.138019   0.116190
      2       0.131886  -0.035150   0.027425  -0.004077  -0.012203  -0.019429
      3      -0.064192   0.005342  -0.017769   0.058969   0.023251   0.025506
      4       0.022271  -0.033419  -0.001547   0.088907  -0.078249  -0.075576
      5      -0.147520   0.062103  -0.023159  -0.067395  -0.033093  -0.000094
      6      -0.043474   0.010427   0.003708  -0.006116  -0.036706  -0.049217
      7      -0.090936   0.036958  -0.009136  -0.011367  -0.016951  -0.015025
      8       0.062947  -0.042726  -0.000450   0.025698   0.019227   0.003355
      9       0.147250  -0.033864   0.037311  -0.008398   0.013654   0.023940
     10       0.088493  -0.024239  -0.014333  -0.040714   0.090687   0.078233
     11      -0.001221   0.057995  -0.007653   0.013269  -0.050340  -0.039726
     12      -0.012654  -0.015189  -0.082610   0.023538   0.035059   0.029823
     13       0.014504  -0.056064   0.001162   0.088940  -0.089640  -0.088701
     14      -0.028301  -0.030646   0.063101  -0.062589   0.034442   0.042442
     15       0.012596   0.003052   0.062064   0.021349   0.055221  -0.153589
     16       0.026940   0.082327   0.108024  -0.010520   0.113742  -0.095321
     17       0.008658  -0.056723  -0.100311  -0.021304  -0.100041   0.043226
     18      -0.037354  -0.084988  -0.158404  -0.034621   0.011091  -0.042567
     19       0.011906   0.013600  -0.008081   0.007319  -0.137851   0.210557
     20       0.013296   0.047393   0.032462   0.017372   0.092524  -0.124197
     21       0.005705   0.037730   0.099993  -0.013311  -0.097797   0.173429
     22      -0.014991  -0.067457  -0.107171  -0.092703   0.097700  -0.080855
     23       0.075026   0.013755   0.015739   0.017805  -0.047226   0.053021
     24      -0.047147   0.034245   0.018181   0.111371   0.123919   0.093453
     25      -0.002739   0.019428  -0.002326  -0.003068  -0.077755  -0.073489
     26      -0.056073   0.006175  -0.025129   0.052153   0.075180   0.063661
     27      -0.031851  -0.076970  -0.043138   0.172039  -0.329362  -0.245129
     28      -0.071581   0.051172   0.005929   0.000801   0.136895   0.099544
     29      -0.033099   0.014930   0.012188   0.197791  -0.094386  -0.112994
     30      -0.014814   0.124415   0.008012  -0.388145  -0.167100  -0.140885
     31      -0.088319  -0.065723  -0.027882   0.364856   0.004559  -0.007890
     32       0.252251  -0.077737   0.054630  -0.113364   0.148766   0.143283
     33      -0.121377   0.106402  -0.004109  -0.238611   0.253483   0.236563
     34      -0.005033   0.016337   0.005249  -0.047995   0.014738   0.010938
     35      -0.240400   0.050533  -0.060182   0.014276   0.050002   0.081247
     36      -0.073329  -0.048831  -0.030823   0.269651  -0.169840  -0.155750
     37      -0.000142   0.045633   0.012713  -0.152585   0.133876   0.120365
     38      -0.380811   0.194304  -0.029639  -0.098677  -0.120326  -0.086104
     39       0.069479  -0.029044   0.059278  -0.163638   0.154707   0.197672
     40       0.071970  -0.048208  -0.031168  -0.071195   0.151427   0.124536
     41       0.049605  -0.120899  -0.106925  -0.020612   0.167791   0.096162
     42       0.329711  -0.190582   0.082093   0.083351   0.032544  -0.026873
     43       0.107520   0.102012   0.048890   0.108907  -0.207939  -0.170145
     44      -0.117516   0.169618  -0.033346  -0.036302  -0.084637  -0.023647
     45       0.026499   0.120138   0.060666   0.128062  -0.097952  -0.054858
     46       0.087762   0.129044   0.028405  -0.017265   0.040657  -0.075082
     47      -0.124577  -0.163661   0.063886  -0.010525   0.035544   0.032368
     48      -0.042053  -0.206241   0.419721  -0.097663   0.098847  -0.366272
     49      -0.106037   0.013239   0.293965   0.034843   0.176290  -0.006224
     50       0.011710  -0.021102  -0.158003   0.004698  -0.104497   0.084726
     51       0.431923   0.592702  -0.443855   0.087361   0.075994  -0.038410
     52      -0.124375  -0.163030   0.052735   0.029782  -0.332163   0.276409
     53      -0.275565  -0.394398   0.189780  -0.106723   0.178625  -0.178138
     54      -0.013493   0.229117   0.113776  -0.042113   0.040198   0.055178
     55      -0.278493  -0.102871   0.116034  -0.009592  -0.002432  -0.064843
     56       0.070019  -0.015788   0.016292   0.024822  -0.059774   0.058011
     57      -0.081808  -0.181392   0.489657  -0.119324  -0.240642   0.328177
     58       0.081158  -0.061446  -0.181889  -0.141189   0.099718  -0.051953
     59      -0.150503   0.035585   0.145722   0.147480  -0.037385  -0.031824
     60      -0.077794  -0.092798  -0.074739   0.455964   0.120060   0.082198
     61       0.051253   0.091471   0.062133  -0.053883  -0.194693  -0.181821
     62       0.075129   0.127333   0.107041   0.104182  -0.231335  -0.221743
                 30         31         32         33         34         35    
      0      -0.039677  -0.002532   0.052924   0.001907  -0.051140  -0.013190
      1       0.083134  -0.012024   0.077096  -0.085950  -0.037055  -0.019812
      2       0.101776  -0.001641  -0.005321   0.010670   0.019224   0.015896
      3      -0.187882   0.006792  -0.066879  -0.000734   0.032296  -0.016593
      4       0.028624   0.008018  -0.088196   0.050521   0.054329  -0.023159
      5      -0.284677   0.003532  -0.014040  -0.033974  -0.023979  -0.016703
      6       0.358156  -0.007568   0.048124   0.045794   0.014334   0.028899
      7       0.079373  -0.001786   0.044914  -0.023509  -0.008760   0.006552
      8       0.111711   0.001204   0.016228   0.062938   0.028694   0.018984
      9      -0.268638   0.006386  -0.010992  -0.069145  -0.032959  -0.004332
     10      -0.131098  -0.004705  -0.049240   0.037040   0.047882   0.003544
     11       0.052932  -0.003297   0.024787  -0.088893   0.015175  -0.010445
     12      -0.083181   0.023053   0.157556   0.178905   0.118363  -0.081336
     13      -0.067337   0.009368   0.163528  -0.021328  -0.133473   0.019813
     14       0.034066   0.002304  -0.118234   0.156072  -0.141784   0.011143
     15      -0.029487  -0.025169   0.034173  -0.012642   0.000920  -0.001214
     16      -0.032967  -0.026164   0.012741   0.015167   0.095248  -0.010082
     17       0.015583   0.000560  -0.007927  -0.085145   0.046717   0.020833
     18       0.025967  -0.011736  -0.055365  -0.029727  -0.055881   0.017465
     19       0.028549   0.052329  -0.013932   0.032951  -0.041419  -0.013429
     20      -0.029262  -0.027188   0.016866   0.056983  -0.059584  -0.024521
     21       0.028890   0.029728  -0.001884   0.017008   0.025633  -0.020572
     22       0.033410  -0.019420  -0.070487  -0.031947   0.019785   0.009578
     23      -0.024622   0.019959   0.064328  -0.065419   0.093064   0.004096
     24       0.081076  -0.006160  -0.073000  -0.065293  -0.008644   0.010238
     25      -0.036705   0.007004  -0.057353   0.026530   0.019327   0.022423
     26       0.007838  -0.002521   0.006116  -0.052031   0.008394  -0.012250
     27      -0.305635   0.018953   0.074938   0.138577  -0.106119   0.205271
     28       0.093909  -0.004751  -0.088129  -0.068714   0.069836  -0.102374
     29       0.038259   0.022399  -0.349932   0.098944   0.227227  -0.066502
     30       0.141812  -0.003322  -0.145728  -0.039914   0.329275  -0.107136
     31      -0.149843   0.013895  -0.023170   0.078787  -0.103045   0.059052
     32       0.116994  -0.022835   0.272012  -0.089538  -0.304490   0.047516
     33      -0.028279  -0.023328   0.233413  -0.087912  -0.084537   0.138973
     34       0.070460  -0.003568   0.033743  -0.009496  -0.015505  -0.000292
     35      -0.307449  -0.005712   0.073128   0.098644   0.139612   0.388214
     36      -0.144795   0.026134  -0.262038   0.069197   0.119107  -0.120312
     37       0.051351  -0.014401   0.127211  -0.054780  -0.061198   0.039931
     38       0.058817   0.004441  -0.076099  -0.228384  -0.157405  -0.410416
     39      -0.328332  -0.027839  -0.098120   0.247767   0.002143   0.408871
     40      -0.088525  -0.009123  -0.058102   0.123600   0.074701   0.037605
     41       0.196417   0.000844  -0.031335   0.103802   0.103912  -0.252968
     42       0.117371  -0.008534  -0.296039  -0.303621  -0.260782  -0.307094
     43      -0.074429   0.003059   0.088930  -0.319694  -0.064946  -0.079207
     44      -0.179437   0.004950   0.225194   0.040391   0.160575   0.176372
     45       0.052123  -0.484662  -0.112701  -0.248977  -0.070222   0.214259
     46      -0.030047  -0.119062   0.008552  -0.074806   0.222668   0.024817
     47       0.006510   0.177381  -0.006557   0.105720  -0.212075  -0.047766
     48      -0.001793   0.453585   0.058556  -0.308910   0.010716   0.024379
     49      -0.050415   0.109322   0.037219   0.251208  -0.144083  -0.062414
     50       0.012963  -0.085904  -0.015307  -0.016648   0.021470   0.014297
     51       0.063781   0.022409  -0.120773   0.204473  -0.401755  -0.041985
     52      -0.010367  -0.140839   0.039192  -0.048111   0.030347   0.005111
     53      -0.024637   0.083923   0.019728  -0.091873   0.173114   0.019587
     54       0.266172   0.446968  -0.354103  -0.248981   0.005031   0.303645
     55       0.017366  -0.106218  -0.153477   0.161801  -0.274787   0.000740
     56      -0.059276  -0.029638   0.111447  -0.031372   0.094446  -0.034583
     57      -0.008906  -0.491547  -0.095838  -0.010716   0.039026  -0.060692
     58       0.063572   0.013887  -0.088199  -0.133277   0.111441   0.038358
     59      -0.082287   0.018183   0.099672   0.185810  -0.152607  -0.049133
     60      -0.084858  -0.015890   0.173474  -0.191299  -0.022290   0.133434
     61      -0.011975  -0.002978  -0.187562   0.074952   0.043955   0.049428
     62      -0.001785  -0.029498  -0.226744   0.027998   0.061818   0.129283
                 36         37         38         39         40         41    
      0       0.028426   0.008567   0.014250  -0.005494  -0.092682  -0.066705
      1       0.002328  -0.011550   0.018708  -0.014109   0.057035   0.060375
      2      -0.029815   0.007746  -0.008498   0.000603   0.047572   0.061900
      3      -0.020380   0.008263   0.015864  -0.007886   0.016424   0.022390
      4      -0.005221  -0.006134   0.048216  -0.017617  -0.009466  -0.013260
      5       0.017687  -0.004205  -0.003712   0.000972   0.062550  -0.056322
      6       0.007687  -0.020927   0.001340   0.002765   0.013273  -0.028696
      7      -0.032184   0.032315  -0.045280   0.012084   0.008548  -0.021653
      8       0.018303  -0.022264   0.032569  -0.011203   0.009294  -0.000214
      9      -0.008172   0.013253   0.004842  -0.013212   0.063993  -0.057012
     10       0.017436  -0.026487   0.005614   0.009519  -0.012540   0.015327
     11      -0.026099  -0.012560  -0.031525   0.015714  -0.057908   0.037941
     12       0.040407   0.061187  -0.024918   0.007527  -0.022843   0.037450
     13      -0.034852   0.074633   0.103385  -0.075836   0.009580   0.024125
     14       0.030416   0.103873   0.007327   0.007963   0.039913   0.008321
     15       0.003363   0.000260  -0.037637  -0.122760  -0.021619   0.002111
     16       0.033821   0.012851  -0.022540   0.016384  -0.011123   0.003481
     17       0.009665  -0.010264   0.001344   0.006896  -0.006377  -0.005275
     18      -0.021633  -0.029810   0.004528   0.002268   0.009372  -0.006065
     19      -0.026700  -0.032847  -0.014542  -0.015844   0.003189  -0.002805
     20      -0.042271  -0.042625   0.000493   0.013435   0.002292  -0.000153
     21       0.000265   0.019729   0.030615   0.122708  -0.010992  -0.001954
     22       0.007354  -0.009968  -0.004641   0.030347  -0.001477  -0.007395
     23       0.021083   0.007246  -0.001747  -0.030707  -0.010975   0.002281
     24      -0.003416  -0.027141  -0.000972   0.006836   0.004050  -0.016499
     25       0.037005  -0.032640  -0.055003   0.033430  -0.015133  -0.011905
     26       0.004382  -0.020888   0.009935  -0.002700  -0.021700  -0.026776
     27       0.223430  -0.129392  -0.400525   0.198774   0.303840   0.352980
     28      -0.110526   0.057783   0.194941  -0.097554  -0.157025  -0.176021
     29      -0.193548   0.099350   0.187477  -0.089316  -0.254156  -0.269988
     30      -0.378560   0.112285   0.180614  -0.126486   0.380604   0.362413
     31       0.179459  -0.062470  -0.091289   0.071873  -0.164187  -0.174985
     32       0.225789  -0.054718  -0.084886   0.050988  -0.247052  -0.170985
     33      -0.090766   0.067373  -0.139765   0.045955  -0.001369   0.070330
     34       0.011586  -0.006227   0.004467  -0.001915   0.020775  -0.014573
     35      -0.489180   0.312730  -0.291474   0.089161  -0.395171   0.123916
     36       0.016087  -0.026756   0.126125  -0.047772  -0.008789   0.101514
     37      -0.002055   0.012815  -0.049914   0.019409  -0.015498  -0.025262
     38       0.340513  -0.142869   0.170644  -0.049262  -0.258246   0.468612
     39       0.057558  -0.261842   0.349094  -0.078872  -0.352668   0.353514
     40       0.034616  -0.043997   0.034411   0.004096  -0.038429   0.037133
     41       0.037271   0.159510  -0.203880   0.050506   0.231839  -0.243266
     42      -0.102159   0.285270  -0.299969   0.121047  -0.293194   0.255373
     43      -0.083623   0.065838  -0.084214  -0.008701  -0.001428  -0.055273
     44       0.029421  -0.179448   0.155344  -0.072286   0.175088  -0.173515
     45       0.176948   0.397085   0.349788   0.411118   0.122611  -0.001268
     46       0.105976   0.076862   0.000277   0.061604  -0.007848  -0.003572
     47      -0.121994  -0.108260  -0.029604  -0.061011  -0.006448   0.008263
     48      -0.192669  -0.307312   0.143226   0.440749   0.037667  -0.041558
     49      -0.042192   0.006245   0.022928   0.044800   0.033532  -0.003800
     50       0.040813   0.050572  -0.029984  -0.102021  -0.015592   0.004670
     51      -0.199994  -0.212381  -0.004878   0.003123   0.045240  -0.017882
     52       0.007884   0.013614   0.009661   0.004747  -0.014164   0.011145
     53       0.084896   0.079652  -0.006871  -0.003250  -0.013003  -0.000935
     54       0.308486   0.328651  -0.094664  -0.516031   0.070302   0.018941
     55      -0.073406  -0.060030  -0.020063  -0.018550   0.030808  -0.004127
     56      -0.013286  -0.022584   0.015074   0.039659  -0.020449   0.000097
     57      -0.129491  -0.340520  -0.241861  -0.404814   0.021316  -0.042938
     58       0.036036  -0.008070  -0.006351   0.024783  -0.014860  -0.006872
     59      -0.030615   0.055325   0.048906   0.062258   0.014624   0.013889
     60       0.014006  -0.114661  -0.073799   0.010614   0.084174   0.116841
     61       0.055232  -0.052609  -0.102139   0.070666  -0.022809  -0.020563
     62       0.052597  -0.107613  -0.153952   0.096064   0.019745   0.034814
                 42         43         44         45         46         47    
      0       0.018645  -0.010469  -0.003204  -0.000486  -0.035782  -0.005963
      1      -0.007657  -0.002651   0.001120   0.001195   0.025404   0.006761
      2      -0.004681  -0.018101   0.000229  -0.004304  -0.060935  -0.015405
      3       0.001953  -0.005610   0.001438   0.008431   0.039972  -0.034655
      4       0.002676  -0.004024   0.000332  -0.001325  -0.009468   0.007812
      5      -0.048347   0.122471  -0.001308  -0.004815   0.007155   0.010373
      6      -0.015088   0.023851  -0.000198   0.002904   0.008134  -0.007754
      7       0.001188   0.004073  -0.001674   0.000518  -0.000676  -0.005307
      8       0.011450  -0.029451   0.000433   0.002766  -0.001406  -0.004240
      9       0.014655  -0.090930   0.000922   0.011739  -0.014335  -0.023867
     10       0.009180   0.002433   0.001648   0.018296  -0.005515  -0.041100
     11      -0.017871   0.077528  -0.002559   0.008042   0.005178  -0.029192
     12       0.112960   0.079693   0.004389  -0.000289   0.006819  -0.001637
     13      -0.001278   0.010495  -0.006834  -0.003201   0.007040  -0.007741
     14      -0.005138  -0.014865   0.002505   0.005636  -0.002471  -0.001029
     15      -0.142803  -0.037713  -0.007493  -0.011957   0.001229  -0.006539
     16       0.000344   0.008461  -0.024326   0.045362  -0.011200  -0.014513
     17       0.000642  -0.002624  -0.038938  -0.037262   0.007956   0.004659
     18       0.035125   0.002424   0.010892   0.001123   0.000070   0.004066
     19       0.017604   0.001338  -0.075816  -0.008483   0.001657  -0.001642
     20       0.017329   0.003100   0.047478   0.003765  -0.000234   0.003274
     21      -0.136041  -0.039758   0.002932  -0.002592  -0.003214  -0.008385
     22      -0.028750  -0.013451   0.020513   0.054654  -0.001058   0.040890
     23       0.018711   0.010991   0.041399  -0.022502  -0.001642  -0.022910
     24      -0.021330  -0.012524   0.004277  -0.001306  -0.000016  -0.001437
     25      -0.001472  -0.004671   0.000916  -0.000439  -0.000211   0.001534
     26      -0.004508   0.005809   0.001679  -0.001773  -0.001732  -0.001548
     27      -0.040519  -0.089146   0.013483   0.023163   0.395762   0.075784
     28       0.022832   0.012315   0.000577   0.013872   0.156778   0.040810
     29       0.039187  -0.032421   0.007531   0.033711   0.426812   0.099612
     30      -0.049572   0.014481  -0.003696  -0.000856   0.009630  -0.008854
     31       0.014484   0.048066  -0.001164  -0.032766  -0.487031  -0.108039
     32       0.047655  -0.095757   0.002637   0.026216   0.337824   0.084858
     33      -0.013288   0.038773  -0.008231  -0.079797  -0.313471   0.285583
     34      -0.022204   0.059110  -0.003998  -0.035844  -0.142904   0.134797
     35       0.202415  -0.456726   0.006976   0.014262  -0.041027  -0.042013
     36       0.019152  -0.036848  -0.005273  -0.052255  -0.225519   0.196497
     37       0.017230  -0.052101   0.007678   0.067402   0.276266  -0.251174
     38       0.230396  -0.561839   0.000485   0.011880  -0.043859  -0.025740
     39      -0.154684   0.242151  -0.010893  -0.131010   0.056998   0.327120
     40      -0.006726  -0.011125   0.004109  -0.038599   0.004947   0.115605
     41       0.088161  -0.285465   0.021811  -0.141274  -0.004837   0.382905
     42      -0.061619   0.389748  -0.005235  -0.019710   0.031745   0.006731
     43      -0.047054  -0.081496  -0.005268  -0.197771   0.034672   0.496798
     44       0.025905  -0.246627   0.001477   0.005738  -0.021047   0.005057
     45       0.376724   0.080098  -0.123527   0.056244  -0.007374  -0.012168
     46       0.039078   0.011800  -0.023512  -0.184324   0.037245   0.020841
     47      -0.053856  -0.002510  -0.042302   0.425089  -0.089126  -0.071534
     48       0.461881   0.097400   0.066165   0.001547   0.003474   0.038687
     49       0.111277   0.010201   0.208077  -0.452090   0.097691   0.093798
     50      -0.116411  -0.027593  -0.047265  -0.059904   0.012678  -0.001476
     51       0.200203   0.027215  -0.101921  -0.029883   0.004605   0.000103
     52      -0.051372   0.011423   0.773317   0.200650  -0.030451   0.062051
     53      -0.061804  -0.023172  -0.477468  -0.122389   0.019321  -0.039879
     54       0.349870   0.110268   0.125246   0.061646  -0.006465   0.037152
     55       0.038237  -0.011937   0.075350  -0.461955  -0.006842  -0.324172
     56      -0.035852  -0.004499   0.027670  -0.031125  -0.002065  -0.031054
     57       0.485781   0.114331  -0.102336   0.071577   0.005227   0.081652
     58      -0.047165  -0.015773   0.125334  -0.138284  -0.006632  -0.104544
     59      -0.045563  -0.004879  -0.177989   0.412968   0.011916   0.301762
     60       0.030414   0.021937  -0.039320  -0.001962  -0.021181   0.023982
     61      -0.007962  -0.013870  -0.003212   0.005382  -0.005088   0.002970
     62      -0.004701  -0.004859  -0.029329   0.011063  -0.023636   0.018352
                 48         49         50         51         52         53    
      0      -0.000110  -0.013781   0.043100  -0.000114   0.000335  -0.000010
      1       0.017168   0.005555   0.030184   0.000378   0.002883   0.002525
      2      -0.032117  -0.022098  -0.021456  -0.000575  -0.001934  -0.002805
      3      -0.031297  -0.057365   0.000943   0.000524  -0.001932  -0.003261
      4       0.008202   0.013674   0.001017  -0.000735   0.002536   0.003668
      5       0.004565  -0.005843   0.001178  -0.000558   0.001468   0.001597
      6      -0.004421  -0.004353   0.002519   0.000732  -0.001617  -0.001612
      7      -0.001114   0.002475   0.000468   0.000721  -0.001010  -0.000854
      8       0.000924   0.003431  -0.000503  -0.000051  -0.000139   0.000087
      9      -0.000924   0.032806   0.006216  -0.002597   0.003190   0.005370
     10      -0.006613   0.039618   0.012090   0.027244  -0.053840  -0.042781
     11      -0.012725   0.022909   0.001581   0.000327  -0.003633  -0.000127
     12       0.019936  -0.009846  -0.006787   0.000852  -0.001058   0.002532
     13      -0.007631   0.006127  -0.039550   0.001251   0.000243  -0.000187
     14       0.013987  -0.005305   0.042796  -0.001440   0.000936   0.000945
     15      -0.013285   0.010516   0.005548   0.004987   0.010183  -0.011392
     16       0.057841  -0.024752  -0.016255  -0.015453  -0.033290   0.032534
     17      -0.033604   0.014736   0.007833   0.012313   0.029250  -0.030191
     18      -0.004375   0.000658   0.000620   0.001237  -0.001183   0.002279
     19      -0.000833  -0.000033  -0.001117  -0.000036  -0.000473   0.001069
     20       0.000156  -0.000982   0.001296   0.000860  -0.000162   0.000595
     21       0.007967  -0.000008   0.012423  -0.000940   0.000172  -0.000538
     22      -0.048365   0.011023   0.017797  -0.057887  -0.001826  -0.032361
     23       0.028670  -0.005520  -0.018788   0.014119   0.003574   0.009169
     24      -0.023298   0.012285  -0.082171  -0.000047  -0.000174   0.000131
     25      -0.003298   0.000475  -0.010105  -0.000139   0.000055   0.000111
     26      -0.010818   0.003042  -0.037164   0.000045  -0.000084   0.000082
     27       0.074716   0.171425  -0.246127  -0.002305  -0.008163  -0.008805
     28       0.103447   0.063033   0.124368  -0.007384  -0.039176  -0.044039
     29       0.190836   0.187581   0.050123   0.004111   0.016587   0.019245
     30      -0.000516  -0.034404   0.068007   0.003534   0.006012   0.010605
     31      -0.195828  -0.190736  -0.040464   0.003062   0.006013   0.011641
     32       0.151652   0.166125   0.018493   0.003611   0.004564   0.010598
     33       0.228454   0.387776  -0.037665  -0.001732   0.009575   0.019571
     34       0.115743   0.194770  -0.009303   0.011478  -0.038869  -0.060327
     35      -0.038916  -0.006909  -0.018051   0.002996  -0.007287  -0.008060
     36       0.163829   0.279401  -0.024214  -0.003506   0.011562   0.019083
     37      -0.207704  -0.356883   0.034435  -0.004416   0.013201   0.019839
     38      -0.008154   0.000809   0.023568   0.000911  -0.002600  -0.002808
     39       0.036319  -0.284205  -0.084636   0.060624  -0.124980  -0.099339
     40       0.024689  -0.085017  -0.016378  -0.343244   0.677092   0.533640
     41       0.102197  -0.315809  -0.042973   0.068097  -0.132430  -0.099169
     42      -0.018092  -0.013782   0.010144  -0.044371   0.112203   0.059794
     43       0.088169  -0.418618  -0.105602   0.010999  -0.026995  -0.015265
     44       0.005995   0.010693  -0.009201  -0.063237   0.160853   0.088275
     45       0.077109  -0.038386  -0.073986  -0.002315  -0.003147   0.005217
     46      -0.149393   0.067593   0.047656   0.181071   0.361582  -0.346246
     47       0.389540  -0.172160  -0.138779   0.092413   0.183643  -0.174539
     48      -0.006842  -0.016595  -0.029773  -0.046950  -0.101407   0.101833
     49      -0.436993   0.189529   0.168208   0.009914   0.024855  -0.026472
     50      -0.059311   0.032618   0.024133  -0.242766  -0.528329   0.528368
     51       0.002398  -0.003585  -0.007438  -0.012084   0.012397  -0.021373
     52       0.002169  -0.017874   0.025999  -0.012417   0.004185  -0.012856
     53      -0.007619   0.015508  -0.012618  -0.008347   0.010013  -0.016990
     54      -0.013671  -0.015585   0.008251  -0.054918  -0.006830  -0.029531
     55       0.375764  -0.079545  -0.078460  -0.006889   0.001366  -0.000433
     56       0.035483  -0.005537  -0.020736  -0.447217  -0.065716  -0.253756
     57      -0.088278   0.010507  -0.030678   0.042499   0.004662   0.025153
     58       0.119731  -0.022526  -0.026730   0.685878   0.029937   0.374082
     59      -0.351594   0.074262   0.099442   0.290728   0.011971   0.154267
     60       0.210345  -0.104376   0.809204   0.001041   0.002888  -0.003144
     61      -0.010190   0.000236  -0.038170   0.001525   0.001155  -0.000276
     62       0.095445  -0.056910   0.376364  -0.001255   0.000929  -0.001075
                 54         55         56         57         58         59    
      0      -0.006497  -0.013896   0.035409  -0.004535   0.001715  -0.008415
      1       0.020592   0.031644   0.049197  -0.005746   0.002791  -0.013138
      2      -0.025493  -0.051067   0.018253  -0.002644   0.000490  -0.003449
      3       0.043225  -0.026137  -0.036074   0.003448  -0.002145  -0.005348
      4      -0.045948   0.020421  -0.055158   0.004080  -0.003732  -0.013798
      5      -0.009127   0.006762   0.003383  -0.000125   0.000208   0.000869
      6       0.001399  -0.000652  -0.000298  -0.000131  -0.000049  -0.000363
      7      -0.000529   0.000228   0.000046  -0.000100   0.000042   0.000075
      8       0.002015  -0.000874  -0.000239  -0.000099   0.000059   0.000351
      9       0.000146  -0.000179   0.000011  -0.008669  -0.003172  -0.045407
     10      -0.003553   0.006870   0.001951   0.004388  -0.001000   0.021050
     11       0.001195  -0.000150  -0.001182  -0.013088  -0.005158  -0.068558
     12       0.000239   0.000323  -0.000383   0.000494  -0.000423  -0.000564
     13       0.000379   0.000496  -0.000033   0.000900  -0.000929   0.000877
     14       0.000523   0.000250   0.000068   0.001224  -0.000425  -0.000498
     15      -0.000373   0.000314   0.000608   0.007284   0.001496  -0.002020
     16       0.000478  -0.001066   0.004954   0.055357   0.010908  -0.008838
     17      -0.001199  -0.000075   0.006189   0.073107   0.017619  -0.016019
     18       0.000077  -0.000175  -0.000245  -0.002051   0.001110   0.000497
     19       0.000017  -0.000156  -0.000340  -0.001979   0.002612   0.000199
     20       0.000072   0.000060  -0.000522  -0.004167   0.001844   0.000809
     21      -0.000051  -0.000049   0.000710   0.002695  -0.009587  -0.000041
     22      -0.000185   0.002957   0.003014   0.006802  -0.036956   0.000797
     23       0.000389  -0.000685   0.006551   0.019928  -0.084561   0.002232
     24      -0.000663  -0.000948  -0.000474   0.000121   0.000008   0.000349
     25      -0.000276  -0.001346  -0.001217  -0.000176  -0.000164   0.000609
     26       0.000156   0.000669   0.000508  -0.000112   0.000206   0.000197
     27      -0.074067  -0.128463  -0.055556   0.006331  -0.002757   0.016653
     28      -0.374411  -0.641061  -0.296808   0.030259  -0.021112   0.086736
     29       0.167079   0.292452   0.142898  -0.014658   0.009546  -0.041443
     30       0.145583   0.304835  -0.356458   0.044687  -0.015032   0.083029
     31       0.121711   0.262169  -0.295090   0.037601  -0.012516   0.068699
     32       0.132633   0.297649  -0.355339   0.044525  -0.014932   0.083098
     33      -0.310104   0.158553  -0.094060   0.006073  -0.007253  -0.029357
     34       0.760494  -0.388424   0.203237  -0.011723   0.015804   0.070968
     35       0.059112  -0.035152   0.023368  -0.001782   0.001944   0.007906
     36      -0.211999   0.154900   0.514991  -0.042984   0.032289   0.103851
     37      -0.204797   0.143163   0.454402  -0.038118   0.028524   0.089934
     38       0.019172  -0.016210  -0.061748   0.004560  -0.003724  -0.013084
     39      -0.000783   0.012052   0.005544   0.005941  -0.004768   0.034252
     40       0.042535  -0.081990  -0.018673  -0.041699   0.017291  -0.198204
     41      -0.007749   0.014169   0.003439   0.003876  -0.003123   0.025578
     42      -0.003539  -0.007890   0.005218   0.097677   0.042081   0.503710
     43       0.001200   0.000448  -0.000114  -0.013698  -0.006128  -0.061699
     44      -0.008207  -0.009705   0.008744   0.145460   0.064571   0.775915
     45       0.000282  -0.000128   0.001309   0.016415   0.004208  -0.002857
     46      -0.004734   0.010975  -0.060930  -0.696794  -0.148381   0.117327
     47      -0.002497   0.005610  -0.028923  -0.331167  -0.070291   0.057969
     48       0.002786  -0.001573  -0.008656  -0.107879  -0.027432   0.030608
     49      -0.000849   0.000260   0.002831   0.034882   0.009446  -0.010615
     50       0.016213  -0.005513  -0.043797  -0.536774  -0.139962   0.138334
     51      -0.000514   0.000977   0.003849   0.029622  -0.017180  -0.004211
     52      -0.000322   0.000542   0.004099   0.028914  -0.022795  -0.004559
     53      -0.000255   0.000551   0.005750   0.045132  -0.025508  -0.008546
     54      -0.000609   0.002126  -0.007680  -0.023038   0.094288  -0.002113
     55       0.000249   0.000161   0.001123   0.003488  -0.014894   0.000579
     56      -0.006683   0.020823  -0.063689  -0.196244   0.822357  -0.024707
     57       0.000063  -0.003044  -0.002744  -0.006766   0.031747  -0.001158
     58       0.000874  -0.035685  -0.037670  -0.086040   0.459831  -0.011832
     59       0.000441  -0.014734  -0.015458  -0.035127   0.185780  -0.005205
     60       0.001665   0.005746   0.005625  -0.005723  -0.000574  -0.002070
     61       0.006506   0.015995   0.017738   0.000647   0.004821  -0.004251
     62      -0.002708  -0.010429  -0.007614  -0.000990  -0.000200   0.002516
                 60         61         62    
      0       0.035116  -0.000033  -0.002694
      1       0.055774   0.000002  -0.002840
      2       0.015177   0.000023   0.001932
      3       0.031155   0.000016   0.000230
      4       0.053213   0.000044  -0.000186
      5      -0.002613   0.000059  -0.000087
      6      -0.000152   0.000017  -0.000027
      7      -0.000057   0.000015   0.000198
      8      -0.000191   0.000004   0.000006
      9      -0.011633   0.000047   0.000179
     10       0.006220   0.000034  -0.000207
     11      -0.016731   0.000100   0.000240
     12      -0.000596  -0.000542  -0.000315
     13       0.000230   0.000102  -0.000121
     14      -0.000015   0.000280   0.002604
     15      -0.000392  -0.000947  -0.000172
     16      -0.000887   0.001104   0.000149
     17      -0.002405   0.006986  -0.000502
     18       0.000119   0.043473   0.000213
     19      -0.000074   0.034204   0.000298
     20       0.000178   0.045916   0.000124
     21      -0.000135  -0.001522   0.000511
     22       0.000439   0.005480   0.000226
     23       0.000064   0.004329  -0.000063
     24      -0.000554  -0.000013  -0.012327
     25      -0.001518   0.000240  -0.066727
     26       0.000688  -0.000116   0.021905
     27      -0.070722   0.000042   0.006685
     28      -0.367374   0.000032   0.030246
     29       0.176358   0.000022  -0.011962
     30      -0.348227  -0.000087   0.011055
     31      -0.290917   0.000033   0.005350
     32      -0.350962   0.000028   0.006929
     33       0.103394   0.000066  -0.001648
     34      -0.229909  -0.000082   0.003647
     35      -0.023544  -0.000040   0.000910
     36      -0.456700  -0.000105  -0.000068
     37      -0.400524  -0.000045  -0.001694
     38       0.056633   0.000021  -0.001058
     39       0.008723   0.000230  -0.000270
     40      -0.064757  -0.000272   0.002160
     41       0.007948  -0.000410  -0.000352
     42       0.119959   0.000120  -0.000485
     43      -0.016175  -0.000257   0.000148
     44       0.185294  -0.001101   0.000194
     45      -0.000144   0.003565  -0.002931
     46       0.011825  -0.024292   0.001770
     47       0.006103  -0.012494  -0.001302
     48       0.005350  -0.012743  -0.000448
     49      -0.001987  -0.000869   0.001047
     50       0.023568  -0.046524   0.002786
     51      -0.000545  -0.551451  -0.002592
     52      -0.000700  -0.486806  -0.001325
     53      -0.001118  -0.668875  -0.003067
     54       0.000058   0.000082   0.000472
     55       0.000216   0.000286   0.000305
     56       0.000109  -0.027811  -0.002271
     57      -0.000890  -0.007101  -0.001331
     58      -0.006439  -0.043412  -0.001995
     59      -0.002634  -0.021013  -0.000118
     60       0.010514  -0.001272   0.187287
     61       0.019595  -0.003799   0.915795
     62      -0.009045   0.001380  -0.346052
# -----------------------------------------------------------
$ THERMOCHEMISTRY_Energies
   description: The Thermochemistry energies
   geom. index: 1
   prop. index: 1
        Temperature (Kelvin)           :        298.1500000000
        Pressure (atm)                 :          1.0000000000
        Total Mass (AMU)               :        128.1750000000
        Spin Degeneracy                :          1.0000000000
        Electronic Energy (Hartree)    :       -420.7254196252
        Translational Energy (Hartree) :          0.0014162714
        Rotational Energy (Hartree)    :          0.0014162714
        Vibrational Energy (Hartree)   :          0.0048227239
        Number of frequencies          :     63      
        Scaling Factor for frequencies :          1.0000000000
        Vibrational frequencies        :     
                  0    
      0       0.000000
      1       0.000000
      2       0.000000
      3       0.000000
      4       0.000000
      5       0.000000
      6      44.492016
      7      97.431793
      8     235.497510
      9     270.999146
     10     366.986271
     11     394.642712
     12     408.244574
     13     485.379959
     14     528.981415
     15     666.635286
     16     763.283121
     17     849.628077
     18     900.694478
     19     910.006756
     20     942.797043
     21     971.657813
     22     991.211919
     23     1017.451320
     24     1041.200359
     25     1068.909552
     26     1087.616505
     27     1121.759230
     28     1143.892352
     29     1154.121141
     30     1199.494262
     31     1222.320962
     32     1245.002967
     33     1252.888012
     34     1280.015621
     35     1289.332082
     36     1316.313298
     37     1343.080683
     38     1357.047038
     39     1369.626823
     40     1409.840701
     41     1419.435976
     42     1444.891320
     43     1457.185970
     44     1492.234934
     45     1519.460065
     46     1526.169379
     47     1530.800697
     48     1539.816876
     49     1545.432442
     50     1558.752433
     51     2909.504468
     52     2916.589327
     53     2921.349915
     54     2932.805710
     55     2950.784773
     56     2979.711277
     57     2981.128392
     58     2983.912480
     59     2999.740596
     60     3005.009473
     61     3209.244530
     62     3223.203464
        Zero Point Energy (Hartree)    :          0.1886223635
        Inner Energy (Hartree)         :       -420.5291419949
        Enthalpy (Hartree)             :       -420.5281977859
        Electronic entropy             :          0.0000000000
        Rotational entropy             :          0.0135827802
        Vibrational entropy            :          0.0080165940
        Translational entropy          :          0.0135827802
        Entropy                        :          0.0408221722
        Gibbs Energy (Hartree)         :       -420.5690199581
        Is Linear                      :                 false
# -----------------------------------------------------------
$ PAL_Flags
   description: The PAL Flags
   geom. index: 2
   prop. index: 1
        Diskflag:     2
# -----------------------------------------------------------
$ SCF_Energy
   description: The SCF energy
   geom. index: 2
   prop. index: 1
        SCF Energy:     -420.6980784491
# -----------------------------------------------------------
$ DFT_Energy
   description: The DFT energy
   geom. index: 2
   prop. index: 1
   Number of Alpha Electrons                 34.9999788023 
   Number of Beta  Electrons                 34.9999788023 
   Total number of  Electrons                69.9999576046 
   Exchange energy                          -38.1513149725 
   Correlation energy                        -2.9028614352 
   Correlation energy NL                      0.0000000000 
   Exchange-Correlation energy              -41.0541764076 
   Embedding correction                       0.0000000000 
   Total DFT Energy (No VdW correction)    -420.6980784491 
# -----------------------------------------------------------
$ VdW_Correction
   description: The Van der Waals Correction
   geom. index: 2
   prop. index: 1
        Van der Waals Correction:       -0.0356499950
# -----------------------------------------------------------
$ PAL_Flags
   description: The PAL Flags
   geom. index: 3
   prop. index: 1
        Diskflag:     2
# -----------------------------------------------------------
$ SCF_Energy
   description: The SCF energy
   geom. index: 3
   prop. index: 1
        SCF Energy:     -420.6987339152
# -----------------------------------------------------------
$ DFT_Energy
   description: The DFT energy
   geom. index: 3
   prop. index: 1
   Number of Alpha Electrons                 34.9999998717 
   Number of Beta  Electrons                 34.9999998717 
   Total number of  Electrons                69.9999997434 
   Exchange energy                          -38.1465965523 
   Correlation energy                        -2.9024889341 
   Correlation energy NL                      0.0000000000 
   Exchange-Correlation energy              -41.0490854865 
   Embedding correction                       0.0000000000 
   Total DFT Energy (No VdW correction)    -420.6987339152 
# -----------------------------------------------------------
$ VdW_Correction
   description: The Van der Waals Correction
   geom. index: 3
   prop. index: 1
        Van der Waals Correction:       -0.0356282060
# -----------------------------------------------------------
$ PAL_Flags
   description: The PAL Flags
   geom. index: 4
   prop. index: 1
        Diskflag:     2
# -----------------------------------------------------------
$ SCF_Energy
   description: The SCF energy
   geom. index: 4
   prop. index: 1
        SCF Energy:     -420.6990378609
# -----------------------------------------------------------
$ DFT_Energy
   description: The DFT energy
   geom. index: 4
   prop. index: 1
   Number of Alpha Electrons                 35.0000036552 
   Number of Beta  Electrons                 35.0000036552 
   Total number of  Electrons                70.0000073105 
   Exchange energy                          -38.1457973612 
   Correlation energy                        -2.9024796665 
   Correlation energy NL                      0.0000000000 
   Exchange-Correlation energy              -41.0482770277 
   Embedding correction                       0.0000000000 
   Total DFT Energy (No VdW correction)    -420.6990378609 
# -----------------------------------------------------------
$ VdW_Correction
   description: The Van der Waals Correction
   geom. index: 4
   prop. index: 1
        Van der Waals Correction:       -0.0356411928
# -----------------------------------------------------------
$ PAL_Flags
   description: The PAL Flags
   geom. index: 5
   prop. index: 1
        Diskflag:     2
# -----------------------------------------------------------
$ SCF_Energy
   description: The SCF energy
   geom. index: 5
   prop. index: 1
        SCF Energy:     -420.6991972249
# -----------------------------------------------------------
$ DFT_Energy
   description: The DFT energy
   geom. index: 5
   prop. index: 1
   Number of Alpha Electrons                 34.9999892702 
   Number of Beta  Electrons                 34.9999892702 
   Total number of  Electrons                69.9999785404 
   Exchange energy                          -38.1470358140 
   Correlation energy                        -2.9026167850 
   Correlation energy NL                      0.0000000000 
   Exchange-Correlation energy              -41.0496525989 
   Embedding correction                       0.0000000000 
   Total DFT Energy (No VdW correction)    -420.6991972249 
# -----------------------------------------------------------
$ VdW_Correction
   description: The Van der Waals Correction
   geom. index: 5
   prop. index: 1
        Van der Waals Correction:       -0.0356482906
# -----------------------------------------------------------
$ PAL_Flags
   description: The PAL Flags
   geom. index: 6
   prop. index: 1
        Diskflag:     2
# -----------------------------------------------------------
$ SCF_Energy
   description: The SCF energy
   geom. index: 6
   prop. index: 1
        SCF Energy:     -420.6993508169
# -----------------------------------------------------------
$ DFT_Energy
   description: The DFT energy
   geom. index: 6
   prop. index: 1
   Number of Alpha Electrons                 34.9999901754 
   Number of Beta  Electrons                 34.9999901754 
   Total number of  Electrons                69.9999803509 
   Exchange energy                          -38.1469406739 
   Correlation energy                        -2.9025621244 
   Correlation energy NL                      0.0000000000 
   Exchange-Correlation energy              -41.0495027984 
   Embedding correction                       0.0000000000 
   Total DFT Energy (No VdW correction)    -420.6993508169 
# -----------------------------------------------------------
$ VdW_Correction
   description: The Van der Waals Correction
   geom. index: 6
   prop. index: 1
        Van der Waals Correction:       -0.0356095744
# -----------------------------------------------------------
$ PAL_Flags
   description: The PAL Flags
   geom. index: 7
   prop. index: 1
        Diskflag:     2
# -----------------------------------------------------------
$ SCF_Energy
   description: The SCF energy
   geom. index: 7
   prop. index: 1
        SCF Energy:     -420.6994989539
# -----------------------------------------------------------
$ DFT_Energy
   description: The DFT energy
   geom. index: 7
   prop. index: 1
   Number of Alpha Electrons                 34.9999937023 
   Number of Beta  Electrons                 34.9999937023 
   Total number of  Electrons                69.9999874046 
   Exchange energy                          -38.1479359329 
   Correlation energy                        -2.9026339059 
   Correlation energy NL                      0.0000000000 
   Exchange-Correlation energy              -41.0505698389 
   Embedding correction                       0.0000000000 
   Total DFT Energy (No VdW correction)    -420.6994989539 
# -----------------------------------------------------------
$ VdW_Correction
   description: The Van der Waals Correction
   geom. index: 7
   prop. index: 1
        Van der Waals Correction:       -0.0355906276
# -----------------------------------------------------------
$ PAL_Flags
   description: The PAL Flags
   geom. index: 8
   prop. index: 1
        Diskflag:     2
# -----------------------------------------------------------
$ SCF_Energy
   description: The SCF energy
   geom. index: 8
   prop. index: 1
        SCF Energy:     -420.6996452999
# -----------------------------------------------------------
$ DFT_Energy
   description: The DFT energy
   geom. index: 8
   prop. index: 1
   Number of Alpha Electrons                 34.9999826642 
   Number of Beta  Electrons                 34.9999826642 
   Total number of  Electrons                69.9999653284 
   Exchange energy                          -38.1483797994 
   Correlation energy                        -2.9026819268 
   Correlation energy NL                      0.0000000000 
   Exchange-Correlation energy              -41.0510617262 
   Embedding correction                       0.0000000000 
   Total DFT Energy (No VdW correction)    -420.6996452999 
# -----------------------------------------------------------
$ VdW_Correction
   description: The Van der Waals Correction
   geom. index: 8
   prop. index: 1
        Van der Waals Correction:       -0.0355780603
# -----------------------------------------------------------
$ PAL_Flags
   description: The PAL Flags
   geom. index: 9
   prop. index: 1
        Diskflag:     2
# -----------------------------------------------------------
$ SCF_Energy
   description: The SCF energy
   geom. index: 9
   prop. index: 1
        SCF Energy:     -420.6997433700
# -----------------------------------------------------------
$ DFT_Energy
   description: The DFT energy
   geom. index: 9
   prop. index: 1
   Number of Alpha Electrons                 34.9999614850 
   Number of Beta  Electrons                 34.9999614850 
   Total number of  Electrons                69.9999229701 
   Exchange energy                          -38.1484125780 
   Correlation energy                        -2.9027521527 
   Correlation energy NL                      0.0000000000 
   Exchange-Correlation energy              -41.0511647307 
   Embedding correction                       0.0000000000 
   Total DFT Energy (No VdW correction)    -420.6997433700 
# -----------------------------------------------------------
$ VdW_Correction
   description: The Van der Waals Correction
   geom. index: 9
   prop. index: 1
        Van der Waals Correction:       -0.0355895559
# -----------------------------------------------------------
$ PAL_Flags
   description: The PAL Flags
   geom. index: 10
   prop. index: 1
        Diskflag:     2
# -----------------------------------------------------------
$ SCF_Energy
   description: The SCF energy
   geom. index: 10
   prop. index: 1
        SCF Energy:     -420.6997708536
# -----------------------------------------------------------
$ DFT_Energy
   description: The DFT energy
   geom. index: 10
   prop. index: 1
   Number of Alpha Electrons                 34.9999561491 
   Number of Beta  Electrons                 34.9999561491 
   Total number of  Electrons                69.9999122983 
   Exchange energy                          -38.1482645990 
   Correlation energy                        -2.9028635761 
   Correlation energy NL                      0.0000000000 
   Exchange-Correlation energy              -41.0511281751 
   Embedding correction                       0.0000000000 
   Total DFT Energy (No VdW correction)    -420.6997708536 
# -----------------------------------------------------------
$ VdW_Correction
   description: The Van der Waals Correction
   geom. index: 10
   prop. index: 1
        Van der Waals Correction:       -0.0356229119
# -----------------------------------------------------------
$ PAL_Flags
   description: The PAL Flags
   geom. index: 11
   prop. index: 1
        Diskflag:     2
# -----------------------------------------------------------
$ SCF_Energy
   description: The SCF energy
   geom. index: 11
   prop. index: 1
        SCF Energy:     -420.6997676817
# -----------------------------------------------------------
$ DFT_Energy
   description: The DFT energy
   geom. index: 11
   prop. index: 1
   Number of Alpha Electrons                 34.9999635904 
   Number of Beta  Electrons                 34.9999635904 
   Total number of  Electrons                69.9999271809 
   Exchange energy                          -38.1476073389 
   Correlation energy                        -2.9028463016 
   Correlation energy NL                      0.0000000000 
   Exchange-Correlation energy              -41.0504536405 
   Embedding correction                       0.0000000000 
   Total DFT Energy (No VdW correction)    -420.6997676817 
# -----------------------------------------------------------
$ VdW_Correction
   description: The Van der Waals Correction
   geom. index: 11
   prop. index: 1
        Van der Waals Correction:       -0.0356366016
# -----------------------------------------------------------
$ PAL_Flags
   description: The PAL Flags
   geom. index: 12
   prop. index: 1
        Diskflag:     2
# -----------------------------------------------------------
$ SCF_Energy
   description: The SCF energy
   geom. index: 12
   prop. index: 1
        SCF Energy:     -420.6997282635
# -----------------------------------------------------------
$ DFT_Energy
   description: The DFT energy
   geom. index: 12
   prop. index: 1
   Number of Alpha Electrons                 34.9999993826 
   Number of Beta  Electrons                 34.9999993826 
   Total number of  Electrons                69.9999987652 
   Exchange energy                          -38.1474709442 
   Correlation energy                        -2.9028890017 
   Correlation energy NL                      0.0000000000 
   Exchange-Correlation energy              -41.0503599459 
   Embedding correction                       0.0000000000 
   Total DFT Energy (No VdW correction)    -420.6997282635 
# -----------------------------------------------------------
$ VdW_Correction
   description: The Van der Waals Correction
   geom. index: 12
   prop. index: 1
        Van der Waals Correction:       -0.0356652254
# -----------------------------------------------------------
$ PAL_Flags
   description: The PAL Flags
   geom. index: 13
   prop. index: 1
        Diskflag:     2
# -----------------------------------------------------------
$ SCF_Energy
   description: The SCF energy
   geom. index: 13
   prop. index: 1
        SCF Energy:     -420.6997726874
# -----------------------------------------------------------
$ DFT_Energy
   description: The DFT energy
   geom. index: 13
   prop. index: 1
   Number of Alpha Electrons                 34.9999786799 
   Number of Beta  Electrons                 34.9999786799 
   Total number of  Electrons                69.9999573598 
   Exchange energy                          -38.1476653705 
   Correlation energy                        -2.9028436077 
   Correlation energy NL                      0.0000000000 
   Exchange-Correlation energy              -41.0505089782 
   Embedding correction                       0.0000000000 
   Total DFT Energy (No VdW correction)    -420.6997726874 
# -----------------------------------------------------------
$ VdW_Correction
   description: The Van der Waals Correction
   geom. index: 13
   prop. index: 1
        Van der Waals Correction:       -0.0356396851
# -----------------------------------------------------------
$ PAL_Flags
   description: The PAL Flags
   geom. index: 14
   prop. index: 1
        Diskflag:     2
# -----------------------------------------------------------
$ SCF_Energy
   description: The SCF energy
   geom. index: 14
   prop. index: 1
        SCF Energy:     -420.6997680185
# -----------------------------------------------------------
$ DFT_Energy
   description: The DFT energy
   geom. index: 14
   prop. index: 1
   Number of Alpha Electrons                 34.9999792259 
   Number of Beta  Electrons                 34.9999792259 
   Total number of  Electrons                69.9999584518 
   Exchange energy                          -38.1477128410 
   Correlation energy                        -2.9028618535 
   Correlation energy NL                      0.0000000000 
   Exchange-Correlation energy              -41.0505746945 
   Embedding correction                       0.0000000000 
   Total DFT Energy (No VdW correction)    -420.6997680185 
# -----------------------------------------------------------
$ Mayer_Pop
   description: The Mayer population analysis
   geom. index: 14
   prop. index: 1
     Number of atoms                     : 21
     Threshold for printing              : 0.1000000
     Number of bond orders printed       : 26
  NA   - Mulliken gross atomic population
  ZA   - Total nuclear charge
  QA   - Mulliken gross atomic charge
  VA   - Mayer's total valence
  BVA  - Mayer's bonded valence
  FA   - Mayer's free valence
  ATOM       NA         ZA         QA         VA         BVA        FA
  0   0     6.1601     6.0000    -0.1601     3.5648     3.5648    -0.0000
  1   0     6.1670     6.0000    -0.1670     3.7619     3.7619     0.0000
  2   0     8.3036     8.0000    -0.3036     1.5397     1.5397     0.0000
  3   0     6.2024     6.0000    -0.2024     3.7853     3.7853    -0.0000
  4   0     6.3111     6.0000    -0.3111     4.1135     4.1135     0.0000
  5   0     6.1613     6.0000    -0.1613     3.5661     3.5661    -0.0000
  6   0     7.3761     7.0000    -0.3761     2.6848     2.6848    -0.0000
  7   0     6.1769     6.0000    -0.1769     3.5466     3.5466    -0.0000
  8   0     7.2855     7.0000    -0.2855     2.7687     2.7687    -0.0000
  9   0     0.8468     1.0000     0.1532     0.9442     0.9442    -0.0000
 10   0     0.8197     1.0000     0.1803     0.9332     0.9332    -0.0000
 11   0     0.8554     1.0000     0.1446     0.9293     0.9293    -0.0000
 12   0     0.8594     1.0000     0.1406     0.9506     0.9506    -0.0000
 13   0     0.8498     1.0000     0.1502     0.9100     0.9100     0.0000
 14   0     0.8380     1.0000     0.1620     0.9234     0.9234    -0.0000
 15   0     0.8582     1.0000     0.1418     0.9276     0.9276    -0.0000
 16   0     0.8696     1.0000     0.1304     0.9288     0.9288     0.0000
 17   0     0.6984     1.0000     0.3016     0.8516     0.8516    -0.0000
 18   0     0.8236     1.0000     0.1764     0.8982     0.8982    -0.0000
 19   0     0.8811     1.0000     0.1189     0.9437     0.9437     0.0000
 20   0     0.6560     1.0000     0.3440     0.8099     0.8099    -0.0000
      Bond orders larger than 0.1000000
           Atom A     A.N. of A          Atom B    A.N. of B              Bond order
                0             6               1            6                0.947320
                0             6               4            6                0.118181
                0             6               8            7                0.748063
                0             6               9            1                0.951487
                0             6              10            1                0.963895
                1             6               2            8                0.815060
                1             6              11            1                0.982067
                1             6              12            1                1.010378
                2             8               3            6                0.949526
                2             8               4            6               -0.163178
                3             6               4            6                0.829836
                3             6              13            1                0.960048
                3             6              14            1                1.024067
                4             6               5            6                0.901191
                4             6               6            7                0.124675
                4             6               7            6                0.879588
                4             6               8            7                1.457648
                5             6               6            7                0.802265
                5             6              15            1                1.019101
                5             6              16            1                0.935738
                6             7               7            6                0.912237
                6             7              17            1                0.874876
                7             6               8            7               -0.199076
                7             6              18            1                0.985422
                7             6              19            1                0.948542
                8             7              20            1                0.838114
# -----------------------------------------------------------
$ VdW_Correction
   description: The Van der Waals Correction
   geom. index: 14
   prop. index: 1
        Van der Waals Correction:       -0.0356448844
# -----------------------------------------------------------
$ SCF_Electric_Properties
   description: The SCF Calculated Electric Properties
   geom. index: 14
   prop. index: 1
       Filename                          : file.scfp 
       Do Dipole Moment Calculation      : true 
       Do Quadrupole Moment Calculation  : false 
       Do Polarizability Calculation     : false 
** Dipole moment part of electric properties **
        Magnitude of dipole moment (Debye) :        1.5770577932
        Electronic Contribution:
                  0    
      0      -0.160962
      1       1.469893
      2      -0.964644
        Nuclear Contribution:
                  0    
      0       0.393172
      1      -1.951104
      2       0.649252
        Total Dipole moment:
                  0    
      0       0.232210
      1      -0.481211
      2      -0.315392
# -------------------------------------------------------------
----------------------- !GEOMETRIES! ------------------------
# -------------------------------------------------------------
------------------------ !GEOMETRY! -------------------------
    Number of atoms:    21 
    Geometry Index:     1 
    Coordinates:
               0 C      1.653600000000    0.118000000000    0.899700000000
               1 C      2.324900000000   -0.070600000000   -0.484100000000
               2 O      1.442300000000    0.157700000000   -1.571800000000
               3 C      0.219000000000   -0.510700000000   -1.350200000000
               4 C     -0.518300000000    0.142400000000   -0.153100000000
               5 C     -1.753200000000    0.969600000000   -0.506300000000
               6 N     -2.662200000000    0.055800000000    0.187600000000
               7 C     -1.510800000000   -0.768700000000    0.559900000000
               8 N      0.381800000000    0.840600000000    0.783400000000
               9 H      1.468400000000   -0.876100000000    1.363700000000
              10 H      2.335200000000    0.674900000000    1.578700000000
              11 H      2.764500000000   -1.089800000000   -0.560200000000
              12 H      3.164700000000    0.650900000000   -0.572100000000
              13 H      0.402500000000   -1.593700000000   -1.159700000000
              14 H     -0.389700000000   -0.457500000000   -2.276900000000
              15 H     -1.768700000000    1.970700000000   -0.021800000000
              16 H     -1.972100000000    1.033000000000   -1.596600000000
              17 H     -3.222000000000   -0.462500000000   -0.530800000000
              18 H     -1.378500000000   -0.779900000000    1.664300000000
              19 H     -1.576100000000   -1.795600000000    0.132000000000
              20 H      0.594800000000    1.791600000000    0.398500000000
------------------------ !GEOMETRY! -------------------------
    Number of atoms:    21 
    Geometry Index:     2 
    Coordinates:
               0 C      1.653364168727    0.117374634718    0.883850844177
               1 C      2.354204104971   -0.067700038041   -0.488237549894
               2 O      1.452150714816    0.158827164786   -1.563633578330
               3 C      0.230341140056   -0.514218868501   -1.322504573001
               4 C     -0.527553192424    0.139186326972   -0.144453510828
               5 C     -1.760691479575    0.995728280794   -0.513644009233
               6 N     -2.680378142542    0.049928713406    0.170276956113
               7 C     -1.528023857702   -0.803564794115    0.567495387263
               8 N      0.385498460026    0.833727352732    0.760477438543
               9 H      1.450335072330   -0.855349179569    1.348937231676
              10 H      2.308090379169    0.667616186288    1.567300473209
              11 H      2.785089979753   -1.079646353984   -0.571676351033
              12 H      3.166686389443    0.653845904423   -0.614502564458
              13 H      0.426344857752   -1.580607131382   -1.111443205961
              14 H     -0.354755507511   -0.462889585234   -2.246124555808
              15 H     -1.765254174177    1.984564428663   -0.042085241152
              16 H     -1.946341428903    1.098723461745   -1.589074037124
              17 H     -3.257002820952   -0.433072503198   -0.506119955992
              18 H     -1.391451175325   -0.836134450105    1.652654405792
              19 H     -1.573368910814   -1.823393704104    0.162754907291
              20 H      0.572815422885    1.757154153706    0.383951488749
------------------------ !GEOMETRY! -------------------------
    Number of atoms:    21 
    Geometry Index:     3 
    Coordinates:
               0 C      1.667418752263    0.103002785618    0.872631054274
               1 C      2.361363398144   -0.030999437765   -0.507741357965
               2 O      1.427038437433    0.158067706396   -1.565505418674
               3 C      0.230629572216   -0.548258999858   -1.289375229982
               4 C     -0.531223742566    0.121974904007   -0.124354761450
               5 C     -1.739164041173    1.002954883712   -0.521709654511
               6 N     -2.687444338716    0.072950899684    0.146126373228
               7 C     -1.562536295666   -0.805962352641    0.569284112416
               8 N      0.392754812821    0.809589281697    0.775333607726
               9 H      1.471135565932   -0.883594994183    1.310292089839
              10 H      2.318281546384    0.636512574002    1.572769179424
              11 H      2.835732558778   -1.020988132327   -0.609359904720
              12 H      3.129791480301    0.734956644890   -0.647189127155
              13 H      0.462400863195   -1.599847671883   -1.046897537818
              14 H     -0.363439775971   -0.537610503238   -2.208626667462
              15 H     -1.735507531930    1.992452044930   -0.050558386377
              16 H     -1.889995014859    1.119777344085   -1.601433011688
              17 H     -3.293567950119   -0.391586366506   -0.521268973646
              18 H     -1.446194981278   -0.849169767443    1.656949746207
              19 H     -1.608248941488   -1.826866101029    0.165740960442
              20 H      0.560875626299    1.742745257852    0.409092907890
------------------------ !GEOMETRY! -------------------------
    Number of atoms:    21 
    Geometry Index:     4 
    Coordinates:
               0 C      1.674827133842    0.088056234271    0.863092368311
               1 C      2.364226654804    0.000830688275   -0.521522164882
               2 O      1.410690429666    0.146819930862   -1.571266386488
               3 C      0.232183700981   -0.577366999957   -1.264394257420
               4 C     -0.532058054961    0.112066865367   -0.114979984488
               5 C     -1.722911368977    1.007889980601   -0.532723264547
               6 N     -2.686747781959    0.099720740445    0.140601036269
               7 C     -1.583431884123   -0.804083056389    0.564313290322
               8 N      0.396232433105    0.789848282590    0.789252690827
               9 H      1.482127599360   -0.913480064131    1.267421677208
              10 H      2.325442336693    0.598040426633    1.581002772397
              11 H      2.891626955830   -0.960784660352   -0.634244709885
              12 H      3.085986075650    0.811135709128   -0.663939636078
              13 H      0.489377785119   -1.614557919343   -0.987470220538
              14 H     -0.369802836832   -0.612208590745   -2.177915234699
              15 H     -1.709731114246    2.003526743996   -0.073825916307
              16 H     -1.854238996857    1.117969756219   -1.616513315086
              17 H     -3.328763658107   -0.342595985604   -0.506580149402
              18 H     -1.478293143145   -0.862945498874    1.652512680810
              19 H     -1.636631328292   -1.820304199988    0.148481667648
              20 H      0.549989062450    1.732521616995    0.442897056027
------------------------ !GEOMETRY! -------------------------
    Number of atoms:    21 
    Geometry Index:     5 
    Coordinates:
               0 C      1.684023848153    0.075470342143    0.855014128766
               1 C      2.363531781142    0.035281829520   -0.534615937939
               2 O      1.394787962806    0.132671195139   -1.577058399118
               3 C      0.234548701522   -0.608260321895   -1.242288945021
               4 C     -0.532017748019    0.094893463250   -0.106433947505
               5 C     -1.700636321142    1.009553166239   -0.544847846510
               6 N     -2.683298189252    0.134889509385    0.142040904563
               7 C     -1.608191193381   -0.802502943206    0.558853348818
               8 N      0.395821820238    0.761805753290    0.807811932003
               9 H      1.506923057703   -0.939884638959    1.230744614986
              10 H      2.334862698025    0.570770166104    1.583070050035
              11 H      2.947320572504   -0.891998673817   -0.656482119990
              12 H      3.035177855643    0.888188248525   -0.675390581063
              13 H      0.512736310841   -1.633015396252   -0.940472053642
              14 H     -0.375676692016   -0.681091241909   -2.147984852170
              15 H     -1.669712058152    2.014687378230   -0.107662505982
              16 H     -1.822490175956    1.098303425856   -1.631789554945
              17 H     -3.359196327995   -0.283302578124   -0.486155218914
              18 H     -1.510320393239   -0.881571268048    1.646382114161
              19 H     -1.682400908074   -1.810169760832    0.124902545635
              20 H      0.534305398650    1.715382345362    0.486562323832
------------------------ !GEOMETRY! -------------------------
    Number of atoms:    21 
    Geometry Index:     6 
    Coordinates:
               0 C      1.680789497866    0.074013174305    0.856003047743
               1 C      2.370516825277    0.040762450683   -0.526801401757
               2 O      1.408660704746    0.115824624471   -1.578744396638
               3 C      0.241887843670   -0.615584073768   -1.247114847199
               4 C     -0.531465589507    0.092240947632   -0.119455119191
               5 C     -1.701799819906    1.006866876638   -0.557930937737
               6 N     -2.669881433281    0.159969738436    0.180308666703
               7 C     -1.604520838021   -0.806810318330    0.547289648956
               8 N      0.391041431260    0.754925939500    0.803822356408
               9 H      1.503916096140   -0.945065691034    1.221115239425
              10 H      2.325096843437    0.562948450159    1.593912604199
              11 H      2.979422225233   -0.870791521647   -0.641730909682
              12 H      3.019160894196    0.912227802864   -0.664927361958
              13 H      0.513397062486   -1.638869857507   -0.934406171878
              14 H     -0.361974172718   -0.695143032913   -2.155940512955
              15 H     -1.652903760785    2.028077146466   -0.160837458360
              16 H     -1.841248993322    1.058921148110   -1.645835978628
              17 H     -3.404196352072   -0.229401932822   -0.399252236419
              18 H     -1.487050065074   -0.923413334583    1.629299370627
              19 H     -1.700391945775   -1.798151415050    0.080857671899
              20 H      0.521643546150    1.716552878389    0.504568726440
------------------------ !GEOMETRY! -------------------------
    Number of atoms:    21 
    Geometry Index:     7 
    Coordinates:
               0 C      1.681794541884    0.070629515263    0.855491733087
               1 C      2.372444276608    0.060231021535   -0.526088287856
               2 O      1.411464336806    0.105869068007   -1.580522766750
               3 C      0.251503978075   -0.633291274890   -1.243445068881
               4 C     -0.530649145423    0.077069639319   -0.125329615846
               5 C     -1.690416442874    1.002426345214   -0.569928696843
               6 N     -2.656583479212    0.196866057892    0.213351076659
               7 C     -1.616687927062   -0.810607933540    0.535937096592
               8 N      0.383644939316    0.735181725601    0.809730573313
               9 H      1.520008153369   -0.953932004139    1.212180065771
              10 H      2.320221162072    0.562271228434    1.596849251298
              11 H      3.011093946313   -0.830849444152   -0.639855926617
              12 H      2.994341162359    0.951781385189   -0.659919033811
              13 H      0.529289508053   -1.652375838398   -0.922908290930
              14 H     -0.350926579786   -0.724617980585   -2.152199289855
              15 H     -1.616020198037    2.037434807393   -0.214502782805
              16 H     -1.849994879693    1.013424240387   -1.656461676698
              17 H     -3.435603882760   -0.161324897103   -0.325824093601
              18 H     -1.484641412234   -0.967582078539    1.611197898883
              19 H     -1.747212394916   -1.782209753579    0.036357624543
              20 H      0.503030337140    1.703706170693    0.530090210349
------------------------ !GEOMETRY! -------------------------
    Number of atoms:    21 
    Geometry Index:     8 
    Coordinates:
               0 C      1.675035415216    0.072282333999    0.860090064354
               1 C      2.376755954838    0.065412422260   -0.516027269476
               2 O      1.425674902595    0.104293753609   -1.578987899685
               3 C      0.263839012428   -0.636419786233   -1.252296411521
               4 C     -0.529146087591    0.069269780176   -0.139223496553
               5 C     -1.690765516091    0.994303411935   -0.579614415991
               6 N     -2.638121166124    0.224568949850    0.258524264213
               7 C     -1.615941570078   -0.815516036624    0.524448559742
               8 N      0.374052240776    0.729976902805    0.804404277995
               9 H      1.517558892519   -0.952124946035    1.219513478876
              10 H      2.305204398151    0.571416726866    1.603587304004
              11 H      3.020584224858   -0.822875105359   -0.622958298413
              12 H      2.996666473430    0.959069014513   -0.644438555752
              13 H      0.538343839093   -1.657416765233   -0.934977405901
              14 H     -0.330788716588   -0.721764164039   -2.166833752166
              15 H     -1.596019199415    2.042439167502   -0.270271666751
              16 H     -1.884321863992    0.960033654297   -1.660272538609
              17 H     -3.460200826103   -0.107252764838   -0.231693622384
              18 H     -1.458841697128   -1.015333949546    1.589426693546
              19 H     -1.780418183751   -1.764466477520   -0.008440462442
              20 H      0.490949472958    1.700203877614    0.530241152914
------------------------ !GEOMETRY! -------------------------
    Number of atoms:    21 
    Geometry Index:     9 
    Coordinates:
               0 C      1.663199581334    0.075906558210    0.866858600136
               1 C      2.381546060741    0.062231071102   -0.501318624123
               2 O      1.443484361778    0.111650533766   -1.574772607657
               3 C      0.276786357030   -0.629816661536   -1.266788549546
               4 C     -0.527480146170    0.067270416665   -0.156257354975
               5 C     -1.697992211942    0.984522825366   -0.588018016010
               6 N     -2.615975811000    0.244329482619    0.306158491872
               7 C     -1.606959411915   -0.820380936881    0.514284560460
               8 N      0.364343764308    0.735661017298    0.792469843077
               9 H      1.499486416683   -0.946225229771    1.230364766921
              10 H      2.285057467471    0.578965311212    1.614722612399
              11 H      3.015734047713   -0.833887765926   -0.601023477290
              12 H      3.013629859874    0.948189164966   -0.622653428980
              13 H      0.546214116937   -1.654364144356   -0.956306099647
              14 H     -0.307154770954   -0.704323991704   -2.189109342279
              15 H     -1.591071415415    2.044134821059   -0.325144083484
              16 H     -1.927829328532    0.905167912150   -1.659473911481
              17 H     -3.476319824425   -0.065342080682   -0.130490092945
              18 H     -1.422942330819   -1.060315732544    1.566783653482
              19 H     -1.801372254965   -1.746843278434   -0.047976163842
              20 H      0.485715472270    1.703570707418    0.511889223912
------------------------ !GEOMETRY! -------------------------
    Number of atoms:    21 
    Geometry Index:     10 
    Coordinates:
               0 C      1.646223187822    0.082719182225    0.876431242484
               1 C      2.385486068288    0.048242846312   -0.481794178528
               2 O      1.464643804889    0.129522341496   -1.567407201839
               3 C      0.289448802033   -0.611125039370   -1.288885050883
               4 C     -0.524834147456    0.071533194268   -0.175689953085
               5 C     -1.712107197602    0.972946909598   -0.593062509775
               6 N     -2.592908666921    0.252200148257    0.351341954324
               7 C     -1.588631124367   -0.824007230690    0.508195237393
               8 N      0.355010460224    0.753749469209    0.773810587351
               9 H      1.465961711910   -0.933782627338    1.248323984105
              10 H      2.260458464726    0.588567988999    1.628757461680
              11 H      2.990442534889   -0.868803026653   -0.574287965494
              12 H      3.048635653828    0.912284317112   -0.593019191447
              13 H      0.550626533609   -1.642509125984   -0.993856865633
              14 H     -0.281288613680   -0.665047367686   -2.220892471633
              15 H     -1.603042583334    2.041874417934   -0.371785748001
              16 H     -1.979401678478    0.850552441930   -1.652006986121
              17 H     -3.482009634448   -0.045754675267   -0.034064126549
              18 H     -1.375431730139   -1.094651690684    1.548002964712
              19 H     -1.807581503403   -1.731894179783   -0.075415787975
              20 H      0.490399657610    1.713481706114    0.471504604914
------------------------ !GEOMETRY! -------------------------
    Number of atoms:    21 
    Geometry Index:     11 
    Coordinates:
               0 C      1.638745715235    0.086822146910    0.880060967684
               1 C      2.387258271094    0.038516149918   -0.472763175994
               2 O      1.474302920350    0.134486008512   -1.564029990637
               3 C      0.292635254835   -0.600506098483   -1.298090964984
               4 C     -0.524853041972    0.077692091916   -0.183377298908
               5 C     -1.721121438851    0.969879455177   -0.594668708017
               6 N     -2.584441381720    0.250228922628    0.367670478229
               7 C     -1.577219098281   -0.826403401073    0.506233635733
               8 N      0.353106394094    0.766216413438    0.763505763922
               9 H      1.446568758183   -0.926849578257    1.253508472512
              10 H      2.250925753604    0.589400176839    1.636127261778
              11 H      2.978241526580   -0.887957711386   -0.561339327123
              12 H      3.063794097917    0.892419701353   -0.581416306392
              13 H      0.547052741636   -1.634845099662   -1.007286400029
              14 H     -0.272743581772   -0.646740107253   -2.233597976971
              15 H     -1.617449678398    2.041426401036   -0.384860896001
              16 H     -1.995993510522    0.837116469794   -1.650806780789
              17 H     -3.482149471260   -0.045381999286    0.001906513274
              18 H     -1.355699536048   -1.106204179515    1.541610779075
              19 H     -1.797145452401   -1.730305330151   -0.083527035046
              20 H      0.496284757696    1.721089567544    0.449340988682
------------------------ !GEOMETRY! -------------------------
    Number of atoms:    21 
    Geometry Index:     12 
    Coordinates:
               0 C      1.629645195919    0.094469235250    0.885550354607
               1 C      2.385282346909    0.015696468021   -0.463478377765
               2 O      1.482375906752    0.149785012508   -1.558552740823
               3 C      0.291171710062   -0.577311271382   -1.312008797781
               4 C     -0.523320056060    0.091675621250   -0.187484616983
               5 C     -1.734640916975    0.968337269365   -0.587462998657
               6 N     -2.589407727427    0.225269153499    0.364132539714
               7 C     -1.556966073371   -0.824887582690    0.514242502406
               8 N      0.354861292068    0.791685784897    0.749964809255
               9 H      1.418102273072   -0.910993222881    1.270724099598
              10 H      2.243816327656    0.597609853948    1.639628354866
              11 H      2.936594152487   -0.935276204212   -0.549735908555
              12 H      3.098050673471    0.839769029884   -0.568461042144
              13 H      0.535192370086   -1.618748625306   -1.037658554752
              14 H     -0.269475490946   -0.602280127888   -2.251256972294
              15 H     -1.646142685738    2.038112242618   -0.362210571732
              16 H     -2.009700079360    0.844384546926   -1.644511690435
              17 H     -3.473947854886   -0.094518027895   -0.013842208637
              18 H     -1.328339692074   -1.085476840734    1.553300543909
              19 H     -1.759859909150   -1.740804643268   -0.062587701905
              20 H      0.516808237503    1.733602328092    0.405908978107
------------------------ !GEOMETRY! -------------------------
    Number of atoms:    21 
    Geometry Index:     13 
    Coordinates:
               0 C      1.637480199782    0.089645052509    0.881512753736
               1 C      2.385986978662    0.029001005545   -0.471296973962
               2 O      1.475171248180    0.137970326397   -1.562913719396
               3 C      0.289186988916   -0.591935915587   -1.301771781101
               4 C     -0.524539012574    0.084155385379   -0.182031586255
               5 C     -1.725830226769    0.971320954111   -0.590024214037
               6 N     -2.591728271556    0.235025971027    0.356511507694
               7 C     -1.570184037436   -0.824918469755    0.511586111083
               8 N      0.355558953632    0.776015601469    0.760318642706
               9 H      1.438806440383   -0.920794124741    1.260258233738
              10 H      2.252109187420    0.592729327729    1.635262552491
              11 H      2.962707804898   -0.906530541902   -0.559073877999
              12 H      3.075695649387    0.872216043947   -0.579980798890
              13 H      0.538673244701   -1.629305830654   -1.017454259153
              14 H     -0.276225299831   -0.629623005727   -2.237677869783
              15 H     -1.629919967533    2.040358073933   -0.363749506039
              16 H     -1.994542313269    0.851410437735   -1.649062723247
              17 H     -3.478653006373   -0.074931754274   -0.023995772949
              18 H     -1.349774357134   -1.088425002282    1.551655701248
              19 H     -1.776482022322   -1.738833121836   -0.067127738998
              20 H      0.506601818836    1.725549586978    0.433255319111
------------------------ !GEOMETRY! -------------------------
    Number of atoms:    21 
    Geometry Index:     14 
    Coordinates:
               0 C      1.636332736465    0.089385097909    0.881795989242
               1 C      2.386036079425    0.029238542656   -0.470428744516
               2 O      1.475962749913    0.138929121373   -1.562533993145
               3 C      0.290136651019   -0.591642828963   -1.302384571201
               4 C     -0.524402452129    0.083960216907   -0.183003045504
               5 C     -1.726147585145    0.970649323242   -0.590534828361
               6 N     -2.590106928564    0.236365188160    0.359280844019
               7 C     -1.569694507971   -0.825131237282    0.511047536130
               8 N      0.354949948607    0.776587969509    0.759439745941
               9 H      1.436713431281   -0.921005232406    1.260232594433
              10 H      2.250564757508    0.592129819109    1.636097350428
              11 H      2.962416165911   -0.906522846306   -0.558114531351
              12 H      3.076209189279    0.872157993565   -0.578255307767
              13 H      0.539748188813   -1.629081482092   -1.018385581403
              14 H     -0.274651075677   -0.628912481558   -2.238698487117
              15 H     -1.629702721239    2.040146167871   -0.366857417337
              16 H     -1.996894103914    0.848262806486   -1.648797650850
              17 H     -3.478926885786   -0.072299320330   -0.017794356344
              18 H     -1.347743199961   -1.090688210236    1.550255290203
              19 H     -1.777746408382   -1.737875298331   -0.068976326437
              20 H      0.507045970545    1.725446690715    0.430815490935
