-------------------------------------------------------------
----------------------- !PROPERTIES! ------------------------
-------------------------------------------------------------
# -----------------------------------------------------------
$ PAL_Flags
   description: The PAL Flags
   geom. index: 1
   prop. index: 1
        Diskflag:     2
# -----------------------------------------------------------
$ SCF_Energy
   description: The SCF energy
   geom. index: 1
   prop. index: 1
        SCF Energy:     -463.5126164668
# -----------------------------------------------------------
$ DFT_Energy
   description: The DFT energy
   geom. index: 1
   prop. index: 1
   Number of Alpha Electrons                 43.0000901879 
   Number of Beta  Electrons                 43.0000901879 
   Total number of  Electrons                86.0001803758 
   Exchange energy                          -43.8782071587 
   Correlation energy                        -3.4962670247 
   Correlation energy NL                      0.0000000000 
   Exchange-Correlation energy              -47.3744741833 
   Embedding correction                       0.0000000000 
   Total DFT Energy (No VdW correction)    -463.5126164668 
# -----------------------------------------------------------
$ Mayer_Pop
   description: The Mayer population analysis
   geom. index: 1
   prop. index: 1
     Number of atoms                     : 29
     Threshold for printing              : 0.1000000
     Number of bond orders printed       : 41
  NA   - Mulliken gross atomic population
  ZA   - Total nuclear charge
  QA   - Mulliken gross atomic charge
  VA   - Mayer's total valence
  BVA  - Mayer's bonded valence
  FA   - Mayer's free valence
  ATOM       NA         ZA         QA         VA         BVA        FA
  0   0     6.5014     6.0000    -0.5014     3.9327     3.9327    -0.0000
  1   0     6.2857     6.0000    -0.2857     3.6242     3.6242     0.0000
  2   0     6.1532     6.0000    -0.1532     3.4993     3.4993    -0.0000
  3   0     6.8801     6.0000    -0.8801     5.1931     5.1931    -0.0000
  4   0     6.0626     6.0000    -0.0626     3.2237     3.2237     0.0000
  5   0     6.3282     6.0000    -0.3282     3.8631     3.8631    -0.0000
  6   0     7.3535     7.0000    -0.3535     2.5847     2.5847     0.0000
  7   0     6.2701     6.0000    -0.2701     3.7205     3.7205    -0.0000
  8   0     6.1210     6.0000    -0.1210     3.3589     3.3589    -0.0000
  9   0     7.1166     7.0000    -0.1166     2.4387     2.4387     0.0000
 10   0     5.9853     6.0000     0.0147     3.3733     3.3733     0.0000
 11   0     0.8592     1.0000     0.1408     0.9521     0.9521    -0.0000
 12   0     0.8557     1.0000     0.1443     0.9475     0.9475    -0.0000
 13   0     0.8399     1.0000     0.1601     0.9344     0.9344     0.0000
 14   0     0.8474     1.0000     0.1526     0.9284     0.9284     0.0000
 15   0     0.8419     1.0000     0.1581     0.9276     0.9276     0.0000
 16   0     0.7920     1.0000     0.2080     0.9139     0.9139     0.0000
 17   0     0.8464     1.0000     0.1536     0.9290     0.9290    -0.0000
 18   0     0.8571     1.0000     0.1429     0.9715     0.9715    -0.0000
 19   0     0.8566     1.0000     0.1434     0.9207     0.9207     0.0000
 20   0     0.8526     1.0000     0.1474     0.9332     0.9332    -0.0000
 21   0     0.6832     1.0000     0.3168     0.8319     0.8319     0.0000
 22   0     0.8436     1.0000     0.1564     0.9160     0.9160    -0.0000
 23   0     0.8758     1.0000     0.1242     0.9370     0.9370    -0.0000
 24   0     0.8451     1.0000     0.1549     0.9624     0.9624    -0.0000
 25   0     0.8569     1.0000     0.1431     0.9721     0.9721    -0.0000
 26   0     0.6658     1.0000     0.3342     0.7993     0.7993     0.0000
 27   0     0.8516     1.0000     0.1484     0.9316     0.9316    -0.0000
 28   0     0.8714     1.0000     0.1286     0.9337     0.9337     0.0000
      Bond orders larger than 0.1000000
           Atom A     A.N. of A          Atom B    A.N. of B              Bond order
                0             6               1            6                0.915582
                0             6               2            6               -0.102742
                0             6               3            6                0.165462
                0             6              10            6                0.942119
                0             6              11            1                0.996219
                0             6              12            1                1.007887
                1             6               2            6                0.941353
                1             6              13            1                0.969730
                1             6              14            1                0.967365
                2             6               3            6                1.154557
                2             6               4            6               -0.142114
                2             6               6            7               -0.196301
                2             6               8            6                0.137611
                2             6               9            7               -0.103121
                2             6              15            1                0.912949
                2             6              16            1                0.920434
                3             6               4            6                0.983506
                3             6               6            7                0.240405
                3             6               8            6                0.751827
                3             6               9            7                1.506769
                3             6              26            1                0.116414
                3             6              28            1                0.136565
                4             6               5            6                0.922476
                4             6               6            7               -0.131063
                4             6              17            1                0.937163
                4             6              18            1                0.956776
                5             6               6            7                1.062469
                5             6              19            1                1.007687
                5             6              20            1                0.994806
                6             7               7            6                0.916041
                6             7              21            1                0.855939
                7             6               8            6                0.943793
                7             6              22            1                1.003243
                7             6              23            1                0.983077
                8             6               9            7               -0.280549
                8             6              24            1                0.960871
                8             6              25            1                0.972885
                9             7              10            6                0.768726
                9             7              26            1                0.783041
               10             6              27            1                0.966648
               10             6              28            1                0.966931
# -----------------------------------------------------------
$ VdW_Correction
   description: The Van der Waals Correction
   geom. index: 1
   prop. index: 1
        Van der Waals Correction:       -0.0540738795
# -----------------------------------------------------------
$ Hessian
   description: Details about the Hessian
   geom. index: 1
   prop. index: 1
Normal modes:
Number of Rows: 87 Number of Columns: 87
                  0          1          2          3          4          5    
      0       0.000000   0.000000   0.000000   0.000000   0.000000   0.000000
      1       0.000000   0.000000   0.000000   0.000000   0.000000   0.000000
      2       0.000000   0.000000   0.000000   0.000000   0.000000   0.000000
      3       0.000000   0.000000   0.000000   0.000000   0.000000   0.000000
      4       0.000000   0.000000   0.000000   0.000000   0.000000   0.000000
      5       0.000000   0.000000   0.000000   0.000000   0.000000   0.000000
      6       0.000000   0.000000   0.000000   0.000000   0.000000   0.000000
      7       0.000000   0.000000   0.000000   0.000000   0.000000   0.000000
      8       0.000000   0.000000   0.000000   0.000000   0.000000   0.000000
      9       0.000000   0.000000   0.000000   0.000000   0.000000   0.000000
     10       0.000000   0.000000   0.000000   0.000000   0.000000   0.000000
     11       0.000000   0.000000   0.000000   0.000000   0.000000   0.000000
     12       0.000000   0.000000   0.000000   0.000000   0.000000   0.000000
     13       0.000000   0.000000   0.000000   0.000000   0.000000   0.000000
     14       0.000000   0.000000   0.000000   0.000000   0.000000   0.000000
     15       0.000000   0.000000   0.000000   0.000000   0.000000   0.000000
     16       0.000000   0.000000   0.000000   0.000000   0.000000   0.000000
     17       0.000000   0.000000   0.000000   0.000000   0.000000   0.000000
     18       0.000000   0.000000   0.000000   0.000000   0.000000   0.000000
     19       0.000000   0.000000   0.000000   0.000000   0.000000   0.000000
     20       0.000000   0.000000   0.000000   0.000000   0.000000   0.000000
     21       0.000000   0.000000   0.000000   0.000000   0.000000   0.000000
     22       0.000000   0.000000   0.000000   0.000000   0.000000   0.000000
     23       0.000000   0.000000   0.000000   0.000000   0.000000   0.000000
     24       0.000000   0.000000   0.000000   0.000000   0.000000   0.000000
     25       0.000000   0.000000   0.000000   0.000000   0.000000   0.000000
     26       0.000000   0.000000   0.000000   0.000000   0.000000   0.000000
     27       0.000000   0.000000   0.000000   0.000000   0.000000   0.000000
     28       0.000000   0.000000   0.000000   0.000000   0.000000   0.000000
     29       0.000000   0.000000   0.000000   0.000000   0.000000   0.000000
     30       0.000000   0.000000   0.000000   0.000000   0.000000   0.000000
     31       0.000000   0.000000   0.000000   0.000000   0.000000   0.000000
     32       0.000000   0.000000   0.000000   0.000000   0.000000   0.000000
     33       0.000000   0.000000   0.000000   0.000000   0.000000   0.000000
     34       0.000000   0.000000   0.000000   0.000000   0.000000   0.000000
     35       0.000000   0.000000   0.000000   0.000000   0.000000   0.000000
     36       0.000000   0.000000   0.000000   0.000000   0.000000   0.000000
     37       0.000000   0.000000   0.000000   0.000000   0.000000   0.000000
     38       0.000000   0.000000   0.000000   0.000000   0.000000   0.000000
     39       0.000000   0.000000   0.000000   0.000000   0.000000   0.000000
     40       0.000000   0.000000   0.000000   0.000000   0.000000   0.000000
     41       0.000000   0.000000   0.000000   0.000000   0.000000   0.000000
     42       0.000000   0.000000   0.000000   0.000000   0.000000   0.000000
     43       0.000000   0.000000   0.000000   0.000000   0.000000   0.000000
     44       0.000000   0.000000   0.000000   0.000000   0.000000   0.000000
     45       0.000000   0.000000   0.000000   0.000000   0.000000   0.000000
     46       0.000000   0.000000   0.000000   0.000000   0.000000   0.000000
     47       0.000000   0.000000   0.000000   0.000000   0.000000   0.000000
     48       0.000000   0.000000   0.000000   0.000000   0.000000   0.000000
     49       0.000000   0.000000   0.000000   0.000000   0.000000   0.000000
     50       0.000000   0.000000   0.000000   0.000000   0.000000   0.000000
     51       0.000000   0.000000   0.000000   0.000000   0.000000   0.000000
     52       0.000000   0.000000   0.000000   0.000000   0.000000   0.000000
     53       0.000000   0.000000   0.000000   0.000000   0.000000   0.000000
     54       0.000000   0.000000   0.000000   0.000000   0.000000   0.000000
     55       0.000000   0.000000   0.000000   0.000000   0.000000   0.000000
     56       0.000000   0.000000   0.000000   0.000000   0.000000   0.000000
     57       0.000000   0.000000   0.000000   0.000000   0.000000   0.000000
     58       0.000000   0.000000   0.000000   0.000000   0.000000   0.000000
     59       0.000000   0.000000   0.000000   0.000000   0.000000   0.000000
     60       0.000000   0.000000   0.000000   0.000000   0.000000   0.000000
     61       0.000000   0.000000   0.000000   0.000000   0.000000   0.000000
     62       0.000000   0.000000   0.000000   0.000000   0.000000   0.000000
     63       0.000000   0.000000   0.000000   0.000000   0.000000   0.000000
     64       0.000000   0.000000   0.000000   0.000000   0.000000   0.000000
     65       0.000000   0.000000   0.000000   0.000000   0.000000   0.000000
     66       0.000000   0.000000   0.000000   0.000000   0.000000   0.000000
     67       0.000000   0.000000   0.000000   0.000000   0.000000   0.000000
     68       0.000000   0.000000   0.000000   0.000000   0.000000   0.000000
     69       0.000000   0.000000   0.000000   0.000000   0.000000   0.000000
     70       0.000000   0.000000   0.000000   0.000000   0.000000   0.000000
     71       0.000000   0.000000   0.000000   0.000000   0.000000   0.000000
     72       0.000000   0.000000   0.000000   0.000000   0.000000   0.000000
     73       0.000000   0.000000   0.000000   0.000000   0.000000   0.000000
     74       0.000000   0.000000   0.000000   0.000000   0.000000   0.000000
     75       0.000000   0.000000   0.000000   0.000000   0.000000   0.000000
     76       0.000000   0.000000   0.000000   0.000000   0.000000   0.000000
     77       0.000000   0.000000   0.000000   0.000000   0.000000   0.000000
     78       0.000000   0.000000   0.000000   0.000000   0.000000   0.000000
     79       0.000000   0.000000   0.000000   0.000000   0.000000   0.000000
     80       0.000000   0.000000   0.000000   0.000000   0.000000   0.000000
     81       0.000000   0.000000   0.000000   0.000000   0.000000   0.000000
     82       0.000000   0.000000   0.000000   0.000000   0.000000   0.000000
     83       0.000000   0.000000   0.000000   0.000000   0.000000   0.000000
     84       0.000000   0.000000   0.000000   0.000000   0.000000   0.000000
     85       0.000000   0.000000   0.000000   0.000000   0.000000   0.000000
     86       0.000000   0.000000   0.000000   0.000000   0.000000   0.000000
                  6          7          8          9         10         11    
      0       0.008157   0.047287  -0.060659  -0.014486  -0.037388  -0.072569
      1      -0.133330   0.010215  -0.042841   0.003254  -0.007898   0.006929
      2      -0.178408  -0.096672   0.046757  -0.043996   0.116310  -0.005846
      3      -0.087981   0.049366  -0.110362  -0.003391  -0.065023  -0.059228
      4      -0.030199   0.019570   0.010599  -0.013945   0.006345  -0.004698
      5      -0.016711   0.063476   0.100775  -0.081564  -0.177780  -0.026765
      6       0.003524   0.067638  -0.089586   0.014926   0.016970  -0.017761
      7       0.120107   0.047145   0.101085  -0.003950   0.035444   0.015194
      8       0.077825   0.095380   0.011089  -0.024177   0.012668   0.034188
      9       0.000755   0.009073  -0.006782   0.003995   0.006788  -0.006617
     10       0.081662  -0.028779   0.063424  -0.029476   0.025310  -0.015362
     11       0.050017   0.053228  -0.064787  -0.042576   0.030058   0.002561
     12      -0.073968  -0.034576  -0.039510  -0.013830  -0.031420   0.025323
     13       0.054294  -0.050985   0.036440   0.008133   0.016614   0.001110
     14      -0.001976   0.035840  -0.083460  -0.135747  -0.007544   0.022749
     15      -0.089460  -0.000857   0.155175   0.088388  -0.001554  -0.026347
     16       0.014574  -0.088618  -0.146423   0.033126  -0.010948   0.011286
     17      -0.058034   0.061285   0.112195   0.031855   0.024933  -0.057066
     18       0.026121  -0.144028   0.083049  -0.018806  -0.044182   0.183944
     19      -0.050823   0.038954  -0.079424   0.071930   0.014504  -0.090644
     20      -0.001287  -0.114401  -0.001627   0.024250  -0.004487   0.016556
     21       0.069584  -0.014839   0.019547   0.012333   0.031986   0.048163
     22      -0.111167   0.141786   0.028096  -0.006929  -0.030100   0.156485
     23       0.002049  -0.094458  -0.009123   0.023450   0.003817   0.003817
     24       0.074975   0.028860   0.002037   0.019272   0.045601   0.029482
     25       0.005597  -0.097119   0.053570  -0.122902  -0.067711  -0.080653
     26       0.038304   0.070247  -0.059915   0.010061   0.060036   0.022789
     27      -0.001770  -0.030861   0.023944   0.015386   0.005869  -0.032356
     28       0.118833  -0.004518   0.018702   0.029944   0.016398  -0.016655
     29       0.075771   0.007911  -0.049280   0.028579   0.010743  -0.024563
     30       0.066573   0.019045   0.017922  -0.099178   0.063509  -0.069845
     31      -0.050080   0.003143  -0.025549   0.023782   0.004307   0.010980
     32       0.018135  -0.070066  -0.027384   0.193939  -0.058829   0.004295
     33       0.193150   0.150495  -0.062079   0.076083  -0.311820  -0.086450
     34      -0.217511   0.041718  -0.015774  -0.102396  -0.028174  -0.005439
     35      -0.265997  -0.155992   0.043972  -0.078008   0.265677   0.003547
     36      -0.151746  -0.032897  -0.066799  -0.085908   0.170116  -0.061680
     37      -0.167693  -0.020401  -0.114361   0.118686  -0.017448   0.025843
     38      -0.327618  -0.166139   0.068879  -0.162162   0.331216  -0.002275
     39      -0.222496  -0.007344  -0.105658  -0.028997  -0.118998  -0.096727
     40      -0.075203  -0.055178  -0.053608   0.033269   0.257230   0.036665
     41       0.020962   0.108666   0.133668  -0.103119  -0.303614  -0.044675
     42      -0.095314   0.090157  -0.163593   0.004671  -0.070858  -0.035119
     43      -0.024925   0.074164   0.046665  -0.049955  -0.182524  -0.033527
     44      -0.008399   0.100261   0.161835  -0.122792  -0.368030  -0.067513
     45       0.123048   0.112883  -0.101480   0.054892   0.163812   0.034373
     46       0.172378   0.109435   0.155824   0.005487   0.035132   0.043869
     47       0.038981   0.060378  -0.013240  -0.033820  -0.002806   0.014694
     48      -0.054346   0.074419  -0.132283   0.010508  -0.021405  -0.040154
     49       0.186093   0.049490   0.142696   0.004824   0.079660   0.045393
     50       0.179403   0.172477   0.030183   0.007914   0.086542   0.079415
     51      -0.063534  -0.071971  -0.226079  -0.097021  -0.063125   0.082348
     52       0.040703  -0.074237  -0.050052  -0.108110  -0.016149   0.059542
     53      -0.020193   0.027842  -0.093503  -0.220393  -0.027742   0.060524
     54      -0.118500  -0.053973  -0.030205   0.005768  -0.046369   0.042518
     55       0.076521  -0.014411   0.154746   0.139947   0.060037  -0.073598
     56       0.019069   0.026774  -0.171550  -0.242610  -0.024710   0.058770
     57      -0.130155   0.043052   0.099650   0.099193   0.001642  -0.086019
     58      -0.039337  -0.023874  -0.184232   0.057771  -0.001989  -0.073758
     59      -0.155690   0.258891   0.417365   0.191046   0.100576  -0.297194
     60      -0.149256   0.092572   0.410535   0.247480   0.053686  -0.179022
     61       0.086893  -0.262363  -0.296739  -0.016892  -0.053842   0.162091
     62      -0.035559   0.017288   0.041741  -0.004345   0.008572  -0.007127
     63       0.026825  -0.167635   0.088612  -0.027298  -0.056306   0.211628
     64      -0.093749   0.112123  -0.073601   0.126570   0.048178  -0.213687
     65      -0.025063  -0.179890   0.022658   0.014766  -0.041406   0.073064
     66       0.152881  -0.118850   0.004711  -0.039662   0.035903  -0.154055
     67      -0.165220   0.246520   0.052948  -0.001708  -0.035317   0.336191
     68       0.030198  -0.210823  -0.047302   0.067635   0.010321  -0.167094
     69       0.010398   0.173793   0.000444   0.070828   0.069013   0.203898
     70      -0.174551   0.265160   0.052808  -0.000412  -0.035780   0.371603
     71      -0.050245  -0.084402   0.066908  -0.033794  -0.052769   0.233359
     72       0.058843   0.183249  -0.030851   0.035543   0.075785   0.137310
     73       0.006648  -0.237634   0.066437  -0.226363  -0.151159  -0.236101
     74       0.038660   0.004677  -0.055706  -0.046195   0.016957  -0.054804
     75       0.154436  -0.078657   0.016997  -0.024930   0.048052  -0.081044
     76       0.033155  -0.169662   0.061492  -0.159365  -0.084214  -0.156383
     77       0.050558   0.248343  -0.074681   0.121052   0.158809   0.212799
     78       0.027268  -0.058058   0.058374   0.011244   0.013448  -0.052178
     79       0.160976  -0.008713   0.029180   0.040015   0.017169  -0.026682
     80       0.153000   0.019192  -0.053399   0.054124   0.008258  -0.032880
     81       0.068724  -0.014013   0.064183  -0.100530   0.087319  -0.058335
     82      -0.033008  -0.001665  -0.084424   0.212105  -0.130353   0.027011
     83       0.038395  -0.118834  -0.028273   0.389895  -0.167858   0.036435
     84       0.163132   0.075465   0.025918  -0.260007   0.151348  -0.107536
     85      -0.138821   0.011021   0.019573  -0.191418   0.151360  -0.004758
     86       0.104310  -0.058095  -0.053709   0.285958  -0.128631   0.003621
                 12         13         14         15         16         17    
      0      -0.148616   0.023119   0.008248   0.051457   0.040906  -0.157204
      1       0.036004   0.006112  -0.032615   0.025169   0.055632   0.037730
      2      -0.050633  -0.005249   0.047673  -0.042917  -0.052037  -0.037029
      3      -0.098135  -0.009710  -0.016286  -0.044485  -0.108542  -0.078083
      4      -0.012559   0.038209  -0.001651   0.099631   0.175157  -0.055796
      5       0.023271  -0.069723   0.029887  -0.017762  -0.026159   0.008988
      6      -0.081491   0.077651   0.023877  -0.130028  -0.134375   0.005263
      7      -0.042972   0.127950   0.136144  -0.031366  -0.015575  -0.046114
      8       0.029550   0.104769  -0.093793  -0.097672   0.091882   0.089655
      9       0.004947  -0.000338   0.031153   0.011688  -0.023522   0.156291
     10      -0.004126   0.019160   0.056192   0.079809  -0.071487  -0.055948
     11       0.029487   0.037334  -0.138297  -0.013148   0.032129   0.006798
     12       0.144273   0.038681   0.102782  -0.069290   0.116650   0.072232
     13       0.002552   0.037635  -0.050990   0.062521  -0.037896  -0.153993
     14       0.147388   0.046022   0.095113   0.045025  -0.031517  -0.107367
     15       0.100017   0.015229  -0.002970  -0.088151   0.109781   0.000879
     16       0.024434  -0.039020  -0.039869  -0.020581  -0.020968  -0.057820
     17       0.040396  -0.026664  -0.019444   0.054719  -0.085549  -0.080342
     18       0.018667  -0.010098  -0.088543  -0.068486   0.023948  -0.177115
     19       0.099903  -0.030922  -0.036579  -0.025783  -0.032473  -0.078425
     20      -0.069953  -0.045660   0.023021   0.039647  -0.028648   0.087149
     21       0.116988  -0.044284  -0.081920   0.089226  -0.136861   0.047290
     22      -0.111851  -0.023331  -0.037910   0.011863  -0.032300   0.052084
     23      -0.061861  -0.038240   0.028463   0.050829  -0.034168   0.113979
     24       0.107816  -0.041067  -0.066561   0.080754  -0.106187   0.069482
     25      -0.036850   0.105212  -0.099583  -0.022441  -0.054210   0.108048
     26       0.004798   0.017092  -0.009289   0.063065  -0.016049   0.062815
     27      -0.066646   0.043547   0.068610   0.129121   0.061243   0.100571
     28       0.008099  -0.201049   0.110178  -0.135641  -0.032409   0.050621
     29      -0.046922  -0.074162  -0.087416  -0.066997   0.153025  -0.081900
     30      -0.113288  -0.085426   0.030689   0.056804   0.143306   0.005739
     31       0.051247  -0.037206  -0.008443   0.014500   0.089095   0.122916
     32      -0.043941   0.069130   0.053761   0.022240   0.028711  -0.012861
     33      -0.098589   0.024666  -0.022660   0.185261   0.206990  -0.109293
     34       0.044077  -0.039967  -0.031818  -0.041371  -0.078784  -0.017662
     35      -0.078431   0.001095   0.064651  -0.106451  -0.124531  -0.055066
     36      -0.182763   0.011628   0.031441  -0.073476  -0.124894  -0.190537
     37       0.034170   0.071455  -0.030712  -0.013303  -0.041145   0.046502
     38      -0.084395  -0.043120   0.071109  -0.155894  -0.183435  -0.073576
     39      -0.107769  -0.129507   0.027594  -0.000895  -0.222496  -0.144481
     40      -0.050173   0.173679  -0.065623   0.097227   0.324784  -0.045671
     41       0.043753  -0.126426   0.058552  -0.020403  -0.093347   0.010334
     42      -0.033667  -0.002363  -0.114623  -0.081190  -0.039376   0.053606
     43       0.028061  -0.072011   0.036594   0.087505   0.042827  -0.037491
     44       0.034754  -0.186533   0.113557  -0.013978  -0.194167  -0.033678
     45      -0.105039   0.263983   0.060802  -0.350243  -0.248132   0.057741
     46      -0.085000   0.261812   0.233144  -0.240658  -0.045896  -0.007616
     47       0.051043   0.020012  -0.144377   0.024893   0.118078   0.064977
     48      -0.110082   0.057246  -0.035658  -0.078526  -0.039232  -0.086170
     49      -0.028334   0.178175   0.203222  -0.120166  -0.111375   0.031793
     50      -0.033082   0.320505   0.006728  -0.387182  -0.005239   0.105799
     51       0.224218   0.058378   0.186815  -0.099756   0.188574   0.073129
     52       0.150899   0.080736   0.195871   0.101045   0.022152  -0.235887
     53       0.266619   0.082216   0.314939   0.098644   0.000511  -0.192187
     54       0.214957  -0.004615   0.166907  -0.108764   0.160962  -0.027335
     55      -0.187164  -0.007465  -0.328309   0.040660  -0.134131  -0.039029
     56       0.221505   0.110285   0.235637   0.091788   0.000057  -0.108623
     57       0.151297   0.013476   0.050405  -0.105151   0.128666   0.093561
     58       0.085669  -0.040449   0.009415  -0.040345  -0.003029   0.029839
     59       0.117710  -0.005638  -0.122960   0.054536  -0.094612  -0.243191
     60       0.065389   0.000952  -0.119587  -0.084784   0.096772  -0.056662
     61      -0.105030  -0.078974  -0.007883  -0.012082  -0.018277   0.110850
     62       0.027538  -0.030830   0.005864   0.055201  -0.084056  -0.044803
     63       0.004415  -0.005415  -0.101747  -0.098812   0.044135  -0.248668
     64       0.153465  -0.019495   0.044257   0.007342   0.005432   0.146001
     65      -0.113200  -0.014617   0.023611  -0.073772   0.092312  -0.069843
     66       0.204917   0.046486  -0.113146   0.071982  -0.150503   0.065116
     67      -0.221055  -0.070648  -0.015177   0.056305  -0.036748   0.133572
     68       0.078727  -0.033672   0.009959  -0.026001  -0.012948  -0.076514
     69       0.072642  -0.125207  -0.042805   0.165502  -0.159217   0.109373
     70      -0.235112  -0.077804  -0.006654   0.059008  -0.028954   0.131647
     71      -0.249517  -0.047210   0.038566   0.050380  -0.001710   0.192580
     72       0.130668  -0.040296  -0.105790   0.049420  -0.058759  -0.063756
     73      -0.044944   0.218294  -0.289280  -0.157509  -0.070472   0.321891
     74       0.004806   0.078488  -0.117361  -0.014736  -0.022250   0.169890
     75       0.200076   0.004912  -0.103574   0.115752  -0.168160   0.052386
     76      -0.007112   0.144989  -0.146167  -0.033330  -0.081787   0.153861
     77       0.033140  -0.102182   0.165461   0.200176   0.006743  -0.226456
     78      -0.131640   0.079030   0.119660   0.187690   0.022701  -0.019920
     79      -0.007373  -0.262110   0.165887  -0.206966  -0.078240   0.036283
     80      -0.035329  -0.245395  -0.004342  -0.276563   0.087321  -0.033190
     81      -0.086928  -0.110743   0.095544   0.044001   0.073922   0.105782
     82       0.039655   0.121894   0.024935   0.097640   0.025422   0.062546
     83      -0.021769   0.204936   0.174311   0.092099  -0.131664   0.052833
     84      -0.132767  -0.295886  -0.048288  -0.079807   0.282061  -0.052624
     85       0.056047  -0.155556  -0.076363  -0.048673   0.167809   0.147527
     86      -0.051272   0.080831   0.071562   0.020198   0.019880  -0.044080
                 18         19         20         21         22         23    
      0      -0.031664   0.128853  -0.022098   0.003813   0.011378  -0.089998
      1      -0.008534  -0.036223   0.016841   0.009223   0.020136  -0.005159
      2       0.001238   0.026559  -0.010094  -0.001527  -0.080171  -0.005707
      3       0.048561   0.009939   0.004205   0.050343  -0.034503   0.003295
      4      -0.082751   0.141931  -0.037004  -0.061455   0.030156   0.066631
      5       0.009099   0.017928  -0.042010   0.012613  -0.053670   0.011175
      6       0.013498  -0.046015   0.004604   0.007704  -0.043263   0.072267
      7      -0.097313   0.042630   0.082852  -0.085389  -0.006682   0.037140
      8      -0.016472   0.011039  -0.169793   0.137062   0.005826  -0.033155
      9       0.042218  -0.031537  -0.051638  -0.043888  -0.010484   0.071782
     10       0.133633  -0.001198   0.025130   0.022817  -0.038668   0.019487
     11       0.101557   0.002769   0.000172  -0.039195   0.046428   0.040146
     12       0.059860   0.061945   0.045725  -0.005673   0.009405   0.080232
     13       0.186695  -0.033125   0.032889   0.212864   0.024193   0.041648
     14      -0.028019  -0.045088  -0.029396   0.000625   0.012540   0.073788
     15       0.103235   0.064003   0.068691   0.009857  -0.000664   0.020492
     16      -0.051450  -0.019785  -0.018175   0.021818   0.015461   0.039915
     17      -0.140672  -0.065038  -0.068181  -0.013241   0.012314   0.101950
     18      -0.009549  -0.066306  -0.066566  -0.081602  -0.002029  -0.037503
     19      -0.095471  -0.042486  -0.060776  -0.089140  -0.013718  -0.080115
     20      -0.062587   0.030919   0.028066   0.055650   0.001747   0.040711
     21      -0.121220   0.076902   0.060611   0.029158  -0.013808  -0.063330
     22      -0.030361   0.008780  -0.000281  -0.037810  -0.015214  -0.036501
     23      -0.031441   0.045316   0.039434   0.016942  -0.016576  -0.095715
     24      -0.070231   0.045508   0.030997   0.005730   0.002115   0.022710
     25       0.039956   0.027188   0.018837  -0.078117  -0.028989  -0.028085
     26       0.228932   0.039769   0.028590  -0.169363  -0.003268  -0.090981
     27      -0.001428  -0.133500  -0.074817   0.006020   0.034411   0.008074
     28       0.057155   0.044425  -0.103263   0.019872  -0.007199  -0.009520
     29      -0.056062  -0.020769   0.202732  -0.000049  -0.002827   0.034760
     30      -0.029190  -0.077678  -0.034842   0.002825   0.052368  -0.032190
     31       0.000481  -0.173425   0.023639   0.021621   0.001290  -0.063395
     32      -0.011062  -0.041508   0.021600  -0.001848  -0.024709  -0.000487
     33      -0.061654   0.044690  -0.021254   0.030217  -0.421898  -0.049519
     34       0.030120   0.116751  -0.046257   0.016727   0.060308   0.019897
     35       0.012565   0.051270  -0.004093  -0.015684   0.149312  -0.033348
     36       0.009056   0.178767  -0.015903  -0.004261   0.339885  -0.126337
     37       0.025869  -0.128598   0.099078   0.035364  -0.032746  -0.017773
     38       0.029140   0.112081  -0.033400  -0.021785   0.278746  -0.035263
     39       0.106781  -0.066595   0.190990  -0.034154   0.018460  -0.024370
     40      -0.140034   0.331171  -0.315657   0.064594  -0.336603   0.091838
     41       0.033271  -0.075543   0.088134  -0.045812   0.136250   0.001637
     42       0.066551  -0.064457  -0.125282   0.178873   0.012776   0.006830
     43      -0.023845  -0.045030   0.185783  -0.145959   0.322866   0.052027
     44       0.062365  -0.141209   0.244582  -0.129822   0.226152  -0.009798
     45      -0.056003  -0.269995   0.183400   0.044633   0.059364  -0.066628
     46      -0.332070  -0.063934   0.175066  -0.054375   0.013941  -0.085726
     47       0.103965   0.084529  -0.233061   0.118839  -0.014858   0.039739
     48      -0.017821   0.059819  -0.034884   0.020761  -0.018184   0.097518
     49      -0.106850  -0.080373   0.151490  -0.096748  -0.014502  -0.008235
     50      -0.250885  -0.192209   0.035859   0.174344   0.095386  -0.209479
     51       0.050997   0.102410   0.120249   0.106350   0.010457  -0.188957
     52       0.111205   0.006881   0.098777   0.425019  -0.011755  -0.321900
     53      -0.102183  -0.020500   0.007896   0.171802  -0.024337  -0.190330
     54      -0.103710   0.088518   0.076929   0.057211   0.009748   0.038613
     55       0.280828  -0.096287  -0.069259  -0.050746   0.056221   0.494283
     56       0.038721  -0.023450   0.015317   0.136778  -0.008309  -0.202220
     57       0.050265   0.098737   0.065170  -0.088759  -0.012074   0.065380
     58      -0.107374   0.009148  -0.028305  -0.084735   0.001692   0.056019
     59      -0.048236  -0.121292  -0.062276   0.136449   0.019561  -0.246307
     60       0.177169   0.053221   0.109299   0.169526   0.001892  -0.295731
     61      -0.088535   0.055164   0.026323   0.003379   0.005176   0.181141
     62      -0.163287  -0.053409  -0.071244  -0.047985   0.010132   0.181991
     63       0.000237  -0.126865  -0.132107  -0.169143  -0.004989  -0.096280
     64       0.002690   0.166806   0.174382   0.186388   0.002850   0.123121
     65       0.058674  -0.091952  -0.095779  -0.123792   0.005193  -0.036605
     66      -0.003015   0.038983   0.019772  -0.211620  -0.089548  -0.147607
     67      -0.050374   0.086458   0.083714   0.145754   0.036021   0.024510
     68      -0.119265  -0.078598  -0.096777  -0.127152  -0.047729  -0.148035
     69      -0.161721   0.166179   0.151015   0.226190   0.055523  -0.023013
     70      -0.043494   0.091736   0.091269   0.164763   0.044836   0.032424
     71      -0.014713   0.097773   0.107868   0.179527   0.018708   0.003071
     72       0.049094  -0.008020  -0.030583  -0.148641   0.000028   0.094932
     73      -0.167477   0.126399   0.028974   0.022352   0.093726  -0.044492
     74       0.124587   0.092973   0.028269  -0.129911   0.064592  -0.098199
     75      -0.075977   0.107091   0.103065   0.096156   0.030680   0.039195
     76      -0.002386   0.070121   0.048113  -0.025786   0.003212  -0.032509
     77       0.463647  -0.068826   0.024116  -0.289252  -0.123389  -0.046844
     78       0.005313  -0.114091  -0.018517   0.024026  -0.024616   0.031517
     79       0.090403   0.181796  -0.248472   0.009234   0.042722  -0.015579
     80       0.008144   0.274461  -0.138974  -0.034507   0.147042   0.011027
     81       0.018819  -0.150450  -0.132324   0.013165  -0.012414   0.014777
     82       0.013331   0.005392  -0.118389  -0.007996   0.265976  -0.149543
     83       0.065385   0.054842  -0.251656  -0.021638   0.166736  -0.024411
     84      -0.081367  -0.124959   0.189497   0.026363  -0.077912   0.022674
     85      -0.036250  -0.345487   0.218314   0.050596  -0.283347  -0.008078
     86      -0.001552   0.056378  -0.035162  -0.012735   0.122698  -0.017436
                 24         25         26         27         28         29    
      0      -0.151806   0.094397   0.044666   0.041428  -0.031665   0.001306
      1      -0.001785  -0.010838  -0.044461  -0.026349  -0.077304   0.075059
      2       0.001620   0.079217  -0.021987  -0.001024  -0.009274  -0.041206
      3       0.009477  -0.041001  -0.007702  -0.016386   0.007539   0.028569
      4       0.117263  -0.043445  -0.053985  -0.037079   0.054548  -0.061682
      5      -0.000725  -0.004561   0.023679   0.020478   0.012586   0.030674
      6       0.101633  -0.040617   0.030671   0.015640   0.074230  -0.087042
      7       0.026424   0.011393   0.056752   0.047808  -0.018697   0.005153
      8      -0.048861  -0.067440   0.020208  -0.015538   0.019674  -0.010465
      9       0.032887  -0.032675   0.048189   0.055965  -0.097597   0.095694
     10      -0.036630  -0.059361   0.065274  -0.023270  -0.027292  -0.029274
     11       0.021747   0.059264   0.020064   0.002469  -0.055746  -0.080002
     12      -0.035673   0.023744  -0.028011   0.048396   0.038689   0.112703
     13       0.030473   0.036659  -0.038544  -0.003427   0.004423   0.080899
     14      -0.012436   0.042289   0.038513  -0.080610  -0.037325  -0.004644
     15      -0.036385   0.009655   0.036942  -0.085215  -0.021280  -0.087974
     16      -0.003278   0.029791  -0.048178   0.096536   0.052073  -0.023424
     17      -0.050638   0.023628  -0.051355   0.067671   0.085657   0.056354
     18       0.021502   0.011704   0.020974  -0.031297   0.018036  -0.009636
     19       0.049561  -0.013148   0.072711  -0.062498  -0.057115   0.009543
     20      -0.039558  -0.030180  -0.030769   0.045353  -0.054874  -0.105873
     21      -0.010959   0.001272  -0.022415  -0.087512   0.097657   0.050921
     22      -0.018426  -0.047804  -0.024831  -0.008743  -0.008014   0.003621
     23       0.042544  -0.030038   0.043598  -0.092372  -0.020363   0.074027
     24      -0.006910  -0.019829  -0.007404   0.087593  -0.114773  -0.068077
     25      -0.071807  -0.066581  -0.072001   0.004344   0.014031  -0.029610
     26       0.047311   0.064375  -0.019598   0.031740   0.098789   0.063783
     27       0.036993  -0.030674  -0.026910  -0.020855  -0.033093   0.044669
     28      -0.009747  -0.002557   0.021486   0.010624   0.046490   0.009214
     29      -0.005506  -0.102619   0.044179   0.024932  -0.015594   0.090608
     30       0.002004   0.035504  -0.023558  -0.032190   0.039781  -0.044059
     31      -0.086945   0.085501   0.061919   0.042625   0.053525  -0.067172
     32       0.026221   0.019366  -0.020021  -0.019404   0.037308  -0.035815
     33      -0.060040   0.356155  -0.108557  -0.007471  -0.127733  -0.052026
     34      -0.029746  -0.131433  -0.014958  -0.002951  -0.183080   0.299435
     35      -0.048573  -0.044927   0.059700   0.023802   0.057933  -0.042047
     36      -0.234435  -0.114200   0.167226   0.081053   0.021120   0.072632
     37      -0.017420   0.009016  -0.044606  -0.023505  -0.136762   0.095661
     38      -0.071354  -0.144272   0.100659   0.036403   0.068882   0.022629
     39       0.035671   0.088963  -0.164117  -0.100153  -0.109521   0.003090
     40       0.052300  -0.011938   0.007007   0.031107   0.002816   0.149287
     41       0.033591  -0.034383   0.006495  -0.008248   0.052531  -0.081958
     42       0.021016  -0.230457  -0.044096  -0.094634   0.033254   0.153952
     43       0.184013  -0.089131  -0.131530  -0.118419   0.072395  -0.191662
     44       0.056199   0.036234  -0.036784  -0.026731   0.020286  -0.161222
     45       0.000964   0.118644  -0.196849  -0.128214  -0.070192  -0.093365
     46      -0.091369   0.084077  -0.171202  -0.064129  -0.036532   0.205535
     47       0.017420  -0.119354   0.152372   0.051548   0.043315  -0.106189
     48       0.210885  -0.099980  -0.009852  -0.032533   0.266376  -0.252244
     49      -0.084718   0.087227   0.040613   0.062692  -0.194938   0.165077
     50      -0.185365   0.093032  -0.310197  -0.210118  -0.036250   0.089431
     51       0.120219  -0.055507  -0.099687   0.286329   0.017417  -0.007281
     52       0.156903  -0.121877  -0.101285   0.151047   0.013012  -0.054817
     53       0.052423  -0.088127   0.006421  -0.022837  -0.018766  -0.100112
     54      -0.082913   0.018772  -0.138476   0.175251   0.302896   0.158383
     55      -0.128406   0.208281   0.077575  -0.233527  -0.058554   0.240220
     56       0.136121  -0.071678   0.043330  -0.017964  -0.205543  -0.145807
     57      -0.085601   0.001874   0.087827  -0.126119  -0.063808  -0.120000
     58      -0.029103   0.014276   0.010893   0.070738  -0.011253  -0.053217
     59       0.230884  -0.033496  -0.120871   0.362827   0.000610   0.057888
     60       0.185900  -0.072323  -0.071869   0.233097  -0.101493  -0.185724
     61      -0.156385   0.007673  -0.054194   0.004188   0.048610  -0.155974
     62      -0.114984   0.034341  -0.031860  -0.003633   0.097911   0.054462
     63       0.092056   0.006305   0.058565   0.063403  -0.063319   0.061569
     64      -0.164437   0.025761   0.020218  -0.411232   0.099982  -0.316333
     65       0.099236  -0.024555   0.072107   0.248195  -0.290390  -0.044168
     66      -0.178638  -0.201668  -0.248828  -0.042936   0.189750   0.083108
     67       0.075343   0.100975   0.075441   0.007247  -0.002794   0.000817
     68       0.021309  -0.135621   0.069001  -0.180703  -0.128284   0.047662
     69       0.164279   0.230842   0.155604  -0.069692   0.106818   0.094248
     70       0.094103   0.127994   0.098526   0.010063  -0.009905  -0.005614
     71       0.037037   0.031482   0.049092  -0.054687  -0.032396  -0.017789
     72      -0.148483  -0.103048  -0.194921   0.217794  -0.219831  -0.315123
     73       0.250298   0.277993   0.123585   0.103594   0.051875   0.046897
     74       0.213134   0.248823   0.069182   0.093737   0.112517   0.086389
     75       0.060928   0.119732   0.102608   0.085892  -0.111407  -0.104583
     76       0.020605   0.052100   0.012773   0.016998   0.036267  -0.010462
     77      -0.328492  -0.298989  -0.264143  -0.051006   0.008882  -0.119962
     78       0.045978  -0.152885   0.034471  -0.041340   0.034642   0.066920
     79       0.079789   0.123348  -0.209536  -0.087679  -0.145214   0.003952
     80       0.186452   0.238826  -0.492321  -0.166031  -0.482459   0.086763
     81       0.122712   0.044871  -0.078175  -0.081628   0.090257  -0.107518
     82      -0.261356   0.064139   0.150471   0.096051   0.020761  -0.017508
     83       0.005835   0.002663   0.002566  -0.027854   0.069610  -0.064264
     84       0.057382  -0.055308  -0.018894  -0.023721   0.102393   0.032834
     85       0.029090   0.160521  -0.030349   0.006985   0.017427  -0.108688
     86      -0.033800  -0.062149   0.044460   0.008404   0.076222   0.022387
                 30         31         32         33         34         35    
      0       0.033945   0.013254   0.046943   0.003135  -0.082078   0.011241
      1      -0.055068   0.013148  -0.040176  -0.011550  -0.044850   0.057357
      2       0.009160  -0.038065   0.034643   0.011214  -0.044945   0.023824
      3      -0.068541   0.047953  -0.022155  -0.013049   0.068450  -0.111268
      4       0.012176  -0.067035   0.061230   0.016284  -0.020139  -0.025954
      5       0.023360  -0.038552  -0.066860   0.004064   0.085728   0.027870
      6       0.089112  -0.012952  -0.001469   0.005957   0.021390   0.111973
      7       0.033214   0.101042  -0.049476  -0.026361   0.015992  -0.043694
      8      -0.034830   0.063041   0.063795  -0.016457  -0.056667  -0.001186
      9       0.099646  -0.023403  -0.028282   0.014817  -0.083787   0.001037
     10      -0.086783   0.018814   0.054528  -0.053200  -0.019377   0.076376
     11       0.017865  -0.017823  -0.013163  -0.045523  -0.037171  -0.022288
     12       0.033354  -0.008640   0.106438  -0.038629   0.002567  -0.025473
     13       0.085552  -0.009922   0.031273   0.094237   0.035060  -0.017333
     14       0.024761  -0.039864  -0.030599  -0.045644   0.009182  -0.071985
     15      -0.049435   0.009133  -0.037898   0.044062   0.033037   0.017745
     16      -0.024525  -0.011763  -0.076921  -0.089323  -0.037192  -0.008161
     17      -0.033883   0.041028   0.008748   0.042928  -0.015925   0.057768
     18      -0.007863   0.009495  -0.062964  -0.001965  -0.042360  -0.002978
     19      -0.015270  -0.000677   0.051484   0.007441   0.037511   0.023180
     20      -0.013208  -0.005151  -0.037760   0.001226   0.000404  -0.019581
     21       0.051175   0.009722  -0.008118  -0.072062  -0.011599   0.020549
     22       0.058806   0.005079   0.010147   0.086930  -0.021432  -0.048930
     23       0.074873  -0.016252   0.070785  -0.003540   0.013757  -0.019036
     24      -0.034819  -0.020336   0.050148   0.091798   0.044593  -0.049176
     25       0.003152  -0.010563   0.013209  -0.062662   0.041805   0.028405
     26      -0.075135   0.019495  -0.052905   0.053164   0.005681   0.008809
     27      -0.040926   0.019572  -0.043927  -0.000545  -0.036347   0.047701
     28      -0.042255  -0.055601   0.012199   0.020562  -0.070890  -0.041715
     29      -0.001589  -0.034777  -0.033124   0.020803  -0.007810   0.056612
     30      -0.003294  -0.018997  -0.028380  -0.012415   0.090354  -0.006052
     31       0.091889   0.008526   0.001473   0.004179   0.084089   0.002401
     32      -0.011295   0.064183   0.041855  -0.018145   0.010981  -0.073829
     33      -0.019322  -0.126965   0.069687   0.032799  -0.193122   0.108589
     34      -0.159060  -0.128796  -0.255730   0.015878  -0.047375   0.188607
     35       0.052377   0.054405   0.049371  -0.008279   0.017344  -0.045559
     36       0.047289   0.156765   0.003481  -0.031731   0.002319  -0.078347
     37      -0.110368   0.303479   0.024199  -0.081454  -0.187489  -0.071435
     38       0.044933  -0.004795  -0.034417   0.002825   0.097974  -0.016374
     39      -0.207662  -0.141358   0.055454   0.036762  -0.103252  -0.098623
     40      -0.009085  -0.189439  -0.224099   0.027257   0.247365   0.003146
     41       0.048239   0.045399   0.079347  -0.006971  -0.042395   0.010358
     42      -0.219732   0.103646  -0.051675  -0.056897   0.235581  -0.335802
     43      -0.024601   0.009673   0.263458   0.003264  -0.216379  -0.085691
     44       0.053502   0.016514   0.157205   0.010354  -0.193408   0.070356
     45      -0.082446  -0.303894   0.133010   0.064442  -0.192949   0.255279
     46      -0.064656  -0.145054  -0.105730   0.023040   0.226994  -0.233561
     47       0.026697   0.209957   0.077325  -0.047130  -0.134350   0.075335
     48       0.160830  -0.002080   0.096127   0.033331   0.120626   0.158363
     49      -0.052130   0.033907  -0.130331  -0.039407  -0.057290  -0.091295
     50      -0.202560  -0.308699   0.110628   0.051832   0.020222  -0.043420
     51       0.102979  -0.074606  -0.023216  -0.159382  -0.117732  -0.094840
     52       0.009699   0.089896  -0.050034   0.275627   0.016960   0.153995
     53      -0.087435   0.090455  -0.062040   0.194462   0.041049   0.133890
     54      -0.115837   0.117223   0.151989   0.146507   0.045372   0.112575
     55       0.173891  -0.131983   0.125991  -0.121154   0.056416  -0.204730
     56       0.086734  -0.055695  -0.130926  -0.042919  -0.040421  -0.052484
     57      -0.136815   0.024549   0.042298  -0.004072   0.099087   0.078727
     58      -0.106519  -0.009255   0.017183  -0.172420   0.033432   0.044719
     59       0.136225  -0.119056  -0.079797  -0.342979  -0.127996  -0.146900
     60       0.074166  -0.116722  -0.160664  -0.273286  -0.083584  -0.127084
     61      -0.114601   0.074363  -0.098164   0.134347   0.001770   0.101201
     62      -0.070197   0.077437   0.029857   0.136993   0.011342   0.101057
     63      -0.057130  -0.014911   0.115902  -0.017657   0.076555   0.028337
     64       0.061538   0.067602  -0.538740   0.137155  -0.271629  -0.082746
     65      -0.177306  -0.061769   0.295862   0.030381   0.280299   0.031091
     66       0.237944   0.029245  -0.045427   0.113416  -0.056019  -0.085069
     67      -0.091451  -0.017338   0.016900  -0.113314   0.040971   0.048648
     68       0.201178   0.012319   0.099169   0.234912  -0.068779  -0.118675
     69      -0.200865  -0.005757   0.047308  -0.263524   0.111461   0.172908
     70      -0.129531  -0.018680   0.016486  -0.123841   0.054088   0.062330
     71       0.012429  -0.043253  -0.007386  -0.186472   0.000199   0.003260
     72       0.018804  -0.009248  -0.029338   0.224079   0.061212  -0.189700
     73      -0.133935   0.047203  -0.084508   0.240707  -0.046425  -0.086870
     74      -0.144053   0.053434  -0.114709   0.230492  -0.040005  -0.066706
     75      -0.304496  -0.024297   0.153788  -0.049997   0.202551   0.066602
     76      -0.119540  -0.000466   0.029583  -0.058515   0.074940   0.055151
     77       0.028360  -0.038811   0.063777  -0.266191   0.154431   0.102379
     78      -0.249331  -0.019013  -0.008168  -0.010151  -0.192829   0.073949
     79       0.026487   0.155256   0.005650  -0.044878   0.016547   0.094681
     80       0.298558   0.432545  -0.081092  -0.103515   0.280908   0.339053
     81      -0.096307  -0.020542  -0.029901  -0.032130   0.065076  -0.185199
     82       0.185123  -0.201170  -0.125202   0.045535   0.202973   0.256756
     83      -0.036722  -0.158885  -0.091229  -0.000174   0.099221  -0.045588
     84      -0.075080   0.074888   0.044452   0.000985   0.025226  -0.131536
     85       0.047132   0.278929   0.165149  -0.042874  -0.086634  -0.139222
     86      -0.004301  -0.089817  -0.046785   0.020008   0.097341  -0.010896
                 36         37         38         39         40         41    
      0       0.074076   0.014895   0.019867  -0.024924   0.021796   0.008140
      1      -0.043825   0.002608   0.074467  -0.161237  -0.029892  -0.009665
      2      -0.046850  -0.029240  -0.043306   0.024897  -0.092371  -0.065806
      3      -0.044482  -0.015322  -0.048745   0.116911  -0.003437  -0.026177
      4       0.055727  -0.007545  -0.060735   0.031836   0.040921   0.027097
      5       0.027431   0.029554   0.034319  -0.009798   0.076191   0.076976
      6       0.004849   0.015854   0.041748  -0.063106  -0.014951   0.015603
      7      -0.084814  -0.012413   0.021792   0.051538  -0.053890  -0.064493
      8      -0.006480  -0.022900  -0.031018  -0.015962  -0.059841  -0.028717
      9       0.079383  -0.057192  -0.152863  -0.118536   0.041747  -0.031157
     10      -0.055365  -0.009281  -0.051242   0.005051   0.077895   0.172763
     11      -0.129471   0.006907   0.056990   0.119333   0.113430  -0.010427
     12      -0.064391   0.046385   0.009659   0.013625   0.061253   0.005620
     13       0.014368  -0.003206   0.019165  -0.013543   0.010001  -0.072342
     14       0.067239  -0.018859   0.051328  -0.007412  -0.097488   0.027730
     15       0.044977  -0.074056   0.031431   0.003314  -0.066528   0.006837
     16       0.043253  -0.031152  -0.003943  -0.012390  -0.150377   0.100714
     17      -0.025381   0.001354  -0.046412   0.002449   0.041225  -0.005534
     18       0.000124   0.059493  -0.049256  -0.014066   0.016143   0.002677
     19       0.001326   0.021947  -0.014110  -0.006681   0.083295  -0.102546
     20       0.019467  -0.030149   0.018219   0.005323   0.126210  -0.066438
     21      -0.017081  -0.080470   0.040365   0.036802   0.066253  -0.043919
     22      -0.038504  -0.045790   0.052704   0.023162   0.003416   0.107544
     23      -0.042480   0.057473   0.011294  -0.000910  -0.134313   0.053171
     24       0.012561   0.064546   0.001654  -0.037906  -0.094919   0.051839
     25       0.033864   0.046677  -0.031157  -0.036276  -0.024781  -0.099497
     26       0.067847   0.002049  -0.025180  -0.027592  -0.017654   0.000497
     27       0.054449   0.041731   0.060736   0.211965  -0.020647  -0.016949
     28       0.021745   0.011189   0.040115   0.043129  -0.010395  -0.058001
     29       0.008905  -0.006090  -0.018895   0.049252  -0.044293  -0.034079
     30      -0.115703  -0.032917  -0.003230  -0.175788  -0.025750   0.000319
     31       0.008165   0.002769  -0.040629   0.084023   0.020425   0.025566
     32       0.040136   0.006763   0.013029  -0.126525   0.087387   0.069164
     33      -0.143632  -0.063688  -0.041398  -0.006453  -0.197652  -0.149476
     34      -0.137452   0.068668   0.325707  -0.237829   0.136930   0.033371
     35       0.082480   0.005420  -0.040373   0.022280   0.008348   0.016591
     36       0.218002   0.089007   0.134613  -0.086162   0.210676   0.113757
     37       0.050241   0.066441   0.297611  -0.341675  -0.056605  -0.172207
     38       0.065007   0.021955  -0.013184   0.027226   0.114496   0.109324
     39      -0.279595  -0.119668  -0.211893   0.267974   0.021551   0.007059
     40      -0.003317   0.048464   0.029990   0.078950   0.225049   0.177668
     41       0.078777   0.008165  -0.000181  -0.048994  -0.024810  -0.007866
     42      -0.050109  -0.126728  -0.382505   0.062507  -0.083770   0.083804
     43       0.023411  -0.100189  -0.214672  -0.010110  -0.112554  -0.070000
     44      -0.002518  -0.014006   0.030768  -0.025849  -0.045972  -0.071803
     45      -0.061755  -0.029504  -0.049076  -0.063292   0.208511   0.307400
     46       0.253166   0.073301  -0.015506   0.058415   0.027696  -0.121456
     47      -0.161990  -0.059275  -0.005102  -0.017782  -0.117330  -0.024645
     48       0.177443   0.149062   0.255004   0.083800  -0.106209  -0.097128
     49      -0.201073  -0.117328  -0.164208  -0.062999   0.057362   0.051504
     50       0.217777   0.060109  -0.017909   0.058328   0.138539   0.098559
     51      -0.179589   0.087510   0.015788   0.101935   0.331839  -0.026369
     52       0.004667  -0.062392  -0.109490  -0.053116   0.075704  -0.131761
     53       0.101240  -0.096633  -0.079045  -0.079262  -0.144164  -0.023450
     54      -0.243739   0.200488   0.015961   0.018873  -0.169646   0.031886
     55       0.127604  -0.012966   0.113014  -0.038165  -0.078956   0.011850
     56       0.133098  -0.135899  -0.022628   0.002740   0.149503  -0.052779
     57       0.071871  -0.210701   0.083988   0.053184  -0.118411   0.069305
     58       0.078009  -0.171281   0.054409   0.036586  -0.210005   0.163269
     59       0.009486   0.110452  -0.021378  -0.031872  -0.110158   0.104136
     60       0.039172  -0.076039   0.087595   0.042191  -0.016855   0.165659
     61       0.017617  -0.199144   0.019375   0.055970   0.166245   0.043491
     62      -0.028458  -0.024247  -0.054751   0.004958   0.092290  -0.050410
     63       0.028401  -0.055844   0.028805   0.001142   0.006625  -0.044632
     64       0.003902   0.399026  -0.262550  -0.104427   0.109900  -0.066535
     65       0.150696  -0.267199   0.176563  -0.002173   0.094833  -0.209975
     66       0.011302  -0.383801   0.225434   0.065847  -0.043356   0.112148
     67       0.041866   0.034434  -0.036580  -0.019815  -0.018081  -0.074969
     68      -0.246874   0.202405   0.016032   0.065861   0.034637   0.275527
     69       0.098432  -0.012754  -0.055054   0.000591   0.183131  -0.265143
     70       0.054193   0.073891  -0.061723  -0.030921  -0.000813  -0.105203
     71       0.003103   0.189440  -0.086943  -0.056238  -0.259390  -0.097586
     72      -0.075862   0.225839   0.111699   0.020749  -0.102317  -0.221720
     73      -0.013890  -0.011900   0.064294   0.047380  -0.006545   0.063054
     74       0.032591  -0.015125   0.038717   0.025337  -0.011279   0.063279
     75       0.031860   0.242449  -0.078465  -0.072038  -0.052537   0.231100
     76       0.043954   0.082172  -0.051071  -0.043070  -0.001208   0.007150
     77       0.045403   0.176408  -0.069065  -0.040883  -0.045482  -0.215241
     78       0.047859   0.081162   0.193018   0.328649  -0.070914   0.050330
     79       0.035787   0.034381   0.025656   0.138381  -0.005561   0.085795
     80       0.049927   0.008739  -0.153963   0.166012  -0.012119   0.203655
     81      -0.217179  -0.025790   0.151542  -0.325067   0.069196  -0.152692
     82      -0.172802  -0.054087  -0.175049   0.227060  -0.226061  -0.006528
     83      -0.278942  -0.045223   0.069395  -0.182343  -0.042794  -0.163734
     84       0.076315   0.031772   0.071709  -0.270161   0.165924   0.136670
     85       0.273448   0.071231   0.032720   0.124582   0.170914   0.106041
     86      -0.073002  -0.016335  -0.008322  -0.150980   0.036734   0.048397
                 42         43         44         45         46         47    
      0       0.013163  -0.001176  -0.024575  -0.002730   0.023506   0.005391
      1      -0.042033  -0.027300  -0.055792  -0.011115   0.001938   0.028329
      2      -0.053938  -0.038462  -0.017212  -0.003234  -0.003586   0.016554
      3       0.024971  -0.001543   0.049839   0.024218  -0.010719  -0.020766
      4       0.028918   0.014222  -0.000500   0.011152   0.022172  -0.021553
      5       0.020561   0.008843  -0.033776   0.024525   0.023956  -0.020524
      6      -0.030491   0.002111  -0.051059  -0.025561   0.024929   0.020580
      7       0.002476   0.016052   0.036194  -0.028172  -0.020731   0.012869
      8      -0.031865   0.021366   0.046556  -0.031667  -0.031403  -0.004294
      9       0.064641  -0.011815   0.035438   0.029934   0.004339  -0.038452
     10      -0.061180  -0.030465  -0.008093   0.088293  -0.027484  -0.036537
     11       0.119586  -0.026857  -0.028548   0.056076   0.073632   0.031917
     12      -0.079617  -0.001817   0.008687   0.013499  -0.054758  -0.001613
     13       0.014411   0.009492  -0.009207  -0.007016   0.006069   0.022135
     14      -0.059965   0.025964   0.001296  -0.044223   0.034460  -0.042225
     15       0.089650  -0.015767  -0.009851  -0.033546   0.024735   0.002191
     16       0.063837   0.001233   0.009438  -0.000804   0.002376  -0.017539
     17       0.095007  -0.053781  -0.003140  -0.013156  -0.019664   0.040431
     18      -0.032651   0.001581   0.017022   0.019710  -0.010258   0.020407
     19      -0.036137   0.026561  -0.009999   0.009972   0.021237   0.017377
     20      -0.144054   0.029460   0.009283   0.021723  -0.014538  -0.007185
     21      -0.003956   0.015633  -0.036096   0.009185  -0.024721  -0.030013
     22      -0.061400  -0.035197   0.038359  -0.015514   0.008145   0.007576
     23       0.103466  -0.000177  -0.011530  -0.008133   0.013476   0.011476
     24       0.005103  -0.000654   0.023726   0.014975   0.039275   0.038087
     25       0.052723   0.015353  -0.008389  -0.035159   0.005725  -0.020041
     26      -0.048248  -0.001809   0.013439  -0.006114  -0.012580  -0.002462
     27       0.004317   0.015164  -0.000630  -0.020317   0.015053   0.010238
     28       0.017172  -0.008086  -0.011558  -0.009927   0.008620   0.009617
     29      -0.029529  -0.020045   0.021067   0.019796   0.000630  -0.031203
     30      -0.037385  -0.026987  -0.004127   0.015007  -0.021678  -0.011611
     31       0.013457   0.027945   0.032022  -0.005709  -0.009173  -0.002864
     32       0.036124   0.043882  -0.016239  -0.031266  -0.017314   0.027299
     33      -0.099113  -0.044016  -0.010949  -0.050517  -0.026275   0.069842
     34       0.155427   0.232573   0.222765  -0.185778  -0.143163   0.131756
     35      -0.016526  -0.046195  -0.059958   0.043572   0.041854  -0.030129
     36       0.138396   0.044419   0.041161   0.044802   0.037869  -0.065357
     37       0.012366  -0.247884   0.065805   0.260979   0.065089  -0.231009
     38       0.053511   0.095690   0.000783  -0.061327  -0.013900   0.045481
     39       0.123981   0.301940   0.332694  -0.143052  -0.178850  -0.051854
     40       0.129326   0.110958   0.033242   0.032116   0.015757  -0.077942
     41      -0.040905  -0.070995  -0.079953   0.029921   0.045895   0.010735
     42      -0.199933  -0.116232  -0.435744  -0.045457   0.135297   0.135497
     43      -0.066671  -0.014234  -0.090910  -0.053629   0.032700   0.046323
     44       0.023104   0.032664   0.098687  -0.010364  -0.035236  -0.022275
     45       0.066627   0.228863  -0.051232  -0.020113   0.052768  -0.095033
     46       0.016802  -0.272210  -0.006272   0.141292  -0.007466   0.042654
     47      -0.047510   0.136300   0.066128  -0.109540  -0.039829  -0.009923
     48      -0.091713  -0.179638   0.228025   0.124504  -0.215778   0.000098
     49       0.068103   0.156117  -0.202011  -0.128922   0.184545   0.022340
     50       0.029447  -0.093515   0.075901   0.145085  -0.055264  -0.050742
     51       0.069881  -0.272745  -0.042951  -0.143229  -0.014368   0.280878
     52       0.204570  -0.006396  -0.000337   0.074081  -0.038250   0.033333
     53       0.083102   0.122771   0.029165   0.105689  -0.019508  -0.149186
     54      -0.096302   0.243653  -0.032155   0.109096   0.406056  -0.234716
     55      -0.212381   0.009607   0.022949  -0.068434  -0.130337  -0.018216
     56       0.113828  -0.171575   0.013034  -0.074458  -0.239503   0.170548
     57       0.181210   0.012791  -0.048486   0.222169  -0.242375   0.147931
     58       0.134235   0.051058  -0.029816   0.303432  -0.301783   0.149558
     59      -0.196233   0.086832   0.040841   0.091745  -0.036992  -0.024331
     60      -0.084233  -0.081573  -0.014878  -0.225340   0.071963  -0.269053
     61       0.204564  -0.247758  -0.034039  -0.345362   0.080667  -0.204252
     62       0.142942  -0.082105  -0.007726  -0.034141  -0.016593   0.061757
     63       0.002974   0.014804  -0.000429   0.000006   0.027576   0.010589
     64      -0.276642   0.057947   0.112806   0.069243   0.099006   0.117969
     65      -0.183043   0.102725   0.037717  -0.009263   0.188857   0.025026
     66      -0.203266   0.089642   0.121917   0.115424   0.195822   0.257560
     67       0.045359   0.030124  -0.018142   0.018525   0.009386   0.012308
     68       0.073465  -0.216976  -0.059661  -0.199917  -0.224588  -0.308489
     69       0.008099  -0.028995  -0.044607  -0.188311  -0.049723  -0.232125
     70       0.035257   0.023108  -0.016673  -0.008537  -0.003171  -0.006372
     71       0.238647   0.179936  -0.110541   0.264089   0.007595   0.236813
     72       0.091308   0.181172  -0.409878   0.021867  -0.398723  -0.257032
     73      -0.087501   0.045517  -0.124606   0.044409  -0.158852  -0.087998
     74      -0.115265   0.030522  -0.088701   0.035615  -0.139375  -0.064766
     75      -0.165083  -0.220174   0.299015  -0.256841   0.076166   0.187454
     76      -0.045376  -0.065767   0.093152  -0.112323   0.014149   0.036083
     77       0.122826  -0.011109   0.019393  -0.146555   0.000133  -0.014900
     78      -0.151679  -0.040416  -0.210662  -0.024864   0.001694   0.049056
     79      -0.068069  -0.006040  -0.067053  -0.013585  -0.000549   0.026030
     80      -0.102198   0.014937   0.059690   0.020806  -0.005702  -0.032562
     81       0.206693  -0.055779   0.220153   0.144996   0.117432  -0.142619
     82      -0.241206  -0.058947  -0.084606  -0.008568  -0.067380   0.011766
     83       0.091287  -0.084297   0.155622   0.136318   0.102444  -0.129302
     84       0.046815   0.190239  -0.073218  -0.212667  -0.121684   0.214470
     85       0.121807   0.048768   0.017771   0.028623   0.065402  -0.050263
     86      -0.011888   0.094158  -0.026473  -0.122738  -0.093588   0.126504
                 48         49         50         51         52         53    
      0      -0.042969  -0.001853   0.009083  -0.003243   0.001663  -0.005451
      1       0.017764   0.003832  -0.027910  -0.024507  -0.038316   0.048629
      2      -0.003852   0.036263  -0.010208  -0.007363   0.020449  -0.013397
      3       0.036015   0.002275  -0.015871  -0.028211  -0.046079   0.062534
      4      -0.002049  -0.032571  -0.006010  -0.010802  -0.016723   0.006282
      5       0.023581  -0.056352  -0.005458   0.012846   0.033030  -0.026807
      6      -0.028310  -0.024418  -0.017519  -0.027310  -0.063446   0.023159
      7       0.007000   0.007626   0.010806   0.027985   0.060595  -0.041617
      8       0.011736  -0.008243   0.009290   0.000193  -0.045964   0.019983
      9       0.019664   0.052658  -0.024536   0.009671   0.031551  -0.016841
     10       0.018624   0.065846   0.059212   0.009648  -0.010239   0.049889
     11       0.004359   0.065599  -0.076563  -0.033557   0.049285   0.007001
     12      -0.014319  -0.019872   0.017594  -0.081906   0.034393   0.032555
     13      -0.007254  -0.017314  -0.019136   0.022312  -0.023263  -0.039032
     14       0.017044   0.016484   0.021424   0.036147  -0.040597  -0.035402
     15       0.011837  -0.004889   0.007467   0.026918   0.023449   0.043678
     16      -0.005558   0.001675  -0.014883   0.008636   0.051310   0.072289
     17       0.014280  -0.017586   0.033987   0.005891   0.003763   0.014559
     18      -0.007483  -0.007774  -0.007971   0.002252  -0.001384  -0.003179
     19       0.027547   0.001804   0.050531  -0.034814  -0.006727  -0.022170
     20      -0.023296  -0.004126  -0.037317   0.001150  -0.008827  -0.017529
     21      -0.006080   0.010059  -0.008315  -0.013055  -0.024249  -0.034430
     22      -0.023325  -0.010970  -0.039055  -0.006672   0.008754  -0.005593
     23       0.010780  -0.011872   0.021669   0.009375   0.054763   0.063672
     24       0.025165   0.022612   0.020919   0.046201  -0.057476   0.003109
     25      -0.002384   0.003108  -0.023720   0.037005  -0.017200  -0.001583
     26      -0.001472  -0.003994   0.010430   0.009458  -0.040261  -0.024962
     27      -0.010919   0.001115  -0.017677  -0.015141   0.011559  -0.017300
     28       0.000877  -0.011416  -0.020290  -0.005434   0.016008  -0.015254
     29      -0.034633  -0.033256   0.031750   0.000104  -0.012397   0.000329
     30       0.038353  -0.020435   0.010657   0.026307   0.006864  -0.003645
     31      -0.023688   0.011203   0.017583  -0.005977  -0.012185   0.007229
     32       0.005774   0.030458   0.002291   0.015688   0.004369   0.004848
     33      -0.109087   0.143158   0.038528   0.002023   0.044401  -0.026151
     34      -0.333826   0.359274   0.215867   0.087771   0.098706  -0.090064
     35       0.071102  -0.084877  -0.053532  -0.022441  -0.015736   0.011963
     36      -0.015582  -0.089347   0.035833   0.042239   0.045761  -0.066666
     37       0.313373  -0.277813  -0.109544   0.075849   0.240519  -0.280925
     38      -0.085285   0.055201   0.045104  -0.001172  -0.045409   0.054763
     39       0.210985  -0.132898   0.006698   0.119179  -0.020264  -0.119172
     40       0.128342  -0.168720  -0.031106   0.047586   0.021193  -0.046770
     41      -0.060350   0.025230   0.003324  -0.032002   0.009851   0.018527
     42      -0.292339   0.093968   0.121724   0.140639   0.395236  -0.319462
     43      -0.114781   0.054402   0.029907   0.027428   0.042863  -0.062714
     44       0.057699  -0.007228  -0.028244  -0.024470  -0.108324   0.078830
     45       0.003817  -0.251075   0.091184   0.131044   0.287189  -0.178455
     46      -0.004138   0.256654  -0.078236  -0.099837  -0.169529   0.146050
     47       0.018047  -0.102930   0.039492   0.042985   0.020478  -0.041790
     48       0.088648   0.288402   0.121314   0.139912   0.280269  -0.134341
     49      -0.085184  -0.243956  -0.107051  -0.111829  -0.216615   0.089612
     50       0.076203   0.106190   0.027111   0.013732   0.039927   0.013883
     51       0.113588  -0.108582   0.204294   0.465963  -0.232071  -0.032127
     52      -0.047439  -0.004736  -0.103077  -0.084755   0.052334   0.002571
     53      -0.075563   0.071783  -0.146355  -0.309728   0.157068   0.038228
     54       0.024067   0.256651  -0.142741   0.132496  -0.108316  -0.191931
     55      -0.010358  -0.065848   0.069076  -0.062233  -0.027360   0.009779
     56      -0.011860  -0.166138   0.084305  -0.077129   0.073883   0.107585
     57      -0.135586  -0.070280  -0.196840   0.099495  -0.201814  -0.265496
     58      -0.175013  -0.072171  -0.249602   0.082262  -0.202227  -0.278716
     59      -0.046377   0.010790  -0.073040  -0.025087   0.018441   0.028063
     60       0.094989   0.142854   0.164559  -0.229569  -0.111068  -0.231232
     61       0.166144   0.123411   0.280971  -0.260918  -0.130218  -0.244233
     62       0.027675  -0.025891   0.054662   0.008225  -0.000740   0.015908
     63       0.014989   0.003098   0.017632   0.016695   0.008066   0.019235
     64       0.004020  -0.023619  -0.017199   0.109151   0.050137   0.116869
     65       0.035361   0.020005  -0.013335   0.185581   0.072670   0.186072
     66       0.063422  -0.093484   0.132582  -0.081967   0.211456   0.154572
     67       0.022581   0.007827   0.038463  -0.020349   0.000867  -0.006389
     68      -0.165839   0.053091  -0.298444   0.115583  -0.174357  -0.131231
     69      -0.083403   0.013301  -0.179967   0.258692   0.147747   0.277879
     70       0.005147  -0.004047   0.009711   0.017463   0.004991   0.013770
     71       0.152305  -0.009663   0.320463  -0.282610  -0.173650  -0.298083
     72      -0.020972  -0.087466   0.186943  -0.082378   0.196751   0.154966
     73       0.000875  -0.018513   0.104174  -0.026825   0.030032   0.064359
     74      -0.004632  -0.028014   0.093909  -0.036196   0.005052   0.021933
     75      -0.150196  -0.264214  -0.175857  -0.318665   0.201533  -0.174541
     76      -0.059431  -0.089203  -0.078594  -0.087372   0.059395  -0.066736
     77      -0.053733  -0.085481  -0.092017  -0.049091   0.058828  -0.036380
     78       0.065129  -0.100819   0.039606   0.058184  -0.118621   0.131643
     79       0.026807  -0.020063   0.019404   0.027268  -0.050513   0.051009
     80      -0.040396   0.010238   0.075775   0.014231  -0.059983   0.031352
     81      -0.343112  -0.089433   0.169274  -0.060571  -0.115517   0.062214
     82       0.208757  -0.011113  -0.055830   0.063999   0.061634  -0.052622
     83      -0.244802  -0.080131   0.128292  -0.027981  -0.077966   0.029772
     84       0.257414   0.246400  -0.272158  -0.122543   0.059980  -0.023546
     85      -0.192167  -0.054703   0.156166   0.087942  -0.027741   0.005407
     86       0.175577   0.152470  -0.171871  -0.089875   0.032130  -0.003519
                 54         55         56         57         58         59    
      0       0.008923   0.005476  -0.038786  -0.038383   0.003648  -0.058832
      1       0.048719   0.045725  -0.148337   0.014927   0.001361   0.008031
      2       0.012566   0.014379   0.059989  -0.011890   0.003778  -0.010456
      3       0.052236   0.070192   0.065751   0.115814  -0.005493   0.007661
      4      -0.005059   0.010535   0.068966   0.008329   0.001094  -0.049240
      5       0.020661  -0.007440  -0.027026  -0.016721   0.003454  -0.009450
      6      -0.061372  -0.054516   0.018436  -0.069011  -0.005881  -0.001336
      7       0.048486   0.011619  -0.052180   0.025646   0.005692  -0.002924
      8      -0.027882  -0.006208   0.004850  -0.015602  -0.000460  -0.001834
      9      -0.053085   0.060876  -0.036349   0.032983   0.005098   0.002619
     10      -0.023667   0.028045   0.019360  -0.050625   0.009218  -0.001268
     11      -0.022368  -0.037450  -0.026480   0.017066  -0.014274   0.001087
     12       0.054628  -0.080480   0.003174  -0.001821  -0.014107  -0.001609
     13      -0.004861   0.015450  -0.003997   0.012850  -0.012819  -0.002433
     14      -0.017057   0.046464   0.001702   0.000359  -0.004835   0.000306
     15      -0.021621   0.005314   0.004031   0.001574   0.096510   0.000844
     16      -0.003136  -0.017897   0.003368  -0.003222   0.076713   0.000716
     17       0.010418  -0.001876   0.005861  -0.007524  -0.015195  -0.000442
     18       0.011053  -0.000725   0.000428  -0.004538  -0.053739  -0.000930
     19      -0.003900   0.003161  -0.001400   0.003543   0.001480   0.000582
     20      -0.000915  -0.000087  -0.002468   0.007910   0.022222   0.000820
     21      -0.016464   0.003742  -0.003960   0.014533   0.105094   0.000665
     22      -0.017428   0.009622  -0.002452   0.007032   0.017016   0.001252
     23      -0.017503   0.020713   0.003566  -0.019261  -0.090525  -0.002502
     24       0.099457  -0.093937   0.012486  -0.009756  -0.015784  -0.003497
     25       0.039400  -0.033145   0.000623   0.005682  -0.009158  -0.000558
     26       0.028370  -0.015807   0.007568   0.003449   0.022171   0.001855
     27       0.021038   0.013518   0.017893  -0.032453   0.006303   0.000556
     28      -0.001314  -0.015287  -0.013713   0.026046  -0.005426   0.001595
     29       0.005066   0.005356  -0.002125  -0.010250   0.002934   0.001889
     30      -0.045492  -0.054260   0.005716   0.090882  -0.014365   0.001921
     31       0.017983   0.027887   0.040940  -0.058921   0.012172   0.018642
     32      -0.036604  -0.034833  -0.024063   0.076008  -0.012754   0.002364
     33       0.014761   0.017600   0.103527  -0.024510   0.008175   0.437831
     34      -0.218604  -0.171733   0.471214   0.160130  -0.025839  -0.152596
     35       0.045000   0.034862  -0.093108  -0.042892   0.005497  -0.240705
     36      -0.043752  -0.064899   0.039802  -0.084232   0.003196   0.351825
     37      -0.112578  -0.159454   0.494244  -0.239205   0.012322   0.032903
     38       0.019331   0.021391  -0.108010   0.048699  -0.002034   0.376168
     39      -0.317974  -0.299799  -0.414132  -0.435462   0.010962  -0.144927
     40      -0.031554  -0.102869  -0.075256  -0.058541  -0.024705   0.361968
     41       0.069260   0.084098   0.103235   0.072818   0.013538  -0.198536
     42       0.042723  -0.141298  -0.091268  -0.222321   0.025387   0.014050
     43      -0.063770  -0.091386   0.075940  -0.075656  -0.019062   0.298337
     44      -0.030345  -0.009177   0.045131   0.050685  -0.029629   0.322305
     45       0.386775   0.189355   0.059651   0.241429   0.027108  -0.008355
     46      -0.303156  -0.116261  -0.008447  -0.144542  -0.026137   0.001549
     47       0.088246   0.032574  -0.019192   0.031233   0.010048  -0.004044
     48       0.076805   0.050996  -0.288616   0.012524   0.040024   0.003286
     49      -0.062681  -0.070786   0.205006  -0.038107  -0.031420  -0.006626
     50       0.008039   0.061834  -0.037085   0.023945   0.012293   0.016671
     51      -0.128654   0.311464   0.075578  -0.077338   0.038076   0.008432
     52      -0.008354  -0.057746  -0.023844   0.006551  -0.055594   0.016119
     53       0.056388  -0.203682  -0.053614   0.029661  -0.065067   0.014454
     54      -0.205439   0.223330  -0.062828   0.043231  -0.053480   0.006190
     55       0.060604  -0.054216   0.020460  -0.027641  -0.068510   0.016512
     56       0.137243  -0.144532   0.034224  -0.006665   0.057014  -0.017753
     57      -0.000553   0.103416  -0.007576   0.007752  -0.293916  -0.003395
     58       0.021108   0.084932  -0.012308   0.007078  -0.349212  -0.004837
     59       0.002656  -0.049928  -0.009285   0.001677   0.059410  -0.005353
     60       0.067614  -0.006019  -0.026825   0.001827  -0.360328   0.001763
     61       0.067169  -0.032664  -0.029329  -0.001405  -0.302405  -0.007303
     62       0.006287  -0.006137   0.006158  -0.007332   0.012516  -0.002211
     63      -0.003059   0.005203   0.001208  -0.005145  -0.006316  -0.000604
     64       0.036020  -0.012700   0.015507  -0.042361  -0.162919  -0.005768
     65      -0.024381   0.005090   0.013531  -0.027176   0.111569  -0.002440
     66      -0.138313   0.139247   0.004157  -0.045250  -0.320779   0.004926
     67       0.002848  -0.009946  -0.004355   0.004297   0.044835  -0.005820
     68       0.062104  -0.072046   0.000522   0.047469   0.291283   0.009289
     69       0.044944   0.011705   0.023788  -0.082667  -0.374513  -0.005108
     70       0.004874   0.009918   0.005380  -0.010369  -0.080380   0.005527
     71      -0.058651   0.023712  -0.013828   0.067573   0.307237   0.014659
     72      -0.316061   0.351093   0.021372  -0.053610  -0.083289   0.009177
     73      -0.058683   0.059828   0.007503  -0.058740   0.014395  -0.014627
     74      -0.055156   0.065670   0.011315  -0.033346   0.032837  -0.005346
     75      -0.357001   0.315333  -0.061742   0.122140   0.066961   0.025305
     76      -0.111646   0.107438  -0.019959   0.049729   0.025639   0.011473
     77      -0.047895   0.025806  -0.035918   0.019173   0.033600  -0.011712
     78      -0.119329  -0.132165  -0.099878   0.143940  -0.013836   0.028902
     79      -0.042930  -0.037821  -0.020197   0.035017  -0.001222   0.008448
     80       0.020385   0.060872   0.056581  -0.111770   0.025970  -0.002958
     81       0.170117   0.182156  -0.065451  -0.318163   0.055349   0.009780
     82      -0.139838  -0.161278   0.111495   0.214741  -0.045677  -0.126962
     83       0.086673   0.086659  -0.047316  -0.176738   0.020470  -0.125455
     84       0.175404   0.205025   0.171224  -0.340390   0.046795  -0.119454
     85      -0.163144  -0.180591  -0.124749   0.264246  -0.056199  -0.127491
     86       0.145773   0.172548   0.139364  -0.262911   0.048409   0.052567
                 60         61         62         63         64         65    
      0      -0.002717  -0.003931   0.036195   0.033953   0.007029   0.027632
      1      -0.001837   0.002441   0.004586  -0.006146   0.006309   0.001782
      2      -0.001072  -0.002522   0.005606   0.005714  -0.000836   0.002615
      3      -0.002153  -0.002385   0.004301   0.012906  -0.003970   0.001984
      4      -0.002082   0.004665  -0.033122  -0.055953   0.001110  -0.018813
      5      -0.000618   0.005220  -0.007190  -0.010027   0.000004  -0.000907
      6      -0.001885  -0.014343   0.024755  -0.014612   0.012064  -0.018406
      7      -0.002822  -0.004592   0.008818  -0.004772  -0.001614  -0.015817
      8       0.007590   0.026958  -0.040240   0.016632  -0.003950   0.045641
      9       0.000345  -0.012927  -0.018860   0.004479  -0.019177  -0.015546
     10       0.004097  -0.003437   0.017073   0.002408   0.009048   0.007076
     11      -0.001822   0.010203  -0.005554  -0.006072  -0.001948   0.003240
     12       0.017093  -0.004778   0.000410  -0.003678  -0.002792   0.001265
     13       0.057094  -0.047004  -0.013139  -0.002207   0.003626  -0.000856
     14       0.000087  -0.004614  -0.001254   0.002364   0.003950   0.000812
     15       0.015335  -0.003969   0.005786  -0.000380  -0.004774   0.009072
     16      -0.006089   0.013135  -0.000254   0.007487   0.019412  -0.018482
     17      -0.018465   0.014619  -0.004190   0.008511   0.025054  -0.024807
     18       0.003423  -0.008519  -0.005906   0.001528   0.006564   0.001853
     19       0.004194  -0.001581  -0.006660   0.006349   0.018774  -0.006026
     20       0.007304  -0.007725  -0.014941   0.012644   0.036111  -0.009404
     21      -0.018718  -0.009043  -0.011369   0.007466   0.012942   0.010897
     22      -0.003236  -0.001422  -0.000603   0.001181  -0.000228   0.001450
     23       0.001141  -0.028659  -0.022100   0.008971   0.033111   0.014678
     24      -0.012305  -0.012492  -0.006523  -0.000377   0.000669  -0.000096
     25       0.021186   0.020981   0.004025  -0.002828   0.011674  -0.004231
     26       0.044953   0.043313   0.015433  -0.000405   0.028792  -0.006939
     27      -0.008787   0.000658   0.037527  -0.006510   0.025585   0.016493
     28      -0.006463  -0.001179   0.018667  -0.008967   0.013551   0.009434
     29       0.000581  -0.001013   0.003640  -0.001738   0.002374   0.002023
     30      -0.008173  -0.003183   0.013382  -0.027821   0.017767   0.022060
     31      -0.001082  -0.002305  -0.009499  -0.030280   0.005022   0.029548
     32      -0.007457  -0.003035   0.013364  -0.018877   0.013685   0.015916
     33       0.021243   0.021244  -0.225743  -0.205834  -0.046024  -0.176541
     34      -0.009963  -0.020379   0.053357   0.049460   0.002561   0.050000
     35      -0.011926  -0.011670   0.130349   0.118651   0.026555   0.102689
     36       0.020376   0.022750  -0.190737  -0.168607  -0.037373  -0.139326
     37       0.005607   0.002379  -0.047498  -0.035266  -0.013574  -0.022276
     38       0.017880   0.023996  -0.197054  -0.184519  -0.035458  -0.150637
     39       0.021287   0.037682  -0.084625  -0.138051   0.027766  -0.021994
     40       0.013997  -0.042736   0.206895   0.374391  -0.020710   0.099431
     41      -0.010861   0.024684  -0.117478  -0.209155   0.008246  -0.057372
     42      -0.000752   0.001380   0.023326   0.020603  -0.003667  -0.000245
     43       0.009549  -0.048233   0.176648   0.306190  -0.017463   0.073810
     44       0.010570  -0.046171   0.187664   0.341525  -0.017928   0.095670
     45       0.019939   0.181596  -0.250905   0.099992  -0.063285   0.260687
     46       0.046437   0.177245  -0.254625   0.097540  -0.020241   0.296866
     47      -0.017594  -0.092515   0.131394  -0.050182   0.018238  -0.147956
     48       0.009029   0.013101  -0.019897   0.018197  -0.018886   0.005488
     49      -0.016692  -0.064804   0.098128  -0.057211   0.031493  -0.098257
     50      -0.047739  -0.287811   0.388154  -0.147842   0.050613  -0.442566
     51      -0.260652   0.167137   0.053900   0.023567   0.015484   0.010898
     52      -0.334176   0.249017   0.037179   0.010939  -0.022685  -0.011009
     53      -0.257949   0.210684   0.021083   0.002283  -0.028311  -0.014134
     54       0.048830  -0.065919  -0.023234  -0.010513   0.011875   0.018718
     55      -0.405308   0.313166   0.057542   0.020442  -0.017746  -0.007044
     56       0.271663  -0.189012  -0.031696  -0.006799   0.006752  -0.008154
     57      -0.001591  -0.030445  -0.016011  -0.007179  -0.013422   0.015727
     58       0.005761  -0.038459  -0.007887  -0.020802  -0.054548   0.031798
     59       0.181917  -0.144546   0.097062  -0.122350  -0.374588   0.279315
     60      -0.136136   0.095222  -0.071394   0.067267   0.220907  -0.184196
     61       0.130358  -0.115685   0.064299  -0.103515  -0.309099   0.216861
     62       0.036710  -0.029314   0.024176  -0.026261  -0.082632   0.057602
     63      -0.010984   0.005902   0.011369  -0.009699  -0.030046   0.009579
     64      -0.071054   0.021324   0.045463  -0.047990  -0.147058   0.041418
     65      -0.109380   0.072790   0.097396  -0.074253  -0.239314   0.049557
     66       0.055905   0.130588   0.137201  -0.077908  -0.212349  -0.056086
     67      -0.045138  -0.159038  -0.149079   0.080817   0.227052   0.065299
     68       0.021534   0.187688   0.164821  -0.085159  -0.251428  -0.058552
     69       0.077373   0.104819   0.116039  -0.075313  -0.164940  -0.048338
     70       0.060810   0.170361   0.162014  -0.088172  -0.238446  -0.071250
     71       0.014208   0.196675   0.168236  -0.080126  -0.263576  -0.058497
     72       0.165350   0.133030   0.069923  -0.002836   0.083028  -0.000395
     73      -0.361252  -0.355029  -0.107268   0.019420  -0.203698   0.046431
     74      -0.167956  -0.165502  -0.047984   0.012707  -0.092058   0.023517
     75       0.022638   0.022856  -0.001942   0.020323  -0.000628  -0.005668
     76       0.102362   0.098171   0.032656  -0.000215   0.052073  -0.015891
     77      -0.416024  -0.393739  -0.145321   0.023147  -0.242439   0.045594
     78       0.076252   0.033646  -0.342398   0.042016  -0.218210  -0.129083
     79       0.025883   0.012844  -0.115878   0.018225  -0.074701  -0.042751
     80       0.009971   0.006452  -0.014673   0.024141  -0.014991  -0.012845
     81       0.022693   0.003580  -0.046075   0.023868  -0.034609  -0.002489
     82       0.051336   0.025508  -0.092276   0.248725  -0.143099  -0.247846
     83       0.081932   0.032224  -0.140530   0.313503  -0.193535  -0.283951
     84       0.080749   0.030034  -0.151076   0.307110  -0.197805  -0.274759
     85       0.045764   0.021679  -0.063005   0.249059  -0.127009  -0.234352
     86      -0.006524  -0.006123  -0.008968  -0.082022   0.024994   0.084537
                 66         67         68         69         70         71    
      0      -0.022586  -0.012914   0.003299   0.000170   0.000633  -0.011625
      1       0.018164   0.022244  -0.007855  -0.000094   0.000033  -0.002215
      2      -0.006465  -0.005837   0.002689  -0.000117   0.000429  -0.012912
      3       0.000262  -0.001063   0.000440   0.000073   0.000092   0.000885
      4       0.011226   0.003345  -0.001403  -0.000054  -0.000093  -0.001256
      5       0.003462   0.000257  -0.000427   0.000109   0.000006   0.002611
      6       0.012453   0.007317  -0.000632   0.000291   0.000198   0.000900
      7      -0.003849  -0.016901   0.006802   0.000136   0.000345  -0.002174
      8      -0.002237   0.026842  -0.011595  -0.000154   0.000514  -0.010133
      9      -0.028350  -0.027569   0.010788  -0.000153  -0.000178  -0.000675
     10       0.019525   0.029215  -0.012487   0.000149   0.000473  -0.001190
     11      -0.005611  -0.010399   0.001796  -0.000388  -0.000133   0.000424
     12      -0.007181   0.013538   0.017104  -0.001325  -0.001995  -0.002265
     13      -0.028614   0.024774   0.000868   0.005456   0.018982  -0.003471
     14       0.001576  -0.001545  -0.011644  -0.003783  -0.007442  -0.002776
     15       0.022872  -0.030650  -0.053019   0.002333   0.053589   0.002657
     16      -0.022954   0.017863  -0.006290  -0.002966  -0.044225  -0.002101
     17      -0.034753   0.036410   0.024354   0.000350  -0.014833   0.000017
     18       0.004690  -0.008024  -0.007277  -0.001178  -0.002320  -0.000103
     19      -0.000897  -0.017496  -0.046463  -0.001339  -0.002696  -0.000086
     20      -0.000022  -0.030983  -0.076254   0.003112   0.000533   0.000027
     21       0.016930   0.014299   0.078754   0.046735  -0.004300  -0.000879
     22       0.000955   0.001504   0.008858  -0.044741   0.002406   0.001009
     23       0.032378  -0.017148   0.025792   0.033982  -0.002617  -0.000506
     24      -0.001741  -0.005084  -0.027178  -0.000839   0.000026   0.000672
     25       0.004064  -0.014341   0.007712   0.005781  -0.000707  -0.000088
     26       0.013463  -0.015068   0.013855  -0.010361   0.000742  -0.001593
     27       0.045816   0.058045  -0.021399   0.000258   0.000139   0.002219
     28       0.017449   0.025374  -0.007879  -0.000018  -0.000212  -0.000037
     29       0.000842   0.003487   0.000883   0.000202   0.000015   0.002243
     30      -0.006931   0.005449  -0.003809  -0.000053   0.000186  -0.002977
     31      -0.062767  -0.057036   0.018402   0.000943  -0.001142   0.052420
     32       0.000096   0.010285  -0.004739   0.000670  -0.001306   0.044629
     33       0.143079   0.082684  -0.021157  -0.000076  -0.004242   0.103201
     34      -0.095717  -0.082568   0.026851   0.000013  -0.001240   0.030472
     35      -0.080233  -0.044458   0.011723  -0.000301  -0.008192   0.196645
     36       0.108742   0.059441  -0.014509  -0.001676  -0.002666   0.029281
     37      -0.016562  -0.028853   0.013080   0.000745   0.001071  -0.012818
     38       0.137100   0.087335  -0.023997   0.001645   0.002966  -0.036707
     39       0.018531   0.025397  -0.008877  -0.000139   0.000037  -0.000931
     40      -0.067260  -0.032044   0.017339  -0.000174   0.000736  -0.008270
     41       0.040644   0.015235  -0.008918  -0.000558   0.001353  -0.013676
     42      -0.024687  -0.040005   0.013750  -0.000708  -0.000743  -0.008689
     43      -0.065272  -0.035271   0.018571   0.001508   0.001349   0.020955
     44      -0.061748  -0.018926   0.012272  -0.001349  -0.001246  -0.020021
     45      -0.028118   0.076712  -0.047515   0.000389  -0.000502   0.014043
     46      -0.024791   0.163990  -0.076149   0.001120  -0.002182   0.059518
     47       0.011628  -0.070993   0.036025   0.002320  -0.004969   0.119335
     48      -0.032666  -0.029765   0.006711  -0.004420  -0.003178  -0.025406
     49       0.037856  -0.017639   0.015829  -0.003506  -0.002108  -0.031096
     50       0.022440  -0.217514   0.103368   0.000210   0.000283   0.000166
     51       0.155913  -0.109086  -0.063406   0.027376   0.080681  -0.007277
     52       0.129260  -0.185385   0.006473  -0.058419  -0.176897   0.013730
     53       0.080224  -0.160514   0.030309   0.058850   0.179414  -0.014468
     54      -0.032841   0.002150  -0.035194  -0.010196  -0.058947   0.035838
     55       0.179939  -0.212941  -0.006738  -0.005222  -0.047773   0.031218
     56      -0.117885   0.163175   0.037371  -0.013971  -0.083078   0.046318
     57       0.004548   0.009351   0.058051  -0.035697  -0.680553  -0.028296
     58       0.007881   0.029467   0.122229   0.041694   0.606799   0.025351
     59       0.364653  -0.249944  -0.006614   0.003487  -0.071857  -0.003048
     60      -0.275065   0.213128   0.130564   0.000505   0.064997   0.000660
     61       0.251100  -0.144926   0.104466   0.001459  -0.052915  -0.000464
     62       0.076319  -0.042395   0.011105  -0.003149   0.247476   0.001007
     63       0.002409   0.029061   0.079207   0.012920   0.019243   0.000869
     64      -0.008843   0.173087   0.427728   0.006409   0.002355  -0.000314
     65      -0.030245   0.273680   0.627384   0.001494  -0.014710  -0.000865
     66      -0.152870   0.065826  -0.240200  -0.080889   0.012257   0.001252
     67       0.166630  -0.087128   0.189519  -0.209085   0.028718   0.002733
     68      -0.163442   0.135545  -0.032883  -0.082976   0.011083   0.000803
     69      -0.112472   0.035744  -0.221710  -0.456033   0.034109   0.008588
     70      -0.176128   0.087668  -0.215556   0.750601  -0.055222  -0.013753
     71      -0.173810   0.137951  -0.062515  -0.365749   0.018955   0.006383
     72       0.073545  -0.004651   0.125377  -0.004467   0.000684  -0.002265
     73      -0.088713   0.138959  -0.151456  -0.068826   0.005315  -0.010273
     74      -0.036409   0.070210  -0.061920   0.125691  -0.008752   0.016452
     75      -0.016690  -0.023755   0.067349   0.004184  -0.001340  -0.004413
     76       0.020535  -0.039577   0.067854  -0.007442   0.003320   0.011756
     77      -0.125371   0.119283  -0.150137  -0.005321   0.001131   0.001675
     78      -0.405570  -0.546018   0.202227  -0.000861  -0.002087   0.002668
     79      -0.138985  -0.189694   0.066819   0.000225   0.000831   0.010965
     80      -0.010497  -0.028059   0.003642  -0.000137   0.000744  -0.004232
     81      -0.092532  -0.111019   0.040547  -0.004229   0.003116  -0.217271
     82       0.207390   0.104764  -0.018514  -0.003066   0.001956  -0.152922
     83       0.161534   0.029831   0.012128   0.003607  -0.002522   0.176457
     84       0.134985   0.006737   0.020474   0.003993  -0.005521   0.227307
     85       0.217245   0.121515  -0.027268  -0.007493   0.011407  -0.462834
     86      -0.129038  -0.100914   0.031413  -0.011815   0.017904  -0.739234
                 72         73         74         75         76         77    
      0      -0.051554   0.005532   0.006173  -0.010942   0.038258  -0.001654
      1       0.009807  -0.000889  -0.001478   0.001344  -0.003887   0.000224
      2      -0.001142   0.000396  -0.000891  -0.002120   0.009839  -0.000562
      3       0.007979  -0.003926  -0.003048  -0.001598   0.006541  -0.000377
      4      -0.038799   0.008009   0.008740   0.010720  -0.050034   0.001126
      5      -0.008294  -0.012127  -0.006391   0.001574  -0.018946  -0.000818
      6       0.000346  -0.010737  -0.006403  -0.002033   0.003786  -0.001001
      7       0.005045   0.005581   0.001838   0.001625   0.007693  -0.000367
      8       0.013749   0.058121   0.030934   0.016181   0.005931   0.002762
      9      -0.000034  -0.000651  -0.000055   0.001390   0.000130  -0.000531
     10       0.000596   0.001235   0.000236   0.001020   0.000476   0.000171
     11      -0.000442   0.000691  -0.001223  -0.000459  -0.000467  -0.000349
     12       0.000322  -0.000525  -0.002744  -0.002173  -0.001388  -0.018808
     13       0.002270  -0.033244   0.046497   0.026182   0.006116  -0.015582
     14      -0.000145   0.010948  -0.020449  -0.011449  -0.004158  -0.025060
     15      -0.000759   0.005057  -0.009956  -0.005423  -0.001128   0.030143
     16       0.000595  -0.003015   0.006912   0.003734   0.000702  -0.026556
     17      -0.000348  -0.012667   0.010924   0.006205   0.002927   0.070994
     18       0.000056  -0.000578   0.000630   0.000289   0.000189  -0.000652
     19       0.000006  -0.000337   0.000476   0.000473   0.000123   0.000407
     20      -0.000006   0.000046  -0.000238  -0.000358  -0.000084   0.000434
     21       0.000172   0.001442  -0.001624  -0.001767  -0.000351   0.000167
     22      -0.001866  -0.001145  -0.006867   0.019423   0.005445   0.001598
     23      -0.000172   0.001721  -0.002821   0.001158   0.000289  -0.000750
     24      -0.002623   0.000644  -0.011073   0.020429   0.004209   0.000038
     25       0.003152   0.000122   0.010411  -0.025820  -0.005118  -0.000107
     26       0.005669  -0.003489   0.028885  -0.048353  -0.010331   0.001119
     27      -0.000196   0.000408   0.000333   0.000072   0.000287  -0.000013
     28      -0.000070  -0.000129  -0.000338  -0.000385  -0.000086   0.000092
     29      -0.000321  -0.000056   0.000456   0.000344   0.000522  -0.000071
     30       0.008798   0.000587   0.000052   0.002393  -0.009152  -0.002850
     31      -0.003316   0.006732   0.007501   0.000684   0.004049  -0.003523
     32      -0.013071   0.004426   0.005782  -0.002044   0.013783   0.001265
     33       0.207692  -0.025787  -0.021612   0.051906  -0.191589   0.008891
     34       0.053081  -0.006232  -0.005340   0.012855  -0.046924   0.001930
     35       0.417780  -0.047455  -0.041928   0.102836  -0.374256   0.017463
     36       0.397491  -0.041734  -0.052378   0.074104  -0.249002   0.010125
     37      -0.159058   0.015917   0.020167  -0.029021   0.094531  -0.003713
     38      -0.407928   0.041820   0.052768  -0.077145   0.258038  -0.010394
     39       0.040430   0.003110  -0.002438  -0.010200   0.056618  -0.000047
     40       0.188593   0.021271  -0.007034  -0.047371   0.275304  -0.000930
     41       0.381666   0.033356  -0.019259  -0.095698   0.545815  -0.002343
     42      -0.128990   0.048449   0.041078   0.031280  -0.138632   0.005024
     43       0.269505  -0.113111  -0.094026  -0.073196   0.303799  -0.011575
     44      -0.279398   0.113954   0.095723   0.077106  -0.316826   0.011780
     45      -0.019176  -0.081886  -0.042667  -0.022253  -0.007373  -0.004047
     46      -0.079644  -0.328950  -0.173638  -0.087960  -0.035891  -0.016100
     47      -0.163683  -0.667223  -0.349963  -0.181524  -0.077301  -0.029287
     48       0.013280   0.209499   0.118972   0.049038  -0.042606   0.016500
     49       0.014883   0.250873   0.142776   0.060562  -0.055636   0.020791
     50       0.001080  -0.020520  -0.012275  -0.005001   0.007771  -0.001187
     51       0.008275  -0.127490   0.188654   0.105653   0.027974   0.003891
     52      -0.018644   0.288187  -0.433239  -0.242976  -0.065115  -0.016552
     53       0.017907  -0.292188   0.432052   0.241299   0.063468   0.008637
     54      -0.012076   0.127764  -0.148624  -0.080034  -0.010275   0.224657
     55      -0.010264   0.096941  -0.114441  -0.063563  -0.007304   0.193330
     56      -0.015755   0.161410  -0.191017  -0.105165  -0.013593   0.288581
     57       0.007414  -0.082010   0.135986   0.074090   0.019006  -0.203167
     58      -0.006303   0.070842  -0.116940  -0.064940  -0.016485   0.174696
     59       0.000683  -0.011887   0.015902   0.007574   0.002236  -0.005290
     60       0.000758   0.033197  -0.029726  -0.016683  -0.007571  -0.159321
     61      -0.000643  -0.028019   0.025213   0.013658   0.006453   0.139990
     62       0.003891   0.157983  -0.142273  -0.080186  -0.036821  -0.834600
     63      -0.000370   0.003286  -0.006343  -0.003112  -0.000550   0.008963
     64       0.000071  -0.000019   0.000549  -0.001351  -0.000631   0.002727
     65       0.000322  -0.003022   0.004031   0.001960   0.000840  -0.000887
     66       0.005784  -0.003700   0.032862  -0.058371  -0.016499  -0.005306
     67       0.012062  -0.009305   0.069804  -0.123932  -0.035159  -0.009127
     68       0.005975  -0.005039   0.033954  -0.059357  -0.016584  -0.004121
     69      -0.006719  -0.014237  -0.008066   0.069419   0.018677   0.006640
     70       0.010065   0.024695   0.009085  -0.105898  -0.028859  -0.011709
     71      -0.005071  -0.012881  -0.004977   0.054990   0.015021   0.002761
     72       0.004228  -0.001640   0.020712  -0.031259  -0.006584   0.000421
     73       0.032922  -0.021573   0.173802  -0.278316  -0.060171   0.006176
     74      -0.054700   0.036756  -0.293234   0.474105   0.102846  -0.011022
     75       0.025725  -0.006452   0.107472  -0.210177  -0.043242   0.000703
     76      -0.070463   0.016912  -0.294180   0.577622   0.118646  -0.003607
     77      -0.010543   0.000793  -0.042344   0.086755   0.017617  -0.000650
     78      -0.001944   0.001186  -0.003006  -0.004493  -0.000623  -0.000087
     79       0.000898   0.003490   0.003992   0.001137   0.002684  -0.001579
     80       0.001004  -0.002455   0.000820  -0.000156  -0.001420  -0.000067
     81      -0.059471  -0.033503  -0.033401  -0.025579   0.059772   0.039576
     82      -0.046776  -0.025438  -0.024617  -0.018848   0.045684   0.030845
     83       0.041973   0.026328   0.027016   0.017798  -0.042258  -0.030782
     84      -0.035304   0.025017   0.030854  -0.001630   0.038482  -0.005282
     85       0.078894  -0.052039  -0.063135   0.006654  -0.083655   0.010042
     86       0.119326  -0.081778  -0.101265   0.008375  -0.127170   0.017251
                 78         79         80         81         82         83    
      0      -0.002059  -0.000013   0.017209  -0.001146  -0.000941  -0.003247
      1      -0.010312  -0.000707  -0.011868   0.000738   0.002832   0.009729
      2      -0.051635  -0.003234  -0.041073   0.003047   0.012683   0.042423
      3       0.007802   0.000706   0.015906  -0.000224   0.004347   0.010676
      4      -0.006579  -0.000136  -0.015787   0.001700  -0.001843  -0.010513
      5       0.024507   0.002948   0.055103   0.000731   0.017713   0.037497
      6      -0.003327   0.001538  -0.002043   0.013936   0.003159  -0.039239
      7      -0.001948   0.002452   0.000445   0.018798   0.003664  -0.051556
      8       0.006097   0.000671   0.008313   0.003790   0.000110  -0.007644
      9       0.000346  -0.000462  -0.000517   0.000418  -0.001253  -0.000507
     10       0.000577  -0.001069   0.000278  -0.000780   0.000664  -0.000238
     11      -0.000214  -0.000007  -0.000053   0.000194  -0.001230  -0.000346
     12      -0.000807   0.001439   0.001571  -0.013782  -0.043610   0.002337
     13       0.000650  -0.001287  -0.000422  -0.004169  -0.007656   0.000722
     14      -0.001369   0.002864   0.002686  -0.019562  -0.064672   0.003488
     15      -0.001683   0.000700   0.001389  -0.003835  -0.011651   0.000430
     16       0.001546  -0.001225  -0.001247   0.003743   0.010543  -0.000571
     17      -0.004318  -0.001545   0.003930  -0.008559  -0.028114   0.000802
     18       0.000011  -0.000957   0.000038   0.000776   0.000489  -0.000418
     19      -0.000002   0.000011   0.000014  -0.000075   0.000216   0.000179
     20      -0.000019  -0.000578   0.000007   0.000273  -0.000159  -0.000019
     21      -0.000882   0.024044  -0.001141  -0.007285   0.002225  -0.000881
     22      -0.003011   0.065284  -0.004120  -0.042126   0.015908  -0.007570
     23      -0.000849   0.023510  -0.001135  -0.007870   0.002685  -0.000898
     24      -0.000183   0.002922   0.000567   0.014540  -0.005022   0.003787
     25       0.000843  -0.036001  -0.002248  -0.066899   0.022207  -0.015933
     26      -0.000435   0.032496   0.000565   0.028492  -0.007377   0.005981
     27       0.000420  -0.000176  -0.000287  -0.000409   0.000414   0.000136
     28       0.001019   0.000217  -0.000792   0.000110  -0.000414   0.000369
     29       0.000224  -0.000188  -0.000165  -0.000145   0.000148  -0.000266
     30      -0.045298  -0.000570   0.034606  -0.000772   0.000214  -0.008545
     31      -0.027456  -0.000238   0.014570  -0.000688  -0.001265  -0.000538
     32       0.041753   0.000566  -0.037956   0.000609  -0.001655   0.011706
     33       0.225581   0.013636   0.106200  -0.008748  -0.049265  -0.163876
     34       0.050390   0.003308   0.023078  -0.001725  -0.012010  -0.037497
     35       0.423939   0.025670   0.195536  -0.015880  -0.091262  -0.304652
     36      -0.204714  -0.013693  -0.303123   0.020357   0.060859   0.208762
     37       0.076683   0.005386   0.116357  -0.007376  -0.022720  -0.079252
     38       0.197273   0.013189   0.297085  -0.020131  -0.059365  -0.202961
     39      -0.013188  -0.002294  -0.029709  -0.001949  -0.012576  -0.022488
     40      -0.076489  -0.011201  -0.169844  -0.007436  -0.065622  -0.117726
     41      -0.143812  -0.021574  -0.319028  -0.014608  -0.123639  -0.218392
     42      -0.072350  -0.005930  -0.158061   0.004135  -0.039045  -0.107915
     43       0.157674   0.013741   0.351937  -0.008581   0.088183   0.238696
     44      -0.153620  -0.013186  -0.344296   0.008657  -0.086167  -0.232496
     45      -0.008316  -0.000506  -0.010382  -0.004705   0.001863   0.017512
     46      -0.030550  -0.005642  -0.043301  -0.034215  -0.005364   0.082736
     47      -0.061523  -0.012000  -0.085802  -0.074581  -0.004222   0.181044
     48       0.045969  -0.018840   0.030850  -0.162470  -0.035360   0.453738
     49       0.053564  -0.020750   0.036220  -0.186138  -0.040235   0.525803
     50      -0.006622   0.002183  -0.003714   0.025001   0.006343  -0.076892
     51       0.004766  -0.010431  -0.006013   0.026194   0.108137  -0.004307
     52      -0.011921   0.023757   0.015464  -0.066006  -0.271644   0.012778
     53       0.011046  -0.022320  -0.015085   0.063593   0.255406  -0.011331
     54       0.004877  -0.008919  -0.013203   0.136470   0.410761  -0.022713
     55       0.003622  -0.008255  -0.011619   0.117572   0.354532  -0.018364
     56       0.005230  -0.011444  -0.016473   0.172121   0.519651  -0.028409
     57       0.011085  -0.013086  -0.008667   0.028424   0.082769  -0.002951
     58      -0.009538   0.011102   0.007548  -0.023096  -0.073252   0.003283
     59       0.000188  -0.002355  -0.000133   0.002740   0.003246  -0.000027
     60       0.009689   0.003528  -0.008456   0.018514   0.059038  -0.001388
     61      -0.008641  -0.002232   0.007551  -0.016262  -0.053702   0.001388
     62       0.050577   0.015265  -0.045401   0.100093   0.322380  -0.009173
     63      -0.001030   0.012440  -0.000368  -0.007254  -0.003158  -0.001385
     64      -0.000199   0.003255  -0.000065  -0.001517  -0.000804   0.000756
     65      -0.000183   0.001694  -0.000031  -0.000446   0.000710  -0.000646
     66       0.014222  -0.333077   0.019088   0.174626  -0.062420   0.029634
     67       0.029566  -0.694225   0.039534   0.360375  -0.129452   0.060666
     68       0.013341  -0.312890   0.017674   0.162779  -0.057824   0.027053
     69      -0.004263   0.060849  -0.006021  -0.091785   0.038650  -0.019656
     70       0.006393  -0.081545   0.008895   0.137417  -0.057349   0.029550
     71      -0.003343   0.047318  -0.005121  -0.071038   0.031052  -0.015430
     72      -0.000466   0.035470   0.001160   0.037519  -0.010909   0.007592
     73      -0.003252   0.236846   0.006187   0.241384  -0.069479   0.054735
     74       0.006324  -0.424419  -0.011540  -0.443383   0.129601  -0.098659
     75       0.002354  -0.073684  -0.007940  -0.208074   0.071006  -0.049914
     76      -0.007014   0.197305   0.020312   0.556027  -0.192515   0.136909
     77      -0.001345   0.038437   0.003239   0.099545  -0.034503   0.025617
     78      -0.001274   0.002118  -0.000170   0.001985  -0.003858   0.001182
     79      -0.011148   0.000487   0.008651   0.000126   0.000286  -0.001401
     80       0.002788   0.001285  -0.002759   0.001668  -0.001046  -0.000379
     81       0.499389   0.006687  -0.355202   0.010067   0.003266   0.078015
     82       0.394077   0.005204  -0.282647   0.008047   0.002142   0.062508
     83      -0.388619  -0.004944   0.276963  -0.007854  -0.001816  -0.060336
     84       0.030878   0.000380  -0.051377  -0.000455  -0.006351   0.023391
     85      -0.082910  -0.002304   0.119627  -0.000447   0.014904  -0.052024
     86      -0.115805  -0.003572   0.175708  -0.000457   0.024045  -0.078244
                 84         85         86    
      0       0.005575  -0.000226   0.000006
      1      -0.009435   0.000539   0.000020
      2      -0.041748   0.000074  -0.000009
      3      -0.010722  -0.000118   0.000017
      4       0.000398   0.000309   0.000005
      5      -0.048060  -0.000003   0.000004
      6      -0.031671  -0.000141   0.000094
      7      -0.045580   0.000268  -0.000015
      8      -0.019418  -0.000633   0.000016
      9      -0.000406   0.001909   0.000267
     10      -0.000448  -0.001209   0.000049
     11      -0.000797  -0.000857  -0.000047
     12      -0.011702   0.000302   0.000279
     13      -0.002070   0.000295   0.000317
     14      -0.017094  -0.000165  -0.000391
     15      -0.003121  -0.000031  -0.002506
     16       0.002646  -0.000033   0.003471
     17      -0.007853  -0.000047   0.000032
     18      -0.000179   0.000736  -0.067999
     19       0.000207   0.000183  -0.013995
     20       0.000011  -0.000195   0.017379
     21      -0.000222  -0.000008  -0.002330
     22      -0.002969  -0.000046   0.000665
     23      -0.000246  -0.000052  -0.002508
     24       0.002808  -0.000211   0.000582
     25      -0.010551  -0.000091  -0.000115
     26       0.003264   0.000249   0.000048
     27      -0.000028   0.020068   0.000180
     28      -0.000005  -0.060973  -0.000661
     29      -0.000171   0.031865   0.000340
     30       0.011496  -0.001192  -0.000001
     31       0.000591  -0.002764  -0.000029
     32      -0.016134  -0.001504  -0.000045
     33       0.156228   0.000624  -0.000026
     34       0.036302  -0.001214  -0.000006
     35       0.286664   0.000410  -0.000087
     36      -0.217361   0.001619   0.000012
     37       0.082155  -0.000513   0.000011
     38       0.212197  -0.001273  -0.000031
     39       0.034769  -0.000185  -0.000016
     40       0.196325  -0.000322  -0.000013
     41       0.369929  -0.001673  -0.000031
     42       0.092680   0.000536  -0.000089
     43      -0.207861  -0.001092   0.000137
     44       0.202476   0.000863  -0.000133
     45       0.028036   0.000305  -0.000070
     46       0.139342   0.000780  -0.000071
     47       0.295751   0.003115  -0.000230
     48       0.348970  -0.000424   0.000212
     49       0.402914  -0.001314  -0.000185
     50      -0.059551   0.000579   0.000112
     51       0.029659  -0.002481   0.000131
     52      -0.071548   0.004303  -0.002207
     53       0.068636  -0.000197   0.001770
     54       0.109509  -0.000955   0.000028
     55       0.096625  -0.000376   0.000033
     56       0.139492  -0.000026   0.000874
     57       0.021224   0.000023   0.022142
     58      -0.018341  -0.000114  -0.014376
     59       0.001276  -0.000008   0.001345
     60       0.016445   0.000343  -0.001790
     61      -0.014993   0.000414  -0.004095
     62       0.090350  -0.001085   0.001036
     63      -0.002120  -0.010112   0.959014
     64       0.000512  -0.001621   0.157908
     65      -0.000300   0.002280  -0.221486
     66       0.011690  -0.000125   0.006315
     67       0.023584   0.000243   0.011190
     68       0.010651   0.000083   0.008128
     69      -0.008920  -0.000203   0.004543
     70       0.012859   0.000334  -0.007294
     71      -0.006000  -0.000130   0.000399
     72       0.004517  -0.001433  -0.001551
     73       0.030694  -0.000123   0.000052
     74      -0.054612  -0.002476   0.000355
     75      -0.034295   0.000332  -0.000390
     76       0.097088   0.000520   0.001200
     77       0.018485  -0.000221   0.000422
     78      -0.000558  -0.287898  -0.003100
     79       0.002775   0.865318   0.009112
     80      -0.000044  -0.403354  -0.004211
     81      -0.102478   0.012310   0.000011
     82      -0.082199   0.009443   0.000055
     83       0.080429  -0.005795  -0.000008
     84      -0.032745  -0.004762  -0.000153
     85       0.074292   0.002610   0.000149
     86       0.110931   0.003843   0.000134
# -----------------------------------------------------------
$ THERMOCHEMISTRY_Energies
   description: The Thermochemistry energies
   geom. index: 1
   prop. index: 1
        Temperature (Kelvin)           :        298.1500000000
        Pressure (atm)                 :          1.0000000000
        Total Mass (AMU)               :        154.2570000000
        Spin Degeneracy                :          1.0000000000
        Electronic Energy (Hartree)    :       -463.5666903463
        Translational Energy (Hartree) :          0.0014162714
        Rotational Energy (Hartree)    :          0.0014162714
        Vibrational Energy (Hartree)   :          0.0065799491
        Number of frequencies          :     87      
        Scaling Factor for frequencies :          1.0000000000
        Vibrational frequencies        :     
                  0    
      0       0.000000
      1       0.000000
      2       0.000000
      3       0.000000
      4       0.000000
      5       0.000000
      6     127.522712
      7     149.400972
      8     174.831313
      9     233.208643
     10     252.732297
     11     307.383909
     12     326.882403
     13     373.722390
     14     403.620188
     15     465.164188
     16     474.939389
     17     503.087044
     18     536.029812
     19     636.477948
     20     671.441677
     21     741.538526
     22     844.969366
     23     863.733152
     24     879.199583
     25     884.587199
     26     906.114914
     27     929.311270
     28     967.335775
     29     972.950562
     30     984.893924
     31     1013.695632
     32     1033.364323
     33     1057.127257
     34     1073.272781
     35     1096.533811
     36     1104.357580
     37     1129.981948
     38     1136.920345
     39     1178.174903
     40     1197.023667
     41     1207.541210
     42     1213.322854
     43     1246.595940
     44     1269.885220
     45     1285.362664
     46     1299.771102
     47     1314.523845
     48     1329.545993
     49     1335.365399
     50     1342.700755
     51     1384.785159
     52     1398.646470
     53     1403.086927
     54     1414.951054
     55     1420.572851
     56     1423.248146
     57     1447.596418
     58     1466.443221
     59     1507.801717
     60     1515.271409
     61     1517.621153
     62     1524.891512
     63     1527.688499
     64     1533.010859
     65     1545.329454
     66     1549.825838
     67     1550.734726
     68     1554.765764
     69     2897.564427
     70     2911.795619
     71     2917.997178
     72     2939.062003
     73     2942.260662
     74     2943.323640
     75     2948.023127
     76     2952.449057
     77     2965.621909
     78     2969.849415
     79     2970.885919
     80     2983.321779
     81     2988.928448
     82     2995.889278
     83     2997.914649
     84     3003.378380
     85     3227.386081
     86     3229.161342
        Zero Point Energy (Hartree)    :          0.2709817301
        Inner Energy (Hartree)         :       -463.2862961242
        Enthalpy (Hartree)             :       -463.2853519152
        Electronic entropy             :          0.0000000000
        Rotational entropy             :          0.0142447329
        Vibrational entropy            :          0.0105599630
        Translational entropy          :          0.0142447329
        Entropy                        :          0.0442898207
        Gibbs Energy (Hartree)         :       -463.3296417359
        Is Linear                      :                 false
# -----------------------------------------------------------
$ PAL_Flags
   description: The PAL Flags
   geom. index: 2
   prop. index: 1
        Diskflag:     2
# -----------------------------------------------------------
$ SCF_Energy
   description: The SCF energy
   geom. index: 2
   prop. index: 1
        SCF Energy:     -463.5192277020
# -----------------------------------------------------------
$ DFT_Energy
   description: The DFT energy
   geom. index: 2
   prop. index: 1
   Number of Alpha Electrons                 43.0001120781 
   Number of Beta  Electrons                 43.0001120781 
   Total number of  Electrons                86.0002241562 
   Exchange energy                          -43.9780019478 
   Correlation energy                        -3.5042849426 
   Correlation energy NL                      0.0000000000 
   Exchange-Correlation energy              -47.4822868904 
   Embedding correction                       0.0000000000 
   Total DFT Energy (No VdW correction)    -463.5192277020 
# -----------------------------------------------------------
$ VdW_Correction
   description: The Van der Waals Correction
   geom. index: 2
   prop. index: 1
        Van der Waals Correction:       -0.0548046001
# -----------------------------------------------------------
$ PAL_Flags
   description: The PAL Flags
   geom. index: 3
   prop. index: 1
        Diskflag:     2
# -----------------------------------------------------------
$ SCF_Energy
   description: The SCF energy
   geom. index: 3
   prop. index: 1
        SCF Energy:     -463.5199305028
# -----------------------------------------------------------
$ DFT_Energy
   description: The DFT energy
   geom. index: 3
   prop. index: 1
   Number of Alpha Electrons                 43.0000499562 
   Number of Beta  Electrons                 43.0000499562 
   Total number of  Electrons                86.0000999124 
   Exchange energy                          -43.9791561896 
   Correlation energy                        -3.5048181462 
   Correlation energy NL                      0.0000000000 
   Exchange-Correlation energy              -47.4839743359 
   Embedding correction                       0.0000000000 
   Total DFT Energy (No VdW correction)    -463.5199305028 
# -----------------------------------------------------------
$ VdW_Correction
   description: The Van der Waals Correction
   geom. index: 3
   prop. index: 1
        Van der Waals Correction:       -0.0549853615
# -----------------------------------------------------------
$ PAL_Flags
   description: The PAL Flags
   geom. index: 4
   prop. index: 1
        Diskflag:     2
# -----------------------------------------------------------
$ SCF_Energy
   description: The SCF energy
   geom. index: 4
   prop. index: 1
        SCF Energy:     -463.5201282124
# -----------------------------------------------------------
$ DFT_Energy
   description: The DFT energy
   geom. index: 4
   prop. index: 1
   Number of Alpha Electrons                 43.0000033973 
   Number of Beta  Electrons                 43.0000033973 
   Total number of  Electrons                86.0000067946 
   Exchange energy                          -43.9776956003 
   Correlation energy                        -3.5049770527 
   Correlation energy NL                      0.0000000000 
   Exchange-Correlation energy              -47.4826726531 
   Embedding correction                       0.0000000000 
   Total DFT Energy (No VdW correction)    -463.5201282124 
# -----------------------------------------------------------
$ VdW_Correction
   description: The Van der Waals Correction
   geom. index: 4
   prop. index: 1
        Van der Waals Correction:       -0.0550903236
# -----------------------------------------------------------
$ PAL_Flags
   description: The PAL Flags
   geom. index: 5
   prop. index: 1
        Diskflag:     2
# -----------------------------------------------------------
$ SCF_Energy
   description: The SCF energy
   geom. index: 5
   prop. index: 1
        SCF Energy:     -463.5201491857
# -----------------------------------------------------------
$ DFT_Energy
   description: The DFT energy
   geom. index: 5
   prop. index: 1
   Number of Alpha Electrons                 43.0000009622 
   Number of Beta  Electrons                 43.0000009622 
   Total number of  Electrons                86.0000019243 
   Exchange energy                          -43.9775769839 
   Correlation energy                        -3.5049952069 
   Correlation energy NL                      0.0000000000 
   Exchange-Correlation energy              -47.4825721908 
   Embedding correction                       0.0000000000 
   Total DFT Energy (No VdW correction)    -463.5201491857 
# -----------------------------------------------------------
$ VdW_Correction
   description: The Van der Waals Correction
   geom. index: 5
   prop. index: 1
        Van der Waals Correction:       -0.0550982195
# -----------------------------------------------------------
$ PAL_Flags
   description: The PAL Flags
   geom. index: 6
   prop. index: 1
        Diskflag:     2
# -----------------------------------------------------------
$ SCF_Energy
   description: The SCF energy
   geom. index: 6
   prop. index: 1
        SCF Energy:     -463.5201614381
# -----------------------------------------------------------
$ DFT_Energy
   description: The DFT energy
   geom. index: 6
   prop. index: 1
   Number of Alpha Electrons                 43.0000054446 
   Number of Beta  Electrons                 43.0000054446 
   Total number of  Electrons                86.0000108892 
   Exchange energy                          -43.9775800632 
   Correlation energy                        -3.5049741485 
   Correlation energy NL                      0.0000000000 
   Exchange-Correlation energy              -47.4825542117 
   Embedding correction                       0.0000000000 
   Total DFT Energy (No VdW correction)    -463.5201614381 
# -----------------------------------------------------------
$ Mayer_Pop
   description: The Mayer population analysis
   geom. index: 6
   prop. index: 1
     Number of atoms                     : 29
     Threshold for printing              : 0.1000000
     Number of bond orders printed       : 39
  NA   - Mulliken gross atomic population
  ZA   - Total nuclear charge
  QA   - Mulliken gross atomic charge
  VA   - Mayer's total valence
  BVA  - Mayer's bonded valence
  FA   - Mayer's free valence
  ATOM       NA         ZA         QA         VA         BVA        FA
  0   0     6.4779     6.0000    -0.4779     3.9332     3.9332    -0.0000
  1   0     6.2695     6.0000    -0.2695     3.5815     3.5815    -0.0000
  2   0     6.1389     6.0000    -0.1389     3.4771     3.4771    -0.0000
  3   0     6.9276     6.0000    -0.9276     5.1843     5.1843    -0.0000
  4   0     6.0369     6.0000    -0.0369     3.2255     3.2255    -0.0000
  5   0     6.3007     6.0000    -0.3007     3.8603     3.8603     0.0000
  6   0     7.3877     7.0000    -0.3877     2.5367     2.5367     0.0000
  7   0     6.2812     6.0000    -0.2812     3.7934     3.7934    -0.0000
  8   0     6.1240     6.0000    -0.1240     3.3885     3.3885    -0.0000
  9   0     7.1421     7.0000    -0.1421     2.3464     2.3464    -0.0000
 10   0     6.0030     6.0000    -0.0030     3.4268     3.4268    -0.0000
 11   0     0.8590     1.0000     0.1410     0.9474     0.9474    -0.0000
 12   0     0.8539     1.0000     0.1461     0.9470     0.9470    -0.0000
 13   0     0.8331     1.0000     0.1669     0.9315     0.9315    -0.0000
 14   0     0.8456     1.0000     0.1544     0.9264     0.9264     0.0000
 15   0     0.8453     1.0000     0.1547     0.9378     0.9378    -0.0000
 16   0     0.7881     1.0000     0.2119     0.9168     0.9168     0.0000
 17   0     0.8387     1.0000     0.1613     0.9263     0.9263     0.0000
 18   0     0.8564     1.0000     0.1436     0.9744     0.9744     0.0000
 19   0     0.8555     1.0000     0.1445     0.9205     0.9205     0.0000
 20   0     0.8490     1.0000     0.1510     0.9278     0.9278     0.0000
 21   0     0.6729     1.0000     0.3271     0.8297     0.8297     0.0000
 22   0     0.8449     1.0000     0.1551     0.9220     0.9220    -0.0000
 23   0     0.8693     1.0000     0.1307     0.9316     0.9316    -0.0000
 24   0     0.8486     1.0000     0.1514     0.9650     0.9650    -0.0000
 25   0     0.8638     1.0000     0.1362     0.9788     0.9788     0.0000
 26   0     0.6611     1.0000     0.3389     0.8000     0.8000     0.0000
 27   0     0.8555     1.0000     0.1445     0.9396     0.9396    -0.0000
 28   0     0.8698     1.0000     0.1302     0.9357     0.9357    -0.0000
      Bond orders larger than 0.1000000
           Atom A     A.N. of A          Atom B    A.N. of B              Bond order
                0             6               1            6                0.927797
                0             6               3            6                0.152157
                0             6              10            6                0.962253
                0             6              11            1                0.988720
                0             6              12            1                1.003646
                1             6               2            6                0.909214
                1             6              13            1                0.964372
                1             6              14            1                0.967872
                2             6               3            6                1.253600
                2             6               4            6               -0.181604
                2             6               6            7               -0.140533
                2             6               9            7               -0.106391
                2             6              15            1                0.908887
                2             6              16            1                0.918811
                3             6               4            6                0.952092
                3             6               6            7                0.111726
                3             6               8            6                0.776739
                3             6               9            7                1.312715
                3             6              15            1                0.115291
                3             6              26            1                0.127476
                3             6              28            1                0.164476
                4             6               5            6                0.942595
                4             6              17            1                0.907693
                4             6              18            1                0.960826
                5             6               6            7                1.037548
                5             6              19            1                0.991823
                5             6              20            1                0.993136
                6             7               7            6                0.899480
                6             7              21            1                0.850846
                7             6               8            6                0.971414
                7             6              22            1                0.998019
                7             6              23            1                0.986063
                8             6               9            7               -0.191883
                8             6              24            1                0.970837
                8             6              25            1                0.975234
                9             7              10            6                0.790325
                9             7              26            1                0.778743
               10             6              27            1                0.971979
               10             6              28            1                0.961840
# -----------------------------------------------------------
$ VdW_Correction
   description: The Van der Waals Correction
   geom. index: 6
   prop. index: 1
        Van der Waals Correction:       -0.0550885953
# -----------------------------------------------------------
$ SCF_Electric_Properties
   description: The SCF Calculated Electric Properties
   geom. index: 6
   prop. index: 1
       Filename                          : file.scfp 
       Do Dipole Moment Calculation      : true 
       Do Quadrupole Moment Calculation  : false 
       Do Polarizability Calculation     : false 
** Dipole moment part of electric properties **
        Magnitude of dipole moment (Debye) :        1.6988015616
        Electronic Contribution:
                  0    
      0       1.330524
      1       0.079379
      2       0.943913
        Nuclear Contribution:
                  0    
      0      -0.892228
      1      -0.564362
      2      -1.083108
        Total Dipole moment:
                  0    
      0       0.438296
      1      -0.484983
      2      -0.139195
# -------------------------------------------------------------
----------------------- !GEOMETRIES! ------------------------
# -------------------------------------------------------------
------------------------ !GEOMETRY! -------------------------
    Number of atoms:    29 
    Geometry Index:     1 
    Coordinates:
               0 C     -2.917700000000    0.297600000000   -0.307700000000
               1 C     -1.872000000000    1.418100000000   -0.421800000000
               2 C     -0.509900000000    0.857600000000   -0.839600000000
               3 C      0.023200000000   -0.188700000000    0.202100000000
               4 C      0.878100000000   -1.267500000000   -0.523500000000
               5 C      2.145900000000   -0.677500000000   -1.183600000000
               6 N      2.560500000000    0.604200000000   -0.587900000000
               7 C      2.406400000000    0.590600000000    0.869100000000
               8 C      0.916600000000    0.526600000000    1.260800000000
               9 N     -1.103200000000   -0.830800000000    0.932300000000
              10 C     -2.291800000000   -1.046700000000    0.097300000000
              11 H     -3.437200000000    0.171800000000   -1.282700000000
              12 H     -3.681400000000    0.595500000000    0.443500000000
              13 H     -1.769900000000    1.932400000000    0.558800000000
              14 H     -2.212100000000    2.171800000000   -1.164500000000
              15 H     -0.630300000000    0.386600000000   -1.840800000000
              16 H      0.201600000000    1.701300000000   -0.971100000000
              17 H      1.200300000000   -2.033100000000    0.217100000000
              18 H      0.276700000000   -1.799300000000   -1.291700000000
              19 H      2.974500000000   -1.418300000000   -1.115600000000
              20 H      1.942800000000   -0.506800000000   -2.262600000000
              21 H      3.573000000000    0.753300000000   -0.808400000000
              22 H      2.856400000000    1.512500000000    1.297600000000
              23 H      2.952600000000   -0.278900000000    1.301700000000
              24 H      0.852300000000   -0.006800000000    2.235200000000
              25 H      0.539100000000    1.555700000000    1.449500000000
              26 H     -0.806500000000   -1.749500000000    1.338200000000
              27 H     -3.041800000000   -1.638700000000    0.665800000000
              28 H     -2.026300000000   -1.632800000000   -0.809800000000
------------------------ !GEOMETRY! -------------------------
    Number of atoms:    29 
    Geometry Index:     2 
    Coordinates:
               0 C     -2.924033366723    0.302746895836   -0.306766996677
               1 C     -1.859795116092    1.409689007672   -0.412533736594
               2 C     -0.509000435832    0.828323196173   -0.836996187925
               3 C      0.032501136543   -0.185363635183    0.201568081742
               4 C      0.892348889836   -1.253153179501   -0.503681676926
               5 C      2.140755601587   -0.666121669650   -1.195832366727
               6 N      2.546353871749    0.609520499357   -0.585332506223
               7 C      2.401180177367    0.574671521129    0.871208131400
               8 C      0.911211041338    0.521420793157    1.258268971575
               9 N     -1.105934059678   -0.799966204144    0.916822686207
              10 C     -2.279444937137   -1.039725625524    0.076953325266
              11 H     -3.447294923296    0.186020572084   -1.264612010802
              12 H     -3.676083656514    0.585166709760    0.439125457793
              13 H     -1.746921267460    1.912019990010    0.555500492628
              14 H     -2.181748172575    2.170319603953   -1.133575825330
              15 H     -0.623661484010    0.341723111452   -1.816553620170
              16 H      0.227579546841    1.623748386573   -0.969953217322
              17 H      1.204212605076   -1.994821328916    0.245703062677
              18 H      0.285773804504   -1.787639558022   -1.244641479857
              19 H      2.953394751997   -1.411564820160   -1.144274422618
              20 H      1.933930851569   -0.486892480588   -2.257757697421
              21 H      3.515813414187    0.783017167341   -0.817846570652
              22 H      2.859466572438    1.477746830402    1.288144129597
              23 H      2.934139678451   -0.290725353687    1.309725840497
              24 H      0.813775465880   -0.011456855120    2.211647883687
              25 H      0.522590253783    1.531948627641    1.429724923722
              26 H     -0.800384235411   -1.671760206198    1.332703310324
              27 H     -2.992524389685   -1.646185521039    0.645528256774
              28 H     -2.028301618732   -1.612506474807   -0.834566238643
------------------------ !GEOMETRY! -------------------------
    Number of atoms:    29 
    Geometry Index:     3 
    Coordinates:
               0 C     -2.924650699287    0.307126216727   -0.306521811044
               1 C     -1.852244644424    1.408926302209   -0.408144840656
               2 C     -0.513733707591    0.812814283568   -0.848854952917
               3 C      0.035541340521   -0.184959433589    0.201015596247
               4 C      0.906213375949   -1.254232954669   -0.486327264080
               5 C      2.130665179110   -0.654052462482   -1.205937330305
               6 N      2.542462026530    0.607418043623   -0.573247711742
               7 C      2.399972000455    0.556832207347    0.881468514214
               8 C      0.907438469339    0.530117263749    1.259390104701
               9 N     -1.111728072747   -0.788463522326    0.910039965379
              10 C     -2.272199586436   -1.038256336394    0.057800884251
              11 H     -3.455180694233    0.201482822984   -1.261318236892
              12 H     -3.670219989594    0.580279659876    0.448568231326
              13 H     -1.727296957919    1.897954191108    0.564575806337
              14 H     -2.169387285276    2.184257032603   -1.114953096052
              15 H     -0.648877930765    0.301825444108   -1.812955039195
              16 H      0.236751572006    1.589895970792   -1.011744022287
              17 H      1.237709029869   -1.968107488528    0.280918352965
              18 H      0.301485454093   -1.820397178343   -1.204605223216
              19 H      2.941757335746   -1.402263523982   -1.192420540889
              20 H      1.895541251896   -0.450774693165   -2.257264191558
              21 H      3.504123180799    0.809764054148   -0.821489694929
              22 H      2.877607138681    1.445804233843    1.306025807677
              23 H      2.912798871878   -0.322086237187    1.315887174816
              24 H      0.788625767684    0.007805685401    2.215903090741
              25 H      0.524622045287    1.545841611841    1.409361999190
              26 H     -0.808616544456   -1.646954277831    1.359402277304
              27 H     -2.976919846664   -1.664321396256    0.614954557474
              28 H     -2.012358080452   -1.593075519173   -0.861828406859
------------------------ !GEOMETRY! -------------------------
    Number of atoms:    29 
    Geometry Index:     4 
    Coordinates:
               0 C     -2.923438558905    0.309915064573   -0.305430145965
               1 C     -1.844885630201    1.407102632282   -0.409122933828
               2 C     -0.515627700472    0.797764388680   -0.860780040097
               3 C      0.036752517117   -0.187034140114    0.200163391393
               4 C      0.919263662108   -1.254961710400   -0.474481706190
               5 C      2.121528677092   -0.638575518731   -1.215288138672
               6 N      2.547794321935    0.604481760602   -0.557576886404
               7 C      2.398743219632    0.538976515430    0.894877502922
               8 C      0.902510141460    0.541260215294    1.257421542034
               9 N     -1.113640262813   -0.787307843913    0.905279230709
              10 C     -2.270113414337   -1.038767362011    0.048418308757
              11 H     -3.462709447171    0.212252091065   -1.256522059908
              12 H     -3.660589557684    0.580462397059    0.459231601226
              13 H     -1.708880621603    1.885643802994    0.567597418050
              14 H     -2.160234594919    2.192158581157   -1.106289374437
              15 H     -0.672542944543    0.265684670928   -1.810389565329
              16 H      0.241501649838    1.562782580748   -1.051471286216
              17 H      1.274899607577   -1.943806617980    0.305028207792
              18 H      0.321473476502   -1.851396755074   -1.174414203736
              19 H      2.930878113055   -1.387939248936   -1.250804360046
              20 H      1.850769640624   -0.403960593250   -2.251898988680
              21 H      3.502496317190    0.825940155002   -0.813040688107
              22 H      2.894665194143    1.410811101870    1.334456835884
              23 H      2.887308703573   -0.356778958259    1.322846210503
              24 H      0.762979119408    0.040791641449    2.223255573537
              25 H      0.533236053238    1.566122160709    1.378363967362
              26 H     -0.817449781013   -1.633989699536    1.379451909602
              27 H     -2.973162810314   -1.676021788668    0.595408778708
              28 H     -2.003625090518   -1.581409522966   -0.876590100863
------------------------ !GEOMETRY! -------------------------
    Number of atoms:    29 
    Geometry Index:     5 
    Coordinates:
               0 C     -2.923629754869    0.309565625601   -0.303258852963
               1 C     -1.843872829396    1.405446376720   -0.411061610195
               2 C     -0.516691736761    0.792718801312   -0.864621646248
               3 C      0.036975570844   -0.188245632860    0.199026650511
               4 C      0.923668211823   -1.253964896933   -0.474040057464
               5 C      2.119854079180   -0.631741082642   -1.218843536122
               6 N      2.556020969294    0.601614169701   -0.549311765611
               7 C      2.398523794867    0.531736513908    0.901846355496
               8 C      0.900439615784    0.546954085183    1.254474356368
               9 N     -1.112633558880   -0.789483356537    0.903737307793
              10 C     -2.270547448944   -1.039744953486    0.048754196734
              11 H     -3.467501700481    0.212585045605   -1.251798062934
              12 H     -3.656349789730    0.581435480743    0.465147481969
              13 H     -1.704730416518    1.883076077039    0.565623406114
              14 H     -2.159759256141    2.191040615026   -1.107294467781
              15 H     -0.679503957564    0.255258141949   -1.810132419416
              16 H      0.240629409896    1.555633127079   -1.063098756467
              17 H      1.287076855839   -1.936865403556    0.306912460598
              18 H      0.329173480696   -1.857801365245   -1.170409944271
              19 H      2.926693514699   -1.382245188978   -1.276071338582
              20 H      1.835296224321   -0.381408924332   -2.248173491680
              21 H      3.511511920710    0.823233786868   -0.802332426986
              22 H      2.900389760353    1.396217678833    1.349088995254
              23 H      2.875617740252   -0.370544283356    1.328645507035
              24 H      0.750396045634    0.061854002300    2.226499224396
              25 H      0.539681004413    1.576770393468    1.357607451751
              26 H     -0.818600257935   -1.634296650788    1.383034513523
              27 H     -2.973623206964   -1.677565113510    0.594928123689
              28 H     -2.004604284423   -1.581033069111   -0.877177654511
------------------------ !GEOMETRY! -------------------------
    Number of atoms:    29 
    Geometry Index:     6 
    Coordinates:
               0 C     -2.924017241160    0.308733569842   -0.301411142097
               1 C     -1.844549130737    1.404675948472   -0.411673507648
               2 C     -0.517549248313    0.791921962733   -0.865732185690
               3 C      0.037030503616   -0.188265888953    0.198141432386
               4 C      0.924210824406   -1.253116595491   -0.475773064437
               5 C      2.120566156234   -0.630047575968   -1.219412076676
               6 N      2.560230946108    0.600305746436   -0.546366275843
               7 C      2.398614303126    0.529688185995    0.904318296522
               8 C      0.899868775793    0.549373402302    1.252708375890
               9 N     -1.111665700342   -0.790497306334    0.903413104120
              10 C     -2.270574671873   -1.040492791741    0.049824906397
              11 H     -3.470096157782    0.211368132802   -1.248657512157
              12 H     -3.654902756374    0.581130918117    0.468570271241
              13 H     -1.704577229107    1.883530108568    0.564320975856
              14 H     -2.161427006740    2.189279861029   -1.108582441651
              15 H     -0.680955328570    0.254114149493   -1.810935092990
              16 H      0.239107773955    1.555327801245   -1.065205188193
              17 H      1.287806548794   -1.937114503079    0.304063276811
              18 H      0.330065515206   -1.855977960401   -1.173300571037
              19 H      2.926176730681   -1.381463767377   -1.281200961273
              20 H      1.834229415048   -0.375177957556   -2.247176594447
              21 H      3.517155556612    0.818440553148   -0.796525207213
              22 H      2.901721857580    1.392268893174    1.353883968684
              23 H      2.871964625536   -0.374306684517    1.331614301405
              24 H      0.745503138695    0.070665422337    2.227210482878
              25 H      0.542471214200    1.581090860435    1.348604991299
              26 H     -0.817378539784   -1.635251432000    1.382380918581
              27 H     -2.973318987600   -1.677923289565    0.596898274560
              28 H     -2.005811887208   -1.582079763147   -0.876301755276
