-------------------------------------------------------------
----------------------- !PROPERTIES! ------------------------
-------------------------------------------------------------
# -----------------------------------------------------------
$ PAL_Flags
   description: The PAL Flags
   geom. index: 1
   prop. index: 1
        Diskflag:     2
# -----------------------------------------------------------
$ SCF_Energy
   description: The SCF energy
   geom. index: 1
   prop. index: 1
        SCF Energy:     -384.8414451425
# -----------------------------------------------------------
$ DFT_Energy
   description: The DFT energy
   geom. index: 1
   prop. index: 1
   Number of Alpha Electrons                 35.0000455458 
   Number of Beta  Electrons                 35.0000455458 
   Total number of  Electrons                70.0000910916 
   Exchange energy                          -36.2187769526 
   Correlation energy                        -2.8600924748 
   Correlation energy NL                      0.0000000000 
   Exchange-Correlation energy              -39.0788694274 
   Embedding correction                       0.0000000000 
   Total DFT Energy (No VdW correction)    -384.8414451425 
# -----------------------------------------------------------
$ Mayer_Pop
   description: The Mayer population analysis
   geom. index: 1
   prop. index: 1
     Number of atoms                     : 23
     Threshold for printing              : 0.1000000
     Number of bond orders printed       : 27
  NA   - Mulliken gross atomic population
  ZA   - Total nuclear charge
  QA   - Mulliken gross atomic charge
  VA   - Mayer's total valence
  BVA  - Mayer's bonded valence
  FA   - Mayer's free valence
  ATOM       NA         ZA         QA         VA         BVA        FA
  0   0     6.3024     6.0000    -0.3024     3.5721     3.5721    -0.0000
  1   0     6.2932     6.0000    -0.2932     3.6848     3.6848    -0.0000
  2   0     7.2152     7.0000    -0.2152     2.6126     2.6126     0.0000
  3   0     6.3365     6.0000    -0.3365     4.6151     4.6151     0.0000
  4   0     6.1999     6.0000    -0.1999     3.4666     3.4666     0.0000
  5   0     6.2722     6.0000    -0.2722     3.2366     3.2366    -0.0000
  6   0     6.3553     6.0000    -0.3553     3.7785     3.7785     0.0000
  7   0     7.2774     7.0000    -0.2774     2.5862     2.5862     0.0000
  8   0     6.2838     6.0000    -0.2838     3.8656     3.8656    -0.0000
  9   0     0.8519     1.0000     0.1481     0.9669     0.9669    -0.0000
 10   0     0.8388     1.0000     0.1612     0.9547     0.9547    -0.0000
 11   0     0.8561     1.0000     0.1439     0.9537     0.9537    -0.0000
 12   0     0.8432     1.0000     0.1568     0.9455     0.9455    -0.0000
 13   0     0.6813     1.0000     0.3187     0.8228     0.8228     0.0000
 14   0     0.8119     1.0000     0.1881     0.9265     0.9265     0.0000
 15   0     0.8469     1.0000     0.1531     0.9505     0.9505    -0.0000
 16   0     0.8376     1.0000     0.1624     0.9523     0.9523    -0.0000
 17   0     0.8396     1.0000     0.1604     0.9411     0.9411    -0.0000
 18   0     0.8472     1.0000     0.1528     0.9361     0.9361     0.0000
 19   0     0.8476     1.0000     0.1524     0.9334     0.9334     0.0000
 20   0     0.6990     1.0000     0.3010     0.8572     0.8572    -0.0000
 21   0     0.8359     1.0000     0.1641     0.8947     0.8947    -0.0000
 22   0     0.8273     1.0000     0.1727     0.9212     0.9212     0.0000
      Bond orders larger than 0.1000000
           Atom A     A.N. of A          Atom B    A.N. of B              Bond order
                0             6               1            6                0.872289
                0             6               4            6                0.862590
                0             6               9            1                0.994310
                0             6              10            1                0.998507
                1             6               2            7                0.844760
                1             6              11            1                0.983193
                1             6              12            1                1.000005
                2             7               3            6                1.415389
                2             7               8            6               -0.309445
                2             7              13            1                0.859901
                3             6               4            6                0.911970
                3             6               5            6                0.771787
                3             6               7            7                0.177389
                3             6               8            6                1.191489
                4             6              14            1                0.975958
                4             6              15            1                0.960864
                5             6               6            6                0.796758
                5             6               7            7               -0.198118
                5             6              16            1                1.015303
                5             6              17            1                0.973077
                6             6               7            7                0.949681
                6             6              18            1                1.002819
                6             6              19            1                1.009683
                7             7               8            6                0.952686
                7             7              20            1                0.879509
                8             6              21            1                0.897962
                8             6              22            1                0.984844
# -----------------------------------------------------------
$ VdW_Correction
   description: The Van der Waals Correction
   geom. index: 1
   prop. index: 1
        Van der Waals Correction:       -0.0407852596
# -----------------------------------------------------------
$ Hessian
   description: Details about the Hessian
   geom. index: 1
   prop. index: 1
Normal modes:
Number of Rows: 69 Number of Columns: 69
                  0          1          2          3          4          5    
      0       0.000000   0.000000   0.000000   0.000000   0.000000   0.000000
      1       0.000000   0.000000   0.000000   0.000000   0.000000   0.000000
      2       0.000000   0.000000   0.000000   0.000000   0.000000   0.000000
      3       0.000000   0.000000   0.000000   0.000000   0.000000   0.000000
      4       0.000000   0.000000   0.000000   0.000000   0.000000   0.000000
      5       0.000000   0.000000   0.000000   0.000000   0.000000   0.000000
      6       0.000000   0.000000   0.000000   0.000000   0.000000   0.000000
      7       0.000000   0.000000   0.000000   0.000000   0.000000   0.000000
      8       0.000000   0.000000   0.000000   0.000000   0.000000   0.000000
      9       0.000000   0.000000   0.000000   0.000000   0.000000   0.000000
     10       0.000000   0.000000   0.000000   0.000000   0.000000   0.000000
     11       0.000000   0.000000   0.000000   0.000000   0.000000   0.000000
     12       0.000000   0.000000   0.000000   0.000000   0.000000   0.000000
     13       0.000000   0.000000   0.000000   0.000000   0.000000   0.000000
     14       0.000000   0.000000   0.000000   0.000000   0.000000   0.000000
     15       0.000000   0.000000   0.000000   0.000000   0.000000   0.000000
     16       0.000000   0.000000   0.000000   0.000000   0.000000   0.000000
     17       0.000000   0.000000   0.000000   0.000000   0.000000   0.000000
     18       0.000000   0.000000   0.000000   0.000000   0.000000   0.000000
     19       0.000000   0.000000   0.000000   0.000000   0.000000   0.000000
     20       0.000000   0.000000   0.000000   0.000000   0.000000   0.000000
     21       0.000000   0.000000   0.000000   0.000000   0.000000   0.000000
     22       0.000000   0.000000   0.000000   0.000000   0.000000   0.000000
     23       0.000000   0.000000   0.000000   0.000000   0.000000   0.000000
     24       0.000000   0.000000   0.000000   0.000000   0.000000   0.000000
     25       0.000000   0.000000   0.000000   0.000000   0.000000   0.000000
     26       0.000000   0.000000   0.000000   0.000000   0.000000   0.000000
     27       0.000000   0.000000   0.000000   0.000000   0.000000   0.000000
     28       0.000000   0.000000   0.000000   0.000000   0.000000   0.000000
     29       0.000000   0.000000   0.000000   0.000000   0.000000   0.000000
     30       0.000000   0.000000   0.000000   0.000000   0.000000   0.000000
     31       0.000000   0.000000   0.000000   0.000000   0.000000   0.000000
     32       0.000000   0.000000   0.000000   0.000000   0.000000   0.000000
     33       0.000000   0.000000   0.000000   0.000000   0.000000   0.000000
     34       0.000000   0.000000   0.000000   0.000000   0.000000   0.000000
     35       0.000000   0.000000   0.000000   0.000000   0.000000   0.000000
     36       0.000000   0.000000   0.000000   0.000000   0.000000   0.000000
     37       0.000000   0.000000   0.000000   0.000000   0.000000   0.000000
     38       0.000000   0.000000   0.000000   0.000000   0.000000   0.000000
     39       0.000000   0.000000   0.000000   0.000000   0.000000   0.000000
     40       0.000000   0.000000   0.000000   0.000000   0.000000   0.000000
     41       0.000000   0.000000   0.000000   0.000000   0.000000   0.000000
     42       0.000000   0.000000   0.000000   0.000000   0.000000   0.000000
     43       0.000000   0.000000   0.000000   0.000000   0.000000   0.000000
     44       0.000000   0.000000   0.000000   0.000000   0.000000   0.000000
     45       0.000000   0.000000   0.000000   0.000000   0.000000   0.000000
     46       0.000000   0.000000   0.000000   0.000000   0.000000   0.000000
     47       0.000000   0.000000   0.000000   0.000000   0.000000   0.000000
     48       0.000000   0.000000   0.000000   0.000000   0.000000   0.000000
     49       0.000000   0.000000   0.000000   0.000000   0.000000   0.000000
     50       0.000000   0.000000   0.000000   0.000000   0.000000   0.000000
     51       0.000000   0.000000   0.000000   0.000000   0.000000   0.000000
     52       0.000000   0.000000   0.000000   0.000000   0.000000   0.000000
     53       0.000000   0.000000   0.000000   0.000000   0.000000   0.000000
     54       0.000000   0.000000   0.000000   0.000000   0.000000   0.000000
     55       0.000000   0.000000   0.000000   0.000000   0.000000   0.000000
     56       0.000000   0.000000   0.000000   0.000000   0.000000   0.000000
     57       0.000000   0.000000   0.000000   0.000000   0.000000   0.000000
     58       0.000000   0.000000   0.000000   0.000000   0.000000   0.000000
     59       0.000000   0.000000   0.000000   0.000000   0.000000   0.000000
     60       0.000000   0.000000   0.000000   0.000000   0.000000   0.000000
     61       0.000000   0.000000   0.000000   0.000000   0.000000   0.000000
     62       0.000000   0.000000   0.000000   0.000000   0.000000   0.000000
     63       0.000000   0.000000   0.000000   0.000000   0.000000   0.000000
     64       0.000000   0.000000   0.000000   0.000000   0.000000   0.000000
     65       0.000000   0.000000   0.000000   0.000000   0.000000   0.000000
     66       0.000000   0.000000   0.000000   0.000000   0.000000   0.000000
     67       0.000000   0.000000   0.000000   0.000000   0.000000   0.000000
     68       0.000000   0.000000   0.000000   0.000000   0.000000   0.000000
                  6          7          8          9         10         11    
      0       0.017454   0.078139   0.056310  -0.095363  -0.008440   0.112911
      1      -0.015437  -0.114617  -0.015556   0.089872  -0.004154   0.006430
      2      -0.015501   0.133791  -0.074200  -0.067698  -0.060642  -0.015669
      3      -0.013602  -0.055398  -0.035737  -0.090837  -0.069079   0.039780
      4      -0.013965   0.083203  -0.031991   0.139008  -0.046897   0.007781
      5      -0.017358  -0.111963  -0.053358  -0.137874  -0.013120  -0.006420
      6      -0.031402  -0.001522  -0.048159   0.016601  -0.022645   0.033961
      7       0.020044   0.005003   0.010342  -0.069548  -0.066101   0.037999
      8      -0.015587   0.023784   0.043413   0.083042   0.177385   0.107529
      9       0.005813   0.002275   0.015607  -0.006023   0.003076   0.015054
     10       0.030757   0.014981   0.055813  -0.096529   0.020253   0.073003
     11       0.032077   0.005635   0.074910   0.076552   0.013158   0.034329
     12       0.057669  -0.001142   0.104490  -0.023445  -0.025087   0.137599
     13      -0.061083   0.060045   0.008724  -0.106639   0.137319  -0.053736
     14       0.068580  -0.018522   0.035147   0.091812  -0.056727   0.077684
     15      -0.006137   0.013317   0.014612  -0.072530  -0.009315  -0.060633
     16       0.029026   0.023744   0.045791  -0.022330  -0.101179   0.005860
     17       0.011446   0.034948   0.076079   0.018514  -0.165807  -0.135171
     18       0.032606  -0.002361  -0.142282   0.021465   0.045276  -0.054620
     19       0.061612   0.003108  -0.138738   0.079125  -0.060858   0.024529
     20       0.038798  -0.000954  -0.149590  -0.034186   0.015473   0.000740
     21      -0.130593  -0.018534  -0.002617   0.123070   0.016219  -0.091388
     22      -0.169551  -0.041245   0.010556   0.031634  -0.002009   0.025726
     23      -0.160165  -0.037683   0.000636  -0.041732   0.049716  -0.008117
     24       0.051779  -0.014563   0.037993   0.113589   0.061881  -0.119160
     25       0.128750  -0.038541   0.068605  -0.073454   0.108711  -0.085903
     26       0.058578  -0.026512   0.069967   0.029216   0.043202  -0.041203
     27       0.066990  -0.034739   0.111460  -0.004430  -0.026614   0.170739
     28       0.007528  -0.417454  -0.013459   0.116720  -0.031741   0.028958
     29      -0.063110   0.205750  -0.130348  -0.157014  -0.046306  -0.070684
     30      -0.046828   0.341969   0.025536  -0.244532   0.073363   0.034936
     31      -0.009005  -0.051480  -0.025781   0.141110  -0.040533   0.016572
     32      -0.026359   0.328096  -0.101776  -0.029706  -0.095069  -0.025409
     33      -0.031689   0.031632  -0.041108   0.060841  -0.011271   0.040536
     34      -0.032795   0.066883  -0.048630   0.237288  -0.009619  -0.008935
     35      -0.015551  -0.412363  -0.082913  -0.313982  -0.082592  -0.054988
     36      -0.003651  -0.284384  -0.085150  -0.334006  -0.213684  -0.031154
     37      -0.018408   0.295049  -0.056439   0.218887  -0.075043  -0.008926
     38      -0.016733  -0.087625  -0.071620  -0.159756  -0.052609  -0.026300
     39      -0.038842   0.075356  -0.035155   0.180015   0.000222   0.042675
     40       0.010377   0.048468   0.024464  -0.005118   0.040257   0.090102
     41      -0.026512   0.075773   0.060744   0.153895   0.312783   0.173918
     42       0.080110   0.056324   0.137748  -0.109211   0.001159   0.203927
     43      -0.064734   0.097736   0.015679  -0.152797   0.166447  -0.053691
     44       0.173722  -0.161536   0.085093   0.216980  -0.230444   0.290208
     45       0.106314  -0.130934   0.164060   0.111085  -0.049584   0.193436
     46      -0.144737   0.174632  -0.015829  -0.201645   0.298929  -0.239546
     47       0.026645   0.040979   0.020346   0.040339   0.022091  -0.010566
     48      -0.034421   0.024584   0.172819  -0.116952   0.022354  -0.027899
     49       0.056035   0.003797  -0.065510  -0.003540   0.025247   0.128567
     50      -0.021015   0.062921   0.179870   0.012548  -0.398149  -0.364691
     51      -0.010919   0.017594  -0.031451  -0.138191  -0.040453  -0.150013
     52      -0.006065   0.058653   0.202936  -0.027248  -0.336750  -0.227369
     53       0.004383   0.042424   0.122503   0.029881  -0.216064  -0.174543
     54      -0.021757   0.003436  -0.024457  -0.015992   0.003144  -0.075650
     55       0.113626  -0.014922  -0.307921   0.160245   0.016595   0.046639
     56       0.269716   0.021213  -0.416239  -0.049986   0.054230   0.071288
     57       0.230056  -0.006328  -0.483821   0.051417   0.163949   0.040828
     58       0.203738   0.038386  -0.204421   0.098636  -0.123869   0.006675
     59      -0.042685  -0.024464  -0.123717  -0.046023   0.064199   0.017991
     60      -0.050771  -0.020821   0.058798   0.144151   0.032891  -0.116002
     61      -0.479235  -0.066548   0.110583   0.046015  -0.018270   0.033937
     62      -0.176478  -0.030579  -0.075992  -0.064538   0.037456   0.010263
     63      -0.024593  -0.028765   0.017472   0.186109   0.041615  -0.169300
     64       0.258297  -0.037592   0.098037  -0.121586   0.165508  -0.132150
     65       0.319377  -0.057576   0.123758   0.036893   0.196537  -0.306921
     66       0.296340  -0.007724   0.111196   0.113669   0.112310  -0.204255
     67       0.280450  -0.072366   0.083506  -0.087998   0.235435  -0.303782
     68      -0.067731  -0.005569   0.048934   0.038410  -0.047208   0.110317
                 12         13         14         15         16         17    
      0      -0.028678  -0.088472  -0.076460   0.165241  -0.118865  -0.014079
      1      -0.001278  -0.013053  -0.072397   0.100145  -0.196140   0.016532
      2       0.026187   0.030891  -0.019707   0.006389  -0.106581  -0.037906
      3       0.015482  -0.183401   0.044122  -0.063725   0.184353  -0.010252
      4       0.006345  -0.028867  -0.041923   0.062937  -0.060490   0.019852
      5       0.010143   0.027940  -0.055214   0.085877  -0.158832   0.000306
      6       0.078516  -0.187847   0.066672  -0.088070   0.110962  -0.030288
      7      -0.118694   0.079986  -0.020357   0.076940   0.295929   0.081271
      8       0.143741   0.006997   0.009501   0.053142   0.156368   0.054199
      9       0.005785   0.010380   0.024731  -0.123458  -0.108366  -0.000903
     10       0.001775   0.151635  -0.054802  -0.049573   0.119610   0.005338
     11      -0.158253  -0.009262   0.103277  -0.028789   0.014696   0.032761
     12      -0.040637  -0.013563  -0.034060   0.081247  -0.138038  -0.062988
     13      -0.132415   0.000135   0.028326  -0.035168  -0.034097  -0.092642
     14      -0.046343   0.135337   0.102479  -0.120377   0.014755  -0.180991
     15       0.094348   0.193182   0.112663  -0.083232  -0.088595   0.089546
     16       0.085043   0.012050  -0.136363  -0.209275  -0.089771   0.071038
     17       0.014672  -0.028866   0.029699   0.087554   0.075934  -0.030913
     18       0.013079   0.170683   0.162085   0.076823  -0.005893   0.025557
     19      -0.013961  -0.079198  -0.010375  -0.043142  -0.019344   0.015793
     20       0.011773  -0.012517  -0.151537  -0.049303   0.023978  -0.014421
     21      -0.065423   0.087886  -0.187534   0.027638   0.094324  -0.030004
     22       0.040683  -0.035624   0.259876   0.050283  -0.065927   0.039497
     23       0.027986  -0.023380  -0.112176  -0.033510   0.009941  -0.021887
     24      -0.059145   0.017619  -0.123333  -0.027623   0.023252   0.019984
     25       0.120294  -0.034189   0.031752   0.032470   0.031535  -0.069961
     26      -0.101390  -0.123378   0.103844  -0.061130  -0.077619   0.178750
     27      -0.052536   0.004369  -0.009431   0.061468  -0.158679  -0.252778
     28       0.026161   0.010076  -0.006414  -0.042517  -0.194105  -0.243998
     29       0.054952  -0.061241  -0.079783   0.093958  -0.067625   0.167281
     30      -0.068921  -0.169556  -0.157703   0.327719  -0.126154   0.287353
     31       0.020651  -0.022617  -0.070140   0.096883  -0.128239   0.070858
     32       0.048319  -0.012322  -0.042302   0.054838   0.005894   0.158857
     33       0.120457  -0.233447   0.079726  -0.144484   0.036862  -0.089322
     34       0.077109  -0.078498  -0.006708  -0.016138  -0.159302  -0.004623
     35      -0.108198   0.034520  -0.055278   0.097704   0.015383   0.158030
     36      -0.166486  -0.143666   0.031415  -0.042386   0.338481   0.090662
     37       0.049816  -0.033652  -0.018613  -0.013922  -0.197713  -0.126259
     38      -0.011312   0.033405  -0.051782   0.066918  -0.181366  -0.027123
     39       0.102712  -0.253020   0.086842  -0.105087   0.098119  -0.037016
     40       0.062619   0.089366  -0.057068   0.062519   0.306748   0.071800
     41       0.378965   0.024902  -0.042671   0.027831   0.142874   0.035065
     42      -0.064772   0.033770   0.001159   0.054924   0.109870  -0.183850
     43      -0.169192  -0.004766   0.069543  -0.073816   0.046781  -0.167127
     44       0.184045   0.318017  -0.128079   0.124444   0.108936   0.028421
     45      -0.053092  -0.014270  -0.046700   0.194781  -0.177417   0.036234
     46      -0.369689  -0.196865   0.247284  -0.208797  -0.127933  -0.275390
     47      -0.158646   0.041549   0.206291  -0.206606  -0.029461  -0.274550
     48       0.074198   0.287905   0.215659  -0.058774  -0.073370   0.125290
     49      -0.024638  -0.003597  -0.277457  -0.349608  -0.157231   0.159860
     50       0.215056  -0.051973   0.216092   0.313048   0.186050  -0.202124
     51       0.243759   0.274336  -0.020603  -0.065312  -0.029759   0.063790
     52       0.266757   0.017202   0.144702   0.078529   0.051984  -0.100648
     53       0.029860  -0.045734   0.125736   0.157158   0.099848  -0.070175
     54       0.067587   0.188601   0.106340  -0.056210  -0.082771   0.100689
     55      -0.117829  -0.120627   0.058595   0.204373   0.136786  -0.121611
     56      -0.015518   0.016770   0.057963   0.058485   0.029001  -0.055606
     57      -0.077468   0.174886   0.387040   0.321570   0.086890  -0.091182
     58      -0.031530  -0.077178  -0.041008  -0.036480   0.015352   0.002589
     59       0.017777  -0.014455  -0.127357  -0.043943   0.007272  -0.014942
     60      -0.107081   0.019662  -0.095906  -0.005956   0.032040   0.087237
     61       0.058290   0.017083  -0.151557   0.060821   0.121285  -0.223601
     62       0.063962   0.032380  -0.151720  -0.006307   0.044800  -0.093464
     63      -0.108875  -0.025369  -0.027518   0.080739   0.025955   0.101525
     64       0.185324  -0.068726  -0.082270   0.003556   0.042379  -0.149074
     65       0.008205  -0.346699  -0.039084   0.083766  -0.052522   0.120051
     66      -0.094217  -0.023328  -0.178585  -0.024375   0.071862   0.040731
     67       0.266091  -0.245073  -0.089389   0.154057   0.010517  -0.165227
     68      -0.195754   0.018499   0.194152  -0.143471  -0.074050   0.245824
                 18         19         20         21         22         23    
      0       0.033119   0.001584  -0.001110  -0.029464  -0.038173  -0.155664
      1      -0.054815  -0.005691  -0.011276   0.006349  -0.049006  -0.132869
      2       0.044051  -0.012629  -0.024665  -0.008005  -0.057342  -0.061385
      3      -0.000003  -0.004796  -0.043744   0.036349  -0.112601  -0.048948
      4       0.001246   0.008447   0.044364  -0.070115   0.031513   0.131145
      5       0.062099  -0.000522   0.004005   0.026508   0.060770   0.130009
      6      -0.010509   0.008242   0.014279   0.034639   0.088852   0.042336
      7       0.083122   0.019133   0.046008  -0.010255   0.095225  -0.060181
      8       0.029391   0.023571   0.051009   0.008787   0.081882  -0.045737
      9      -0.015129  -0.025463   0.006910   0.001965   0.031820   0.013894
     10      -0.003849  -0.043239  -0.083035   0.026495  -0.084391   0.072076
     11      -0.011389   0.040585   0.040011   0.039612  -0.047099   0.061670
     12       0.010709   0.006511   0.025722  -0.032458   0.038793   0.113586
     13      -0.080558  -0.005354  -0.054235   0.085449   0.021526  -0.041278
     14      -0.078556   0.009654   0.013870  -0.029327   0.034830  -0.109165
     15       0.010812   0.037546   0.021332  -0.002684   0.018175  -0.021960
     16       0.006326  -0.035200   0.083924   0.006557   0.015644  -0.016552
     17      -0.001302   0.115235  -0.037064   0.022077  -0.087537   0.060970
     18       0.006889   0.039465   0.098207   0.024272  -0.086822  -0.009525
     19       0.005619   0.024668   0.041142   0.003479  -0.010295  -0.031489
     20      -0.003287   0.055217  -0.110004  -0.037971   0.066657  -0.011175
     21       0.006243  -0.015903   0.020717   0.012233  -0.043196   0.010284
     22       0.003096   0.054802  -0.112370  -0.030979   0.058407  -0.011878
     23      -0.005332  -0.055828   0.037966   0.003095   0.000289  -0.002910
     24       0.000161  -0.019633  -0.124843  -0.033910   0.073066   0.013523
     25      -0.014321   0.015056  -0.024370  -0.001558  -0.051389   0.077295
     26       0.037872  -0.105268   0.012108   0.009669  -0.043971  -0.020631
     27       0.187553   0.009412   0.047554  -0.166897   0.010213  -0.226786
     28       0.458808  -0.043184  -0.137001   0.068001  -0.240001  -0.213724
     29      -0.044182  -0.026031  -0.094925   0.143477  -0.139439  -0.013062
     30      -0.406848   0.014722  -0.012554   0.142529   0.091259  -0.070035
     31      -0.152018   0.005219   0.043804  -0.093158  -0.069824  -0.129895
     32      -0.269681   0.010823   0.069240  -0.120388  -0.041476  -0.010922
     33       0.047945  -0.011704  -0.105314   0.212017  -0.085677   0.095479
     34      -0.090748   0.013738   0.049724  -0.012840   0.080722   0.329835
     35      -0.337796   0.034996   0.193189  -0.324878   0.099083   0.227782
     36      -0.243724   0.019576   0.089474  -0.264832  -0.096910   0.015110
     37       0.295102  -0.019342  -0.097974   0.191304   0.015152   0.217886
     38       0.110508  -0.006624  -0.017632   0.047613   0.051193   0.178275
     39      -0.092760  -0.005949   0.007343  -0.167969  -0.126928   0.133946
     40       0.009462  -0.105865  -0.105272  -0.303763  -0.365257   0.026820
     41      -0.065988  -0.146742  -0.161671  -0.367006  -0.542240   0.075651
     42       0.092329   0.009673  -0.000355  -0.065175   0.079614   0.381273
     43      -0.023640  -0.001059  -0.035333   0.024544   0.036593   0.049763
     44      -0.312690  -0.015783  -0.234343   0.372711   0.022807  -0.114836
     45      -0.172449   0.023326  -0.016144   0.160409   0.110695   0.175918
     46       0.095381   0.034981   0.176139  -0.269027   0.034411   0.001412
     47       0.011470   0.028496   0.124017  -0.204656   0.037165  -0.096930
     48       0.002370  -0.136807  -0.005864   0.039128  -0.040507   0.122089
     49       0.025142   0.258379   0.102642   0.038913  -0.133935   0.041343
     50      -0.029770  -0.297795  -0.050972  -0.058864   0.199748  -0.120115
     51       0.029240  -0.018210  -0.194632  -0.124312   0.267831  -0.187544
     52      -0.026988  -0.551710   0.126291  -0.035792   0.247539  -0.140310
     53      -0.014394  -0.000929   0.008747   0.033838  -0.076734   0.063454
     54       0.023351   0.216018   0.133834   0.002441  -0.093035  -0.079635
     55      -0.018879  -0.261343  -0.055029   0.032600  -0.014584   0.085688
     56      -0.031406  -0.231858  -0.024057   0.018607   0.113340   0.081648
     57      -0.031139  -0.420492   0.113672   0.084449  -0.020721   0.134626
     58       0.004739   0.038164   0.034267   0.019164  -0.046608   0.013447
     59      -0.005946   0.015050  -0.093129  -0.041274   0.089784  -0.031251
     60       0.030371  -0.072388  -0.169843  -0.036615   0.014536   0.003831
     61      -0.048473  -0.082510   0.574729   0.185176  -0.187799   0.095938
     62      -0.019388   0.015860   0.125370   0.019196  -0.026207  -0.014329
     63       0.027788   0.055121  -0.142563  -0.049085   0.120013  -0.092966
     64      -0.032475   0.015705   0.076303   0.026457  -0.055572   0.077949
     65       0.042749   0.056222   0.293284   0.062966   0.064431  -0.275173
     66       0.010474   0.004558  -0.022067   0.010748   0.037710  -0.003384
     67      -0.021068   0.163731   0.210401   0.026308   0.070449  -0.149850
     68       0.042517  -0.206091  -0.161229  -0.015300  -0.115205   0.126513
                 24         25         26         27         28         29    
      0       0.029716  -0.006729   0.007609  -0.060145  -0.011811   0.139380
      1       0.070705  -0.018477   0.027277   0.026677   0.010513  -0.063343
      2       0.003704  -0.016192  -0.007154   0.020712   0.072054  -0.090411
      3       0.025880  -0.020106  -0.061035   0.133363  -0.071056   0.039629
      4      -0.028847   0.007941  -0.029147   0.021885  -0.020415   0.101681
      5      -0.038518   0.021457   0.010939  -0.047276  -0.063237   0.055888
      6      -0.020636   0.024593   0.046721  -0.108857   0.042658  -0.012065
      7       0.003371   0.009049   0.013943  -0.048111   0.000733  -0.066062
      8       0.051088   0.003668   0.017692   0.052572   0.018657   0.002389
      9       0.048539  -0.004853   0.060275  -0.081470   0.066231  -0.100604
     10       0.010211  -0.017587   0.001755   0.020367   0.020758   0.044918
     11       0.075760  -0.045541  -0.043421  -0.000156  -0.013504  -0.004751
     12      -0.025209   0.007805  -0.008710   0.076811   0.022340  -0.139273
     13      -0.102648   0.028986  -0.019737  -0.019220   0.019500  -0.002406
     14      -0.020417   0.016987   0.013350  -0.007823  -0.040927   0.053283
     15      -0.046177  -0.077240   0.093303   0.026854   0.024183   0.019131
     16       0.033626   0.009153  -0.144077  -0.015648   0.006276   0.044993
     17       0.013892  -0.030813   0.026466  -0.042051   0.063518   0.027066
     18       0.010876   0.121344  -0.095421  -0.013053  -0.051431  -0.012637
     19      -0.054544   0.044453   0.134339   0.025715  -0.002885  -0.044303
     20       0.006909  -0.045888  -0.016145   0.005299  -0.057993  -0.011795
     21      -0.016807   0.029468   0.052174   0.041065   0.029235   0.055273
     22      -0.004843  -0.045743  -0.077242  -0.006375   0.012343   0.001008
     23       0.018760   0.063936  -0.030793  -0.006232   0.051229  -0.011382
     24       0.058815  -0.039467  -0.071316  -0.048619  -0.031691  -0.042911
     25       0.110409   0.046646   0.089649  -0.022514  -0.032570   0.019909
     26      -0.071540   0.039338   0.075371   0.013812  -0.019019   0.029140
     27      -0.044534   0.006798   0.015621  -0.162206   0.088787   0.409755
     28      -0.017078  -0.057362  -0.076885   0.023426   0.089848  -0.188689
     29       0.068852  -0.036442  -0.029989   0.125260  -0.020074  -0.382026
     30       0.046811   0.041579   0.071554  -0.157586  -0.220940   0.093561
     31       0.151003  -0.042331   0.024358   0.200261   0.060163  -0.086803
     32       0.144645  -0.038848   0.010773   0.280319   0.082292  -0.150296
     33       0.059964  -0.005923  -0.050805   0.264489  -0.166527   0.183173
     34       0.011547   0.018346  -0.019971   0.189269  -0.051115   0.289054
     35      -0.020122   0.004159   0.003001   0.041850   0.130120   0.147811
     36      -0.051253  -0.031610  -0.097788   0.031184   0.104830  -0.017305
     37      -0.101563   0.026140  -0.060734  -0.039327  -0.143064   0.003509
     38      -0.081964   0.024795  -0.009770  -0.085884  -0.072557   0.014191
     39      -0.172239  -0.009828  -0.053603  -0.258880   0.043092  -0.069378
     40      -0.302752  -0.007232  -0.045002  -0.256718  -0.099922  -0.195368
     41      -0.351408  -0.020403  -0.061461  -0.209193  -0.127956  -0.156506
     42      -0.252172   0.064917  -0.149305   0.451389   0.075444  -0.113340
     43      -0.151387   0.042865  -0.061102   0.129863   0.027751   0.012154
     44      -0.324279   0.084634  -0.083486  -0.083996   0.040081   0.074758
     45      -0.062475   0.047481  -0.001759   0.009229  -0.205465  -0.340472
     46       0.155267  -0.021192   0.054470   0.100066  -0.145791  -0.078071
     47       0.099840  -0.007862   0.047578   0.049766  -0.110667   0.028819
     48       0.031437  -0.267518  -0.002268   0.070384   0.298662   0.174026
     49       0.022537  -0.017446  -0.126757  -0.073210   0.047231   0.082910
     50      -0.010556   0.124622   0.042755   0.034397  -0.171431  -0.125646
     51      -0.197875  -0.129228   0.444135   0.323556  -0.270737   0.095762
     52       0.050836   0.142853  -0.235227   0.052500  -0.141373  -0.080193
     53       0.046435   0.008314  -0.056759  -0.084160   0.084607  -0.023030
     54      -0.020069   0.214855  -0.153370  -0.033699  -0.220216  -0.090373
     55      -0.015121  -0.041742   0.295299   0.106171   0.327633   0.102736
     56       0.096949  -0.392335  -0.201695  -0.123796  -0.014089   0.054266
     57       0.114995  -0.234237  -0.216672  -0.055932   0.167969   0.132842
     58      -0.063085  -0.087266   0.235220  -0.002360   0.000965   0.019334
     59       0.019422   0.021213  -0.083128   0.019075  -0.045757  -0.049539
     60      -0.011511   0.118659   0.066369   0.067412   0.139472   0.134311
     61      -0.080905  -0.629224   0.234217  -0.153685  -0.394014  -0.135716
     62       0.022769   0.085972  -0.077895  -0.002849   0.011737  -0.062320
     63      -0.105652  -0.110818  -0.225216   0.029805  -0.051985   0.050162
     64       0.107156   0.022317   0.102997  -0.041180   0.017236  -0.049661
     65      -0.468250  -0.197460  -0.260026   0.131583   0.105782   0.009259
     66      -0.035766  -0.227019  -0.123935  -0.039160  -0.147047  -0.083919
     67      -0.209670  -0.043673  -0.156950   0.078055   0.208739  -0.000052
     68       0.147048   0.122948   0.234283  -0.051345  -0.158896   0.049105
                 30         31         32         33         34         35    
      0       0.014192  -0.052324   0.016297  -0.041044  -0.005261   0.012097
      1       0.000109   0.079139  -0.028005  -0.073199  -0.054365  -0.007979
      2       0.071996  -0.033379   0.055440   0.015204   0.028539   0.009052
      3      -0.053592  -0.022832  -0.023623   0.120445   0.014947  -0.016255
      4       0.007328  -0.083534   0.024441   0.086953   0.036659   0.011201
      5      -0.065642   0.039012  -0.056454  -0.015918  -0.023463  -0.018706
      6       0.047050   0.073245   0.020709  -0.167327  -0.053313   0.016253
      7      -0.031688   0.038103  -0.016646   0.042623  -0.008440  -0.015969
      8       0.030099  -0.019900   0.011985   0.068424   0.019311   0.003289
      9      -0.018652  -0.028901  -0.116894   0.126598   0.135733  -0.027252
     10       0.016753   0.003868  -0.100631  -0.161216   0.029543   0.032720
     11      -0.068116  -0.117887   0.102456  -0.117644   0.042020   0.007217
     12       0.008512   0.051552  -0.006364   0.023813   0.017417  -0.006380
     13       0.051125  -0.044700   0.024366   0.082700   0.025777  -0.013111
     14      -0.042577   0.067339  -0.024731   0.013504  -0.036558   0.000393
     15      -0.045823  -0.034718   0.022163   0.035204  -0.036489  -0.038154
     16      -0.002144   0.078564   0.063087   0.018729  -0.033100   0.029155
     17       0.018473   0.055354  -0.045875   0.056271  -0.060771   0.034338
     18       0.044864  -0.010807  -0.026414  -0.040265  -0.008308   0.023600
     19      -0.040716  -0.147008  -0.035293  -0.035047  -0.037416  -0.039766
     20       0.022699   0.021082   0.027075  -0.083269   0.128575  -0.074627
     21      -0.016717   0.112329   0.068031  -0.033454   0.121858  -0.009277
     22      -0.003203   0.036368  -0.018628  -0.008869   0.061010   0.041200
     23      -0.046086  -0.067711  -0.037379   0.045832  -0.111337   0.052425
     24       0.025366  -0.110656  -0.053768   0.053448  -0.132020   0.013919
     25       0.033580   0.014392   0.095772   0.026518  -0.023672  -0.056670
     26       0.075693   0.067496  -0.011687   0.018407   0.015409  -0.015818
     27       0.171062  -0.161907  -0.066740   0.066305   0.072607  -0.050525
     28       0.096631  -0.166217   0.276757  -0.021187   0.020401   0.088902
     29      -0.073732   0.044870   0.186451  -0.092635  -0.044744   0.088049
     30      -0.255279   0.158591   0.004478  -0.070325  -0.116444   0.036321
     31       0.070317   0.131734  -0.165431  -0.128557  -0.088557  -0.066397
     32       0.092621   0.129715  -0.183656  -0.083460  -0.059735  -0.080534
     33      -0.105995   0.040325  -0.262948   0.044679   0.048343  -0.067937
     34       0.043651  -0.101254  -0.202312   0.023401   0.131645  -0.022973
     35       0.186901  -0.191149   0.026573   0.024160   0.134202   0.037995
     36       0.110498  -0.250542   0.304978   0.172121   0.095158   0.092109
     37      -0.171296  -0.016234   0.064958   0.113415   0.017313   0.017854
     38      -0.096061   0.012703   0.020695   0.010856  -0.009803   0.003650
     39      -0.030057  -0.092341   0.319230  -0.221399  -0.052644   0.060178
     40      -0.189061   0.115057  -0.057758   0.048262  -0.035273  -0.048502
     41      -0.188396   0.090405  -0.067822   0.071815  -0.015225  -0.044987
     42       0.300603   0.094464  -0.028610  -0.229469  -0.385133  -0.049972
     43       0.138536   0.000839   0.000277  -0.027417  -0.130969  -0.027082
     44       0.137990  -0.163274   0.123895   0.142036  -0.012853  -0.017513
     45      -0.242214   0.077059   0.366370   0.227062   0.049334   0.129107
     46      -0.179980   0.209536   0.052713  -0.042016  -0.098407   0.065060
     47      -0.139976   0.184769  -0.021552  -0.051078  -0.097668   0.032580
     48      -0.294972  -0.216232   0.151026  -0.339177  -0.074269  -0.278035
     49       0.055086   0.215158   0.036330   0.177738  -0.143705   0.123455
     50       0.059644  -0.084485  -0.062484  -0.023047   0.156453   0.008680
     51       0.010894  -0.028963   0.258559  -0.043743  -0.199891   0.479262
     52      -0.046469  -0.152151   0.078658  -0.238855   0.194901  -0.153366
     53      -0.003978  -0.006799  -0.093157   0.011116   0.031795  -0.111945
     54       0.136733  -0.061462  -0.032293  -0.097636   0.070984  -0.059404
     55      -0.250138  -0.111188  -0.035624  -0.022642  -0.177955   0.115758
     56       0.112386   0.293838   0.090912   0.266979   0.042991  -0.000475
     57      -0.011701   0.213479   0.058124   0.154070  -0.138909   0.130934
     58       0.044622   0.117653   0.006982   0.215477  -0.016973   0.066702
     59      -0.041312  -0.159534  -0.001510  -0.238160   0.095899  -0.145716
     60      -0.028568   0.284906   0.114200   0.097937   0.153961  -0.001750
     61       0.329671  -0.098598  -0.065472   0.031882  -0.058365  -0.121810
     62      -0.089960  -0.214635  -0.066412  -0.088256  -0.131313   0.057700
     63       0.049765   0.037943   0.103205   0.012730  -0.489647  -0.448670
     64      -0.038853  -0.081726  -0.059296  -0.015087   0.270009   0.280155
     65      -0.108239   0.073698  -0.198022  -0.222018   0.158486   0.103149
     66       0.067205  -0.187389  -0.275358  -0.298056   0.180641   0.389305
     67      -0.204741   0.085528   0.038218   0.066695   0.059537  -0.138692
     68       0.224991   0.027448   0.048152   0.035789  -0.086820  -0.011890
                 36         37         38         39         40         41    
      0       0.036554   0.035592   0.006625  -0.008701  -0.026726  -0.027855
      1       0.023920  -0.036209   0.007290  -0.005259   0.013808   0.018385
      2      -0.062034   0.016008  -0.029700   0.063677   0.013937   0.006472
      3       0.004167  -0.039107   0.009432   0.014259  -0.006148   0.003495
      4       0.020514   0.016856   0.059267  -0.005023   0.003895  -0.006830
      5       0.022740  -0.040801  -0.023227  -0.000289  -0.035408  -0.012887
      6      -0.020728   0.011102  -0.023235   0.016150   0.012576  -0.008154
      7      -0.004075   0.007968  -0.019732   0.032091  -0.046203   0.013911
      8      -0.005604  -0.011654   0.039012  -0.015340   0.041698   0.004666
      9       0.023286   0.018504   0.031152  -0.081548  -0.069272   0.012054
     10      -0.043221   0.053199  -0.016994  -0.079894   0.104620  -0.018403
     11       0.037373  -0.008277  -0.112958  -0.064734  -0.083742  -0.030505
     12      -0.069103  -0.004253  -0.029343  -0.028895   0.042405   0.050319
     13      -0.024329  -0.030145  -0.026565   0.008597  -0.017976   0.003105
     14       0.016809   0.026367   0.055683  -0.010217   0.020038   0.020714
     15       0.046671   0.008672   0.011750   0.023419   0.003258  -0.136985
     16      -0.030221  -0.021462   0.019885   0.003911  -0.054404   0.011859
     17      -0.030387  -0.006029   0.035508   0.009891  -0.004812   0.045332
     18      -0.039076  -0.004731   0.012993  -0.016567  -0.000081   0.021250
     19       0.030789   0.002057  -0.016072   0.037043   0.039646   0.046627
     20      -0.011318  -0.010938   0.045107   0.002819  -0.010655  -0.017547
     21       0.022628  -0.006666  -0.006464   0.012972  -0.003289  -0.002691
     22       0.015915  -0.005983   0.001502   0.011367  -0.000342  -0.001556
     23       0.028079   0.018056  -0.045360   0.012035   0.046571  -0.025285
     24       0.015070   0.000208  -0.014861   0.015090   0.003601   0.053684
     25      -0.006008  -0.008333   0.001030   0.006285  -0.015272  -0.034646
     26      -0.013103  -0.002550   0.028107   0.000700   0.005976   0.039677
     27      -0.161881  -0.228446  -0.204542   0.160864   0.040504  -0.050960
     28       0.067598   0.337608   0.154846  -0.024826  -0.043066  -0.009380
     29       0.150559   0.343727   0.209830  -0.109959  -0.063524   0.025475
     30       0.125157   0.164159   0.260258  -0.049995   0.092097   0.155432
     31       0.033955  -0.230938  -0.168672  -0.039111  -0.068135  -0.119899
     32      -0.019575  -0.270021  -0.243784  -0.009044  -0.085650  -0.163210
     33      -0.128470   0.192597  -0.197197   0.126504  -0.109837   0.046489
     34      -0.158587   0.381369  -0.153802   0.130229  -0.105609   0.054607
     35      -0.085190   0.272699  -0.014044   0.052216  -0.031195   0.031085
     36       0.005706  -0.174133   0.196409  -0.274596   0.374299   0.015175
     37       0.032449  -0.286370   0.095350  -0.322082   0.325340   0.018414
     38       0.027819  -0.165735   0.024695  -0.161662   0.140080  -0.002350
     39       0.082245  -0.074478  -0.069264  -0.102338  -0.062560   0.006929
     40       0.000861   0.011025  -0.095083   0.076099  -0.156328   0.009878
     41      -0.004095  -0.001602  -0.069609   0.051134  -0.111062  -0.002197
     42       0.496816  -0.038897   0.218328   0.092484  -0.249483  -0.054404
     43       0.178598  -0.033192   0.076619   0.044549  -0.106241  -0.028843
     44       0.063982  -0.047736  -0.022632   0.082736  -0.121244  -0.036069
     45      -0.285436   0.037550  -0.016226   0.419071   0.160628  -0.263412
     46      -0.069684   0.058575   0.068847   0.141785   0.106112  -0.066348
     47       0.007316   0.066379   0.100825   0.033697   0.066691   0.005148
     48      -0.004102  -0.121761   0.109302   0.368547   0.211653   0.519569
     49      -0.063901  -0.009669   0.040787  -0.028764  -0.107714  -0.114503
     50       0.053984   0.045659  -0.061125  -0.137876  -0.040843  -0.117553
     51      -0.181032  -0.051868  -0.249463  -0.234412  -0.226929   0.347542
     52       0.041900   0.003248  -0.039246   0.022431   0.044167  -0.097808
     53       0.034381   0.012492   0.070594   0.059867   0.061471  -0.070529
     54       0.077885   0.017401  -0.091838   0.048843   0.119229   0.171782
     55      -0.298319  -0.070504   0.286689  -0.117925  -0.261218  -0.279718
     56       0.271726   0.074059  -0.258728   0.071866   0.173506   0.087594
     57      -0.063671  -0.030756   0.031766  -0.012100  -0.126338   0.072448
     58       0.274423   0.133648  -0.322283  -0.002743   0.348325  -0.158676
     59      -0.179227  -0.101697   0.257542   0.030606  -0.228542   0.122141
     60       0.111187   0.022818  -0.060924   0.018666   0.051916   0.007789
     61      -0.082414  -0.013479   0.104575  -0.048516  -0.067613   0.079462
     62      -0.046744  -0.007513  -0.008973   0.012374   0.003415  -0.046681
     63      -0.299639   0.176713  -0.043093  -0.253829   0.121690  -0.234907
     64       0.187625  -0.111542   0.018835   0.167700  -0.073102   0.117571
     65      -0.073250   0.047642   0.027976  -0.041776   0.101635  -0.104290
     66      -0.010503  -0.129899   0.198550   0.275935   0.105178  -0.302349
     67       0.031249   0.089059  -0.145878  -0.193522  -0.073670   0.184095
     68      -0.038326  -0.044865   0.093276   0.089739   0.036702  -0.052793
                 42         43         44         45         46         47    
      0      -0.098734  -0.019310  -0.017478  -0.042176  -0.008508  -0.039725
      1       0.100984   0.028917  -0.015926  -0.008641   0.003935  -0.036300
      2       0.104857   0.057864  -0.012494   0.014191   0.008771  -0.010724
      3       0.016673   0.026242   0.038725   0.061223   0.010298   0.014965
      4      -0.039624   0.056970   0.062206   0.111955   0.007257  -0.003530
      5      -0.034960   0.010575   0.032049   0.038438   0.002628  -0.002549
      6      -0.018005   0.003901  -0.008442   0.022338   0.013144  -0.003712
      7       0.018611  -0.031595   0.001216  -0.039294  -0.004135   0.000426
      8       0.000746  -0.003559  -0.007357  -0.009371  -0.003780  -0.001558
      9      -0.010107   0.111633   0.039487  -0.061169  -0.103669  -0.014494
     10      -0.032435   0.096499  -0.043017   0.054766   0.017349   0.000704
     11       0.051284   0.022543  -0.004114   0.014862  -0.000454  -0.002235
     12       0.036056  -0.137232   0.041713   0.075140   0.037171  -0.009105
     13      -0.028447  -0.062602   0.025249   0.013290   0.004912   0.027225
     14      -0.022078  -0.036877   0.010569   0.006617   0.005582   0.055544
     15       0.035973  -0.067645  -0.075352   0.054390   0.054406   0.003939
     16       0.005239  -0.017636   0.017409  -0.019308  -0.009075   0.009181
     17      -0.023237   0.009102  -0.011988  -0.001442  -0.022502  -0.003686
     18      -0.007698   0.024554   0.050106  -0.039928   0.054105  -0.002795
     19      -0.018056  -0.013670  -0.063772   0.054246  -0.068303   0.000956
     20       0.002782   0.008395   0.042399  -0.042741   0.070917   0.003548
     21       0.006313  -0.013723  -0.007598   0.014515  -0.045674  -0.002506
     22       0.001971  -0.002576   0.008120  -0.007644   0.005956  -0.000610
     23       0.007333  -0.011267   0.014616   0.003446  -0.016896   0.002526
     24      -0.021277   0.008581  -0.042241   0.003312   0.110608   0.000449
     25       0.022778  -0.033773   0.032966  -0.005803  -0.068946  -0.001961
     26      -0.022070   0.011095  -0.015035  -0.003018   0.045042   0.004195
     27       0.243629   0.221757  -0.093451  -0.053042  -0.003433   0.165283
     28      -0.217416  -0.128124  -0.005516  -0.075400  -0.032705   0.391045
     29      -0.291582  -0.211612   0.060582   0.004924  -0.003180  -0.139578
     30       0.434014   0.065254  -0.020583  -0.006303  -0.005184   0.350563
     31      -0.335750  -0.083968  -0.032383  -0.106376  -0.027646   0.073920
     32      -0.456920  -0.106684  -0.033022  -0.124990  -0.038766   0.284180
     33       0.155870  -0.200040  -0.156669  -0.297576  -0.010107  -0.070481
     34       0.115721  -0.230525  -0.196179  -0.366894  -0.029559  -0.043430
     35       0.010454  -0.107553  -0.102942  -0.209632  -0.030070   0.120559
     36       0.058059  -0.046648  -0.200508  -0.204156  -0.028974  -0.150254
     37       0.022777  -0.175899  -0.286756  -0.446149  -0.071150   0.051548
     38      -0.010428  -0.083112  -0.128489  -0.201916  -0.032590  -0.011776
     39       0.063912  -0.120358   0.046424  -0.067731   0.024565   0.094943
     40       0.046664  -0.060375  -0.010929  -0.078457  -0.020948  -0.009212
     41       0.032121  -0.024549  -0.021173  -0.047761  -0.027307  -0.022527
     42       0.179522   0.335918  -0.078317  -0.228874  -0.101385   0.008744
     43       0.024419   0.106000  -0.019249  -0.089523  -0.041325   0.087797
     44      -0.075220  -0.043875   0.013566  -0.068668  -0.030815  -0.506166
     45      -0.283154   0.553956  -0.215236  -0.158762  -0.031903   0.162318
     46      -0.117307   0.135598  -0.088495  -0.057162   0.003145  -0.429449
     47      -0.051531   0.013979  -0.027364  -0.019450   0.006506  -0.182687
     48      -0.159459   0.006700   0.327829  -0.235708  -0.077328   0.010325
     49       0.029411  -0.036144  -0.083314   0.023590   0.093654  -0.031502
     50       0.053613   0.002261  -0.067333   0.087186  -0.105891   0.059986
     51      -0.016804   0.157726   0.122412  -0.059091  -0.188370  -0.019028
     52       0.021929   0.020160   0.037428  -0.050976   0.212751  -0.069781
     53      -0.008288  -0.023820  -0.045639   0.015199   0.067369  -0.016337
     54      -0.053725   0.027709  -0.037665   0.046229  -0.107491   0.014983
     55       0.080034  -0.005353   0.166192  -0.176850   0.345627  -0.014627
     56      -0.020828  -0.037936  -0.130468   0.144428  -0.232257  -0.050323
     57      -0.012403  -0.036445  -0.187854   0.127316  -0.200214   0.047184
     58       0.047972   0.073389   0.456164  -0.277742   0.232764   0.015904
     59      -0.042487  -0.056395  -0.328600   0.195381  -0.142964  -0.006265
     60      -0.021928  -0.008608  -0.108162   0.057174   0.094901   0.017630
     61      -0.040915   0.062005  -0.012153  -0.053011   0.203017   0.005334
     62       0.040361  -0.025825   0.109960  -0.026114  -0.188460  -0.017504
     63       0.046027   0.082168   0.183045  -0.007019  -0.384214  -0.014371
     64      -0.011953  -0.072217  -0.096544   0.006885   0.199846  -0.000685
     65       0.013294   0.032849   0.051518   0.019026  -0.167995  -0.035742
     66       0.114131  -0.268959   0.225040  -0.029767  -0.368748   0.025797
     67      -0.075976   0.218431  -0.138094   0.011146   0.252161   0.020077
     68       0.021012  -0.107099   0.055394  -0.005905  -0.096818  -0.014657
                 48         49         50         51         52         53    
      0      -0.010149  -0.016255  -0.032771   0.017621  -0.006578   0.039557
      1      -0.008745  -0.012147  -0.017938   0.009794  -0.000735   0.036912
      2      -0.006251  -0.001675  -0.004922   0.000153   0.001046   0.010630
      3       0.006880   0.020355   0.040230  -0.003530   0.017013   0.054416
      4       0.006442   0.006827  -0.007999   0.012780  -0.012064  -0.025401
      5      -0.013254  -0.030049  -0.018383  -0.026887   0.009647  -0.031679
      6       0.017878   0.040359  -0.004749   0.051297  -0.036992  -0.013604
      7      -0.004662  -0.012174  -0.000967  -0.011170   0.006289   0.000707
      8      -0.004634  -0.009348  -0.000509  -0.015034   0.011720   0.002126
      9       0.012727  -0.020440   0.014213  -0.011184   0.007491  -0.008681
     10      -0.013644  -0.005106   0.006224  -0.028755   0.023576   0.009117
     11       0.007593   0.019662   0.007892   0.040760  -0.036129  -0.012455
     12       0.003317   0.009775   0.014313  -0.001025   0.002589  -0.011018
     13       0.003165  -0.008808  -0.021128   0.011325  -0.008556   0.011099
     14       0.002343  -0.023633  -0.042871   0.009214  -0.007596   0.026897
     15      -0.007736   0.015054  -0.009923   0.001266   0.012219   0.002332
     16      -0.069161   0.034347  -0.006573   0.001025  -0.032861   0.002561
     17       0.032892  -0.022914   0.003984  -0.001492   0.014717  -0.000163
     18       0.006716  -0.009170   0.009664  -0.032443  -0.068413   0.010925
     19       0.001740  -0.021508   0.013053   0.004764   0.001254   0.001428
     20      -0.029878  -0.003323   0.014181   0.031100   0.024747  -0.011342
     21       0.019986   0.038354  -0.036727  -0.015418   0.026080   0.000808
     22       0.005147   0.011155  -0.011022  -0.003258   0.009260  -0.000598
     23      -0.011520  -0.045002   0.038438   0.021968  -0.028466  -0.000209
     24      -0.009956   0.034400  -0.016017  -0.020775   0.014048  -0.000679
     25       0.007573  -0.002742   0.003402  -0.002899  -0.006725  -0.000617
     26       0.007149   0.015214  -0.036610   0.012478   0.034322   0.004609
     27       0.028388   0.064190   0.109509  -0.057354   0.013632  -0.138923
     28       0.099826   0.129589   0.199995  -0.098689   0.005009  -0.365597
     29      -0.026327  -0.059347  -0.112073   0.057445  -0.018354   0.124911
     30       0.095742   0.125406   0.214855  -0.100151   0.021049  -0.314436
     31       0.009446   0.010572   0.022449  -0.025685   0.002882  -0.054831
     32       0.054251   0.075291   0.133451  -0.093447   0.016533  -0.245476
     33      -0.083388  -0.175985  -0.179731  -0.085932  -0.000112  -0.188131
     34      -0.039390  -0.086270  -0.105090  -0.025282  -0.013546  -0.090900
     35       0.100194   0.236939   0.308080   0.081357   0.059359   0.444883
     36      -0.056684  -0.150082  -0.319987   0.036202  -0.128021  -0.413804
     37       0.088726   0.200806   0.193675   0.115500  -0.000389   0.294337
     38       0.004426   0.007336  -0.011335   0.014745  -0.011576  -0.005035
     39      -0.217457  -0.398283   0.073614  -0.576974   0.416871   0.201054
     40       0.028711   0.043862  -0.015225   0.085016  -0.066046  -0.027183
     41       0.062742   0.104293  -0.026269   0.173108  -0.129199  -0.055251
     42       0.006006  -0.020508  -0.028355   0.010873  -0.020857   0.015661
     43       0.003718  -0.040824  -0.076209   0.025481  -0.025835   0.047178
     44      -0.004660   0.183754   0.348284  -0.089808   0.090073  -0.205825
     45      -0.054314  -0.079032  -0.136823  -0.014204  -0.009545   0.100938
     46      -0.031252   0.147075   0.292780  -0.114266   0.099795  -0.158617
     47      -0.007328   0.057880   0.123226  -0.048641   0.046061  -0.065117
     48      -0.086520   0.019904   0.002603   0.008600  -0.093643   0.003948
     49       0.284776  -0.122713   0.009549   0.021842   0.115326  -0.014062
     50      -0.506185   0.229399  -0.026987  -0.040567  -0.167296   0.026791
     51       0.167009  -0.083101   0.026807   0.039711  -0.008191  -0.015645
     52       0.544883  -0.235632   0.037480   0.050515   0.190940  -0.035935
     53       0.137136  -0.065390   0.007574   0.005924   0.069890  -0.006390
     54      -0.073324  -0.053322   0.053945   0.108804   0.111035  -0.029158
     55       0.047068   0.038791  -0.024172  -0.142073  -0.228964   0.040428
     56       0.283178   0.057910  -0.116368  -0.353319  -0.377233   0.110855
     57      -0.223359  -0.052448   0.076306   0.354391   0.465735  -0.106594
     58      -0.107554   0.055549  -0.009154   0.126655   0.160414  -0.045323
     59       0.041143  -0.057030   0.031274  -0.045117  -0.070807   0.017833
     60      -0.121535  -0.404423   0.372746   0.111495  -0.307479  -0.002056
     61      -0.059831  -0.084514   0.088889   0.016076  -0.077473  -0.000756
     62       0.133664   0.393043  -0.368960  -0.102502   0.303814   0.003077
     63       0.020208  -0.077077   0.043742   0.020976  -0.021432   0.015411
     64      -0.025524   0.083466  -0.001835  -0.099739  -0.010521  -0.012956
     65      -0.045701   0.078451   0.091934  -0.280203  -0.062924  -0.010753
     66       0.051642  -0.210814   0.032266   0.241615  -0.029686   0.014649
     67       0.015099  -0.016720  -0.077653   0.169414   0.062631   0.004476
     68      -0.009159   0.069392   0.005373  -0.153731  -0.001256  -0.000249
                 54         55         56         57         58         59    
      0       0.011942  -0.000486  -0.000084   0.032675   0.011151   0.012319
      1       0.006695  -0.001292  -0.000555   0.026529   0.005544   0.011800
      2      -0.000190   0.000537   0.000494   0.006891   0.008417   0.002679
      3      -0.005539   0.000112   0.002171  -0.039186   0.026222   0.011365
      4       0.004155  -0.000489  -0.001054   0.017985  -0.012996  -0.006909
      5      -0.004635   0.000912  -0.001526   0.025149  -0.017527  -0.006064
      6       0.013237   0.000096   0.000192  -0.000372   0.000239  -0.000021
      7      -0.000404   0.000331   0.000139  -0.001129   0.000552  -0.000045
      8      -0.005526   0.000184   0.000018   0.000025   0.000186  -0.000119
      9       0.006410   0.000380   0.000158   0.000740   0.000757  -0.001561
     10      -0.016795  -0.002012   0.000086  -0.000043   0.001584   0.000859
     11       0.013555   0.000907  -0.000408  -0.000094   0.000041   0.001136
     12      -0.004126   0.000414   0.000127   0.003226   0.009872   0.001755
     13       0.011602   0.000830   0.000721  -0.005959  -0.011912  -0.004589
     14       0.017175  -0.002322  -0.002467  -0.018118  -0.053105  -0.008500
     15      -0.003009   0.001125  -0.004695  -0.000232  -0.001536   0.011173
     16      -0.013250   0.006637  -0.025623  -0.003408  -0.015614   0.058542
     17       0.008298  -0.000101   0.007974   0.001734   0.004024   0.000136
     18      -0.018085   0.003120   0.054551   0.000820  -0.005847   0.009921
     19       0.000793  -0.002346  -0.001564   0.000965   0.005279  -0.017193
     20       0.020198  -0.004111  -0.030386   0.000781   0.009268  -0.026080
     21      -0.004884   0.003097  -0.001315  -0.000090  -0.000047   0.000097
     22      -0.002860  -0.000667   0.001388  -0.000018  -0.000353   0.001014
     23       0.001341   0.002281  -0.001498  -0.000026   0.000299  -0.000475
     24       0.027640   0.004950   0.000785   0.000236  -0.000895  -0.000787
     25       0.021430  -0.014601   0.003550   0.000145  -0.002956   0.001749
     26      -0.076189  -0.070516   0.003009  -0.000222  -0.001301   0.008605
     27      -0.044670   0.001778  -0.001242  -0.309781  -0.132826  -0.116740
     28      -0.075050  -0.000671  -0.000152   0.055772   0.019200   0.019778
     29       0.043142   0.002889  -0.000964  -0.308987  -0.135633  -0.119001
     30      -0.080398   0.002926   0.001456  -0.064976  -0.010730  -0.027022
     31      -0.008562   0.015944   0.007858  -0.368056  -0.074605  -0.153486
     32      -0.053972  -0.009599  -0.004788   0.227007   0.046047   0.093153
     33      -0.002573  -0.003096  -0.022092   0.383163  -0.259634  -0.114671
     34       0.005935   0.002664   0.021149  -0.364453   0.247884   0.110233
     35      -0.011063  -0.000301  -0.008468   0.147747  -0.100278  -0.043838
     36       0.043324   0.000771  -0.004328   0.077392  -0.052315  -0.018725
     37       0.008812   0.003375  -0.008879   0.157307  -0.105760  -0.038477
     38       0.006007  -0.009748   0.025901  -0.441590   0.299483   0.108809
     39      -0.174153  -0.000691  -0.001644  -0.002456   0.000933   0.004837
     40       0.032937   0.001338  -0.001082   0.010816  -0.006557  -0.002484
     41       0.058353   0.002338   0.000937  -0.003457   0.000514  -0.000103
     42       0.014268  -0.002348  -0.002541  -0.057488  -0.151995  -0.032915
     43       0.037394   0.008373   0.006871   0.164548   0.420357   0.093742
     44      -0.143536   0.000712  -0.000587   0.015070   0.035218   0.008470
     45       0.028995   0.000597   0.001969   0.011526   0.033283   0.005902
     46      -0.140019  -0.014708  -0.015222  -0.097907  -0.288326  -0.044156
     47      -0.059291   0.028550   0.029835   0.196237   0.584769   0.089386
     48      -0.006992  -0.022908   0.086313   0.010997   0.049845  -0.206630
     49       0.064496  -0.069765   0.250825   0.031247   0.148305  -0.609844
     50      -0.120417  -0.042627   0.155200   0.019749   0.092056  -0.365239
     51       0.042186   0.008883  -0.043497  -0.008161  -0.028896   0.071095
     52       0.126406  -0.008033   0.050516   0.008059   0.027888  -0.072755
     53       0.033689   0.043761  -0.243860  -0.038315  -0.133420   0.351199
     54       0.053228  -0.035895  -0.626560  -0.011013   0.060063  -0.088656
     55      -0.073525  -0.018155  -0.319948  -0.005303   0.031128  -0.046981
     56      -0.190049  -0.008343  -0.102060  -0.001247   0.012161  -0.020213
     57       0.180192  -0.002346  -0.006708   0.000301   0.003817  -0.013802
     58       0.064834   0.043370   0.324709  -0.005243  -0.085760   0.231513
     59      -0.018325   0.062103   0.468986  -0.007848  -0.124419   0.336946
     60       0.065216  -0.019224   0.018229  -0.000005  -0.002195   0.001523
     61       0.009092   0.001996  -0.002300   0.000031   0.000638  -0.002166
     62      -0.069175  -0.030905   0.010694   0.000253  -0.000702   0.000819
     63      -0.012251  -0.205652  -0.011444  -0.002376   0.012254   0.021871
     64       0.212538  -0.308920  -0.018847  -0.003728   0.018523   0.032713
     65       0.565391   0.066716   0.005874   0.001323  -0.005243  -0.008122
     66      -0.403963   0.118256  -0.004005  -0.000176   0.002402  -0.013618
     67      -0.394269   0.506015  -0.025507   0.001348   0.014551  -0.058476
     68       0.277021   0.750226  -0.038383   0.001977   0.020644  -0.089320
                 60         61         62         63         64         65    
      0       0.030207  -0.010641   0.004801   0.023875  -0.017987  -0.006447
      1       0.042051   0.009093  -0.007256  -0.017875   0.017961   0.011144
      2      -0.005845  -0.015805   0.009622   0.033924  -0.028724  -0.014154
      3       0.025933   0.010290  -0.007430  -0.012491  -0.014884  -0.002907
      4      -0.019037  -0.021262   0.014474   0.032434   0.026953   0.006418
      5      -0.006728   0.029658  -0.018979  -0.049753  -0.033020  -0.008780
      6      -0.000057  -0.000996   0.000640   0.001056   0.000838  -0.000024
      7       0.000849   0.001409  -0.000762  -0.001501  -0.000997  -0.000788
      8      -0.000370  -0.001492   0.000841   0.001452   0.001408   0.000348
      9      -0.000984   0.000826  -0.001493   0.000246   0.000992   0.001249
     10      -0.000979   0.000393  -0.000142   0.000451  -0.000584   0.000423
     11      -0.000546   0.000996  -0.000290   0.000340   0.000715   0.001196
     12      -0.004695   0.005873  -0.000342  -0.005125   0.021131  -0.001920
     13      -0.001621  -0.016803   0.000730   0.011352  -0.065799   0.005175
     14       0.036794   0.000323  -0.000090   0.005643   0.020338   0.000367
     15      -0.003568  -0.003343  -0.004506  -0.000716  -0.001896   0.022914
     16      -0.012962   0.004432   0.011947  -0.002402  -0.003008   0.019785
     17      -0.004254  -0.016769  -0.028299  -0.000790  -0.005075   0.079526
     18      -0.000253   0.018076   0.044029  -0.005004  -0.004118   0.012395
     19       0.005256   0.021859   0.047395  -0.003132  -0.006226   0.021389
     20       0.006676   0.021493   0.042606  -0.001452  -0.006390   0.022409
     21       0.000044  -0.001683  -0.002530  -0.000106   0.000416  -0.001422
     22      -0.000264  -0.001601  -0.001293  -0.000647   0.000300  -0.000690
     23       0.000285  -0.002389  -0.000683  -0.001131   0.000349  -0.000995
     24      -0.002501   0.033568  -0.014250   0.024973  -0.001246   0.003104
     25      -0.005278   0.059845  -0.025894   0.044167  -0.002236   0.005170
     26      -0.004572   0.006026  -0.002041   0.003239  -0.001258  -0.000467
     27      -0.241398   0.141192  -0.071549  -0.314687   0.241422   0.099291
     28       0.046087  -0.021457   0.010543   0.046231  -0.034174  -0.014181
     29      -0.243274   0.137997  -0.070142  -0.306658   0.236099   0.097008
     30      -0.097086  -0.019931   0.015744   0.036347  -0.036078  -0.023264
     31      -0.530106  -0.091956   0.076628   0.171309  -0.185214  -0.118741
     32       0.320401   0.053680  -0.045120  -0.100666   0.107701   0.069358
     33      -0.276768  -0.172406   0.120922   0.239127   0.228251   0.050541
     34       0.264924   0.161847  -0.113615  -0.225602  -0.216451  -0.048594
     35      -0.102928  -0.058257   0.041090   0.080886   0.078264   0.017155
     36      -0.026580   0.056982  -0.036274  -0.098720  -0.062259  -0.016887
     37      -0.059056   0.095860  -0.060547  -0.166989  -0.103373  -0.028314
     38       0.165854  -0.291581   0.184277   0.506829   0.318442   0.086572
     39       0.001129   0.003042  -0.000784  -0.005527  -0.004704  -0.000638
     40      -0.011254  -0.018059   0.009915   0.021084   0.019798   0.010180
     41       0.007185   0.013983  -0.008935  -0.019130  -0.014490  -0.005450
     42       0.064349  -0.069306   0.002762   0.056488  -0.232431   0.022467
     43      -0.170617   0.185380  -0.008818  -0.155342   0.632906  -0.060703
     44      -0.011346   0.019057   0.000323  -0.018041   0.074287  -0.006738
     45      -0.022829  -0.000258   0.000428  -0.002318  -0.015488  -0.003016
     46       0.199443   0.011291  -0.000104   0.020500   0.151960  -0.000594
     47      -0.410829  -0.029969   0.004038  -0.042475  -0.329010  -0.001688
     48       0.050628  -0.001126  -0.013273   0.008383   0.013950  -0.138494
     49       0.148406  -0.001038  -0.040711   0.025601   0.044317  -0.421173
     50       0.086337  -0.002705  -0.028930   0.015260   0.024583  -0.239518
     51      -0.006350   0.038889   0.069178  -0.000477   0.007467  -0.135478
     52       0.006228  -0.048239  -0.085029   0.000293  -0.008008   0.173626
     53      -0.034489   0.204795   0.364176  -0.002509   0.032698  -0.711976
     54      -0.003135  -0.223283  -0.535188   0.057772   0.052290  -0.166644
     55      -0.001014  -0.106861  -0.258042   0.028136   0.025381  -0.080098
     56       0.000971  -0.031776  -0.076544   0.008403   0.007739  -0.023778
     57       0.004048   0.012753   0.027736  -0.001585  -0.004335   0.015218
     58      -0.057393  -0.151867  -0.304839   0.010025   0.047559  -0.166359
     59      -0.083465  -0.222065  -0.445637   0.014770   0.069204  -0.239825
     60      -0.000308   0.025567   0.023344   0.007358  -0.005027   0.013461
     61       0.000680   0.007893   0.005780   0.002657  -0.000989   0.005046
     62      -0.001295   0.026291   0.019324   0.008773  -0.004943   0.012195
     63       0.019173  -0.376244   0.162704  -0.282017   0.010101  -0.033480
     64       0.028700  -0.564261   0.245206  -0.423545   0.015941  -0.050806
     65      -0.009060   0.158653  -0.069716   0.118943  -0.006250   0.013996
     66       0.009377  -0.029825   0.012566  -0.020271   0.003989  -0.001239
     67       0.038305  -0.141714   0.060622  -0.098977   0.012539  -0.006922
     68       0.060618  -0.233055   0.099468  -0.163400   0.017719  -0.012712
                 66         67         68    
      0       0.022029   0.000397   0.000008
      1      -0.038745  -0.000163  -0.000043
      2       0.048862   0.000408   0.000031
      3       0.008755   0.003758  -0.000087
      4      -0.018345  -0.002213   0.000011
      5       0.024441   0.004699  -0.000031
      6      -0.000734   0.002411  -0.000026
      7       0.001371  -0.059831   0.000613
      8      -0.001248   0.039537  -0.000433
      9       0.000700  -0.000128   0.000366
     10      -0.000895   0.000593  -0.000241
     11       0.000716   0.002844   0.000069
     12       0.014335  -0.000136   0.000077
     13      -0.048323  -0.000038  -0.000205
     14       0.025626   0.000377   0.000056
     15       0.005086  -0.000384  -0.000099
     16       0.003527   0.000122  -0.000530
     17       0.018941  -0.000790   0.000061
     18       0.001632   0.000021  -0.003595
     19       0.002973  -0.000124  -0.005038
     20       0.003247   0.000077  -0.001187
     21      -0.000051  -0.000484  -0.050287
     22       0.000116  -0.000034  -0.004177
     23       0.000023  -0.000553  -0.051572
     24      -0.003867  -0.000006   0.000316
     25      -0.006342   0.000366  -0.004369
     26      -0.000644  -0.000435  -0.003905
     27      -0.348617  -0.002056  -0.000033
     28       0.049597   0.000181  -0.000016
     29      -0.338526  -0.001744   0.000030
     30       0.084512   0.000568   0.000093
     31       0.412744   0.003032   0.000237
     32      -0.244123  -0.001428  -0.000070
     33      -0.148010  -0.028761   0.000353
     34       0.141406   0.029990  -0.000382
     35      -0.050102  -0.013600   0.000183
     36       0.046152   0.002355   0.000011
     37       0.077118   0.008568   0.000049
     38      -0.237702  -0.027667  -0.000022
     39       0.003630  -0.052189   0.000482
     40      -0.015201   0.801518  -0.008093
     41       0.015027  -0.588814   0.006132
     42      -0.152135   0.000042  -0.000349
     43       0.411217   0.001747   0.001633
     44       0.049394   0.000077   0.000313
     45      -0.016212  -0.000588   0.000077
     46       0.167190   0.000698   0.000114
     47      -0.357586  -0.003725   0.000008
     48      -0.028876   0.002961   0.000478
     49      -0.087295   0.003414   0.002711
     50      -0.050632   0.000496   0.001100
     51      -0.032644   0.003431   0.000590
     52       0.043960  -0.000081  -0.000053
     53      -0.179144   0.002100   0.000832
     54      -0.022377   0.000219   0.038150
     55      -0.010425   0.000224   0.017114
     56      -0.003154  -0.000074   0.009115
     57       0.002251  -0.000351  -0.000540
     58      -0.023931   0.000801   0.014506
     59      -0.034385   0.000221   0.015646
     60      -0.000264   0.007305   0.683474
     61       0.000575   0.001283   0.114007
     62      -0.000974   0.007051   0.714293
     63       0.039345  -0.001336   0.001741
     64       0.061595  -0.002067   0.010752
     65      -0.018927   0.000762  -0.002351
     66       0.004216  -0.000346   0.010524
     67       0.015638  -0.000094   0.021039
     68       0.023796  -0.000915   0.035914
# -----------------------------------------------------------
$ THERMOCHEMISTRY_Energies
   description: The Thermochemistry energies
   geom. index: 1
   prop. index: 1
        Temperature (Kelvin)           :        298.1500000000
        Pressure (atm)                 :          1.0000000000
        Total Mass (AMU)               :        126.2030000000
        Spin Degeneracy                :          1.0000000000
        Electronic Energy (Hartree)    :       -384.8822304021
        Translational Energy (Hartree) :          0.0014162714
        Rotational Energy (Hartree)    :          0.0014162714
        Vibrational Energy (Hartree)   :          0.0050841978
        Number of frequencies          :     69      
        Scaling Factor for frequencies :          1.0000000000
        Vibrational frequencies        :     
                  0    
      0       0.000000
      1       0.000000
      2       0.000000
      3       0.000000
      4       0.000000
      5       0.000000
      6      97.867368
      7     105.536663
      8     120.963306
      9     147.402527
     10     322.917780
     11     392.265035
     12     469.010556
     13     478.988258
     14     672.466678
     15     696.911353
     16     733.846175
     17     810.477262
     18     896.531195
     19     920.920687
     20     953.342465
     21     958.642726
     22     978.699281
     23     994.691553
     24     1006.204530
     25     1012.909551
     26     1050.921525
     27     1097.910497
     28     1108.787227
     29     1134.771360
     30     1139.746654
     31     1182.983048
     32     1203.231288
     33     1216.443701
     34     1232.288882
     35     1265.239243
     36     1294.722672
     37     1313.483894
     38     1317.317174
     39     1338.854253
     40     1343.963290
     41     1378.727193
     42     1398.443916
     43     1404.069820
     44     1418.447328
     45     1436.164876
     46     1458.550351
     47     1518.235525
     48     1525.293962
     49     1531.963316
     50     1537.088347
     51     1546.094348
     52     1558.451611
     53     1559.422711
     54     1564.086381
     55     2917.978729
     56     2927.538639
     57     2928.899866
     58     2936.083622
     59     2942.416649
     60     2948.024627
     61     2963.122938
     62     2964.804835
     63     2966.492093
     64     2984.041879
     65     2995.625218
     66     3002.870130
     67     3208.081926
     68     3221.766093
        Zero Point Energy (Hartree)    :          0.2135874341
        Inner Energy (Hartree)         :       -384.6607262274
        Enthalpy (Hartree)             :       -384.6597820184
        Electronic entropy             :          0.0000000000
        Rotational entropy             :          0.0135829154
        Vibrational entropy            :          0.0087593992
        Translational entropy          :          0.0135829154
        Entropy                        :          0.0415431536
        Gibbs Energy (Hartree)         :       -384.7013251720
        Is Linear                      :                 false
# -----------------------------------------------------------
$ PAL_Flags
   description: The PAL Flags
   geom. index: 2
   prop. index: 1
        Diskflag:     2
# -----------------------------------------------------------
$ SCF_Energy
   description: The SCF energy
   geom. index: 2
   prop. index: 1
        SCF Energy:     -384.8498310200
# -----------------------------------------------------------
$ DFT_Energy
   description: The DFT energy
   geom. index: 2
   prop. index: 1
   Number of Alpha Electrons                 35.0000600847 
   Number of Beta  Electrons                 35.0000600847 
   Total number of  Electrons                70.0001201695 
   Exchange energy                          -36.2482709201 
   Correlation energy                        -2.8605006281 
   Correlation energy NL                      0.0000000000 
   Exchange-Correlation energy              -39.1087715481 
   Embedding correction                       0.0000000000 
   Total DFT Energy (No VdW correction)    -384.8498310200 
# -----------------------------------------------------------
$ VdW_Correction
   description: The Van der Waals Correction
   geom. index: 2
   prop. index: 1
        Van der Waals Correction:       -0.0406485665
# -----------------------------------------------------------
$ PAL_Flags
   description: The PAL Flags
   geom. index: 3
   prop. index: 1
        Diskflag:     2
# -----------------------------------------------------------
$ SCF_Energy
   description: The SCF energy
   geom. index: 3
   prop. index: 1
        SCF Energy:     -384.8507181367
# -----------------------------------------------------------
$ DFT_Energy
   description: The DFT energy
   geom. index: 3
   prop. index: 1
   Number of Alpha Electrons                 35.0000423833 
   Number of Beta  Electrons                 35.0000423833 
   Total number of  Electrons                70.0000847666 
   Exchange energy                          -36.2437183654 
   Correlation energy                        -2.8603813171 
   Correlation energy NL                      0.0000000000 
   Exchange-Correlation energy              -39.1040996825 
   Embedding correction                       0.0000000000 
   Total DFT Energy (No VdW correction)    -384.8507181367 
# -----------------------------------------------------------
$ VdW_Correction
   description: The Van der Waals Correction
   geom. index: 3
   prop. index: 1
        Van der Waals Correction:       -0.0408041636
# -----------------------------------------------------------
$ PAL_Flags
   description: The PAL Flags
   geom. index: 4
   prop. index: 1
        Diskflag:     2
# -----------------------------------------------------------
$ SCF_Energy
   description: The SCF energy
   geom. index: 4
   prop. index: 1
        SCF Energy:     -384.8511410372
# -----------------------------------------------------------
$ DFT_Energy
   description: The DFT energy
   geom. index: 4
   prop. index: 1
   Number of Alpha Electrons                 35.0000490111 
   Number of Beta  Electrons                 35.0000490111 
   Total number of  Electrons                70.0000980222 
   Exchange energy                          -36.2426548995 
   Correlation energy                        -2.8605846312 
   Correlation energy NL                      0.0000000000 
   Exchange-Correlation energy              -39.1032395307 
   Embedding correction                       0.0000000000 
   Total DFT Energy (No VdW correction)    -384.8511410372 
# -----------------------------------------------------------
$ VdW_Correction
   description: The Van der Waals Correction
   geom. index: 4
   prop. index: 1
        Van der Waals Correction:       -0.0409664472
# -----------------------------------------------------------
$ PAL_Flags
   description: The PAL Flags
   geom. index: 5
   prop. index: 1
        Diskflag:     2
# -----------------------------------------------------------
$ SCF_Energy
   description: The SCF energy
   geom. index: 5
   prop. index: 1
        SCF Energy:     -384.8512809170
# -----------------------------------------------------------
$ DFT_Energy
   description: The DFT energy
   geom. index: 5
   prop. index: 1
   Number of Alpha Electrons                 35.0000545919 
   Number of Beta  Electrons                 35.0000545919 
   Total number of  Electrons                70.0001091839 
   Exchange energy                          -36.2428924463 
   Correlation energy                        -2.8608537958 
   Correlation energy NL                      0.0000000000 
   Exchange-Correlation energy              -39.1037462421 
   Embedding correction                       0.0000000000 
   Total DFT Energy (No VdW correction)    -384.8512809170 
# -----------------------------------------------------------
$ VdW_Correction
   description: The Van der Waals Correction
   geom. index: 5
   prop. index: 1
        Van der Waals Correction:       -0.0410902626
# -----------------------------------------------------------
$ PAL_Flags
   description: The PAL Flags
   geom. index: 6
   prop. index: 1
        Diskflag:     2
# -----------------------------------------------------------
$ SCF_Energy
   description: The SCF energy
   geom. index: 6
   prop. index: 1
        SCF Energy:     -384.8513664438
# -----------------------------------------------------------
$ DFT_Energy
   description: The DFT energy
   geom. index: 6
   prop. index: 1
   Number of Alpha Electrons                 35.0000457104 
   Number of Beta  Electrons                 35.0000457104 
   Total number of  Electrons                70.0000914209 
   Exchange energy                          -36.2429471399 
   Correlation energy                        -2.8609579364 
   Correlation energy NL                      0.0000000000 
   Exchange-Correlation energy              -39.1039050763 
   Embedding correction                       0.0000000000 
   Total DFT Energy (No VdW correction)    -384.8513664438 
# -----------------------------------------------------------
$ VdW_Correction
   description: The Van der Waals Correction
   geom. index: 6
   prop. index: 1
        Van der Waals Correction:       -0.0411241522
# -----------------------------------------------------------
$ PAL_Flags
   description: The PAL Flags
   geom. index: 7
   prop. index: 1
        Diskflag:     2
# -----------------------------------------------------------
$ SCF_Energy
   description: The SCF energy
   geom. index: 7
   prop. index: 1
        SCF Energy:     -384.8514874135
# -----------------------------------------------------------
$ DFT_Energy
   description: The DFT energy
   geom. index: 7
   prop. index: 1
   Number of Alpha Electrons                 35.0000786585 
   Number of Beta  Electrons                 35.0000786585 
   Total number of  Electrons                70.0001573170 
   Exchange energy                          -36.2433660164 
   Correlation energy                        -2.8610195373 
   Correlation energy NL                      0.0000000000 
   Exchange-Correlation energy              -39.1043855537 
   Embedding correction                       0.0000000000 
   Total DFT Energy (No VdW correction)    -384.8514874135 
# -----------------------------------------------------------
$ VdW_Correction
   description: The Van der Waals Correction
   geom. index: 7
   prop. index: 1
        Van der Waals Correction:       -0.0411080132
# -----------------------------------------------------------
$ PAL_Flags
   description: The PAL Flags
   geom. index: 8
   prop. index: 1
        Diskflag:     2
# -----------------------------------------------------------
$ SCF_Energy
   description: The SCF energy
   geom. index: 8
   prop. index: 1
        SCF Energy:     -384.8516278413
# -----------------------------------------------------------
$ DFT_Energy
   description: The DFT energy
   geom. index: 8
   prop. index: 1
   Number of Alpha Electrons                 35.0001338036 
   Number of Beta  Electrons                 35.0001338036 
   Total number of  Electrons                70.0002676071 
   Exchange energy                          -36.2436310144 
   Correlation energy                        -2.8609944171 
   Correlation energy NL                      0.0000000000 
   Exchange-Correlation energy              -39.1046254315 
   Embedding correction                       0.0000000000 
   Total DFT Energy (No VdW correction)    -384.8516278413 
# -----------------------------------------------------------
$ VdW_Correction
   description: The Van der Waals Correction
   geom. index: 8
   prop. index: 1
        Van der Waals Correction:       -0.0410514023
# -----------------------------------------------------------
$ PAL_Flags
   description: The PAL Flags
   geom. index: 9
   prop. index: 1
        Diskflag:     2
# -----------------------------------------------------------
$ SCF_Energy
   description: The SCF energy
   geom. index: 9
   prop. index: 1
        SCF Energy:     -384.8517515873
# -----------------------------------------------------------
$ DFT_Energy
   description: The DFT energy
   geom. index: 9
   prop. index: 1
   Number of Alpha Electrons                 35.0001390743 
   Number of Beta  Electrons                 35.0001390743 
   Total number of  Electrons                70.0002781486 
   Exchange energy                          -36.2435154666 
   Correlation energy                        -2.8609110451 
   Correlation energy NL                      0.0000000000 
   Exchange-Correlation energy              -39.1044265116 
   Embedding correction                       0.0000000000 
   Total DFT Energy (No VdW correction)    -384.8517515873 
# -----------------------------------------------------------
$ VdW_Correction
   description: The Van der Waals Correction
   geom. index: 9
   prop. index: 1
        Van der Waals Correction:       -0.0409801955
# -----------------------------------------------------------
$ PAL_Flags
   description: The PAL Flags
   geom. index: 10
   prop. index: 1
        Diskflag:     2
# -----------------------------------------------------------
$ SCF_Energy
   description: The SCF energy
   geom. index: 10
   prop. index: 1
        SCF Energy:     -384.8517961018
# -----------------------------------------------------------
$ DFT_Energy
   description: The DFT energy
   geom. index: 10
   prop. index: 1
   Number of Alpha Electrons                 35.0001182799 
   Number of Beta  Electrons                 35.0001182799 
   Total number of  Electrons                70.0002365597 
   Exchange energy                          -36.2432196752 
   Correlation energy                        -2.8608951840 
   Correlation energy NL                      0.0000000000 
   Exchange-Correlation energy              -39.1041148592 
   Embedding correction                       0.0000000000 
   Total DFT Energy (No VdW correction)    -384.8517961018 
# -----------------------------------------------------------
$ VdW_Correction
   description: The Van der Waals Correction
   geom. index: 10
   prop. index: 1
        Van der Waals Correction:       -0.0409484586
# -----------------------------------------------------------
$ PAL_Flags
   description: The PAL Flags
   geom. index: 11
   prop. index: 1
        Diskflag:     2
# -----------------------------------------------------------
$ SCF_Energy
   description: The SCF energy
   geom. index: 11
   prop. index: 1
        SCF Energy:     -384.8518665491
# -----------------------------------------------------------
$ DFT_Energy
   description: The DFT energy
   geom. index: 11
   prop. index: 1
   Number of Alpha Electrons                 35.0000824174 
   Number of Beta  Electrons                 35.0000824174 
   Total number of  Electrons                70.0001648347 
   Exchange energy                          -36.2428398494 
   Correlation energy                        -2.8608173932 
   Correlation energy NL                      0.0000000000 
   Exchange-Correlation energy              -39.1036572427 
   Embedding correction                       0.0000000000 
   Total DFT Energy (No VdW correction)    -384.8518665491 
# -----------------------------------------------------------
$ VdW_Correction
   description: The Van der Waals Correction
   geom. index: 11
   prop. index: 1
        Van der Waals Correction:       -0.0409034492
# -----------------------------------------------------------
$ PAL_Flags
   description: The PAL Flags
   geom. index: 12
   prop. index: 1
        Diskflag:     2
# -----------------------------------------------------------
$ SCF_Energy
   description: The SCF energy
   geom. index: 12
   prop. index: 1
        SCF Energy:     -384.8519349377
# -----------------------------------------------------------
$ DFT_Energy
   description: The DFT energy
   geom. index: 12
   prop. index: 1
   Number of Alpha Electrons                 35.0000654204 
   Number of Beta  Electrons                 35.0000654204 
   Total number of  Electrons                70.0001308409 
   Exchange energy                          -36.2428591936 
   Correlation energy                        -2.8608013370 
   Correlation energy NL                      0.0000000000 
   Exchange-Correlation energy              -39.1036605306 
   Embedding correction                       0.0000000000 
   Total DFT Energy (No VdW correction)    -384.8519349377 
# -----------------------------------------------------------
$ VdW_Correction
   description: The Van der Waals Correction
   geom. index: 12
   prop. index: 1
        Van der Waals Correction:       -0.0408694297
# -----------------------------------------------------------
$ PAL_Flags
   description: The PAL Flags
   geom. index: 13
   prop. index: 1
        Diskflag:     2
# -----------------------------------------------------------
$ SCF_Energy
   description: The SCF energy
   geom. index: 13
   prop. index: 1
        SCF Energy:     -384.8520096289
# -----------------------------------------------------------
$ DFT_Energy
   description: The DFT energy
   geom. index: 13
   prop. index: 1
   Number of Alpha Electrons                 35.0000539515 
   Number of Beta  Electrons                 35.0000539515 
   Total number of  Electrons                70.0001079030 
   Exchange energy                          -36.2427859940 
   Correlation energy                        -2.8607893481 
   Correlation energy NL                      0.0000000000 
   Exchange-Correlation energy              -39.1035753421 
   Embedding correction                       0.0000000000 
   Total DFT Energy (No VdW correction)    -384.8520096289 
# -----------------------------------------------------------
$ VdW_Correction
   description: The Van der Waals Correction
   geom. index: 13
   prop. index: 1
        Van der Waals Correction:       -0.0408463294
# -----------------------------------------------------------
$ PAL_Flags
   description: The PAL Flags
   geom. index: 14
   prop. index: 1
        Diskflag:     2
# -----------------------------------------------------------
$ SCF_Energy
   description: The SCF energy
   geom. index: 14
   prop. index: 1
        SCF Energy:     -384.8520137848
# -----------------------------------------------------------
$ DFT_Energy
   description: The DFT energy
   geom. index: 14
   prop. index: 1
   Number of Alpha Electrons                 35.0000532323 
   Number of Beta  Electrons                 35.0000532323 
   Total number of  Electrons                70.0001064646 
   Exchange energy                          -36.2425916973 
   Correlation energy                        -2.8607657669 
   Correlation energy NL                      0.0000000000 
   Exchange-Correlation energy              -39.1033574642 
   Embedding correction                       0.0000000000 
   Total DFT Energy (No VdW correction)    -384.8520137848 
# -----------------------------------------------------------
$ Mayer_Pop
   description: The Mayer population analysis
   geom. index: 14
   prop. index: 1
     Number of atoms                     : 23
     Threshold for printing              : 0.1000000
     Number of bond orders printed       : 29
  NA   - Mulliken gross atomic population
  ZA   - Total nuclear charge
  QA   - Mulliken gross atomic charge
  VA   - Mayer's total valence
  BVA  - Mayer's bonded valence
  FA   - Mayer's free valence
  ATOM       NA         ZA         QA         VA         BVA        FA
  0   0     6.3039     6.0000    -0.3039     3.6071     3.6071    -0.0000
  1   0     6.3117     6.0000    -0.3117     3.7428     3.7428     0.0000
  2   0     7.2206     7.0000    -0.2206     2.5985     2.5985     0.0000
  3   0     6.4634     6.0000    -0.4634     4.7647     4.7647    -0.0000
  4   0     6.2169     6.0000    -0.2169     3.3926     3.3926     0.0000
  5   0     6.1799     6.0000    -0.1799     3.0061     3.0061    -0.0000
  6   0     6.3325     6.0000    -0.3325     3.8203     3.8203    -0.0000
  7   0     7.3128     7.0000    -0.3128     2.6377     2.6377    -0.0000
  8   0     6.2131     6.0000    -0.2131     3.8909     3.8909    -0.0000
  9   0     0.8523     1.0000     0.1477     0.9625     0.9625    -0.0000
 10   0     0.8409     1.0000     0.1591     0.9517     0.9517     0.0000
 11   0     0.8516     1.0000     0.1484     0.9537     0.9537    -0.0000
 12   0     0.8394     1.0000     0.1606     0.9400     0.9400    -0.0000
 13   0     0.6743     1.0000     0.3257     0.8204     0.8204     0.0000
 14   0     0.8041     1.0000     0.1959     0.9348     0.9348     0.0000
 15   0     0.8480     1.0000     0.1520     0.9461     0.9461     0.0000
 16   0     0.8171     1.0000     0.1829     0.9299     0.9299    -0.0000
 17   0     0.8477     1.0000     0.1523     0.9495     0.9495    -0.0000
 18   0     0.8645     1.0000     0.1355     0.9403     0.9403    -0.0000
 19   0     0.8487     1.0000     0.1513     0.9338     0.9338     0.0000
 20   0     0.6894     1.0000     0.3106     0.8485     0.8485    -0.0000
 21   0     0.8307     1.0000     0.1693     0.8930     0.8930    -0.0000
 22   0     0.8364     1.0000     0.1636     0.9226     0.9226    -0.0000
      Bond orders larger than 0.1000000
           Atom A     A.N. of A          Atom B    A.N. of B              Bond order
                0             6               1            6                0.909041
                0             6               4            6                0.867205
                0             6               9            1                0.990936
                0             6              10            1                0.996706
                1             6               2            7                0.848966
                1             6              11            1                0.984834
                1             6              12            1                0.978673
                2             7               3            6                1.370135
                2             7               8            6               -0.267521
                2             7              13            1                0.851726
                3             6               4            6                0.876836
                3             6               5            6                0.686617
                3             6               7            7                0.428562
                3             6               8            6                1.271501
                3             6              21            1                0.101660
                4             6               7            7               -0.167893
                4             6              14            1                0.997387
                4             6              15            1                0.945738
                5             6               6            6                0.869771
                5             6               7            7               -0.318489
                5             6              16            1                1.011142
                5             6              17            1                0.972900
                6             6               7            7                0.986426
                6             6              18            1                1.004727
                6             6              19            1                1.008375
                7             7               8            6                0.926846
                7             7              20            1                0.854854
                8             6              21            1                0.883556
                8             6              22            1                1.001155
# -----------------------------------------------------------
$ VdW_Correction
   description: The Van der Waals Correction
   geom. index: 14
   prop. index: 1
        Van der Waals Correction:       -0.0408440023
# -----------------------------------------------------------
$ SCF_Electric_Properties
   description: The SCF Calculated Electric Properties
   geom. index: 14
   prop. index: 1
       Filename                          : file.scfp 
       Do Dipole Moment Calculation      : true 
       Do Quadrupole Moment Calculation  : false 
       Do Polarizability Calculation     : false 
** Dipole moment part of electric properties **
        Magnitude of dipole moment (Debye) :        0.5561710953
        Electronic Contribution:
                  0    
      0       1.011764
      1       0.404908
      2       0.763428
        Nuclear Contribution:
                  0    
      0      -1.011507
      1      -0.302834
      2      -0.956971
        Total Dipole moment:
                  0    
      0       0.000256
      1       0.102074
      2      -0.193543
# -------------------------------------------------------------
----------------------- !GEOMETRIES! ------------------------
# -------------------------------------------------------------
------------------------ !GEOMETRY! -------------------------
    Number of atoms:    23 
    Geometry Index:     1 
    Coordinates:
               0 C     -2.163800000000   -0.575800000000   -0.155100000000
               1 C     -2.151400000000    0.611800000000    0.805700000000
               2 N     -0.824800000000    1.234900000000    0.766600000000
               3 C      0.070400000000    0.243100000000    0.161900000000
               4 C     -0.787500000000   -0.601100000000   -0.785900000000
               5 C      1.267700000000    0.879200000000   -0.533600000000
               6 C      2.369100000000   -0.160000000000   -0.400700000000
               7 N      2.044100000000   -1.032100000000    0.732000000000
               8 C      0.736600000000   -0.613300000000    1.243000000000
               9 H     -2.953400000000   -0.458500000000   -0.929300000000
              10 H     -2.343100000000   -1.519100000000    0.406500000000
              11 H     -2.940100000000    1.346900000000    0.527100000000
              12 H     -2.356400000000    0.263500000000    1.841100000000
              13 H     -0.889600000000    2.062700000000    0.126500000000
              14 H     -0.407100000000   -1.639700000000   -0.906200000000
              15 H     -0.848600000000   -0.125400000000   -1.789800000000
              16 H      1.576400000000    1.801300000000    0.008500000000
              17 H      1.073600000000    1.140300000000   -1.596700000000
              18 H      3.358200000000    0.332100000000   -0.262100000000
              19 H      2.410300000000   -0.777800000000   -1.323500000000
              20 H      2.760000000000   -0.894900000000    1.484300000000
              21 H      0.129300000000   -1.507100000000    1.503600000000
              22 H      0.869900000000   -0.010800000000    2.171800000000
------------------------ !GEOMETRY! -------------------------
    Number of atoms:    23 
    Geometry Index:     2 
    Coordinates:
               0 C     -2.174177939342   -0.604269942851   -0.147821097140
               1 C     -2.169014978015    0.613166869156    0.815444684166
               2 N     -0.842423708382    1.249923571408    0.731115491055
               3 C      0.079189866868    0.260209965687    0.156677823847
               4 C     -0.778273435772   -0.599237061288   -0.796177364283
               5 C      1.294386985144    0.902865881005   -0.518421248880
               6 C      2.386302269821   -0.171452163691   -0.420738468800
               7 N      2.035192520668   -1.028942452912    0.731167756232
               8 C      0.726603924875   -0.598628221244    1.260106821772
               9 H     -2.963921892780   -0.518220577165   -0.900752998791
              10 H     -2.345587444187   -1.533436141981    0.405857675405
              11 H     -2.946653431494    1.340689904831    0.560606348648
              12 H     -2.353952956596    0.287810268568    1.846373037850
              13 H     -0.897019860419    2.042501699757    0.102294180429
              14 H     -0.374749365523   -1.609943787933   -0.919606665226
              15 H     -0.818884136030   -0.126802016693   -1.785733112567
              16 H      1.585020393999    1.804945611587    0.034641320965
              17 H      1.090236221073    1.183978814089   -1.557841984066
              18 H      3.379574792794    0.274125509132   -0.293296565806
              19 H      2.413135546945   -0.776206755976   -1.337256675212
              20 H      2.734252115362   -0.933385798856    1.452342463886
              21 H      0.110861377651   -1.472743014280    1.510894439689
              22 H      0.829703133340    0.013249839649    2.165824136825
------------------------ !GEOMETRY! -------------------------
    Number of atoms:    23 
    Geometry Index:     3 
    Coordinates:
               0 C     -2.153397144252   -0.624871045847   -0.145911115333
               1 C     -2.166598634244    0.598978171918    0.815541127157
               2 N     -0.859075401091    1.269336086962    0.701985448904
               3 C      0.081122471363    0.283790604820    0.154817910422
               4 C     -0.760429528908   -0.586252903211   -0.804667166520
               5 C      1.310396797300    0.920099457134   -0.497948905030
               6 C      2.363620697632   -0.194726679350   -0.433262054381
               7 N      2.002174905879   -1.036327790021    0.728772347053
               8 C      0.712796244665   -0.567325342930    1.273389168909
               9 H     -2.952591770714   -0.564216240819   -0.891145042573
              10 H     -2.302903039058   -1.555996754604    0.410569702529
              11 H     -2.964674112464    1.309600190272    0.578002699320
              12 H     -2.322032508754    0.274404696960    1.851213559946
              13 H     -0.928073692365    2.048979866526    0.054890599623
              14 H     -0.332089869321   -1.584471304461   -0.942745285593
              15 H     -0.807903824232   -0.101449317076   -1.788047314270
              16 H      1.618665906566    1.795450875027    0.087058786385
              17 H      1.109478756919    1.243019112931   -1.525789020637
              18 H      3.377188430221    0.208154778270   -0.328771611781
              19 H      2.346332599028   -0.797948799062   -1.350824986583
              20 H      2.717426383668   -0.980438564783    1.442213372102
              21 H      0.079535409131   -1.422280911726    1.542702368999
              22 H      0.830830923029    0.064691813069    2.163655411352
------------------------ !GEOMETRY! -------------------------
    Number of atoms:    23 
    Geometry Index:     4 
    Coordinates:
               0 C     -2.135234687892   -0.640340672517   -0.146028311138
               1 C     -2.165455141749    0.588508171526    0.811222454036
               2 N     -0.874292476105    1.286728095448    0.678365850688
               3 C      0.080942088832    0.303862503492    0.155210321217
               4 C     -0.743584028830   -0.579156809882   -0.807626823163
               5 C      1.320907558984    0.935628713045   -0.479076752568
               6 C      2.343309143055   -0.208290739993   -0.441682477598
               7 N      1.966570476463   -1.048358750661    0.717854449933
               8 C      0.704446680811   -0.536213852938    1.285014263258
               9 H     -2.939703910043   -0.601792693126   -0.887518992270
              10 H     -2.264529581895   -1.571282313465    0.416098831541
              11 H     -2.983558775614    1.280470591105    0.586503481629
              12 H     -2.295074390834    0.264186804257    1.850482118556
              13 H     -0.960676720576    2.045123411518    0.008610699008
              14 H     -0.295519162067   -1.567773326017   -0.953296029135
              15 H     -0.799029176778   -0.087003826481   -1.787350039494
              16 H      1.646469690176    1.781119042169    0.139622695817
              17 H      1.129121779544    1.300639969608   -1.494843948400
              18 H      3.373001920683    0.156530003004   -0.352431424529
              19 H      2.287945441606   -0.802884479849   -1.363502514915
              20 H      2.695992383849   -1.048714116934    1.418014758257
              21 H      0.054640163021   -1.367764866629    1.585750103876
              22 H      0.853110725359    0.116979143322    2.156307285393
------------------------ !GEOMETRY! -------------------------
    Number of atoms:    23 
    Geometry Index:     5 
    Coordinates:
               0 C     -2.123222655333   -0.650802025222   -0.146295414116
               1 C     -2.165075939573    0.579418808454    0.809108330063
               2 N     -0.887375126503    1.300008736040    0.661994795283
               3 C      0.078866632911    0.319960613404    0.155422050643
               4 C     -0.731493698153   -0.576443951963   -0.806450579203
               5 C      1.326437604839    0.947486324330   -0.467155231290
               6 C      2.331546354707   -0.212798249495   -0.444786148841
               7 N      1.927106717748   -1.067318211749    0.696490262707
               8 C      0.700977738298   -0.507214939579    1.292850893758
               9 H     -2.928054833136   -0.623877898822   -0.887908304028
              10 H     -2.241337186259   -1.581439902084    0.418653731812
              11 H     -2.998570262299    1.255936085903    0.595093493816
              12 H     -2.274145975201    0.253856667522    1.850189649599
              13 H     -0.990821767560    2.036383241284   -0.030401507535
              14 H     -0.270607126239   -1.559021523078   -0.950930013786
              15 H     -0.792126904558   -0.084129692125   -1.785920315614
              16 H      1.662050871952    1.772112617896    0.173748371762
              17 H      1.145278623905    1.339724812240   -1.474618468323
              18 H      3.367712229203    0.131604096578   -0.346779446511
              19 H      2.267352501814   -0.790985101598   -1.376145219133
              20 H      2.665401920480   -1.137705503380    1.384330961522
              21 H      0.037857151089   -1.311514119965    1.634703861406
              22 H      0.892043127868    0.166959115407    2.140504246010
------------------------ !GEOMETRY! -------------------------
    Number of atoms:    23 
    Geometry Index:     6 
    Coordinates:
               0 C     -2.123232970605   -0.652500407272   -0.146184270813
               1 C     -2.161652326166    0.573735925179    0.814656993661
               2 N     -0.894001703625    1.307630896728    0.649328290599
               3 C      0.075541513296    0.326690764744    0.151623795698
               4 C     -0.730267432352   -0.579143861890   -0.804805899639
               5 C      1.326355400444    0.951384875060   -0.468640428607
               6 C      2.336067823069   -0.206513913356   -0.437814611457
               7 N      1.896601122738   -1.083104800535    0.674595201605
               8 C      0.700012665918   -0.490002684886    1.293808895446
               9 H     -2.926953673803   -0.620374326126   -0.888933940270
              10 H     -2.244596039754   -1.585029522302    0.414939464454
              11 H     -3.005559352557    1.242537175053    0.618587785899
              12 H     -2.248121510075    0.242852716448    1.856182307077
              13 H     -1.011381857783    2.026868222029   -0.058964856802
              14 H     -0.264662691591   -1.560270453254   -0.942441256884
              15 H     -0.791374957137   -0.092540088291   -1.787137338549
              16 H      1.657768656504    1.775863499668    0.174354024444
              17 H      1.151745232898    1.344823250329   -1.476630807894
              18 H      3.367104450030    0.142750723600   -0.303890812183
              19 H      2.302639340559   -0.768706061494   -1.380262343324
              20 H      2.633252255419   -1.221739225400    1.353524331432
              21 H      0.030748858039   -1.274375914232    1.667882130344
              22 H      0.923767196536    0.199363210200    2.121923345763
------------------------ !GEOMETRY! -------------------------
    Number of atoms:    23 
    Geometry Index:     7 
    Coordinates:
               0 C     -2.129514939206   -0.648614828329   -0.145558910384
               1 C     -2.157315882305    0.571693904578    0.822606074678
               2 N     -0.896067275578    1.312626550194    0.640744316973
               3 C      0.071756761438    0.328046081147    0.146464423808
               4 C     -0.735275122430   -0.583490799147   -0.802875040666
               5 C      1.323150825814    0.949941864340   -0.477291032168
               6 C      2.348024681739   -0.195351890712   -0.426014164113
               7 N      1.878781291575   -1.090390806072    0.657213535817
               8 C      0.700627144689   -0.482637183971    1.290968657537
               9 H     -2.931140158565   -0.602057801971   -0.889936015915
              10 H     -2.261505455897   -1.583841983308    0.408848535519
              11 H     -3.008451838532    1.237040449459    0.647222878874
              12 H     -2.221440492543    0.233256575309    1.863338892717
              13 H     -1.025869412720    2.016768615196   -0.080747981041
              14 H     -0.270075283000   -1.565878365501   -0.931245981591
              15 H     -0.795472122951   -0.105030821451   -1.789267956492
              16 H      1.644145412222    1.785633703191    0.156292307705
              17 H      1.153238974003    1.329530795766   -1.491230433850
              18 H      3.365823841906    0.173665586824   -0.247405667050
              19 H      2.361822321251   -0.745950991749   -1.375948941266
              20 H      2.608321804194   -1.292657006242    1.327645155801
              21 H      0.031155329498   -1.257017086310    1.684946618022
              22 H      0.945079595399    0.214915438758    2.106930727087
------------------------ !GEOMETRY! -------------------------
    Number of atoms:    23 
    Geometry Index:     8 
    Coordinates:
               0 C     -2.139903846202   -0.642179605308   -0.144036776238
               1 C     -2.154560919455    0.572986965548    0.830243048001
               2 N     -0.893878381884    1.311928412976    0.638504322198
               3 C      0.069470124673    0.323702367467    0.141647241879
               4 C     -0.743660836061   -0.590721313612   -0.799419641176
               5 C      1.317383389007    0.945451517211   -0.490387772358
               6 C      2.364897095831   -0.179909987768   -0.411770976431
               7 N      1.869393824695   -1.097716800997    0.638520740173
               8 C      0.704964510295   -0.482594953223    1.285535319026
               9 H     -2.938586178669   -0.577902540477   -0.890256036113
              10 H     -2.287611752568   -1.579223539543    0.403309670271
              11 H     -3.006546569933    1.240903929806    0.669189591449
              12 H     -2.206329632225    0.228983007186    1.869827836288
              13 H     -1.028361724090    2.012269075565   -0.085883616524
              14 H     -0.282839637181   -1.576436499326   -0.917070436773
              15 H     -0.800235567362   -0.122368186098   -1.790742130646
              16 H      1.622244030869    1.801708919990    0.123001304401
              17 H      1.146723288512    1.298499753555   -1.513608165335
              18 H      3.362747544171    0.216709418541   -0.183401808128
              19 H      2.436787886270   -0.718424744658   -1.365800736038
              20 H      2.589375075951   -1.350022409317    1.302424368642
              21 H      0.037537426817   -1.253396364630    1.689792565330
              22 H      0.960790848539    0.217953577111    2.096082088103
------------------------ !GEOMETRY! -------------------------
    Number of atoms:    23 
    Geometry Index:     9 
    Coordinates:
               0 C     -2.150876707154   -0.635596645191   -0.137061206104
               1 C     -2.149556307144    0.577793419907    0.839058590900
               2 N     -0.887354761244    1.310363400028    0.635885242724
               3 C      0.067399394213    0.316469801912    0.132937180569
               4 C     -0.757222375235   -0.596243520925   -0.799379890205
               5 C      1.311881589738    0.937779331367   -0.508162481081
               6 C      2.386931580429   -0.160947548559   -0.392126870078
               7 N      1.867153005123   -1.102962816388    0.621898399715
               8 C      0.706108370929   -0.491226110392    1.274504404979
               9 H     -2.951180595327   -0.559006742757   -0.880354023885
              10 H     -2.308204931478   -1.572697981414    0.407781327275
              11 H     -2.999812004919    1.250323510239    0.687974864339
              12 H     -2.192309744138    0.232190400685    1.878591222472
              13 H     -1.024041976744    2.011576192272   -0.087377094985
              14 H     -0.302290413720   -1.585236534335   -0.912178021062
              15 H     -0.815243033038   -0.134673311822   -1.793749245714
              16 H      1.595055512380    1.819106820521    0.079252239974
              17 H      1.140529316522    1.256151288915   -1.542558654124
              18 H      3.358129530623    0.267167426600   -0.109103437111
              19 H      2.525015925325   -0.686609536949   -1.345663866243
              20 H      2.575872315186   -1.395885010492    1.281584929791
              21 H      0.040994640423   -1.264928805427    1.676944871456
              22 H      0.962821669252    0.207292972206    2.087001516396
------------------------ !GEOMETRY! -------------------------
    Number of atoms:    23 
    Geometry Index:     10 
    Coordinates:
               0 C     -2.158087869572   -0.632250792677   -0.133349671874
               1 C     -2.147997059545    0.579793289775    0.844275981902
               2 N     -0.884964320537    1.308655536394    0.635039638532
               3 C      0.066276447956    0.312902701840    0.128682597267
               4 C     -0.763902293606   -0.602775806885   -0.795862445782
               5 C      1.307436966768    0.934539810116   -0.520677393329
               6 C      2.401040784732   -0.145616996971   -0.376670990958
               7 N      1.852954938898   -1.114773746734    0.596405350332
               8 C      0.711292637382   -0.490672248535    1.268205348148
               9 H     -2.958046928977   -0.548033494152   -0.876217806707
              10 H     -2.323457126074   -1.568849749555    0.409855666170
              11 H     -2.997060362034    1.255087575323    0.699054706421
              12 H     -2.185810683445    0.233515804642    1.883792251664
              13 H     -1.022140533414    2.012348075996   -0.085652301599
              14 H     -0.311540659507   -1.593692542883   -0.901495553496
              15 H     -0.820460650426   -0.148871875155   -1.793668508819
              16 H      1.574732533661    1.834470137591    0.045198101926
              17 H      1.135061571163    1.225754207468   -1.562719114053
              18 H      3.347300931005    0.302086306861   -0.041884367140
              19 H      2.597027851128   -0.652569881566   -1.329593912356
              20 H      2.550824829053   -1.453950920331    1.245901889747
              21 H      0.046143073009   -1.257633405365    1.683041548636
              22 H      0.983175922381    0.210738014801    2.074038985369
------------------------ !GEOMETRY! -------------------------
    Number of atoms:    23 
    Geometry Index:     11 
    Coordinates:
               0 C     -2.165837763378   -0.627181160516   -0.127582882634
               1 C     -2.143732939418    0.583782701075    0.851134010723
               2 N     -0.879341529703    1.307532786500    0.633790780220
               3 C      0.064760118008    0.307489967050    0.121911890237
               4 C     -0.774987008178   -0.604988141313   -0.797013407917
               5 C      1.303937151857    0.926960391649   -0.536261244736
               6 C      2.416474954394   -0.130943584868   -0.359059717874
               7 N      1.852268958197   -1.119440409717    0.582934699215
               8 C      0.711728462424   -0.499377690029    1.258711424997
               9 H     -2.969218918476   -0.538410189585   -0.866299507054
              10 H     -2.333375932882   -1.563078258141    0.416205865089
              11 H     -2.991048206641    1.262546654200    0.712129026379
              12 H     -2.175872562334    0.236815738876    1.890684135248
              13 H     -1.017781217605    2.012628617100   -0.085294855786
              14 H     -0.326952861050   -1.597633168217   -0.904065969026
              15 H     -0.834731275886   -0.152117433764   -1.795046354789
              16 H      1.555547944822    1.845787134216    0.005782878557
              17 H      1.132142719756    1.187493295655   -1.586342844614
              18 H      3.336166061971    0.338230452538    0.019294811671
              19 H      2.664822990856   -0.624415455325   -1.306454572601
              20 H      2.541729211009   -1.483344344762    1.228315700724
              21 H      0.047950512295   -1.268178558466    1.672160238668
              22 H      0.985151129959    0.200040655841    2.066065895304
------------------------ !GEOMETRY! -------------------------
    Number of atoms:    23 
    Geometry Index:     12 
    Coordinates:
               0 C     -2.172847013238   -0.622959272129   -0.118606754613
               1 C     -2.139484646249    0.589452209101    0.857965876341
               2 N     -0.872422705648    1.306406595507    0.633461505052
               3 C      0.063395354857    0.301741770557    0.114617794039
               4 C     -0.787446297449   -0.605760098764   -0.798586477208
               5 C      1.300071599945    0.917659320267   -0.554728225115
               6 C      2.432415192256   -0.113072091606   -0.336280314056
               7 N      1.848723353547   -1.127531997423    0.562720064890
               8 C      0.712791094099   -0.510162223340    1.246836855371
               9 H     -2.981504023907   -0.532749025677   -0.851367334226
              10 H     -2.338905432704   -1.557538286516    0.427970296676
              11 H     -2.984093356140    1.272341629851    0.722396335566
              12 H     -2.168217467624    0.243755859707    1.898057237585
              13 H     -1.011630386845    2.013201150957   -0.083754063433
              14 H     -0.343592286596   -1.599677162591   -0.910656065280
              15 H     -0.852785267165   -0.151153617404   -1.795491390421
              16 H      1.533795627728    1.859178630865   -0.044901869887
              17 H      1.129958109764    1.138015093720   -1.614048312120
              18 H      3.316263364804    0.378729636823    0.096631617943
              19 H      2.744621963752   -0.586222041309   -1.274654811108
              20 H      2.528339326534   -1.520077806461    1.202254230705
              21 H      0.050113321918   -1.279562878816    1.660653340310
              22 H      0.992240574363    0.186184604680    2.055210462991
------------------------ !GEOMETRY! -------------------------
    Number of atoms:    23 
    Geometry Index:     13 
    Coordinates:
               0 C     -2.180655682006   -0.617312455697   -0.110167539022
               1 C     -2.132006470611    0.594049187224    0.867405574701
               2 N     -0.864475991635    1.305528067353    0.630514970832
               3 C      0.062541595316    0.295541756753    0.105211329348
               4 C     -0.800993833386   -0.606413294458   -0.801794533286
               5 C      1.297354939828    0.907301352384   -0.574582500672
               6 C      2.447467549278   -0.094088127898   -0.310807834514
               7 N      1.846672643275   -1.134691039777    0.543492142315
               8 C      0.712611045041   -0.521703267702    1.233480293138
               9 H     -2.995445568188   -0.523341586865   -0.835650093839
              10 H     -2.346222284855   -1.551250596736    0.437574357639
              11 H     -2.974729382278    1.280814758881    0.740520882589
              12 H     -2.152188359171    0.247794260739    1.907560423281
              13 H     -1.006819115971    2.011596020141   -0.086855916105
              14 H     -0.362304672445   -1.601871924823   -0.920327937368
              15 H     -0.872767319789   -0.149360463516   -1.797093258493
              16 H      1.512125196941    1.871232844336   -0.100059874883
              17 H      1.131311531332    1.084672068266   -1.642476325443
              18 H      3.291132467377    0.418261832690    0.176464152093
              19 H      2.823763791062   -0.545362523360   -1.235928479928
              20 H      2.516885254932   -1.549001562449    1.179743607829
              21 H      0.050469110531   -1.292603404235    1.645039181803
              22 H      0.996073555421    0.170408098747    2.044437377984
------------------------ !GEOMETRY! -------------------------
    Number of atoms:    23 
    Geometry Index:     14 
    Coordinates:
               0 C     -2.180102336007   -0.617867656812   -0.108765913726
               1 C     -2.132422018067    0.594852331599    0.866957103400
               2 N     -0.864117450052    1.305840155044    0.630927273033
               3 C      0.062548518956    0.295794956101    0.104802831738
               4 C     -0.801386355892   -0.605760287323   -0.802088420595
               5 C      1.297814694996    0.907312386643   -0.574774180175
               6 C      2.447897192871   -0.094025466564   -0.310878430338
               7 N      1.847478834544   -1.134607428661    0.543787002924
               8 C      0.712023012986   -0.522791783044    1.232600392287
               9 H     -2.995527383907   -0.524772279042   -0.833632369868
              10 H     -2.344337786525   -1.551670036702    0.439746463666
              11 H     -2.975191693009    1.281518867627    0.739089969101
              12 H     -2.153077447527    0.249437566137    1.907337817180
              13 H     -1.006804239869    2.011328494959   -0.086931465377
              14 H     -0.362698334293   -1.601154683547   -0.921199439393
              15 H     -0.874469228677   -0.148405780718   -1.797207496190
              16 H      1.512671897428    1.871177335749   -0.100059535404
              17 H      1.132321463630    1.084631299505   -1.642785925829
              18 H      3.291024792655    0.418765854487    0.176778585866
              19 H      2.824674022104   -0.545345644321   -1.235850009126
              20 H      2.517425102593   -1.548270083458    1.180732134903
              21 H      0.049671364973   -1.294372540695    1.642560486378
              22 H      0.994383376089    0.168584423035    2.044553125544
