-------------------------------------------------------------
----------------------- !PROPERTIES! ------------------------
-------------------------------------------------------------
# -----------------------------------------------------------
$ PAL_Flags
   description: The PAL Flags
   geom. index: 1
   prop. index: 1
        Diskflag:     2
# -----------------------------------------------------------
$ SCF_Energy
   description: The SCF energy
   geom. index: 1
   prop. index: 1
        SCF Energy:     -384.8077307935
# -----------------------------------------------------------
$ DFT_Energy
   description: The DFT energy
   geom. index: 1
   prop. index: 1
   Number of Alpha Electrons                 35.0000139961 
   Number of Beta  Electrons                 35.0000139961 
   Total number of  Electrons                70.0000279921 
   Exchange energy                          -36.1891311169 
   Correlation energy                        -2.8559420445 
   Correlation energy NL                      0.0000000000 
   Exchange-Correlation energy              -39.0450731614 
   Embedding correction                       0.0000000000 
   Total DFT Energy (No VdW correction)    -384.8077307935 
# -----------------------------------------------------------
$ Mayer_Pop
   description: The Mayer population analysis
   geom. index: 1
   prop. index: 1
     Number of atoms                     : 23
     Threshold for printing              : 0.1000000
     Number of bond orders printed       : 25
  NA   - Mulliken gross atomic population
  ZA   - Total nuclear charge
  QA   - Mulliken gross atomic charge
  VA   - Mayer's total valence
  BVA  - Mayer's bonded valence
  FA   - Mayer's free valence
  ATOM       NA         ZA         QA         VA         BVA        FA
  0   0     6.2569     6.0000    -0.2569     3.5949     3.5949    -0.0000
  1   0     6.3457     6.0000    -0.3457     3.8358     3.8358    -0.0000
  2   0     7.3007     7.0000    -0.3007     2.5207     2.5207     0.0000
  3   0     6.4871     6.0000    -0.4871     4.0815     4.0815    -0.0000
  4   0     5.9023     6.0000     0.0977     3.3507     3.3507     0.0000
  5   0     6.2508     6.0000    -0.2508     3.6214     3.6214     0.0000
  6   0     6.2267     6.0000    -0.2267     3.7162     3.7162    -0.0000
  7   0     7.3456     7.0000    -0.3456     2.6544     2.6544    -0.0000
  8   0     6.3652     6.0000    -0.3652     3.9809     3.9809    -0.0000
  9   0     0.8438     1.0000     0.1562     0.9406     0.9406    -0.0000
 10   0     0.8466     1.0000     0.1534     0.9354     0.9354    -0.0000
 11   0     0.8425     1.0000     0.1575     0.9402     0.9402     0.0000
 12   0     0.8580     1.0000     0.1420     0.9513     0.9513     0.0000
 13   0     0.6886     1.0000     0.3114     0.8348     0.8348    -0.0000
 14   0     0.8158     1.0000     0.1842     0.8903     0.8903    -0.0000
 15   0     0.8348     1.0000     0.1652     0.9308     0.9308    -0.0000
 16   0     0.8256     1.0000     0.1744     0.9254     0.9254     0.0000
 17   0     0.8413     1.0000     0.1587     0.9418     0.9418     0.0000
 18   0     0.8455     1.0000     0.1545     0.9210     0.9210     0.0000
 19   0     0.8576     1.0000     0.1424     0.9261     0.9261    -0.0000
 20   0     0.7075     1.0000     0.2925     0.8540     0.8540     0.0000
 21   0     0.8476     1.0000     0.1524     0.9228     0.9228    -0.0000
 22   0     0.8640     1.0000     0.1360     0.9453     0.9453    -0.0000
      Bond orders larger than 0.1000000
           Atom A     A.N. of A          Atom B    A.N. of B              Bond order
                0             6               1            6                0.905611
                0             6               5            6                0.949202
                0             6               9            1                0.940579
                0             6              10            1                0.956462
                1             6               2            7                0.914206
                1             6              11            1                0.985383
                1             6              12            1                1.007770
                2             7               3            6                0.913368
                2             7              13            1                0.864113
                3             6               4            6                0.858956
                3             6               8            6                0.132251
                3             6              14            1                0.952720
                3             6              15            1                0.994359
                4             6               5            6                0.844117
                4             6               6            6                0.846234
                4             6               8            6                0.866835
                5             6              16            1                0.946469
                5             6              17            1                0.967658
                6             6               7            7                0.919988
                6             6              18            1                0.995952
                6             6              19            1                0.955786
                7             7               8            6                0.928350
                7             7              20            1                0.875211
                8             6              21            1                0.958174
                8             6              22            1                0.976616
# -----------------------------------------------------------
$ VdW_Correction
   description: The Van der Waals Correction
   geom. index: 1
   prop. index: 1
        Van der Waals Correction:       -0.0404460859
# -----------------------------------------------------------
$ Hessian
   description: Details about the Hessian
   geom. index: 1
   prop. index: 1
Normal modes:
Number of Rows: 69 Number of Columns: 69
                  0          1          2          3          4          5    
      0       0.000000   0.000000   0.000000   0.000000   0.000000   0.000000
      1       0.000000   0.000000   0.000000   0.000000   0.000000   0.000000
      2       0.000000   0.000000   0.000000   0.000000   0.000000   0.000000
      3       0.000000   0.000000   0.000000   0.000000   0.000000   0.000000
      4       0.000000   0.000000   0.000000   0.000000   0.000000   0.000000
      5       0.000000   0.000000   0.000000   0.000000   0.000000   0.000000
      6       0.000000   0.000000   0.000000   0.000000   0.000000   0.000000
      7       0.000000   0.000000   0.000000   0.000000   0.000000   0.000000
      8       0.000000   0.000000   0.000000   0.000000   0.000000   0.000000
      9       0.000000   0.000000   0.000000   0.000000   0.000000   0.000000
     10       0.000000   0.000000   0.000000   0.000000   0.000000   0.000000
     11       0.000000   0.000000   0.000000   0.000000   0.000000   0.000000
     12       0.000000   0.000000   0.000000   0.000000   0.000000   0.000000
     13       0.000000   0.000000   0.000000   0.000000   0.000000   0.000000
     14       0.000000   0.000000   0.000000   0.000000   0.000000   0.000000
     15       0.000000   0.000000   0.000000   0.000000   0.000000   0.000000
     16       0.000000   0.000000   0.000000   0.000000   0.000000   0.000000
     17       0.000000   0.000000   0.000000   0.000000   0.000000   0.000000
     18       0.000000   0.000000   0.000000   0.000000   0.000000   0.000000
     19       0.000000   0.000000   0.000000   0.000000   0.000000   0.000000
     20       0.000000   0.000000   0.000000   0.000000   0.000000   0.000000
     21       0.000000   0.000000   0.000000   0.000000   0.000000   0.000000
     22       0.000000   0.000000   0.000000   0.000000   0.000000   0.000000
     23       0.000000   0.000000   0.000000   0.000000   0.000000   0.000000
     24       0.000000   0.000000   0.000000   0.000000   0.000000   0.000000
     25       0.000000   0.000000   0.000000   0.000000   0.000000   0.000000
     26       0.000000   0.000000   0.000000   0.000000   0.000000   0.000000
     27       0.000000   0.000000   0.000000   0.000000   0.000000   0.000000
     28       0.000000   0.000000   0.000000   0.000000   0.000000   0.000000
     29       0.000000   0.000000   0.000000   0.000000   0.000000   0.000000
     30       0.000000   0.000000   0.000000   0.000000   0.000000   0.000000
     31       0.000000   0.000000   0.000000   0.000000   0.000000   0.000000
     32       0.000000   0.000000   0.000000   0.000000   0.000000   0.000000
     33       0.000000   0.000000   0.000000   0.000000   0.000000   0.000000
     34       0.000000   0.000000   0.000000   0.000000   0.000000   0.000000
     35       0.000000   0.000000   0.000000   0.000000   0.000000   0.000000
     36       0.000000   0.000000   0.000000   0.000000   0.000000   0.000000
     37       0.000000   0.000000   0.000000   0.000000   0.000000   0.000000
     38       0.000000   0.000000   0.000000   0.000000   0.000000   0.000000
     39       0.000000   0.000000   0.000000   0.000000   0.000000   0.000000
     40       0.000000   0.000000   0.000000   0.000000   0.000000   0.000000
     41       0.000000   0.000000   0.000000   0.000000   0.000000   0.000000
     42       0.000000   0.000000   0.000000   0.000000   0.000000   0.000000
     43       0.000000   0.000000   0.000000   0.000000   0.000000   0.000000
     44       0.000000   0.000000   0.000000   0.000000   0.000000   0.000000
     45       0.000000   0.000000   0.000000   0.000000   0.000000   0.000000
     46       0.000000   0.000000   0.000000   0.000000   0.000000   0.000000
     47       0.000000   0.000000   0.000000   0.000000   0.000000   0.000000
     48       0.000000   0.000000   0.000000   0.000000   0.000000   0.000000
     49       0.000000   0.000000   0.000000   0.000000   0.000000   0.000000
     50       0.000000   0.000000   0.000000   0.000000   0.000000   0.000000
     51       0.000000   0.000000   0.000000   0.000000   0.000000   0.000000
     52       0.000000   0.000000   0.000000   0.000000   0.000000   0.000000
     53       0.000000   0.000000   0.000000   0.000000   0.000000   0.000000
     54       0.000000   0.000000   0.000000   0.000000   0.000000   0.000000
     55       0.000000   0.000000   0.000000   0.000000   0.000000   0.000000
     56       0.000000   0.000000   0.000000   0.000000   0.000000   0.000000
     57       0.000000   0.000000   0.000000   0.000000   0.000000   0.000000
     58       0.000000   0.000000   0.000000   0.000000   0.000000   0.000000
     59       0.000000   0.000000   0.000000   0.000000   0.000000   0.000000
     60       0.000000   0.000000   0.000000   0.000000   0.000000   0.000000
     61       0.000000   0.000000   0.000000   0.000000   0.000000   0.000000
     62       0.000000   0.000000   0.000000   0.000000   0.000000   0.000000
     63       0.000000   0.000000   0.000000   0.000000   0.000000   0.000000
     64       0.000000   0.000000   0.000000   0.000000   0.000000   0.000000
     65       0.000000   0.000000   0.000000   0.000000   0.000000   0.000000
     66       0.000000   0.000000   0.000000   0.000000   0.000000   0.000000
     67       0.000000   0.000000   0.000000   0.000000   0.000000   0.000000
     68       0.000000   0.000000   0.000000   0.000000   0.000000   0.000000
                  6          7          8          9         10         11    
      0       0.091114  -0.040830  -0.085291   0.046079  -0.098478  -0.091689
      1       0.041843  -0.021834   0.002138  -0.014965  -0.031204  -0.078643
      2       0.006622  -0.032178  -0.194890   0.025082  -0.013343   0.036475
      3      -0.017849  -0.001235  -0.010134  -0.036532  -0.168808  -0.112759
      4       0.086694  -0.050167  -0.002248   0.010292   0.009545  -0.070178
      5       0.053775  -0.144284   0.096832  -0.143422  -0.041605   0.045693
      6      -0.099864   0.039588  -0.010789  -0.064450  -0.133215  -0.064140
      7       0.000925  -0.003530   0.001976  -0.034094   0.041602  -0.007094
      8       0.001833  -0.023363   0.053954   0.198593  -0.024000   0.045656
      9      -0.035358  -0.054645   0.024506   0.006790  -0.027405  -0.036873
     10      -0.105399   0.057822  -0.016902   0.022373  -0.115451   0.117889
     11      -0.039373   0.106425  -0.007357   0.039813  -0.011915  -0.090074
     12       0.022061  -0.001815   0.007562   0.010375   0.076189   0.049441
     13      -0.111920   0.018786   0.010141  -0.020219  -0.034909   0.036659
     14      -0.006333   0.112283   0.022992  -0.040991   0.105969  -0.149889
     15       0.068014   0.033824   0.023525   0.012154  -0.007989  -0.049766
     16      -0.086918   0.077261   0.021337  -0.010667  -0.108758   0.120914
     17      -0.038819   0.108358   0.002526  -0.016133   0.119363   0.000151
     18       0.081382  -0.087994  -0.015935   0.020115   0.078749   0.186955
     19      -0.035024  -0.091135   0.094575   0.118019   0.061507  -0.085105
     20       0.043353   0.041392  -0.055789  -0.100637   0.019577   0.029682
     21      -0.046353  -0.011395   0.017367   0.012331   0.152026   0.097155
     22       0.256354   0.066344  -0.002454   0.012130   0.026606   0.024303
     23      -0.085141  -0.187539  -0.003303   0.008939  -0.023005   0.035793
     24      -0.070863   0.109001   0.048127  -0.004239   0.148678   0.032528
     25      -0.068268  -0.043388  -0.104047  -0.075382   0.140293  -0.061565
     26       0.053859   0.042183   0.093444   0.029706  -0.072608  -0.020891
     27       0.119204  -0.009235  -0.045999   0.045553   0.020259  -0.108133
     28       0.086473  -0.030617  -0.176008   0.085648  -0.003064  -0.067874
     29       0.016985  -0.081717  -0.429407   0.128708  -0.136986   0.067350
     30       0.162577  -0.165397  -0.271218   0.105691  -0.203997  -0.110646
     31       0.055794  -0.058693   0.228912  -0.144846  -0.003585  -0.106310
     32      -0.007999  -0.000363  -0.285995   0.082870  -0.015461   0.051797
     33       0.026348  -0.113726   0.156769  -0.353958  -0.223721  -0.093769
     34       0.137783  -0.091239   0.110694   0.047640  -0.003827  -0.053572
     35       0.084130  -0.216182   0.206233  -0.337528  -0.076377   0.060304
     36      -0.078603   0.106874  -0.151598   0.220876  -0.119285  -0.128583
     37       0.132131  -0.060726  -0.135432   0.029368   0.006048  -0.094551
     38       0.091862  -0.232929   0.257572  -0.369470  -0.083925   0.065854
     39      -0.152434   0.144324  -0.057398  -0.067960  -0.165829  -0.123816
     40      -0.003380  -0.001402  -0.005165  -0.259294   0.012592  -0.059926
     41      -0.009671   0.001720   0.043408   0.262288  -0.020526   0.045649
     42       0.026997  -0.171249   0.071032   0.118223   0.062445  -0.021660
     43      -0.119172   0.092090  -0.034610   0.103908  -0.236401   0.248719
     44      -0.018078   0.064493   0.012046   0.040972   0.051769  -0.130000
     45      -0.088587  -0.042396   0.028052  -0.009485  -0.136885  -0.045540
     46      -0.157766   0.085024  -0.022947   0.007119  -0.232125   0.128423
     47      -0.092451   0.216356  -0.055783   0.037380  -0.177815   0.023204
     48       0.136266   0.015965   0.009062   0.025415  -0.038373  -0.175046
     49      -0.117175   0.098179   0.036243  -0.015809  -0.107069   0.192820
     50      -0.094298   0.216781   0.065196  -0.028011   0.063735   0.209853
     51       0.015229   0.130085   0.157063  -0.019335   0.030329  -0.035149
     52      -0.127389   0.152981   0.048045  -0.020617  -0.153008   0.320579
     53      -0.014046   0.063246  -0.026400  -0.009310   0.132625  -0.088109
     54       0.026590  -0.190051  -0.051405  -0.007863  -0.010487   0.345284
     55      -0.226779  -0.280418   0.205581   0.286044   0.140056  -0.274414
     56      -0.025896  -0.025767  -0.013729  -0.037893   0.049741  -0.043443
     57       0.237725  -0.084176  -0.019228   0.053303   0.121660   0.156982
     58       0.002577  -0.088755   0.091322   0.122506   0.070930  -0.089679
     59       0.239329   0.214711  -0.179870  -0.277928  -0.080130   0.263392
     60       0.171159   0.165456   0.039905  -0.011589   0.056125   0.156338
     61       0.413213   0.154444  -0.055162  -0.051583  -0.022557   0.101718
     62      -0.134902  -0.274163  -0.088335  -0.038885   0.026435   0.061793
     63      -0.250408   0.081450   0.057560  -0.016872   0.115279   0.046093
     64      -0.083037  -0.039130  -0.093838  -0.071583   0.120703  -0.052533
     65       0.260859   0.206115   0.248993   0.122256  -0.337204   0.105552
     66       0.029409   0.260980   0.077033  -0.010050   0.219925  -0.057026
     67      -0.244005  -0.177166  -0.250493  -0.164221   0.404579  -0.193848
     68      -0.009051  -0.012046   0.045568   0.002276   0.000918  -0.051308
                 12         13         14         15         16         17    
      0      -0.007457  -0.109418   0.118473  -0.083871   0.028720   0.064840
      1      -0.035073   0.058334  -0.088961   0.212790   0.031764  -0.088446
      2       0.053215   0.013166  -0.013661   0.039901   0.045132   0.010768
      3      -0.045465  -0.012933  -0.021744   0.151591   0.012864   0.113463
      4      -0.016960   0.037099  -0.043198   0.035745  -0.002713   0.017142
      5       0.025681  -0.047699   0.027123  -0.019538  -0.001222   0.012077
      6       0.025046   0.065726  -0.102247  -0.020533  -0.021712   0.012195
      7       0.067323   0.104830  -0.119573  -0.232410  -0.072952   0.090893
      8      -0.103433   0.037205   0.026032  -0.002071   0.011609   0.019524
      9      -0.077021   0.153279  -0.052265  -0.087854   0.014448  -0.055244
     10       0.127088  -0.025580  -0.000310  -0.088574   0.113811   0.076655
     11       0.042837  -0.058747  -0.112973   0.032989  -0.178678  -0.099264
     12       0.027097  -0.004921  -0.030956  -0.052170   0.061115  -0.129349
     13       0.017037   0.060047   0.181163   0.000139   0.046705  -0.020339
     14       0.009697  -0.003965   0.047174  -0.007526  -0.020691  -0.002667
     15      -0.054061  -0.121354   0.033364  -0.132164   0.081650  -0.014913
     16      -0.161767  -0.056206   0.038947   0.072383  -0.079850  -0.065276
     17      -0.058657  -0.035543  -0.148967  -0.037375   0.176985   0.069332
     18       0.021457  -0.011521  -0.109645   0.057897  -0.023769  -0.127574
     19       0.064791  -0.059794   0.035886   0.030696  -0.025169   0.102333
     20      -0.029483   0.057332   0.094254   0.035224  -0.038031   0.197724
     21       0.049924  -0.006362   0.025238   0.115560  -0.081009   0.233771
     22       0.004161  -0.013229  -0.017390   0.023037  -0.019347   0.059447
     23      -0.001705   0.001400  -0.022396   0.000315   0.002484  -0.012441
     24       0.065489   0.027194   0.127449   0.066535  -0.022219  -0.072801
     25      -0.065459  -0.034641   0.080865  -0.020423   0.040146  -0.157585
     26       0.064077   0.059696   0.090070  -0.026607   0.036762  -0.179995
     27      -0.000113  -0.112942   0.017059  -0.177808   0.194042   0.084746
     28       0.034496   0.045427   0.009153  -0.017342  -0.128338  -0.238436
     29       0.116683   0.003178   0.217348  -0.081505  -0.329673  -0.161909
     30       0.108599  -0.099669   0.339136  -0.214789  -0.319771  -0.067146
     31      -0.063786   0.058614  -0.201592   0.342591   0.238238   0.072196
     32       0.053716   0.011195   0.018743  -0.012605  -0.020865  -0.056232
     33       0.027863  -0.166589   0.036345   0.139335  -0.029836   0.008724
     34      -0.089456  -0.037109   0.068392  -0.029695  -0.032656   0.024942
     35       0.067191  -0.148101   0.071318  -0.035229  -0.030616  -0.050113
     36      -0.090735   0.145760  -0.108382   0.141756   0.036439   0.192104
     37       0.015517  -0.008060   0.007801   0.139331   0.080248   0.058221
     38       0.054171  -0.170564   0.084959  -0.039276  -0.044196  -0.063064
     39       0.083803   0.018839  -0.189681   0.011309  -0.168158  -0.080128
     40       0.187789   0.017154  -0.208466  -0.265144  -0.303929  -0.116543
     41      -0.121319   0.055051   0.027217   0.007207   0.041597   0.065656
     42      -0.265868   0.365933   0.021382  -0.281749  -0.049791   0.038086
     43       0.287692  -0.231193  -0.198138   0.012439   0.244601  -0.015080
     44      -0.060888   0.065858  -0.026883  -0.049122  -0.239878  -0.040601
     45      -0.094484   0.152902   0.028613  -0.002787   0.047959  -0.017836
     46       0.150404  -0.072933   0.042444   0.014605   0.172940   0.091421
     47       0.306979  -0.373900  -0.309118   0.247798  -0.003698  -0.234045
     48      -0.081653  -0.121706  -0.083155  -0.005897   0.093776  -0.035359
     49      -0.191677  -0.088235   0.065532  -0.012128  -0.129379  -0.046587
     50      -0.339418  -0.266219  -0.241545  -0.354167  -0.128188   0.183695
     51      -0.130549  -0.198486   0.112434  -0.350228  -0.045055   0.000196
     52      -0.407880  -0.255305  -0.108461  -0.166364  -0.313121   0.027517
     53       0.057418   0.060081  -0.094836   0.091418   0.294825   0.025986
     54      -0.014042   0.060053  -0.094158   0.077408   0.032591  -0.249706
     55       0.152797  -0.214433  -0.071913   0.007797  -0.106198   0.091857
     56       0.003441  -0.001240   0.054170   0.026424  -0.070124   0.206031
     57       0.023636  -0.088235  -0.249911   0.064130  -0.093248  -0.233676
     58       0.063022  -0.075764   0.006050   0.032277  -0.039231   0.085632
     59      -0.124452   0.224140   0.189748   0.057561   0.065315   0.202429
     60       0.065988   0.077607   0.054986   0.080901  -0.038625  -0.052285
     61      -0.031233   0.037926  -0.035074  -0.004231   0.009829  -0.134699
     62      -0.059163  -0.030628  -0.074775   0.011726  -0.015279   0.100698
     63       0.087825   0.085223   0.261009   0.077171  -0.019123  -0.191509
     64      -0.053889  -0.018062   0.105773  -0.019120   0.039740  -0.184620
     65       0.207362   0.205088   0.176264  -0.022955  -0.002024  -0.184189
     66       0.071601   0.005768   0.153782   0.074465  -0.034634  -0.173863
     67      -0.208934  -0.183761  -0.013760  -0.018228   0.063994  -0.190169
     68       0.019933   0.017404   0.059202  -0.026264   0.045582  -0.187792
                 18         19         20         21         22         23    
      0      -0.054692  -0.038160   0.010405  -0.060559   0.012369  -0.005400
      1       0.125976  -0.045051  -0.014498   0.069408   0.010449   0.048242
      2      -0.044558  -0.046730  -0.007589   0.041750   0.013513   0.023501
      3      -0.145582   0.120359  -0.038795  -0.019684  -0.050873  -0.009371
      4      -0.015733   0.074882   0.097379  -0.096793  -0.035174  -0.028311
      5      -0.056115  -0.058093   0.049806   0.093635   0.017215  -0.000756
      6       0.044506   0.008479  -0.007124   0.040347   0.030151   0.021195
      7      -0.094409   0.071862  -0.097210   0.071600   0.075063   0.010144
      8      -0.002067   0.011523  -0.017078   0.010071  -0.022242  -0.011036
      9       0.114189  -0.005193   0.099864  -0.010357   0.027908  -0.030959
     10       0.052387  -0.013691  -0.012586  -0.001258  -0.143059   0.017505
     11      -0.024921  -0.074539  -0.017427  -0.108989   0.044445   0.007874
     12      -0.010770   0.016917  -0.000848   0.027262   0.030982  -0.014302
     13      -0.038013  -0.053557  -0.020081  -0.103428   0.044092   0.003466
     14       0.020837   0.016948  -0.036271   0.035948  -0.058612  -0.016198
     15       0.036214  -0.106627  -0.063414   0.069252   0.041072   0.008364
     16      -0.016746  -0.049585  -0.096932   0.050234   0.012700  -0.059522
     17       0.018041   0.023480  -0.021011  -0.124766  -0.002826  -0.011359
     18      -0.047577   0.004190  -0.039047  -0.039413  -0.051295   0.014371
     19       0.017476  -0.008230   0.023021  -0.013383   0.070455  -0.061793
     20       0.061406  -0.001968   0.035946   0.055246  -0.031038   0.046023
     21       0.051497  -0.028299   0.001598  -0.005090   0.043182  -0.011134
     22       0.016792  -0.004488  -0.004088   0.006057   0.004212  -0.013319
     23      -0.002805   0.000945  -0.001802  -0.012520   0.002484  -0.007714
     24      -0.025111   0.037516   0.030728   0.021441  -0.027263   0.010629
     25      -0.048669   0.023255   0.034728  -0.012371   0.038463   0.097674
     26      -0.032866   0.061056   0.027143   0.060122  -0.017791  -0.054490
     27       0.040873  -0.111230   0.047326  -0.209664   0.072292   0.064870
     28       0.510655   0.093001  -0.046372  -0.069383   0.031518   0.052545
     29       0.228177   0.194829  -0.088530   0.081683  -0.043662  -0.062751
     30       0.170973   0.145766   0.132728   0.002776  -0.037794  -0.011426
     31      -0.233612  -0.253233   0.183671   0.181157   0.028508   0.111363
     32       0.111616   0.035906  -0.119429  -0.018271   0.010612  -0.007147
     33       0.178265   0.318494  -0.277855  -0.324597  -0.066964   0.034748
     34       0.051771   0.207427   0.014403  -0.282737  -0.077147  -0.115159
     35       0.145242   0.077519  -0.110333  -0.099601   0.010976   0.023859
     36      -0.394465  -0.065218   0.158946   0.276201  -0.020094  -0.033884
     37      -0.158778  -0.024901   0.250963  -0.063881  -0.064820   0.006788
     38       0.195639   0.134477  -0.165899  -0.168714  -0.000132   0.010915
     39       0.050624  -0.188389  -0.000459  -0.164360  -0.146622  -0.036182
     40      -0.145975  -0.530097   0.294887  -0.171374  -0.371708  -0.309373
     41       0.005657   0.150189  -0.143579   0.044569   0.082186   0.075907
     42       0.067780  -0.121636  -0.058854  -0.105093  -0.180989  -0.011831
     43       0.133605   0.172364   0.213647   0.161220   0.123473  -0.113580
     44      -0.065399  -0.163346  -0.138854  -0.189271  -0.095635   0.059182
     45       0.187754  -0.091681   0.143605  -0.071548  -0.093684  -0.012362
     46       0.130587  -0.048074   0.066950  -0.020884  -0.200831   0.016369
     47       0.091201   0.175594   0.282505   0.113736   0.402196  -0.117906
     48       0.210062  -0.154179  -0.127371   0.225977   0.062984   0.085916
     49      -0.072121  -0.002817  -0.013382   0.009687   0.002343  -0.053922
     50       0.024554   0.258414   0.431980  -0.069941  -0.038893   0.216058
     51       0.076972  -0.000800   0.073343   0.090848  -0.003471  -0.011413
     52      -0.018082   0.124784   0.303311   0.084765  -0.008782   0.161256
     53       0.014405  -0.063715  -0.210490  -0.142706   0.012978  -0.102419
     54      -0.119878  -0.016019  -0.026524  -0.225071   0.127955  -0.108975
     55       0.032954  -0.001421  -0.021240   0.138833  -0.258370   0.268734
     56       0.072634   0.000762   0.020933   0.116291  -0.152457   0.167535
     57      -0.067946   0.041070  -0.100903   0.072489  -0.278794   0.143431
     58       0.015430  -0.001783   0.011289   0.009748   0.025558  -0.036612
     59       0.037753  -0.014989   0.082576  -0.143917   0.336494  -0.322192
     60      -0.013171   0.038265   0.014833   0.038202  -0.189299  -0.032933
     61      -0.030699   0.020556  -0.012565   0.010218  -0.181611   0.094983
     62       0.020039  -0.045624  -0.026331  -0.052460   0.047671   0.137937
     63      -0.107321   0.021702   0.086127  -0.101822   0.075764   0.163079
     64      -0.067519   0.016777   0.046301  -0.044162   0.063061   0.146200
     65      -0.105666  -0.056938   0.070261  -0.200073   0.198269   0.441198
     66      -0.025848   0.113689   0.025038   0.149419  -0.136543  -0.055080
     67       0.016644   0.148862  -0.015689   0.259677  -0.188054  -0.391135
     68      -0.014953   0.095098   0.012943   0.131834  -0.077885  -0.195215
                 24         25         26         27         28         29    
      0      -0.054262  -0.087092   0.038376   0.065919  -0.003905  -0.106699
      1       0.093981  -0.024242   0.018956   0.007847   0.043246  -0.044831
      2      -0.026687  -0.019012   0.043402   0.026683  -0.004270   0.109561
      3       0.051834   0.072472   0.025644  -0.051776   0.017629   0.026359
      4      -0.055085   0.035356  -0.060517  -0.011665  -0.027558   0.068641
      5       0.031633   0.002222  -0.076404  -0.014958  -0.004276  -0.050549
      6       0.027532  -0.043300  -0.038111   0.025493   0.002764  -0.058992
      7      -0.005478  -0.026257   0.020339  -0.007188  -0.008482  -0.019838
      8       0.036086   0.030452   0.044688  -0.024623   0.017977  -0.054591
      9      -0.119818   0.007451  -0.009242  -0.002735  -0.053859   0.044420
     10       0.034291   0.003606  -0.001022   0.057832  -0.001836   0.057223
     11      -0.026236  -0.046314  -0.011431   0.026386   0.010150   0.084668
     12      -0.057285   0.059756   0.000674   0.008015   0.080799   0.020008
     13       0.018600  -0.018536  -0.099421  -0.037851   0.039578   0.001276
     14      -0.003923   0.020529  -0.119525   0.030151  -0.029095  -0.012273
     15       0.020821   0.038839  -0.006736  -0.059822  -0.019245   0.100791
     16      -0.116992   0.013997  -0.007659   0.005474  -0.044414  -0.047564
     17       0.023566   0.009103  -0.021019  -0.039563   0.001136  -0.087263
     18       0.038277  -0.030684  -0.046674  -0.004903  -0.065961  -0.010728
     19       0.073896  -0.058275   0.051291  -0.031852  -0.093137   0.039494
     20      -0.062409  -0.028173   0.066242  -0.058416  -0.088107  -0.012442
     21      -0.022994   0.075189  -0.013101   0.059936   0.148764   0.001685
     22      -0.007840   0.029393  -0.010843   0.039569   0.031391  -0.007359
     23       0.005560  -0.020033  -0.006573  -0.017190   0.001617   0.001178
     24       0.026409  -0.043572   0.049998  -0.017216  -0.088036  -0.012928
     25      -0.000487   0.072297   0.054538   0.000275   0.037270  -0.013745
     26       0.001525   0.012706   0.057932   0.080575   0.111818   0.012539
     27      -0.063393  -0.265619   0.152865   0.168547   0.069464  -0.345940
     28       0.231326  -0.024458  -0.031760  -0.052475   0.115284  -0.359902
     29       0.129032   0.211725  -0.154377  -0.170378  -0.024585   0.089850
     30       0.219246  -0.027112  -0.271685   0.005748   0.068734  -0.264954
     31       0.009723  -0.210687  -0.021363   0.209826   0.053954   0.064537
     32      -0.011805   0.067321   0.092471  -0.067477  -0.016333   0.069108
     33      -0.021607   0.012106   0.240383   0.035212   0.046128   0.187441
     34      -0.177031   0.113387   0.035447  -0.076040  -0.090664  -0.037929
     35      -0.021890  -0.032847   0.060194   0.034980   0.008591   0.045306
     36       0.164502   0.114763  -0.153749  -0.133703   0.014800  -0.172854
     37      -0.121230  -0.056236  -0.214811   0.123324  -0.051384   0.306313
     38      -0.042829  -0.006175   0.121356   0.014390   0.005548   0.049989
     39       0.119383   0.010675   0.187647   0.036873   0.083993  -0.014086
     40       0.122112   0.370334   0.366319  -0.260870   0.052561  -0.277584
     41       0.019633  -0.084183  -0.011434   0.056880   0.017605   0.032307
     42       0.010995   0.006089   0.213896   0.087440   0.010835   0.164844
     43      -0.150281   0.109866   0.199672  -0.118348  -0.077709  -0.065536
     44       0.069606  -0.085099  -0.026052   0.108301   0.052849   0.157968
     45      -0.092790  -0.045277  -0.189903   0.050315  -0.124052   0.081904
     46       0.022421  -0.027171  -0.157038   0.072861  -0.077848   0.061047
     47      -0.272326   0.042195  -0.037695  -0.172672  -0.096848  -0.111368
     48       0.197343   0.100374   0.229502  -0.176137  -0.082456   0.322235
     49      -0.136748  -0.024163  -0.082574   0.062281  -0.003495  -0.093955
     50       0.312946  -0.108115   0.009686   0.074543   0.132395   0.104462
     51       0.241133   0.122592  -0.404999  -0.153734  -0.003807   0.189055
     52       0.117625  -0.106201   0.184288   0.125918   0.103206   0.093672
     53      -0.103931   0.048100  -0.059467  -0.077587  -0.064434  -0.156085
     54       0.257993  -0.152472  -0.083404  -0.113284  -0.061231   0.037974
     55      -0.271275  -0.050910  -0.010058  -0.180618   0.043782  -0.074051
     56      -0.195651  -0.017894   0.045871  -0.105819  -0.034484  -0.055040
     57      -0.016033   0.049361  -0.067325   0.202735  -0.447523  -0.128266
     58       0.064074  -0.037325   0.049298   0.015213  -0.182638   0.014598
     59       0.336299  -0.066763   0.115324   0.050165  -0.228555   0.113024
     60      -0.137557  -0.465754  -0.001754  -0.478482   0.427666   0.089682
     61      -0.145235  -0.274032  -0.054928  -0.364622   0.184668  -0.003310
     62      -0.035469   0.238996  -0.073320   0.122021  -0.089904  -0.090741
     63       0.091607  -0.132991   0.135804  -0.177600  -0.076331   0.014063
     64       0.010325   0.068789   0.069736  -0.030458   0.026897  -0.014342
     65      -0.023109   0.304701   0.056932   0.004924  -0.081229  -0.070190
     66       0.086462   0.025556   0.104275   0.203903  -0.452073  -0.094263
     67       0.034874  -0.183181   0.058125   0.142483   0.143305   0.043536
     68       0.005889  -0.073591   0.055370   0.102748   0.178610   0.036458
                 30         31         32         33         34         35    
      0       0.019435   0.062461  -0.029211  -0.013633  -0.034210  -0.049514
      1       0.025254   0.098611   0.029176   0.002820  -0.041128   0.008069
      2      -0.003182  -0.076284   0.031661  -0.009074  -0.117973   0.003540
      3       0.033993   0.143461   0.007661   0.010344  -0.007255   0.051639
      4      -0.061761  -0.229614  -0.003513   0.002049   0.040680   0.017562
      5      -0.006655   0.021463  -0.036956   0.009463   0.101239   0.038705
      6      -0.075625  -0.295452   0.000167  -0.006820   0.037147  -0.033820
      7       0.015773   0.052271  -0.024363  -0.006643  -0.034166  -0.003799
      8      -0.025393  -0.114282   0.027180  -0.003424  -0.068623  -0.021967
      9       0.047668   0.192179  -0.026750   0.000839  -0.053557  -0.007178
     10       0.020653   0.090226  -0.002948   0.005981   0.051249   0.009739
     11       0.022404   0.109800  -0.011089   0.004599   0.079970   0.045923
     12      -0.000802   0.015669   0.158826   0.039504   0.036258   0.099234
     13      -0.013470   0.005537   0.026516   0.000990  -0.141643   0.032995
     14       0.001710   0.045337   0.016860  -0.009814  -0.177114  -0.048131
     15      -0.023147  -0.095855   0.000957   0.009553   0.013018   0.047820
     16      -0.007868   0.007807  -0.007704  -0.000823   0.061177  -0.040016
     17      -0.007324   0.053502  -0.023834   0.003097   0.098685  -0.036528
     18      -0.160791   0.056698  -0.004469  -0.034677  -0.038784  -0.002250
     19      -0.116856   0.033875   0.039997  -0.001849   0.031275   0.019257
     20      -0.146618   0.034930   0.057127  -0.016223   0.042377   0.032477
     21      -0.038531   0.008112  -0.062498  -0.015935  -0.001259  -0.032319
     22       0.183191  -0.058812  -0.023105   0.035658  -0.001330  -0.006339
     23       0.250745  -0.066741  -0.004376   0.049901   0.013052  -0.000291
     24       0.203761  -0.071239   0.002055   0.033268   0.023520   0.015878
     25      -0.078322   0.010807  -0.033014  -0.025069   0.051069  -0.026467
     26      -0.131132   0.016457  -0.059957  -0.016179   0.032812  -0.006063
     27      -0.033586  -0.062438   0.021923   0.013969  -0.101379   0.269583
     28      -0.031216   0.090202   0.049459   0.053496   0.128156   0.297051
     29       0.006363   0.075648  -0.017165   0.007381   0.144993  -0.109030
     30       0.064874   0.351162   0.127473   0.004335   0.231176  -0.268365
     31       0.065474   0.134451   0.202768  -0.033257  -0.173381  -0.265471
     32      -0.028508  -0.117703  -0.068497   0.006922  -0.078005   0.161572
     33       0.040754   0.022595   0.172586  -0.014593  -0.185500  -0.085125
     34      -0.075838  -0.247223  -0.248426  -0.012459  -0.140160   0.055851
     35      -0.001188  -0.044491   0.046268  -0.006780  -0.022921  -0.040824
     36       0.007291   0.165578  -0.103681   0.034019   0.134848   0.188604
     37      -0.016118  -0.074421   0.141107  -0.007029   0.389063  -0.236804
     38       0.000540  -0.050277   0.015330  -0.008107  -0.122347  -0.000900
     39      -0.085970  -0.445071   0.214063  -0.021155   0.089877  -0.213146
     40      -0.001200  -0.057433   0.039977  -0.003974  -0.304812  -0.026237
     41      -0.022173  -0.108936   0.052651  -0.007873   0.031038  -0.055673
     42       0.132451   0.309604   0.175792  -0.024933   0.293040  -0.224061
     43       0.099310   0.210741   0.149649  -0.031094   0.002040  -0.287719
     44       0.013274   0.098017  -0.008733   0.011503   0.180761   0.089957
     45      -0.029292   0.055821  -0.349188  -0.016761  -0.067496   0.221356
     46      -0.043549  -0.017455  -0.282692  -0.011007  -0.010828   0.187658
     47       0.021113   0.082318  -0.038041  -0.020271  -0.250898  -0.035805
     48       0.089806   0.021555  -0.495018  -0.070540  -0.025342  -0.196353
     49      -0.037903  -0.028703   0.167108   0.023939   0.028998   0.054118
     50       0.044786   0.065270   0.008339  -0.005639  -0.212559   0.021528
     51      -0.025315   0.045728   0.259613  -0.030583  -0.090652  -0.216246
     52       0.031935  -0.033081  -0.050206  -0.001664  -0.164789   0.155690
     53      -0.025914   0.055251  -0.037625   0.006094   0.201990  -0.091518
     54       0.040230   0.012772  -0.108754  -0.490643  -0.077833  -0.108063
     55      -0.026232  -0.015839   0.051141  -0.181094   0.019839   0.030205
     56      -0.100779   0.014578   0.065293  -0.074905   0.042670   0.042346
     57      -0.395456   0.078258  -0.087823   0.437669  -0.200262  -0.102473
     58      -0.164700   0.040503   0.026543   0.109309  -0.003758  -0.000816
     59      -0.088559   0.059215   0.078396   0.090180   0.061470   0.026277
     60      -0.078118   0.029323  -0.077063  -0.001206   0.044813  -0.071156
     61       0.304931  -0.067536   0.001690  -0.104136   0.009684  -0.026206
     62       0.432809  -0.101740   0.023832  -0.129170  -0.026457   0.010919
     63       0.011459  -0.072818  -0.217435   0.444641   0.040889  -0.260146
     64      -0.085902   0.006704  -0.066319   0.023871   0.060092  -0.069636
     65      -0.029886   0.042549  -0.036954  -0.137340   0.091002  -0.059087
     66       0.415901  -0.134136   0.034029  -0.486592   0.142110   0.130220
     67      -0.014931  -0.055529  -0.100234  -0.038622   0.025393   0.021321
     68      -0.126606   0.000602  -0.087917   0.028862   0.016583  -0.007016
                 36         37         38         39         40         41    
      0      -0.054225  -0.029342   0.021815   0.001578   0.010453   0.004525
      1      -0.009027  -0.015476   0.041216   0.012188   0.027506  -0.001801
      2       0.035576   0.026156   0.040431   0.017647   0.029708  -0.022848
      3       0.032284   0.019276  -0.019280   0.004406   0.000083  -0.005455
      4       0.007704   0.017909  -0.026096   0.013779   0.005810   0.001757
      5      -0.012718  -0.009695  -0.058012  -0.005161   0.036005  -0.014435
      6      -0.036047  -0.026361   0.002173  -0.010751   0.022252  -0.013062
      7       0.024573   0.021308   0.021025  -0.000910  -0.035930   0.020054
      8       0.002980   0.012981   0.004413  -0.003885  -0.066788   0.022398
      9       0.012436  -0.003152  -0.018474  -0.011146  -0.014460  -0.012544
     10      -0.063023  -0.022351  -0.018137   0.027439   0.015134  -0.021130
     11       0.030517  -0.017307   0.018798  -0.017579   0.027750  -0.005380
     12      -0.110773  -0.093528   0.023970   0.013540  -0.030250   0.023761
     13       0.075573  -0.072937  -0.037361  -0.152881   0.005591  -0.017668
     14      -0.136998   0.028459  -0.106720   0.094294   0.005806  -0.010239
     15       0.055562   0.040588   0.003778   0.030524   0.008996   0.010844
     16      -0.021153   0.016269  -0.010443   0.019807  -0.016546  -0.000712
     17       0.015283  -0.026170   0.040968  -0.034521  -0.019530   0.018353
     18      -0.013379  -0.021665  -0.010623   0.006804  -0.057365  -0.102086
     19      -0.070250   0.026403   0.010912   0.018752  -0.007485  -0.005726
     20       0.047460  -0.064495   0.016814  -0.006893  -0.007653   0.013691
     21       0.010457   0.051345   0.000305  -0.013476   0.014555  -0.007631
     22       0.063654  -0.060157  -0.006855   0.035817  -0.009994  -0.004882
     23      -0.039823   0.055987   0.015831  -0.023903  -0.001848  -0.025071
     24       0.003867  -0.008914   0.008857  -0.018815   0.026872   0.114485
     25      -0.044906   0.073765   0.018455   0.011363   0.010722   0.021080
     26       0.063564  -0.010253   0.012179  -0.011499   0.006145   0.012510
     27       0.215761   0.223241  -0.285635   0.025105   0.016242  -0.095837
     28       0.192947   0.168157  -0.260453   0.020295   0.009539  -0.055817
     29      -0.096232  -0.107031   0.120878  -0.009896  -0.000442   0.051286
     30      -0.015053  -0.081217   0.227943  -0.075131  -0.184517   0.093681
     31      -0.001669  -0.037030   0.331569   0.008037  -0.039088   0.023996
     32       0.027488   0.042576  -0.120761   0.030481   0.087860  -0.046038
     33       0.130274   0.122085  -0.004136   0.013311  -0.219188   0.088860
     34      -0.270256  -0.297708   0.311972  -0.038224   0.486255  -0.229359
     35       0.028419   0.030789  -0.021652  -0.002470  -0.064102   0.027747
     36       0.007318   0.007671  -0.067926   0.036947   0.128899  -0.049424
     37       0.040026   0.040444  -0.352046  -0.175446  -0.332791   0.096159
     38       0.002090  -0.003743   0.077158   0.022950   0.027654  -0.006062
     39       0.035942   0.025552  -0.071076  -0.045003   0.001738   0.035212
     40       0.016375   0.037955   0.053302   0.003525  -0.157963   0.047105
     41       0.023249   0.020407  -0.019992  -0.014059  -0.034022   0.026813
     42       0.092046   0.093210  -0.185107   0.059965   0.351992  -0.086214
     43       0.151708   0.141378  -0.191774   0.012669   0.267208  -0.054906
     44      -0.020565  -0.048761   0.029935   0.003002   0.037345  -0.012941
     45       0.092805   0.223038   0.274886   0.187266  -0.217574   0.198314
     46       0.016403   0.178523   0.221414   0.187613  -0.168773   0.157567
     47       0.092332   0.015232  -0.020862  -0.061127  -0.081889   0.003984
     48      -0.209364  -0.278580  -0.213173  -0.393520  -0.159571   0.000216
     49       0.061246   0.116195   0.057125   0.157508   0.048738  -0.003377
     50      -0.014657  -0.075316   0.004258  -0.047059   0.043653  -0.032930
     51       0.420862   0.190245   0.275397  -0.005285   0.172115  -0.144879
     52      -0.168117  -0.082276  -0.121489  -0.037101  -0.041345   0.046284
     53       0.034856  -0.005205   0.056444  -0.006124  -0.025579   0.017657
     54       0.172084  -0.205474  -0.179856   0.392127   0.219851   0.489208
     55       0.183598  -0.225815  -0.030022   0.084439   0.017757   0.099019
     56       0.137839  -0.162627   0.004124   0.019002  -0.004323   0.048273
     57       0.150938   0.196183  -0.019300  -0.360275   0.248628   0.307554
     58      -0.038531   0.074229   0.009120  -0.066931   0.061714   0.086277
     59      -0.237657   0.114431   0.021866   0.031890   0.010620   0.028849
     60      -0.250799   0.376790   0.043004  -0.126800   0.057449  -0.055596
     61      -0.124326   0.155705   0.003300  -0.050685   0.023816  -0.014387
     62       0.049512  -0.061549  -0.023003   0.012400  -0.008579   0.017498
     63       0.290804  -0.248594  -0.057759   0.527095  -0.160818  -0.418488
     64      -0.017437   0.059277   0.012650   0.079640  -0.013289  -0.054884
     65      -0.162666   0.222137   0.032529  -0.007490   0.018349  -0.028054
     66       0.106456   0.161355   0.108642  -0.219578  -0.103366  -0.474582
     67       0.222467  -0.070198   0.014071  -0.079953  -0.008996  -0.066145
     68       0.139348  -0.066251   0.001288  -0.017772   0.015026   0.040523
                 42         43         44         45         46         47    
      0       0.043290  -0.066908   0.094702   0.063881   0.021518   0.001275
      1       0.036527  -0.085670   0.063963  -0.002262   0.005062   0.002588
      2      -0.048222   0.054804  -0.024409  -0.006302  -0.008461   0.001887
      3      -0.024179   0.011672  -0.015110  -0.030300  -0.004241   0.001316
      4       0.038756   0.033504  -0.044617   0.140228   0.003881  -0.000810
      5       0.009986  -0.005650   0.021433   0.006957   0.002568   0.001172
      6      -0.015077  -0.008488   0.009858  -0.018201  -0.005042  -0.000829
      7       0.009755   0.000449   0.020153  -0.028535   0.002051   0.000353
      8      -0.021495  -0.022242   0.007671  -0.012332   0.006437  -0.001894
      9      -0.066014  -0.065297  -0.048153   0.035296  -0.034218   0.001496
     10      -0.081574  -0.045648  -0.038967   0.047755  -0.018283   0.002373
     11       0.003924   0.002730  -0.004187   0.003859   0.006393   0.002303
     12       0.007256   0.056182   0.034103  -0.005213   0.154534   0.002724
     13       0.078098   0.003975  -0.014911  -0.013800   0.015249  -0.006591
     14       0.023251   0.027693  -0.012840  -0.018891   0.002598  -0.010409
     15       0.058871  -0.072736  -0.115820  -0.059130  -0.073242   0.000038
     16      -0.048678   0.051886   0.001918   0.024617   0.012339   0.002537
     17       0.020736  -0.008404  -0.011522  -0.000750  -0.006516  -0.005416
     18       0.032334   0.028594   0.037586   0.006532  -0.147705  -0.008272
     19      -0.009334   0.007243   0.004433  -0.000120  -0.000716   0.038608
     20       0.002331   0.008004   0.011963   0.002291   0.007679  -0.025732
     21      -0.002865  -0.019601  -0.020137  -0.001995   0.031918   0.010462
     22       0.000147   0.002162   0.007385  -0.000193  -0.015881  -0.053533
     23      -0.001394  -0.008650  -0.003702   0.000717   0.017153  -0.072354
     24      -0.024166   0.023974   0.041879   0.013990  -0.141282   0.006356
     25      -0.022604  -0.004105   0.006019   0.003671  -0.024894  -0.034995
     26      -0.004602  -0.008911   0.000451   0.003502  -0.027372   0.030246
     27      -0.315833   0.335714  -0.043196  -0.049697   0.014216  -0.000780
     28      -0.203026   0.176616  -0.077368  -0.155600  -0.017530   0.001486
     29       0.164243  -0.183774   0.005297  -0.008010  -0.020454   0.002685
     30      -0.011308   0.316005  -0.473417  -0.077323  -0.061530  -0.015659
     31      -0.066899   0.235350  -0.320400  -0.088589  -0.063922  -0.010405
     32       0.008015  -0.146794   0.222842   0.044043   0.031144   0.009900
     33       0.000345   0.000774   0.000975   0.029513   0.019865  -0.009112
     34      -0.225677   0.087507   0.018655  -0.586831  -0.070900  -0.000561
     35       0.008856  -0.013506   0.034902  -0.001235   0.011201  -0.004654
     36       0.049120   0.085270  -0.033164   0.141891   0.007298  -0.006913
     37      -0.194852  -0.238412   0.277639  -0.613799   0.015001   0.005795
     38       0.012987   0.019312  -0.055529   0.076290  -0.009344   0.005791
     39       0.163178   0.071844   0.038461   0.019010   0.011063   0.008184
     40      -0.074504  -0.061873   0.023230  -0.078982   0.017373   0.001359
     41       0.049515   0.018181   0.019642   0.002632   0.006683   0.000195
     42       0.382632   0.280760   0.109040  -0.088777  -0.029215  -0.019629
     43       0.379222   0.218248   0.067967  -0.149597   0.003230  -0.022718
     44      -0.033615   0.005624   0.001801   0.043223  -0.005979   0.005434
     45       0.277664   0.254333   0.226463  -0.185150   0.150618   0.000529
     46       0.207675   0.215756   0.189534  -0.139071   0.128731  -0.000834
     47      -0.004293  -0.034763   0.002515   0.024962  -0.070238  -0.010222
     48      -0.137430   0.439998   0.093388   0.146009   0.193947  -0.005369
     49       0.021044  -0.122356  -0.060195  -0.040768  -0.071773   0.010201
     50       0.069235  -0.077301   0.025696   0.044367   0.025434   0.051770
     51      -0.409448   0.115010   0.517257   0.190578   0.114572  -0.000966
     52       0.144011  -0.001792  -0.090100  -0.116459  -0.007382  -0.043169
     53       0.000500  -0.014730  -0.055905   0.034184  -0.018711   0.014042
     54      -0.159664  -0.088853  -0.143670  -0.033566   0.384205  -0.129485
     55      -0.015394  -0.006743  -0.019843   0.000899   0.049393   0.016590
     56       0.003028   0.003730   0.002803   0.001636   0.019087  -0.031370
     57      -0.015501  -0.124946  -0.162051  -0.019055   0.451583   0.061983
     58      -0.022311  -0.030178  -0.043825  -0.003900   0.138641   0.066188
     59      -0.042926  -0.009977  -0.024240   0.004870   0.073948   0.182765
     60      -0.022146  -0.072213  -0.077115  -0.004546   0.187599  -0.103075
     61       0.005938  -0.010862  -0.039590  -0.013018   0.079000   0.547181
     62       0.026035   0.031013   0.001250  -0.012702  -0.038044   0.743489
     63       0.022176  -0.059165  -0.090304  -0.052447   0.377390   0.128041
     64      -0.018859  -0.014957  -0.014076  -0.003014   0.048876  -0.016996
     65      -0.034339  -0.011811  -0.020156   0.011595   0.015414   0.029808
     66       0.099125  -0.157113  -0.167592  -0.034339   0.481606  -0.100379
     67       0.031016  -0.020083  -0.030214   0.003732   0.031169   0.140654
     68       0.002618   0.006790   0.011636   0.006770  -0.072556   0.102997
                 48         49         50         51         52         53    
      0       0.026102   0.006938  -0.016363  -0.010431   0.028881   0.001851
      1      -0.043812  -0.020436   0.023925   0.009207  -0.046597  -0.000178
      2      -0.016116  -0.008403   0.004679   0.003276  -0.019746  -0.002124
      3      -0.017384  -0.022590   0.054423  -0.010214   0.057506   0.002624
      4       0.001476  -0.011053   0.000080  -0.006745   0.007544   0.001470
      5       0.000673   0.002442  -0.001913   0.005374  -0.005789  -0.004856
      6      -0.003314  -0.005641   0.004881  -0.008350   0.003043   0.008755
      7      -0.001480   0.002090   0.003432   0.002118   0.002357  -0.004118
      8       0.003316  -0.001009   0.004517  -0.003885   0.001284   0.002598
      9       0.024789  -0.020662  -0.000056  -0.007564  -0.015586  -0.010040
     10      -0.017927   0.009252  -0.014397   0.008023   0.005923   0.009412
     11       0.049604  -0.034770   0.015823  -0.020846  -0.024699  -0.010036
     12       0.004009   0.007320   0.009005   0.004568  -0.001437   0.014229
     13      -0.000311   0.005121  -0.000457  -0.002027   0.002500  -0.001571
     14       0.000932  -0.007587  -0.000731  -0.006216  -0.002190   0.003060
     15      -0.003710   0.008845   0.004637   0.007808  -0.007296  -0.000560
     16       0.010130   0.020771   0.025927   0.016998  -0.007410  -0.008098
     17      -0.020758  -0.042994  -0.046144  -0.029373   0.010483   0.011231
     18       0.002988   0.001165   0.003436  -0.013613  -0.003372  -0.011730
     19       0.012146  -0.018836  -0.001695   0.034961   0.001320   0.042470
     20       0.016125  -0.017093   0.003166   0.039789   0.001107   0.058861
     21      -0.002845  -0.000650  -0.002986   0.000487   0.001366  -0.004484
     22       0.001218   0.001865   0.002545  -0.002673  -0.000739  -0.000353
     23      -0.000339   0.004435   0.003213  -0.001691  -0.000085  -0.001582
     24       0.005114   0.000920   0.004646  -0.000849  -0.002659   0.005223
     25      -0.001528  -0.012657  -0.007612   0.028130   0.010257  -0.043474
     26      -0.000111  -0.025295  -0.017183   0.043702   0.015419  -0.055675
     27      -0.018295  -0.007016   0.032640   0.009334  -0.011586  -0.012731
     28       0.256352   0.140648  -0.110441  -0.047112   0.291469   0.007313
     29       0.327867   0.158938  -0.187114  -0.079772   0.363284   0.024090
     30      -0.287302  -0.141924   0.145101   0.068011  -0.310632  -0.009843
     31       0.279298   0.145266  -0.163866  -0.061725   0.306917   0.017923
     32      -0.127828  -0.068386   0.073543   0.026771  -0.144199  -0.009164
     33       0.126888   0.184665  -0.365500   0.068385  -0.342767  -0.002915
     34       0.010769   0.070491  -0.082219   0.052641  -0.121766  -0.020041
     35       0.085672   0.125328  -0.251332   0.054315  -0.251890  -0.010179
     36       0.122329   0.169116  -0.344045   0.078325  -0.326143  -0.020508
     37      -0.018711   0.019108   0.041385   0.011107  -0.004758   0.000997
     38      -0.106482  -0.161988   0.308302  -0.071659   0.308666   0.013161
     39       0.005095   0.018642   0.025231   0.074288   0.003431  -0.091088
     40       0.000181   0.016327   0.017119  -0.006029   0.009449   0.022475
     41       0.003041   0.001485   0.005660   0.018844   0.000502  -0.029052
     42      -0.339068   0.232303  -0.114358   0.115662   0.163073   0.090485
     43       0.309943  -0.229821   0.130782  -0.140543  -0.149255  -0.080993
     44      -0.171121   0.121761  -0.071340   0.069511   0.078193   0.048725
     45       0.043887  -0.005912   0.046827  -0.011237  -0.009919  -0.032991
     46      -0.061348   0.061787   0.003549   0.029958   0.039958   0.008878
     47      -0.478267   0.336129  -0.176686   0.193220   0.227763   0.107745
     48       0.041671   0.035244   0.035488   0.022162   0.012183  -0.027331
     49       0.016397   0.061081   0.068488   0.048572  -0.027326  -0.015052
     50       0.187758   0.409150   0.416370   0.280959  -0.083619  -0.094803
     51      -0.051665  -0.128510  -0.112523  -0.091772   0.029611   0.012720
     52      -0.163809  -0.362302  -0.376704  -0.248547   0.075685   0.093063
     53       0.067955   0.154297   0.159315   0.110079  -0.032314  -0.036354
     54       0.014395  -0.030070  -0.002920   0.071745   0.003819   0.104788
     55      -0.139381   0.209187   0.011557  -0.399322  -0.024307  -0.456526
     56      -0.043347   0.073020   0.009153  -0.133603  -0.010211  -0.135844
     57      -0.031605   0.012714  -0.021491   0.002487   0.013760  -0.012669
     58      -0.005493  -0.004957  -0.009121   0.020834   0.005603   0.024513
     59      -0.148801   0.208788   0.002077  -0.410904  -0.022109  -0.490287
     60      -0.010012   0.016397   0.002676  -0.012996  -0.000974   0.001954
     61       0.005068  -0.067473  -0.045395   0.082628   0.020854   0.012829
     62       0.011939  -0.094636  -0.058487   0.110938   0.027246   0.007139
     63      -0.016319  -0.021178  -0.027728  -0.002168   0.010468   0.024098
     64      -0.004515   0.006134   0.001806  -0.005747  -0.000231  -0.005655
     65      -0.010856   0.229527   0.136742  -0.413052  -0.139470   0.466971
     66      -0.013781  -0.031812  -0.037447   0.078040   0.036689  -0.102322
     67      -0.006564   0.211266   0.122918  -0.384098  -0.129442   0.452023
     68      -0.000526   0.052117   0.030459  -0.103606  -0.035680   0.118234
                 54         55         56         57         58         59    
      0       0.002624  -0.000163   0.000176   0.021315   0.009672  -0.001485
      1      -0.000074   0.000815  -0.000656  -0.045246  -0.005850   0.004730
      2      -0.000526   0.000884  -0.000669  -0.028565   0.011858   0.002276
      3      -0.008084  -0.000067   0.000382  -0.033755  -0.010362  -0.023757
      4       0.012927  -0.000039   0.000127  -0.006505  -0.003614  -0.006634
      5      -0.041037   0.000106  -0.000051   0.010238  -0.001486   0.001655
      6       0.088515  -0.000076   0.000298   0.000116  -0.000641  -0.001024
      7      -0.023261   0.000073   0.000276   0.000474   0.000418   0.000364
      8       0.023294   0.000027  -0.000106  -0.000631   0.001156   0.000863
      9      -0.044874  -0.000770  -0.002733   0.000840  -0.005404  -0.008178
     10      -0.004336   0.001062   0.001724  -0.000572   0.005794   0.010292
     11       0.035382   0.002720  -0.005799   0.012794  -0.022885  -0.057424
     12       0.000025   0.000054  -0.002099  -0.000152   0.000528  -0.000119
     13       0.006028   0.000616   0.000033   0.000648  -0.001213  -0.000504
     14      -0.003733   0.000964  -0.000108  -0.000270  -0.000133   0.000057
     15      -0.000813   0.000278  -0.000862   0.001717   0.004146  -0.000940
     16       0.002685   0.000599  -0.000689   0.007156   0.010723  -0.003827
     17      -0.004215   0.001600   0.005088   0.007778  -0.061942   0.026989
     18       0.001934   0.009488   0.012594   0.000222   0.001595  -0.002033
     19      -0.001149  -0.027384  -0.037641  -0.000425  -0.008442   0.004528
     20      -0.002402  -0.028395  -0.035312  -0.000204   0.004042   0.002478
     21       0.000149   0.000582  -0.002760  -0.000008  -0.000285   0.000335
     22      -0.001240  -0.000722   0.000562   0.000038   0.000374  -0.000040
     23      -0.000622  -0.000338  -0.000960  -0.000024   0.000007   0.000173
     24       0.001112  -0.001623   0.001538   0.000014   0.001121  -0.000160
     25       0.005748  -0.018420   0.013168   0.000286  -0.003659  -0.004525
     26       0.010800  -0.048907   0.041286  -0.000162   0.002106  -0.003712
     27      -0.014119   0.003744  -0.001016  -0.318917  -0.113711   0.028777
     28      -0.027328  -0.002703   0.001055   0.244512   0.094744  -0.026434
     29      -0.006936   0.003459  -0.001903  -0.260723  -0.093665   0.028887
     30       0.021831  -0.002328   0.001192   0.072455  -0.003129  -0.006360
     31       0.011143  -0.006116   0.005878   0.283814  -0.026685  -0.024711
     32      -0.010109  -0.012455   0.011530   0.604277  -0.048525  -0.054513
     33       0.112923   0.000535  -0.002654   0.213001   0.045433   0.122570
     34      -0.152697   0.000129  -0.000078   0.016166   0.005808   0.013128
     35       0.017246  -0.000991   0.003995  -0.358822  -0.080853  -0.216393
     36      -0.059869   0.000481  -0.003154   0.187907   0.080846   0.157255
     37       0.035800   0.000248  -0.000998   0.064440   0.029966   0.055670
     38      -0.012452   0.000539  -0.003508   0.235936   0.098140   0.196920
     39      -0.862665   0.001256   0.000282  -0.003637   0.003123   0.004161
     40       0.189693   0.000313  -0.000739  -0.000111  -0.002547  -0.003798
     41      -0.265334   0.001625   0.000806   0.007270  -0.014965  -0.017008
     42       0.212324   0.006353  -0.017147   0.038463  -0.071041  -0.179115
     43       0.129476  -0.012986   0.027942  -0.052046   0.092470   0.229952
     44       0.063242  -0.033045   0.065078  -0.145391   0.257252   0.646902
     45      -0.048903   0.000947   0.045565  -0.049680   0.135413   0.286114
     46      -0.016874  -0.000800  -0.049397   0.057090  -0.157692  -0.338375
     47      -0.053363  -0.000504   0.003313  -0.004760   0.015452   0.033433
     48       0.019568  -0.000123   0.013145  -0.011106  -0.144559   0.057060
     49       0.002870   0.001139   0.035101  -0.044078  -0.434627   0.177196
     50       0.054600  -0.000404  -0.002347   0.006499   0.039847  -0.016401
     51      -0.026240  -0.001301  -0.005369  -0.012684   0.092752  -0.040966
     52      -0.046771  -0.008257  -0.028717  -0.042812   0.317822  -0.137502
     53       0.021698  -0.018689  -0.057470  -0.099344   0.691831  -0.300256
     54      -0.009978   0.008895   0.010094  -0.000115  -0.003035   0.001855
     55       0.015322  -0.144131  -0.169415  -0.001028   0.017368   0.009774
     56       0.003014   0.358155   0.423699   0.003184  -0.046162  -0.028758
     57       0.009182  -0.106520  -0.136437  -0.000752  -0.021022   0.017505
     58       0.002605   0.474496   0.611279   0.005174   0.086328  -0.068448
     59       0.021560  -0.018321  -0.020074  -0.000126  -0.000372   0.000063
     60      -0.003609  -0.004387   0.026621  -0.000131   0.004135  -0.001442
     61       0.010503   0.000868  -0.017612  -0.000005  -0.004172   0.001646
     62       0.016654  -0.008741   0.016054   0.000013   0.004067  -0.002052
     63      -0.016620  -0.060453   0.043717   0.000317  -0.005774  -0.008132
     64      -0.002345   0.420095  -0.304036  -0.004827   0.038757   0.071441
     65      -0.083966  -0.037128   0.026123  -0.000454  -0.001998  -0.002845
     66       0.006953   0.060119  -0.047806   0.000150  -0.001991   0.007268
     67      -0.071035  -0.203863   0.163280  -0.001275   0.006053  -0.012410
     68      -0.012619   0.617173  -0.503317   0.002381  -0.020693   0.047461
                 60         61         62         63         64         65    
      0      -0.007216  -0.006847   0.004309   0.035230  -0.007960   0.011607
      1       0.027464   0.003574  -0.003825  -0.017459   0.004704  -0.008864
      2       0.025900  -0.008385   0.003034   0.044147  -0.009098   0.010311
      3      -0.051431  -0.000353   0.001594   0.002994  -0.001659   0.005628
      4      -0.014155   0.000317   0.000334  -0.004111  -0.002485   0.003096
      5      -0.005980   0.006406  -0.002351  -0.068611  -0.024247   0.019296
      6       0.000297   0.000110  -0.000137  -0.000173   0.000240   0.000004
      7       0.000574   0.000002  -0.000011  -0.000140  -0.000820  -0.000158
      8      -0.000547  -0.000832   0.000338   0.002400  -0.000862  -0.001036
      9       0.004181  -0.009256  -0.003462   0.003468  -0.048627  -0.024449
     10      -0.004072   0.011347   0.004149  -0.003857   0.059124   0.029755
     11       0.024758   0.007580  -0.002691  -0.001086   0.028739   0.012696
     12      -0.000124   0.000355  -0.000613  -0.000245  -0.000659  -0.001243
     13       0.000155  -0.000801   0.000253   0.000028   0.001002  -0.000151
     14       0.000025   0.000672  -0.001017  -0.000072   0.000734   0.000088
     15      -0.002625  -0.000605  -0.005561  -0.002101   0.010137  -0.022607
     16      -0.009996  -0.002310  -0.016911  -0.005438   0.030653  -0.069976
     17      -0.004737   0.004681  -0.005657   0.010012   0.009305  -0.019953
     18       0.000604   0.010648   0.001038   0.001204  -0.001681  -0.001162
     19      -0.000299  -0.069008  -0.008677  -0.008492   0.010997   0.008226
     20      -0.002072   0.061681   0.005064   0.008308  -0.007648  -0.005575
     21      -0.000149  -0.001886   0.001278  -0.000290   0.000479   0.000041
     22      -0.000085   0.003678  -0.001892   0.000666  -0.000856   0.000160
     23      -0.000051  -0.001906   0.002994  -0.000482   0.000310  -0.000476
     24      -0.000276   0.001818  -0.012239   0.000957  -0.000795   0.002436
     25       0.003586  -0.009673   0.080319  -0.007098   0.004407  -0.015888
     26       0.001474   0.003373  -0.044338   0.003288  -0.001617   0.008053
     27       0.138848   0.075966  -0.050395  -0.394482   0.091535  -0.135546
     28      -0.111724  -0.061585   0.040537   0.317228  -0.073284   0.108629
     29       0.119496   0.060590  -0.039896  -0.309568   0.070773  -0.106120
     30      -0.049383   0.004317   0.001266  -0.020303   0.004345  -0.002762
     31      -0.205732   0.019852   0.001063  -0.113051   0.020053  -0.013316
     32      -0.429774   0.039267   0.002807  -0.226772   0.038902  -0.020858
     33       0.225673   0.030329  -0.017071  -0.306958  -0.090828   0.061083
     34       0.022082   0.003445  -0.002378  -0.035141  -0.011580   0.006238
     35      -0.389165  -0.048430   0.028329   0.499373   0.151323  -0.095255
     36       0.378332  -0.024291  -0.000151   0.267795   0.114639  -0.113677
     37       0.130927  -0.008094  -0.000120   0.093361   0.039942  -0.039484
     38       0.461998  -0.028428  -0.000803   0.314425   0.134354  -0.135870
     39      -0.004647  -0.002185   0.001438   0.005123  -0.009018  -0.005022
     40      -0.001357   0.001406   0.000278  -0.003631   0.003674   0.004588
     41       0.003126   0.010123  -0.003195  -0.029321   0.012161   0.014616
     42       0.074298   0.025846  -0.008573  -0.002369   0.110108   0.050898
     43      -0.096915  -0.033905   0.007819   0.006645  -0.139002  -0.064540
     44      -0.272664  -0.105365   0.024182   0.019633  -0.422831  -0.198421
     45      -0.121741   0.084914   0.048293  -0.035542   0.470322   0.238350
     46       0.141096  -0.097081  -0.058430   0.042620  -0.560268  -0.283401
     47      -0.015134   0.011767   0.006711  -0.005395   0.078982   0.039260
     48       0.027609   0.015326   0.056558   0.035766  -0.100663   0.228570
     49       0.091998   0.053043   0.160277   0.106101  -0.302455   0.684202
     50      -0.011497  -0.005420  -0.019269  -0.012828   0.041446  -0.093733
     51       0.007850  -0.009782   0.010297  -0.013514  -0.018810   0.042021
     52       0.027931  -0.022674   0.037339  -0.044914  -0.065116   0.145354
     53       0.067117  -0.052104   0.093290  -0.096377  -0.154125   0.344474
     54      -0.000166  -0.007759  -0.000155  -0.000605   0.001033  -0.000027
     55      -0.008765   0.270297   0.024736   0.035857  -0.035475  -0.027118
     56       0.023519  -0.730042  -0.067852  -0.096932   0.091319   0.069495
     57      -0.003946  -0.127301  -0.017762  -0.014601   0.026031   0.017777
     58       0.014326   0.546107   0.079474   0.063235  -0.099651  -0.071972
     59      -0.000124  -0.007839  -0.000781  -0.000993  -0.000465  -0.000143
     60       0.000127   0.028071  -0.020810   0.005093  -0.004675   0.002863
     61       0.000428  -0.037173   0.026704  -0.007061   0.008065  -0.001857
     62       0.000018   0.027667  -0.026273   0.005591  -0.006185   0.003946
     63       0.006261  -0.013890   0.110242  -0.009946   0.005574  -0.019679
     64      -0.049240   0.097891  -0.808925   0.073623  -0.048052   0.165103
     65       0.002885  -0.005802   0.045903  -0.004048   0.001886  -0.007514
     66      -0.003327  -0.004352   0.048919  -0.003607   0.001013  -0.010509
     67       0.006194   0.010369  -0.144955   0.011038  -0.005239   0.028645
     68      -0.020575  -0.033618   0.481974  -0.035607   0.015790  -0.089752
                 66         67         68    
      0       0.031891  -0.000019  -0.000359
      1      -0.005130  -0.000027   0.000088
      2       0.058348   0.000001  -0.000352
      3       0.006649   0.000007  -0.000575
      4       0.005761  -0.000046   0.001933
      5       0.055366   0.000017  -0.004917
      6       0.000091   0.000116   0.014979
      7       0.000012  -0.000098  -0.023931
      8      -0.002861  -0.000297  -0.065430
      9      -0.006941   0.000047   0.002674
     10       0.008467  -0.000115  -0.000062
     11       0.006701   0.000023  -0.003317
     12      -0.000274  -0.000513   0.000054
     13       0.000471  -0.000230   0.000046
     14       0.000138   0.000084   0.000118
     15       0.009550  -0.000104  -0.000078
     16       0.028650  -0.000150  -0.000451
     17       0.017701  -0.000002  -0.000753
     18       0.000123  -0.000726  -0.000201
     19      -0.001244  -0.006631   0.000078
     20       0.001732   0.001753  -0.000036
     21       0.000051   0.045592  -0.000213
     22      -0.000130  -0.041523   0.000221
     23      -0.000000   0.036891  -0.000127
     24      -0.000733  -0.001269   0.000001
     25       0.003585  -0.003807   0.000130
     26      -0.001248   0.005724  -0.000190
     27      -0.339232  -0.000120   0.000987
     28       0.273641  -0.000005  -0.000012
     29      -0.265167  -0.000006   0.000441
     30      -0.043076   0.000055   0.000271
     31      -0.211822  -0.000000   0.001534
     32      -0.428568   0.000073   0.002810
     33       0.205154  -0.000014  -0.012447
     34       0.024134   0.000008  -0.002470
     35      -0.331847   0.000100   0.025622
     36      -0.275741   0.000015   0.017741
     37      -0.098525   0.000001   0.004324
     38      -0.323728   0.000091   0.023604
     39      -0.006282  -0.001016  -0.216415
     40       0.004902   0.001249   0.288282
     41       0.034768   0.004590   0.928335
     42       0.021310   0.000110  -0.009661
     43      -0.029415   0.000445   0.011920
     44      -0.090397  -0.000097   0.030334
     45       0.058867   0.000101  -0.008915
     46      -0.071020   0.000994   0.005038
     47       0.008964  -0.000487  -0.002554
     48      -0.080316   0.000164   0.000095
     49      -0.239209   0.001625   0.001362
     50       0.033777  -0.000324   0.000345
     51      -0.027335  -0.000262   0.001516
     52      -0.104204   0.000157   0.004546
     53      -0.242722   0.000017   0.009072
     54       0.000603   0.002774   0.000033
     55       0.007706   0.010246  -0.000225
     56      -0.021259  -0.024676   0.000904
     57      -0.000532  -0.013923   0.000129
     58       0.005421   0.043318  -0.002290
     59      -0.000530  -0.004517   0.000109
     60      -0.000557  -0.583154   0.002699
     61       0.000555   0.607773  -0.002884
     62      -0.001232  -0.528646   0.002415
     63       0.004089  -0.000348   0.000258
     64      -0.039469   0.027199  -0.000295
     65       0.001691  -0.001791   0.000207
     66       0.001299  -0.008831   0.000465
     67      -0.004341   0.016498  -0.000366
     68       0.012863  -0.043391   0.001888
# -----------------------------------------------------------
$ THERMOCHEMISTRY_Energies
   description: The Thermochemistry energies
   geom. index: 1
   prop. index: 1
        Temperature (Kelvin)           :        298.1500000000
        Pressure (atm)                 :          1.0000000000
        Total Mass (AMU)               :        126.2030000000
        Spin Degeneracy                :          1.0000000000
        Electronic Energy (Hartree)    :       -384.8481768794
        Translational Energy (Hartree) :          0.0014162714
        Rotational Energy (Hartree)    :          0.0014162714
        Vibrational Energy (Hartree)   :          0.0049899144
        Number of frequencies          :     69      
        Scaling Factor for frequencies :          1.0000000000
        Vibrational frequencies        :     
                  0    
      0       0.000000
      1       0.000000
      2       0.000000
      3       0.000000
      4       0.000000
      5       0.000000
      6      40.774491
      7     105.470491
      8     236.714225
      9     294.618756
     10     357.135762
     11     373.556723
     12     401.634727
     13     474.920432
     14     508.583694
     15     632.417379
     16     697.264640
     17     842.330735
     18     877.415925
     19     891.418686
     20     916.255616
     21     925.482892
     22     984.613226
     23     994.877301
     24     1022.061924
     25     1045.781751
     26     1057.398715
     27     1066.302143
     28     1089.398695
     29     1100.374904
     30     1149.958688
     31     1166.313552
     32     1191.277302
     33     1219.409738
     34     1234.622970
     35     1251.321396
     36     1262.621649
     37     1303.942897
     38     1313.662016
     39     1336.779986
     40     1361.394314
     41     1363.864317
     42     1383.431538
     43     1414.935600
     44     1424.595385
     45     1429.011782
     46     1441.662737
     47     1493.376531
     48     1513.902430
     49     1515.531339
     50     1517.828562
     51     1532.859229
     52     1535.522586
     53     1548.786396
     54     1564.332712
     55     2906.153725
     56     2913.350818
     57     2937.360985
     58     2941.698208
     59     2945.378628
     60     2950.313586
     61     2972.519430
     62     2975.304431
     63     2977.482395
     64     2990.393717
     65     2992.392642
     66     3000.073967
     67     3209.827027
     68     3220.305690
        Zero Point Energy (Hartree)    :          0.2126448608
        Inner Energy (Hartree)         :       -384.6277095614
        Enthalpy (Hartree)             :       -384.6267653524
        Electronic entropy             :          0.0000000000
        Rotational entropy             :          0.0136391084
        Vibrational entropy            :          0.0082380694
        Translational entropy          :          0.0136391084
        Entropy                        :          0.0410780167
        Gibbs Energy (Hartree)         :       -384.6678433691
        Is Linear                      :                 false
# -----------------------------------------------------------
$ PAL_Flags
   description: The PAL Flags
   geom. index: 2
   prop. index: 1
        Diskflag:     2
# -----------------------------------------------------------
$ SCF_Energy
   description: The SCF energy
   geom. index: 2
   prop. index: 1
        SCF Energy:     -384.8167443114
# -----------------------------------------------------------
$ DFT_Energy
   description: The DFT energy
   geom. index: 2
   prop. index: 1
   Number of Alpha Electrons                 35.0000050900 
   Number of Beta  Electrons                 35.0000050900 
   Total number of  Electrons                70.0000101800 
   Exchange energy                          -36.2357137241 
   Correlation energy                        -2.8582305481 
   Correlation energy NL                      0.0000000000 
   Exchange-Correlation energy              -39.0939442722 
   Embedding correction                       0.0000000000 
   Total DFT Energy (No VdW correction)    -384.8167443114 
# -----------------------------------------------------------
$ VdW_Correction
   description: The Van der Waals Correction
   geom. index: 2
   prop. index: 1
        Van der Waals Correction:       -0.0404272480
# -----------------------------------------------------------
$ PAL_Flags
   description: The PAL Flags
   geom. index: 3
   prop. index: 1
        Diskflag:     2
# -----------------------------------------------------------
$ SCF_Energy
   description: The SCF energy
   geom. index: 3
   prop. index: 1
        SCF Energy:     -384.8174651271
# -----------------------------------------------------------
$ DFT_Energy
   description: The DFT energy
   geom. index: 3
   prop. index: 1
   Number of Alpha Electrons                 34.9999764708 
   Number of Beta  Electrons                 34.9999764708 
   Total number of  Electrons                69.9999529416 
   Exchange energy                          -36.2315994691 
   Correlation energy                        -2.8579406270 
   Correlation energy NL                      0.0000000000 
   Exchange-Correlation energy              -39.0895400962 
   Embedding correction                       0.0000000000 
   Total DFT Energy (No VdW correction)    -384.8174651271 
# -----------------------------------------------------------
$ VdW_Correction
   description: The Van der Waals Correction
   geom. index: 3
   prop. index: 1
        Van der Waals Correction:       -0.0404251582
# -----------------------------------------------------------
$ PAL_Flags
   description: The PAL Flags
   geom. index: 4
   prop. index: 1
        Diskflag:     2
# -----------------------------------------------------------
$ SCF_Energy
   description: The SCF energy
   geom. index: 4
   prop. index: 1
        SCF Energy:     -384.8178776033
# -----------------------------------------------------------
$ DFT_Energy
   description: The DFT energy
   geom. index: 4
   prop. index: 1
   Number of Alpha Electrons                 34.9999715498 
   Number of Beta  Electrons                 34.9999715498 
   Total number of  Electrons                69.9999430995 
   Exchange energy                          -36.2299076519 
   Correlation energy                        -2.8578446559 
   Correlation energy NL                      0.0000000000 
   Exchange-Correlation energy              -39.0877523078 
   Embedding correction                       0.0000000000 
   Total DFT Energy (No VdW correction)    -384.8178776033 
# -----------------------------------------------------------
$ VdW_Correction
   description: The Van der Waals Correction
   geom. index: 4
   prop. index: 1
        Van der Waals Correction:       -0.0404166856
# -----------------------------------------------------------
$ PAL_Flags
   description: The PAL Flags
   geom. index: 5
   prop. index: 1
        Diskflag:     2
# -----------------------------------------------------------
$ SCF_Energy
   description: The SCF energy
   geom. index: 5
   prop. index: 1
        SCF Energy:     -384.8182502797
# -----------------------------------------------------------
$ DFT_Energy
   description: The DFT energy
   geom. index: 5
   prop. index: 1
   Number of Alpha Electrons                 34.9999643360 
   Number of Beta  Electrons                 34.9999643360 
   Total number of  Electrons                69.9999286720 
   Exchange energy                          -36.2298529081 
   Correlation energy                        -2.8579038356 
   Correlation energy NL                      0.0000000000 
   Exchange-Correlation energy              -39.0877567437 
   Embedding correction                       0.0000000000 
   Total DFT Energy (No VdW correction)    -384.8182502797 
# -----------------------------------------------------------
$ VdW_Correction
   description: The Van der Waals Correction
   geom. index: 5
   prop. index: 1
        Van der Waals Correction:       -0.0404185360
# -----------------------------------------------------------
$ PAL_Flags
   description: The PAL Flags
   geom. index: 6
   prop. index: 1
        Diskflag:     2
# -----------------------------------------------------------
$ SCF_Energy
   description: The SCF energy
   geom. index: 6
   prop. index: 1
        SCF Energy:     -384.8186355780
# -----------------------------------------------------------
$ DFT_Energy
   description: The DFT energy
   geom. index: 6
   prop. index: 1
   Number of Alpha Electrons                 34.9999918388 
   Number of Beta  Electrons                 34.9999918388 
   Total number of  Electrons                69.9999836775 
   Exchange energy                          -36.2312441887 
   Correlation energy                        -2.8580997398 
   Correlation energy NL                      0.0000000000 
   Exchange-Correlation energy              -39.0893439285 
   Embedding correction                       0.0000000000 
   Total DFT Energy (No VdW correction)    -384.8186355780 
# -----------------------------------------------------------
$ VdW_Correction
   description: The Van der Waals Correction
   geom. index: 6
   prop. index: 1
        Van der Waals Correction:       -0.0404258659
# -----------------------------------------------------------
$ PAL_Flags
   description: The PAL Flags
   geom. index: 7
   prop. index: 1
        Diskflag:     2
# -----------------------------------------------------------
$ SCF_Energy
   description: The SCF energy
   geom. index: 7
   prop. index: 1
        SCF Energy:     -384.8190037436
# -----------------------------------------------------------
$ DFT_Energy
   description: The DFT energy
   geom. index: 7
   prop. index: 1
   Number of Alpha Electrons                 35.0000389554 
   Number of Beta  Electrons                 35.0000389554 
   Total number of  Electrons                70.0000779108 
   Exchange energy                          -36.2320250416 
   Correlation energy                        -2.8582579372 
   Correlation energy NL                      0.0000000000 
   Exchange-Correlation energy              -39.0902829787 
   Embedding correction                       0.0000000000 
   Total DFT Energy (No VdW correction)    -384.8190037436 
# -----------------------------------------------------------
$ VdW_Correction
   description: The Van der Waals Correction
   geom. index: 7
   prop. index: 1
        Van der Waals Correction:       -0.0404473289
# -----------------------------------------------------------
$ PAL_Flags
   description: The PAL Flags
   geom. index: 8
   prop. index: 1
        Diskflag:     2
# -----------------------------------------------------------
$ SCF_Energy
   description: The SCF energy
   geom. index: 8
   prop. index: 1
        SCF Energy:     -384.8192208616
# -----------------------------------------------------------
$ DFT_Energy
   description: The DFT energy
   geom. index: 8
   prop. index: 1
   Number of Alpha Electrons                 35.0000535188 
   Number of Beta  Electrons                 35.0000535188 
   Total number of  Electrons                70.0001070375 
   Exchange energy                          -36.2363925041 
   Correlation energy                        -2.8587303708 
   Correlation energy NL                      0.0000000000 
   Exchange-Correlation energy              -39.0951228750 
   Embedding correction                       0.0000000000 
   Total DFT Energy (No VdW correction)    -384.8192208616 
# -----------------------------------------------------------
$ VdW_Correction
   description: The Van der Waals Correction
   geom. index: 8
   prop. index: 1
        Van der Waals Correction:       -0.0405097399
# -----------------------------------------------------------
$ PAL_Flags
   description: The PAL Flags
   geom. index: 9
   prop. index: 1
        Diskflag:     2
# -----------------------------------------------------------
$ SCF_Energy
   description: The SCF energy
   geom. index: 9
   prop. index: 1
        SCF Energy:     -384.8196366907
# -----------------------------------------------------------
$ DFT_Energy
   description: The DFT energy
   geom. index: 9
   prop. index: 1
   Number of Alpha Electrons                 35.0000429409 
   Number of Beta  Electrons                 35.0000429409 
   Total number of  Electrons                70.0000858819 
   Exchange energy                          -36.2338196687 
   Correlation energy                        -2.8586111237 
   Correlation energy NL                      0.0000000000 
   Exchange-Correlation energy              -39.0924307924 
   Embedding correction                       0.0000000000 
   Total DFT Energy (No VdW correction)    -384.8196366907 
# -----------------------------------------------------------
$ VdW_Correction
   description: The Van der Waals Correction
   geom. index: 9
   prop. index: 1
        Van der Waals Correction:       -0.0405215474
# -----------------------------------------------------------
$ PAL_Flags
   description: The PAL Flags
   geom. index: 10
   prop. index: 1
        Diskflag:     2
# -----------------------------------------------------------
$ SCF_Energy
   description: The SCF energy
   geom. index: 10
   prop. index: 1
        SCF Energy:     -384.8198067320
# -----------------------------------------------------------
$ DFT_Energy
   description: The DFT energy
   geom. index: 10
   prop. index: 1
   Number of Alpha Electrons                 35.0000651475 
   Number of Beta  Electrons                 35.0000651475 
   Total number of  Electrons                70.0001302950 
   Exchange energy                          -36.2336950170 
   Correlation energy                        -2.8587705666 
   Correlation energy NL                      0.0000000000 
   Exchange-Correlation energy              -39.0924655836 
   Embedding correction                       0.0000000000 
   Total DFT Energy (No VdW correction)    -384.8198067320 
# -----------------------------------------------------------
$ VdW_Correction
   description: The Van der Waals Correction
   geom. index: 10
   prop. index: 1
        Van der Waals Correction:       -0.0405665913
# -----------------------------------------------------------
$ PAL_Flags
   description: The PAL Flags
   geom. index: 11
   prop. index: 1
        Diskflag:     2
# -----------------------------------------------------------
$ SCF_Energy
   description: The SCF energy
   geom. index: 11
   prop. index: 1
        SCF Energy:     -384.8198308794
# -----------------------------------------------------------
$ DFT_Energy
   description: The DFT energy
   geom. index: 11
   prop. index: 1
   Number of Alpha Electrons                 35.0000672623 
   Number of Beta  Electrons                 35.0000672623 
   Total number of  Electrons                70.0001345246 
   Exchange energy                          -36.2283526152 
   Correlation energy                        -2.8583050395 
   Correlation energy NL                      0.0000000000 
   Exchange-Correlation energy              -39.0866576547 
   Embedding correction                       0.0000000000 
   Total DFT Energy (No VdW correction)    -384.8198308794 
# -----------------------------------------------------------
$ VdW_Correction
   description: The Van der Waals Correction
   geom. index: 11
   prop. index: 1
        Van der Waals Correction:       -0.0405304270
# -----------------------------------------------------------
$ PAL_Flags
   description: The PAL Flags
   geom. index: 12
   prop. index: 1
        Diskflag:     2
# -----------------------------------------------------------
$ SCF_Energy
   description: The SCF energy
   geom. index: 12
   prop. index: 1
        SCF Energy:     -384.8198795872
# -----------------------------------------------------------
$ DFT_Energy
   description: The DFT energy
   geom. index: 12
   prop. index: 1
   Number of Alpha Electrons                 35.0000785398 
   Number of Beta  Electrons                 35.0000785398 
   Total number of  Electrons                70.0001570796 
   Exchange energy                          -36.2323140525 
   Correlation energy                        -2.8587259435 
   Correlation energy NL                      0.0000000000 
   Exchange-Correlation energy              -39.0910399961 
   Embedding correction                       0.0000000000 
   Total DFT Energy (No VdW correction)    -384.8198795872 
# -----------------------------------------------------------
$ VdW_Correction
   description: The Van der Waals Correction
   geom. index: 12
   prop. index: 1
        Van der Waals Correction:       -0.0405743364
# -----------------------------------------------------------
$ PAL_Flags
   description: The PAL Flags
   geom. index: 13
   prop. index: 1
        Diskflag:     2
# -----------------------------------------------------------
$ SCF_Energy
   description: The SCF energy
   geom. index: 13
   prop. index: 1
        SCF Energy:     -384.8198983109
# -----------------------------------------------------------
$ DFT_Energy
   description: The DFT energy
   geom. index: 13
   prop. index: 1
   Number of Alpha Electrons                 35.0000635418 
   Number of Beta  Electrons                 35.0000635418 
   Total number of  Electrons                70.0001270835 
   Exchange energy                          -36.2324873659 
   Correlation energy                        -2.8586856037 
   Correlation energy NL                      0.0000000000 
   Exchange-Correlation energy              -39.0911729697 
   Embedding correction                       0.0000000000 
   Total DFT Energy (No VdW correction)    -384.8198983109 
# -----------------------------------------------------------
$ VdW_Correction
   description: The Van der Waals Correction
   geom. index: 13
   prop. index: 1
        Van der Waals Correction:       -0.0405600124
# -----------------------------------------------------------
$ PAL_Flags
   description: The PAL Flags
   geom. index: 14
   prop. index: 1
        Diskflag:     2
# -----------------------------------------------------------
$ SCF_Energy
   description: The SCF energy
   geom. index: 14
   prop. index: 1
        SCF Energy:     -384.8198994898
# -----------------------------------------------------------
$ DFT_Energy
   description: The DFT energy
   geom. index: 14
   prop. index: 1
   Number of Alpha Electrons                 35.0000643176 
   Number of Beta  Electrons                 35.0000643176 
   Total number of  Electrons                70.0001286351 
   Exchange energy                          -36.2324764431 
   Correlation energy                        -2.8586992477 
   Correlation energy NL                      0.0000000000 
   Exchange-Correlation energy              -39.0911756908 
   Embedding correction                       0.0000000000 
   Total DFT Energy (No VdW correction)    -384.8198994898 
# -----------------------------------------------------------
$ Mayer_Pop
   description: The Mayer population analysis
   geom. index: 14
   prop. index: 1
     Number of atoms                     : 23
     Threshold for printing              : 0.1000000
     Number of bond orders printed       : 28
  NA   - Mulliken gross atomic population
  ZA   - Total nuclear charge
  QA   - Mulliken gross atomic charge
  VA   - Mayer's total valence
  BVA  - Mayer's bonded valence
  FA   - Mayer's free valence
  ATOM       NA         ZA         QA         VA         BVA        FA
  0   0     6.2921     6.0000    -0.2921     3.6669     3.6669     0.0000
  1   0     6.3156     6.0000    -0.3156     3.8330     3.8330    -0.0000
  2   0     7.3375     7.0000    -0.3375     2.5394     2.5394     0.0000
  3   0     6.4868     6.0000    -0.4868     4.1638     4.1638     0.0000
  4   0     6.2150     6.0000    -0.2150     3.8542     3.8542    -0.0000
  5   0     6.2282     6.0000    -0.2282     3.5300     3.5300     0.0000
  6   0     6.0585     6.0000    -0.0585     3.3350     3.3350     0.0000
  7   0     7.3380     7.0000    -0.3380     2.6713     2.6713     0.0000
  8   0     6.2397     6.0000    -0.2397     3.7317     3.7317    -0.0000
  9   0     0.8399     1.0000     0.1601     0.9411     0.9411    -0.0000
 10   0     0.8398     1.0000     0.1602     0.9286     0.9286    -0.0000
 11   0     0.8380     1.0000     0.1620     0.9341     0.9341    -0.0000
 12   0     0.8630     1.0000     0.1370     0.9555     0.9555    -0.0000
 13   0     0.6788     1.0000     0.3212     0.8288     0.8288    -0.0000
 14   0     0.8137     1.0000     0.1863     0.8887     0.8887    -0.0000
 15   0     0.8430     1.0000     0.1570     0.9488     0.9488    -0.0000
 16   0     0.8113     1.0000     0.1887     0.9340     0.9340    -0.0000
 17   0     0.8408     1.0000     0.1592     0.9352     0.9352    -0.0000
 18   0     0.8540     1.0000     0.1460     0.9280     0.9280     0.0000
 19   0     0.8621     1.0000     0.1379     0.9234     0.9234    -0.0000
 20   0     0.6979     1.0000     0.3021     0.8590     0.8590    -0.0000
 21   0     0.8439     1.0000     0.1561     0.9202     0.9202    -0.0000
 22   0     0.8623     1.0000     0.1377     0.9339     0.9339     0.0000
      Bond orders larger than 0.1000000
           Atom A     A.N. of A          Atom B    A.N. of B              Bond order
                0             6               1            6                0.949396
                0             6               5            6                0.917038
                0             6               9            1                0.943134
                0             6              10            1                0.950889
                1             6               2            7                0.890612
                1             6              11            1                0.984604
                1             6              12            1                1.000316
                2             7               3            6                0.946049
                2             7              13            1                0.871303
                3             6               4            6                0.883656
                3             6               5            6                0.129469
                3             6               8            6                0.123025
                3             6              14            1                0.919640
                3             6              15            1                1.027966
                4             6               5            6                0.738017
                4             6               6            6                0.812425
                4             6               7            7                0.503394
                4             6               8            6                0.962227
                5             6               7            7               -0.100615
                5             6              16            1                0.976309
                5             6              17            1                0.941675
                6             6               7            7                0.671474
                6             6              18            1                1.021258
                6             6              19            1                0.938995
                7             7               8            6                0.730219
                7             7              20            1                0.856114
                8             6              21            1                0.969986
                8             6              22            1                0.950649
# -----------------------------------------------------------
$ VdW_Correction
   description: The Van der Waals Correction
   geom. index: 14
   prop. index: 1
        Van der Waals Correction:       -0.0405641331
# -----------------------------------------------------------
$ SCF_Electric_Properties
   description: The SCF Calculated Electric Properties
   geom. index: 14
   prop. index: 1
       Filename                          : file.scfp 
       Do Dipole Moment Calculation      : true 
       Do Quadrupole Moment Calculation  : false 
       Do Polarizability Calculation     : false 
** Dipole moment part of electric properties **
        Magnitude of dipole moment (Debye) :        0.3660590988
        Electronic Contribution:
                  0    
      0       1.813360
      1      -0.696642
      2      -0.253646
        Nuclear Contribution:
                  0    
      0      -1.677325
      1       0.650111
      2       0.261997
        Total Dipole moment:
                  0    
      0       0.136036
      1      -0.046531
      2       0.008351
# -------------------------------------------------------------
----------------------- !GEOMETRIES! ------------------------
# -------------------------------------------------------------
------------------------ !GEOMETRY! -------------------------
    Number of atoms:    23 
    Geometry Index:     1 
    Coordinates:
               0 C     -1.780900000000    0.885700000000   -0.103300000000
               1 C     -2.308800000000   -0.556700000000    0.085200000000
               2 N     -1.247900000000   -1.584200000000    0.121500000000
               3 C     -0.032000000000   -1.098000000000    0.785100000000
               4 C      0.605400000000    0.068000000000   -0.018000000000
               5 C     -0.428600000000    0.900300000000   -0.815900000000
               6 C      1.833300000000   -0.318200000000   -0.843000000000
               7 N      2.742200000000    0.478500000000   -0.017300000000
               8 C      1.600700000000    0.889800000000    0.801900000000
               9 H     -2.517000000000    1.480800000000   -0.685900000000
              10 H     -1.667900000000    1.371900000000    0.890800000000
              11 H     -2.894200000000   -0.608800000000    1.028200000000
              12 H     -3.012200000000   -0.795500000000   -0.742900000000
              13 H     -1.006300000000   -1.863500000000   -0.858900000000
              14 H     -0.297500000000   -0.752300000000    1.809300000000
              15 H      0.679200000000   -1.942100000000    0.913300000000
              16 H     -0.091000000000    1.949100000000   -0.961900000000
              17 H     -0.566400000000    0.456700000000   -1.826800000000
              18 H      1.816300000000    0.075300000000   -1.883400000000
              19 H      2.083300000000   -1.403600000000   -0.818600000000
              20 H      3.335900000000   -0.175800000000    0.546200000000
              21 H      1.448100000000    1.988900000000    0.734700000000
              22 H      1.706300000000    0.553900000000    1.859600000000
------------------------ !GEOMETRY! -------------------------
    Number of atoms:    23 
    Geometry Index:     2 
    Coordinates:
               0 C     -1.784516382690    0.886581052822   -0.093115381112
               1 C     -2.315858275653   -0.557825348203    0.088299417139
               2 N     -1.263447003964   -1.582617571388    0.114022307135
               3 C     -0.053671965216   -1.075004134118    0.753911300281
               4 C      0.615738253170    0.075191099260   -0.026512102659
               5 C     -0.432384632730    0.879170211874   -0.812597093070
               6 C      1.857581545729   -0.328150739561   -0.865389885717
               7 N      2.764563982214    0.469201392036    0.001181742850
               8 C      1.609275817375    0.900313226134    0.831907658777
               9 H     -2.513721426249    1.482790028696   -0.654049160691
              10 H     -1.666069152029    1.371635870046    0.885323424214
              11 H     -2.886543792727   -0.622929938923    1.024417854958
              12 H     -3.009373489240   -0.810259052937   -0.721766521542
              13 H     -1.039604480778   -1.870026541173   -0.831463098134
              14 H     -0.331972582765   -0.725979430094    1.758493639061
              15 H      0.653877853751   -1.902337853833    0.893339770362
              16 H     -0.075844307360    1.903636782567   -0.971235835359
              17 H     -0.560287491787    0.433147680921   -1.809990974989
              18 H      1.844578544699    0.049091407898   -1.895175366155
              19 H      2.083145624355   -1.402633934803   -0.875739933475
              20 H      3.369461979688   -0.142329288300    0.534035632413
              21 H      1.454184478268    1.985088241945    0.790949215778
              22 H      1.680886903939    0.584446839133    1.881053389934
------------------------ !GEOMETRY! -------------------------
    Number of atoms:    23 
    Geometry Index:     3 
    Coordinates:
               0 C     -1.771739329496    0.892727973444   -0.078797691706
               1 C     -2.321894900015   -0.546234752542    0.086766105266
               2 N     -1.276694103737   -1.580251852486    0.110252122200
               3 C     -0.061651726848   -1.078170641905    0.741925123368
               4 C      0.620210238546    0.069449848817   -0.034310324737
               5 C     -0.434297442953    0.861775126885   -0.822137891201
               6 C      1.871300971249   -0.330402968975   -0.863946161780
               7 N      2.756207104999    0.503970300129   -0.006299780588
               8 C      1.597915016423    0.895881299565    0.842558054011
               9 H     -2.500358486220    1.511063719217   -0.615202147290
              10 H     -1.628305839799    1.362513000731    0.903365835654
              11 H     -2.899088873098   -0.617752055482    1.018025000141
              12 H     -3.010220025287   -0.787936900836   -0.730729754178
              13 H     -1.065025502987   -1.883709886312   -0.834962571004
              14 H     -0.342034004656   -0.720811406387    1.742747024989
              15 H      0.641558651650   -1.906679741847    0.892737178203
              16 H     -0.064833641876    1.875601566057   -1.016127251402
              17 H     -0.577991411261    0.392879018445   -1.806532783983
              18 H      1.859323475728    0.019414451048   -1.903342760252
              19 H      2.101616417494   -1.404564198017   -0.859094202772
              20 H      3.418636104710   -0.064239829748    0.509565089900
              21 H      1.423905712901    1.978563957635    0.837873250610
              22 H      1.663461594532    0.557113972565    1.885568536551
------------------------ !GEOMETRY! -------------------------
    Number of atoms:    23 
    Geometry Index:     4 
    Coordinates:
               0 C     -1.764607798745    0.897483534644   -0.072778197840
               1 C     -2.327135690827   -0.538179662062    0.076779297444
               2 N     -1.286862882569   -1.577837112174    0.108823481932
               3 C     -0.070559332135   -1.081124841935    0.742143220884
               4 C      0.621332688525    0.063947522964   -0.030500808164
               5 C     -0.431550545894    0.855161446958   -0.822582957783
               6 C      1.872629330175   -0.337416308956   -0.859073362773
               7 N      2.742673851939    0.537868498483   -0.028822675136
               8 C      1.596359760609    0.889381139914    0.851458189484
               9 H     -2.489925977133    1.531886446931   -0.595098272052
              10 H     -1.609358945367    1.351959184219    0.914769199041
              11 H     -2.918814855200   -0.612968307007    0.998693881573
              12 H     -3.003938857969   -0.770089228709   -0.753382487291
              13 H     -1.079772740156   -1.896125782760   -0.832138233088
              14 H     -0.353814047677   -0.719699127473    1.740748910640
              15 H      0.627541737491   -1.912557959242    0.900072058541
              16 H     -0.054885602699    1.862944955716   -1.034886779212
              17 H     -0.582528879509    0.372019569197   -1.798937907985
              18 H      1.851279549013   -0.021331203542   -1.909404584095
              19 H      2.114356682042   -1.409066055088   -0.824338012970
              20 H      3.467699109577    0.024739700138    0.459048337120
              21 H      1.403363491854    1.968851165306    0.885387228785
              22 H      1.676519954655    0.520352424479    1.883920472945
------------------------ !GEOMETRY! -------------------------
    Number of atoms:    23 
    Geometry Index:     5 
    Coordinates:
               0 C     -1.755394372584    0.902707849268   -0.069885646367
               1 C     -2.332678212281   -0.527678181172    0.070432730783
               2 N     -1.301049316517   -1.576110334770    0.109894091429
               3 C     -0.080002410509   -1.089981122418    0.742263932709
               4 C      0.621294907026    0.051912973939   -0.027025328392
               5 C     -0.425120982955    0.847390389677   -0.823469828996
               6 C      1.876333543420   -0.343873001477   -0.852894365869
               7 N      2.722928113229    0.577072345923   -0.052158475435
               8 C      1.590160259410    0.880446811027    0.858881430001
               9 H     -2.475220854173    1.550404026729   -0.583601866650
              10 H     -1.590670795372    1.346241410140    0.921193029903
              11 H     -2.936358575888   -0.599900100527    0.984897292987
              12 H     -3.001219323120   -0.749795632106   -0.769221026288
              13 H     -1.098069649883   -1.906211717181   -0.827736834562
              14 H     -0.359997702081   -0.727050822427    1.741349668283
              15 H      0.610954684938   -1.927359041126    0.899945607229
              16 H     -0.040415072270    1.850078236233   -1.045423593421
              17 H     -0.582837702233    0.356398559889   -1.794869890983
              18 H      1.843450412676   -0.064237060328   -1.913557651394
              19 H      2.140705806525   -1.408781923570   -0.782547935039
              20 H      3.505943670407    0.124571947971    0.405101764132
              21 H      1.372386278539    1.953681126279    0.930467561656
              22 H      1.694877293696    0.480273260025    1.877865334283
------------------------ !GEOMETRY! -------------------------
    Number of atoms:    23 
    Geometry Index:     6 
    Coordinates:
               0 C     -1.748194545877    0.907041941020   -0.069108423142
               1 C     -2.337827948636   -0.518714037659    0.061081977434
               2 N     -1.314302043871   -1.574702940700    0.111843359830
               3 C     -0.090028096344   -1.099694184011    0.747146023408
               4 C      0.619588391290    0.038833801307   -0.018591513423
               5 C     -0.416479115799    0.843249391359   -0.819345695519
               6 C      1.875619082837   -0.352365845555   -0.845106728953
               7 N      2.699046658033    0.611682809378   -0.079127109530
               8 C      1.587667088770    0.871462552756    0.864283716310
               9 H     -2.460952583542    1.565107305408   -0.579727013826
              10 H     -1.580922537930    1.340887558159    0.925916979284
              11 H     -2.956292685143   -0.587121081679    0.966044688587
              12 H     -2.995188252173   -0.731994773408   -0.789818091402
              13 H     -1.111068065379   -1.914508767329   -0.822068468017
              14 H     -0.366673654423   -0.737849085380    1.747636595582
              15 H      0.593354175989   -1.943802154738    0.901742493671
              16 H     -0.023784083280    1.842792143510   -1.041333162035
              17 H     -0.576533592699    0.351133504412   -1.789870284237
              18 H      1.827114269902   -0.110669263855   -1.914922319134
              19 H      2.167207630910   -1.407009199367   -0.735801133415
              20 H      3.536358310591    0.225192813854    0.341230053217
              21 H      1.345786148624    1.937241652075    0.969527202219
              22 H      1.726505448150    0.444005860445    1.868266853090
------------------------ !GEOMETRY! -------------------------
    Number of atoms:    23 
    Geometry Index:     7 
    Coordinates:
               0 C     -1.736853525047    0.912197388473   -0.067808758512
               1 C     -2.342885258659   -0.506714814923    0.056825045320
               2 N     -1.330765232303   -1.573479736114    0.112940934961
               3 C     -0.100283170601   -1.113152044265    0.747473160851
               4 C      0.619193967143    0.021762583879   -0.013833305442
               5 C     -0.406748860758    0.834342325088   -0.819209895225
               6 C      1.880907257565   -0.359435642700   -0.836673747977
               7 N      2.672011938462    0.653896403112   -0.104727154356
               8 C      1.579675705328    0.861091226209    0.869838572954
               9 H     -2.442192825397    1.581244941629   -0.574476132247
              10 H     -1.562831014543    1.338857627421    0.929305494519
              11 H     -2.970393974979   -0.568950343437    0.956136745747
              12 H     -2.994957565286   -0.710581415485   -0.800530942486
              13 H     -1.130710001748   -1.920030115727   -0.818907286903
              14 H     -0.370705990700   -0.752577430325    1.750204249750
              15 H      0.574055754448   -1.965313072138    0.896867331083
              16 H     -0.003948621314    1.829327808594   -1.043059067312
              17 H     -0.572302691245    0.340810073265   -1.788152371521
              18 H      1.821368847223   -0.158881620913   -1.914502166415
              19 H      2.203690946156   -1.400473358237   -0.687849249795
              20 H      3.552100842597    0.333249789321    0.281965065203
              21 H      1.310248667148    1.916108260222    1.010955139571
              22 H      1.752324806508    0.406901167052    1.857118338233
------------------------ !GEOMETRY! -------------------------
    Number of atoms:    23 
    Geometry Index:     8 
    Coordinates:
               0 C     -1.723806011689    0.914642034714   -0.067644681877
               1 C     -2.347031611447   -0.495793544372    0.053388012312
               2 N     -1.349137414586   -1.575081199432    0.117186041379
               3 C     -0.111530217970   -1.133657806994    0.753383352462
               4 C      0.614928686239   -0.004633566777   -0.005283683600
               5 C     -0.391287976056    0.828143645930   -0.813066825433
               6 C      1.883834087978   -0.369192589215   -0.827014779563
               7 N      2.637911779147    0.699830154875   -0.140034096300
               8 C      1.567970559668    0.852048626487    0.865261259413
               9 H     -2.418969364576    1.589006908757   -0.580555072658
              10 H     -1.551456507519    1.340515841867    0.930425723018
              11 H     -2.984775334074   -0.545740905170    0.946369934831
              12 H     -2.994140185891   -0.691820628489   -0.809404062734
              13 H     -1.142708609950   -1.914218255032   -0.815307663650
              14 H     -0.370883418100   -0.779942862703    1.761473204029
              15 H      0.551531844080   -1.996722890949    0.887679294184
              16 H      0.024523925136    1.822669544590   -1.010354212641
              17 H     -0.555667294678    0.355988067689   -1.793038658409
              18 H      1.807580311435   -0.214028953467   -1.910435586297
              19 H      2.254922505186   -1.386627607297   -0.631342145975
              20 H      3.541586348012    0.425834253644    0.226705452016
              21 H      1.262904667268    1.893513160324    1.025184473339
              22 H      1.793699232388    0.385468571022    1.836324722155
------------------------ !GEOMETRY! -------------------------
    Number of atoms:    23 
    Geometry Index:     9 
    Coordinates:
               0 C     -1.717116495490    0.920135729261   -0.066812344761
               1 C     -2.350356352446   -0.486655597750    0.047810094045
               2 N     -1.359154074471   -1.572103536548    0.112662304851
               3 C     -0.120097390434   -1.138099852581    0.750069640950
               4 C      0.617264760706   -0.010107662951   -0.000934209672
               5 C     -0.386355050279    0.822262500745   -0.814020084511
               6 C      1.887224593780   -0.375626335231   -0.818012604532
               7 N      2.612357593674    0.735776371595   -0.164743378747
               8 C      1.568369365444    0.843007072520    0.875495227538
               9 H     -2.408340844862    1.603909696400   -0.572749170043
              10 H     -1.538304833572    1.338619907526    0.932950403133
              11 H     -2.991496917156   -0.537355703250    0.938089737500
              12 H     -2.994628039599   -0.676657646035   -0.818478202463
              13 H     -1.158794248512   -1.919729808421   -0.818509731500
              14 H     -0.379829592893   -0.785127581887    1.758206542705
              15 H      0.538569163246   -2.004296470925    0.885641217574
              16 H      0.037193714070    1.810748451359   -1.025739759751
              17 H     -0.555149390900    0.338873958793   -1.787461529744
              18 H      1.810341868461   -0.266646947300   -1.907203998624
              19 H      2.274611286328   -1.379051157230   -0.584179343473
              20 H      3.545382520489    0.520857453418    0.167368957166
              21 H      1.249709302937    1.872015432278    1.085051305113
              22 H      1.818599061478    0.345451726211    1.825398927244
------------------------ !GEOMETRY! -------------------------
    Number of atoms:    23 
    Geometry Index:     10 
    Coordinates:
               0 C     -1.705313800698    0.926015862991   -0.066807379075
               1 C     -2.354103492006   -0.473774251734    0.047852409403
               2 N     -1.374942867716   -1.570400948947    0.108835700271
               3 C     -0.129461796585   -1.153358037582    0.745366753923
               4 C      0.616334080678   -0.026319716351    0.002769251791
               5 C     -0.377087795752    0.812662387575   -0.816161764464
               6 C      1.894419780399   -0.380182509982   -0.805889641738
               7 N      2.578141876235    0.777504309806   -0.190036459633
               8 C      1.559939837364    0.834200183088    0.878827425668
               9 H     -2.389796460265    1.618396008578   -0.570233675046
              10 H     -1.519544616752    1.341444300574    0.933050903934
              11 H     -2.994123578953   -0.519056997910    0.939279039523
              12 H     -3.001835062795   -0.655789764895   -0.817597601774
              13 H     -1.179765503921   -1.918014128235   -0.823337589066
              14 H     -0.381892024652   -0.806972260914    1.757681928359
              15 H      0.520879709153   -2.027339459737    0.870952993130
              16 H      0.058227698955    1.795039900138   -1.031333220372
              17 H     -0.551203226917    0.327256232938   -1.787679424377
              18 H      1.818174217275   -0.322224711228   -1.899117940408
              19 H      2.313133973774   -1.358809163427   -0.523686815061
              20 H      3.532494336616    0.620077741543    0.113987553041
              21 H      1.218834405058    1.847128915738    1.127975913349
              22 H      1.848490311505    0.312716107974    1.805201638623
------------------------ !GEOMETRY! -------------------------
    Number of atoms:    23 
    Geometry Index:     11 
    Coordinates:
               0 C     -1.709476300261    0.932149693199   -0.076174713342
               1 C     -2.355354451295   -0.469439388473    0.057483234507
               2 N     -1.377177982946   -1.567484662309    0.094887515109
               3 C     -0.130031399406   -1.155542497599    0.730068869529
               4 C      0.617068373879   -0.020231125166    0.001003930835
               5 C     -0.380127003735    0.812293127662   -0.824303727382
               6 C      1.897523584779   -0.377348579394   -0.796540733730
               7 N      2.572529466243    0.800786563039   -0.199206032682
               8 C      1.561549190473    0.833882377614    0.885537449934
               9 H     -2.397187765111    1.618297295546   -0.584551576719
              10 H     -1.523141114732    1.360943049126    0.917461656098
              11 H     -2.967184442861   -0.519298046778    0.967907107762
              12 H     -3.027917341727   -0.655806575302   -0.787827816104
              13 H     -1.193209364141   -1.907439935945   -0.843522611484
              14 H     -0.379678176053   -0.821973992556    1.747240014884
              15 H      0.522675194934   -2.029766030906    0.844826408687
              16 H      0.059670786534    1.789590460238   -1.053648742493
              17 H     -0.552607716612    0.315756934931   -1.789989813804
              18 H      1.836291929612   -0.361554104269   -1.892663420456
              19 H      2.315767133797   -1.343598574085   -0.473445624988
              20 H      3.528080229179    0.644589772513    0.106730494059
              21 H      1.221408391572    1.836919517310    1.176296841136
              22 H      1.860528777877    0.284474721602    1.792331290643
------------------------ !GEOMETRY! -------------------------
    Number of atoms:    23 
    Geometry Index:     12 
    Coordinates:
               0 C     -1.698500221366    0.932521667308   -0.074165187646
               1 C     -2.356157431710   -0.462452051780    0.061067193784
               2 N     -1.386654806774   -1.567810529664    0.099926245124
               3 C     -0.132608087543   -1.168367145565    0.730714930965
               4 C      0.615949956985   -0.034854750549   -0.000106025679
               5 C     -0.372992994349    0.802633911524   -0.826388268830
               6 C      1.904403291399   -0.376913976762   -0.794724603385
               7 N      2.559801153335    0.807592098378   -0.196672313222
               8 C      1.549098676887    0.830743716997    0.882905555769
               9 H     -2.380630792524    1.623712495518   -0.582610063342
              10 H     -1.505824150972    1.358974573106    0.919664063948
              11 H     -2.971097397397   -0.501870911493    0.970172707518
              12 H     -3.029136992632   -0.642756868203   -0.785187888315
              13 H     -1.203873491243   -1.907241588784   -0.838015509488
              14 H     -0.373443992762   -0.837031197122    1.750891428807
              15 H      0.512469323979   -2.048958458233    0.836320762304
              16 H      0.070170072325    1.778913397505   -1.052373911872
              17 H     -0.551809390747    0.308434136287   -1.792496361311
              18 H      1.840099068331   -0.354988308486   -1.890110147121
              19 H      2.339541533528   -1.337177005586   -0.475854847617
              20 H      3.519756310364    0.674961319718    0.102927897792
              21 H      1.194282541634    1.831336736737    1.161520793865
              22 H      1.857157821251    0.290798739151    1.792493547950
------------------------ !GEOMETRY! -------------------------
    Number of atoms:    23 
    Geometry Index:     13 
    Coordinates:
               0 C     -1.702031072632    0.931298330514   -0.075867364933
               1 C     -2.355131783053   -0.465539182134    0.062436576633
               2 N     -1.382708552453   -1.568134050824    0.099473888227
               3 C     -0.130094943655   -1.165419727836    0.730932789619
               4 C      0.615968267301   -0.030495623928   -0.000453047831
               5 C     -0.374949125650    0.805304274639   -0.826041895679
               6 C      1.902392360634   -0.376220118896   -0.796823745774
               7 N      2.568601054932    0.798033502554   -0.190267927578
               8 C      1.551067760335    0.833230160449    0.882576563119
               9 H     -2.385880548412    1.618418893303   -0.587476100755
              10 H     -1.512384087694    1.361378485232    0.916928229597
              11 H     -2.966310262933   -0.505443868019    0.974005524763
              12 H     -3.031093981010   -0.648946398919   -0.780726478584
              13 H     -1.199213829114   -1.905181402151   -0.839202559726
              14 H     -0.372290956769   -0.834965701309    1.751065378239
              15 H      0.517341998389   -2.044283592042    0.836468144937
              16 H      0.065276599486    1.783325125353   -1.050406275517
              17 H     -0.551013507967    0.311707548235   -1.792922230419
              18 H      1.837430368823   -0.342360389273   -1.891800810016
              19 H      2.330280045967   -1.343148037811   -0.488781685736
              20 H      3.524049881352    0.650875821235    0.116820809331
              21 H      1.201253083867    1.838199804718    1.151545609722
              22 H      1.849441230257    0.298566146909    1.798416608360
------------------------ !GEOMETRY! -------------------------
    Number of atoms:    23 
    Geometry Index:     14 
    Coordinates:
               0 C     -1.700224943545    0.932441857406   -0.077403803245
               1 C     -2.355066923145   -0.463268242449    0.066203741290
               2 N     -1.384803775413   -1.567730550763    0.097599035734
               3 C     -0.130198143245   -1.168818267156    0.727490563383
               4 C      0.616000924001   -0.032276943895   -0.001525958061
               5 C     -0.374133517210    0.802676027279   -0.828687864267
               6 C      1.904752887906   -0.375496462972   -0.794929670390
               7 N      2.565917571492    0.802048267844   -0.189071923136
               8 C      1.547815984051    0.832944404976    0.883466427105
               9 H     -2.383733540852    1.618894742082   -0.590361189632
              10 H     -1.508696150341    1.365469338700    0.913753046095
              11 H     -2.959677694162   -0.501474321010    0.982199158311
              12 H     -3.037447100252   -0.646430449559   -0.771799784325
              13 H     -1.204138693322   -1.902106176722   -0.842609094894
              14 H     -0.369757931179   -0.841809253219    1.749363197841
              15 H      0.516255501922   -2.048956058811    0.828332414442
              16 H      0.067387993029    1.779518048187   -1.055620235071
              17 H     -0.551420872900    0.307029562173   -1.794289872937
              18 H      1.842215219005   -0.344526791497   -1.890146932726
              19 H      2.334811942667   -1.340332123910   -0.483349354035
              20 H      3.521749410031    0.658658691632    0.118688778498
              21 H      1.195176674279    1.836475224425    1.154212271537
              22 H      1.847215177182    0.297269477259    1.798387048482
