-------------------------------------------------------------
----------------------- !PROPERTIES! ------------------------
-------------------------------------------------------------
# -----------------------------------------------------------
$ PAL_Flags
   description: The PAL Flags
   geom. index: 1
   prop. index: 1
        Diskflag:     2
# -----------------------------------------------------------
$ SCF_Energy
   description: The SCF energy
   geom. index: 1
   prop. index: 1
        SCF Energy:     -384.8405567021
# -----------------------------------------------------------
$ DFT_Energy
   description: The DFT energy
   geom. index: 1
   prop. index: 1
   Number of Alpha Electrons                 34.9998265695 
   Number of Beta  Electrons                 34.9998265695 
   Total number of  Electrons                69.9996531389 
   Exchange energy                          -36.1965237705 
   Correlation energy                        -2.8584704274 
   Correlation energy NL                      0.0000000000 
   Exchange-Correlation energy              -39.0549941979 
   Embedding correction                       0.0000000000 
   Total DFT Energy (No VdW correction)    -384.8405567021 
# -----------------------------------------------------------
$ Mayer_Pop
   description: The Mayer population analysis
   geom. index: 1
   prop. index: 1
     Number of atoms                     : 23
     Threshold for printing              : 0.1000000
     Number of bond orders printed       : 25
  NA   - Mulliken gross atomic population
  ZA   - Total nuclear charge
  QA   - Mulliken gross atomic charge
  VA   - Mayer's total valence
  BVA  - Mayer's bonded valence
  FA   - Mayer's free valence
  ATOM       NA         ZA         QA         VA         BVA        FA
  0   0     6.3324     6.0000    -0.3324     3.7451     3.7451     0.0000
  1   0     6.3684     6.0000    -0.3684     3.8386     3.8386     0.0000
  2   0     5.9563     6.0000     0.0437     3.3664     3.3664    -0.0000
  3   0     6.3969     6.0000    -0.3969     3.7672     3.7672    -0.0000
  4   0     7.3250     7.0000    -0.3250     2.5482     2.5482     0.0000
  5   0     6.4315     6.0000    -0.4315     3.8052     3.8052    -0.0000
  6   0     5.8978     6.0000     0.1022     3.1555     3.1555     0.0000
  7   0     6.4983     6.0000    -0.4983     3.8985     3.8985    -0.0000
  8   0     7.3135     7.0000    -0.3135     2.5419     2.5419    -0.0000
  9   0     0.8350     1.0000     0.1650     0.9298     0.9298     0.0000
 10   0     0.8603     1.0000     0.1397     0.9514     0.9514    -0.0000
 11   0     0.8241     1.0000     0.1759     0.9128     0.9128     0.0000
 12   0     0.8539     1.0000     0.1461     0.9602     0.9602     0.0000
 13   0     0.8258     1.0000     0.1742     0.9435     0.9435     0.0000
 14   0     0.8531     1.0000     0.1469     0.9200     0.9200     0.0000
 15   0     0.8415     1.0000     0.1585     0.9198     0.9198     0.0000
 16   0     0.7108     1.0000     0.2892     0.8670     0.8670     0.0000
 17   0     0.8422     1.0000     0.1578     0.9284     0.9284    -0.0000
 18   0     0.8686     1.0000     0.1314     0.9291     0.9291     0.0000
 19   0     0.8018     1.0000     0.1982     0.8807     0.8807    -0.0000
 20   0     0.8426     1.0000     0.1574     0.9428     0.9428     0.0000
 21   0     0.8288     1.0000     0.1712     0.9031     0.9031    -0.0000
 22   0     0.6915     1.0000     0.3085     0.8383     0.8383     0.0000
      Bond orders larger than 0.1000000
           Atom A     A.N. of A          Atom B    A.N. of B              Bond order
                0             6               1            6                0.928222
                0             6               8            7                0.926435
                0             6               9            1                0.999269
                0             6              10            1                0.998778
                1             6               2            6                1.006105
                1             6              11            1                0.933851
                1             6              12            1                0.970305
                2             6               3            6                0.731555
                2             6               6            6                0.764108
                2             6              13            1                0.839849
                3             6               4            7                0.885828
                3             6               6            6                0.114013
                3             6              14            1                1.000081
                3             6              15            1                1.014352
                4             7               5            6                0.850098
                4             7              16            1                0.883331
                5             6               6            6                0.807759
                5             6              17            1                1.017484
                5             6              18            1                0.992857
                6             6               7            6                0.742996
                6             6              19            1                0.890145
                7             6               8            7                0.970290
                7             6              20            1                1.038029
                7             6              21            1                0.965376
                8             7              22            1                0.873098
# -----------------------------------------------------------
$ VdW_Correction
   description: The Van der Waals Correction
   geom. index: 1
   prop. index: 1
        Van der Waals Correction:       -0.0410019909
# -----------------------------------------------------------
$ Hessian
   description: Details about the Hessian
   geom. index: 1
   prop. index: 1
Normal modes:
Number of Rows: 69 Number of Columns: 69
                  0          1          2          3          4          5    
      0       0.000000   0.000000   0.000000   0.000000   0.000000   0.000000
      1       0.000000   0.000000   0.000000   0.000000   0.000000   0.000000
      2       0.000000   0.000000   0.000000   0.000000   0.000000   0.000000
      3       0.000000   0.000000   0.000000   0.000000   0.000000   0.000000
      4       0.000000   0.000000   0.000000   0.000000   0.000000   0.000000
      5       0.000000   0.000000   0.000000   0.000000   0.000000   0.000000
      6       0.000000   0.000000   0.000000   0.000000   0.000000   0.000000
      7       0.000000   0.000000   0.000000   0.000000   0.000000   0.000000
      8       0.000000   0.000000   0.000000   0.000000   0.000000   0.000000
      9       0.000000   0.000000   0.000000   0.000000   0.000000   0.000000
     10       0.000000   0.000000   0.000000   0.000000   0.000000   0.000000
     11       0.000000   0.000000   0.000000   0.000000   0.000000   0.000000
     12       0.000000   0.000000   0.000000   0.000000   0.000000   0.000000
     13       0.000000   0.000000   0.000000   0.000000   0.000000   0.000000
     14       0.000000   0.000000   0.000000   0.000000   0.000000   0.000000
     15       0.000000   0.000000   0.000000   0.000000   0.000000   0.000000
     16       0.000000   0.000000   0.000000   0.000000   0.000000   0.000000
     17       0.000000   0.000000   0.000000   0.000000   0.000000   0.000000
     18       0.000000   0.000000   0.000000   0.000000   0.000000   0.000000
     19       0.000000   0.000000   0.000000   0.000000   0.000000   0.000000
     20       0.000000   0.000000   0.000000   0.000000   0.000000   0.000000
     21       0.000000   0.000000   0.000000   0.000000   0.000000   0.000000
     22       0.000000   0.000000   0.000000   0.000000   0.000000   0.000000
     23       0.000000   0.000000   0.000000   0.000000   0.000000   0.000000
     24       0.000000   0.000000   0.000000   0.000000   0.000000   0.000000
     25       0.000000   0.000000   0.000000   0.000000   0.000000   0.000000
     26       0.000000   0.000000   0.000000   0.000000   0.000000   0.000000
     27       0.000000   0.000000   0.000000   0.000000   0.000000   0.000000
     28       0.000000   0.000000   0.000000   0.000000   0.000000   0.000000
     29       0.000000   0.000000   0.000000   0.000000   0.000000   0.000000
     30       0.000000   0.000000   0.000000   0.000000   0.000000   0.000000
     31       0.000000   0.000000   0.000000   0.000000   0.000000   0.000000
     32       0.000000   0.000000   0.000000   0.000000   0.000000   0.000000
     33       0.000000   0.000000   0.000000   0.000000   0.000000   0.000000
     34       0.000000   0.000000   0.000000   0.000000   0.000000   0.000000
     35       0.000000   0.000000   0.000000   0.000000   0.000000   0.000000
     36       0.000000   0.000000   0.000000   0.000000   0.000000   0.000000
     37       0.000000   0.000000   0.000000   0.000000   0.000000   0.000000
     38       0.000000   0.000000   0.000000   0.000000   0.000000   0.000000
     39       0.000000   0.000000   0.000000   0.000000   0.000000   0.000000
     40       0.000000   0.000000   0.000000   0.000000   0.000000   0.000000
     41       0.000000   0.000000   0.000000   0.000000   0.000000   0.000000
     42       0.000000   0.000000   0.000000   0.000000   0.000000   0.000000
     43       0.000000   0.000000   0.000000   0.000000   0.000000   0.000000
     44       0.000000   0.000000   0.000000   0.000000   0.000000   0.000000
     45       0.000000   0.000000   0.000000   0.000000   0.000000   0.000000
     46       0.000000   0.000000   0.000000   0.000000   0.000000   0.000000
     47       0.000000   0.000000   0.000000   0.000000   0.000000   0.000000
     48       0.000000   0.000000   0.000000   0.000000   0.000000   0.000000
     49       0.000000   0.000000   0.000000   0.000000   0.000000   0.000000
     50       0.000000   0.000000   0.000000   0.000000   0.000000   0.000000
     51       0.000000   0.000000   0.000000   0.000000   0.000000   0.000000
     52       0.000000   0.000000   0.000000   0.000000   0.000000   0.000000
     53       0.000000   0.000000   0.000000   0.000000   0.000000   0.000000
     54       0.000000   0.000000   0.000000   0.000000   0.000000   0.000000
     55       0.000000   0.000000   0.000000   0.000000   0.000000   0.000000
     56       0.000000   0.000000   0.000000   0.000000   0.000000   0.000000
     57       0.000000   0.000000   0.000000   0.000000   0.000000   0.000000
     58       0.000000   0.000000   0.000000   0.000000   0.000000   0.000000
     59       0.000000   0.000000   0.000000   0.000000   0.000000   0.000000
     60       0.000000   0.000000   0.000000   0.000000   0.000000   0.000000
     61       0.000000   0.000000   0.000000   0.000000   0.000000   0.000000
     62       0.000000   0.000000   0.000000   0.000000   0.000000   0.000000
     63       0.000000   0.000000   0.000000   0.000000   0.000000   0.000000
     64       0.000000   0.000000   0.000000   0.000000   0.000000   0.000000
     65       0.000000   0.000000   0.000000   0.000000   0.000000   0.000000
     66       0.000000   0.000000   0.000000   0.000000   0.000000   0.000000
     67       0.000000   0.000000   0.000000   0.000000   0.000000   0.000000
     68       0.000000   0.000000   0.000000   0.000000   0.000000   0.000000
                  6          7          8          9         10         11    
      0      -0.071808   0.026180  -0.058325  -0.008481  -0.050594  -0.055106
      1       0.002293   0.011918  -0.034342  -0.003916   0.120969  -0.056506
      2       0.076060  -0.030402   0.160057   0.086971  -0.031769   0.014314
      3      -0.085772   0.043276   0.060804   0.032548  -0.085788  -0.075861
      4      -0.038162   0.027296   0.067631   0.056988  -0.108020  -0.125634
      5       0.050700  -0.058882  -0.165693   0.001690  -0.056858   0.006039
      6       0.033786   0.001984   0.005333   0.021857   0.045568   0.029756
      7      -0.015810   0.005478  -0.005772  -0.064890  -0.156117  -0.001774
      8      -0.025346  -0.025088  -0.101736   0.071332  -0.067104  -0.110734
      9       0.065101  -0.001632  -0.033699   0.068147   0.107063   0.012377
     10      -0.018680   0.012637   0.002779  -0.015909   0.044716   0.014378
     11      -0.201716   0.025065   0.069501  -0.003078   0.126264   0.040521
     12      -0.033430  -0.051906  -0.007066   0.005507   0.025484   0.054675
     13       0.067179   0.062901  -0.016046   0.032038   0.128573  -0.006822
     14       0.176032   0.165916   0.045469  -0.029855   0.002594   0.035138
     15       0.018052   0.021197   0.029057  -0.090508  -0.081027   0.095980
     16       0.023939  -0.142703   0.014744  -0.068323   0.017771   0.030972
     17       0.063904  -0.183168   0.044929  -0.059027  -0.023893   0.024629
     18       0.005961   0.036304   0.012223  -0.051788  -0.029716   0.061517
     19      -0.010084  -0.002168  -0.002378  -0.054391  -0.140456   0.010451
     20      -0.037394  -0.041941  -0.056307   0.120078  -0.018764  -0.060455
     21       0.045641  -0.058944   0.012627   0.026452   0.065126  -0.071192
     22      -0.042319   0.049193  -0.030356   0.030675  -0.052293   0.147930
     23      -0.076556   0.057322  -0.066999   0.080209  -0.009700   0.076909
     24       0.012039  -0.027336  -0.004253  -0.001238   0.011733  -0.013767
     25       0.023660  -0.011822  -0.002325   0.066020   0.107844  -0.023314
     26      -0.027401   0.085988   0.034485  -0.234090   0.059235  -0.085925
     27      -0.121582   0.043292  -0.364523  -0.160375  -0.026953  -0.124061
     28      -0.061110   0.087899  -0.158874  -0.259112   0.228505  -0.141396
     29       0.098837  -0.049277   0.247314   0.169180  -0.057525   0.046169
     30      -0.073723   0.035943   0.139274   0.089677  -0.111965  -0.055543
     31       0.078821  -0.056179  -0.005534   0.104715   0.132593   0.035881
     32       0.137615  -0.074825   0.452115   0.313304  -0.106579   0.092601
     33      -0.130745   0.047575  -0.041583   0.009547  -0.118660  -0.136779
     34      -0.102668   0.081605   0.280479   0.197280  -0.250773  -0.321757
     35       0.012418  -0.051505  -0.228885  -0.006208  -0.092020  -0.055893
     36      -0.116464   0.069796   0.199501   0.073320  -0.278295  -0.161865
     37      -0.024219   0.014242   0.019248   0.020021  -0.078545  -0.075376
     38       0.097968  -0.102585  -0.309251  -0.140571  -0.029068   0.189850
     39       0.137581  -0.032256  -0.092484   0.043236   0.036581   0.015224
     40      -0.008325   0.011669  -0.029949  -0.153027  -0.172876   0.064587
     41       0.047852  -0.047784  -0.172872   0.069816  -0.075653  -0.106343
     42       0.095584   0.053597   0.027683   0.062694   0.263147   0.078023
     43       0.244106   0.090698  -0.069616   0.008386  -0.069067  -0.054556
     44      -0.458114  -0.033288   0.169943  -0.031040   0.310371   0.139803
     45       0.118857  -0.027059  -0.133992   0.137151   0.060515  -0.089912
     46      -0.328508  -0.064047   0.092093  -0.025210   0.250591   0.099895
     47      -0.354419  -0.012322   0.118993  -0.012522   0.226689   0.088017
     48       0.075959   0.053679  -0.013997   0.010491   0.017701   0.044593
     49       0.170182   0.057005  -0.038261   0.069223   0.154565  -0.037807
     50       0.311330   0.346149   0.046251  -0.041762  -0.022262   0.033087
     51      -0.016409   0.092766   0.002946  -0.060588  -0.205011   0.067505
     52       0.039972  -0.057231   0.001422  -0.022527   0.071693   0.013354
     53       0.043486  -0.507708   0.109094  -0.223833  -0.065061   0.106089
     54       0.096491  -0.025142   0.101216  -0.229834  -0.080752   0.180711
     55      -0.031810  -0.521290   0.065639  -0.205512   0.002720   0.091599
     56       0.082158  -0.164422   0.056220  -0.077117  -0.022288   0.038061
     57      -0.059756   0.189146  -0.042532   0.015157  -0.077400   0.111633
     58      -0.008021   0.011635  -0.022729  -0.060651  -0.193529  -0.090346
     59      -0.058629  -0.004181  -0.060044   0.141775  -0.000910   0.014166
     60       0.090293  -0.098794   0.031294   0.014180   0.235050  -0.261760
     61      -0.031880   0.037324  -0.024780   0.020902  -0.027426   0.101965
     62      -0.137083   0.140473  -0.116759   0.186027  -0.043781   0.364256
     63       0.038837  -0.113972  -0.021125   0.174316   0.019614  -0.053929
     64      -0.116853   0.134636  -0.083853   0.162810  -0.160340   0.482934
     65      -0.064986   0.014586  -0.070239   0.123321  -0.009796   0.016128
     66       0.031699  -0.002056   0.031720  -0.217163   0.099203  -0.152144
     67       0.095562  -0.080792   0.083368   0.207196   0.084795   0.013644
     68      -0.032294   0.109715   0.032286  -0.355577   0.103715  -0.155663
                 12         13         14         15         16         17    
      0      -0.129602   0.192932   0.054928   0.066832   0.105307  -0.029712
      1       0.045305   0.093619   0.018849   0.041716   0.028863  -0.038624
      2      -0.099565   0.109095   0.020610   0.030351   0.037886  -0.040820
      3      -0.040720   0.149433   0.055846   0.075458   0.073645   0.018308
      4       0.177337  -0.034486  -0.062006  -0.004739  -0.100276  -0.198822
      5       0.013357   0.100464  -0.031779   0.015300  -0.028558  -0.101709
      6       0.098958   0.060391   0.066292   0.080584  -0.185408  -0.079731
      7       0.004730  -0.081423   0.074944   0.003743  -0.023606  -0.111380
      8       0.086270   0.048021  -0.130134  -0.064802   0.028259   0.164744
      9       0.152949   0.045887   0.027976  -0.053509  -0.152314   0.044558
     10      -0.030540  -0.107885  -0.004269  -0.067213   0.207844  -0.047314
     11       0.076270   0.015452  -0.016219  -0.006904  -0.061006   0.045759
     12       0.187590  -0.065911   0.075497  -0.204373   0.188798  -0.037529
     13      -0.042050  -0.063903  -0.055447  -0.000379   0.036946   0.010117
     14       0.066200   0.000586   0.027063  -0.033363   0.035512  -0.029103
     15       0.126856  -0.078328  -0.054498   0.072188   0.083192   0.112696
     16      -0.034221  -0.030433  -0.073547   0.113522  -0.031531   0.073197
     17       0.057033   0.029063   0.062169  -0.088299   0.009024  -0.040848
     18       0.036369  -0.093687  -0.085663   0.107071   0.002594   0.013704
     19      -0.027177  -0.079822   0.134488  -0.010542  -0.139233   0.136640
     20      -0.028528  -0.199212   0.112043   0.018819  -0.030752   0.093421
     21      -0.161970  -0.127777  -0.048752  -0.009913  -0.015072  -0.029147
     22      -0.118491   0.152547   0.015689  -0.129823  -0.061553   0.119257
     23      -0.053845  -0.150593  -0.029010   0.133866   0.061336  -0.066483
     24      -0.273404  -0.077513  -0.064964  -0.122610  -0.097166  -0.058925
     25       0.024971   0.112258   0.038888   0.071539   0.088364   0.064692
     26      -0.080371   0.013560  -0.000771  -0.048919  -0.018456   0.004988
     27       0.084026   0.231687  -0.007395   0.090592   0.015178  -0.233701
     28       0.072010   0.071493   0.022229   0.013321   0.021252  -0.005407
     29      -0.150283   0.108581   0.035046   0.033075   0.061919  -0.003515
     30      -0.165542   0.204632   0.103548   0.114823   0.195213   0.044485
     31      -0.089590   0.048928  -0.009474  -0.039162  -0.027929  -0.004415
     32      -0.261710   0.084429   0.059713   0.024703   0.108843   0.091476
     33      -0.041365   0.204293   0.004213   0.065733   0.180654   0.109289
     34       0.317983  -0.039713  -0.442905  -0.265721  -0.131044   0.009075
     35       0.022272   0.140307  -0.096143  -0.008833   0.054751  -0.018092
     36       0.008858   0.017728  -0.103678  -0.074386  -0.034170   0.022001
     37       0.133416  -0.034496   0.034185   0.057554  -0.086545  -0.256915
     38      -0.158066   0.030197   0.316171   0.217629  -0.021558  -0.335212
     39       0.150976   0.073023   0.034983   0.012475  -0.266320  -0.091542
     40       0.007809  -0.020821  -0.048416   0.043062  -0.020970  -0.166450
     41       0.122840   0.068197  -0.175262  -0.106370  -0.027442   0.150195
     42       0.139049   0.035895   0.054934   0.001824  -0.282275  -0.022829
     43      -0.051015  -0.082007  -0.050967  -0.114296   0.350877   0.046114
     44       0.090571  -0.018910   0.044803   0.059176  -0.251000  -0.084218
     45       0.137045   0.081779  -0.113550  -0.079806  -0.069867   0.304073
     46      -0.012563  -0.138826   0.020930   0.014500  -0.020073  -0.130492
     47       0.085861   0.001067   0.005816   0.036760  -0.183850  -0.007406
     48       0.149794  -0.035059   0.001915  -0.009988  -0.026833   0.070721
     49      -0.048755   0.007947  -0.032845   0.037145  -0.195865   0.013838
     50      -0.002574   0.025561  -0.120682   0.308433  -0.250455   0.164268
     51       0.101609  -0.174225   0.148303   0.074993  -0.118716   0.279470
     52      -0.044577  -0.059610  -0.061174   0.045614   0.030033   0.021002
     53       0.107022   0.204901  -0.176689   0.119114   0.014970  -0.026905
     54       0.201645   0.090038  -0.273836   0.191164   0.172638   0.066371
     55       0.003406   0.132892  -0.302655   0.271296  -0.000932   0.073532
     56       0.071190   0.051145   0.035502  -0.078449   0.028871  -0.054635
     57       0.031040  -0.188524  -0.150831   0.247134   0.074589   0.097111
     58       0.051721  -0.064165   0.075786  -0.073643  -0.133830   0.205003
     59      -0.074954  -0.235178   0.127700   0.095393  -0.010813   0.083286
     60      -0.071671  -0.084905   0.016909   0.180010   0.177265   0.010951
     61      -0.104734   0.139741   0.048063  -0.091949  -0.037840   0.151659
     62      -0.115342   0.093522  -0.338795  -0.064969   0.037657  -0.364178
     63      -0.233228  -0.278295   0.011219  -0.007560  -0.074179  -0.001870
     64      -0.202212   0.318321  -0.300571  -0.361559  -0.160068  -0.167566
     65      -0.070572  -0.256364   0.061870   0.179553   0.051907   0.003882
     66      -0.286878   0.041281  -0.065305  -0.299284  -0.167235   0.081932
     67       0.002541   0.095578   0.036915   0.110518   0.095465  -0.029623
     68      -0.076918   0.074460   0.002408  -0.128576  -0.043704   0.091942
                 18         19         20         21         22         23    
      0       0.066142   0.085567   0.086916   0.052193  -0.014608   0.023583
      1       0.119613   0.078758  -0.010225  -0.072814  -0.009479  -0.027117
      2      -0.049528   0.102389   0.022357  -0.021142  -0.032457   0.097128
      3      -0.037012  -0.070350  -0.068284  -0.064416   0.001934  -0.025580
      4       0.071250  -0.014746   0.084316   0.068776   0.008984   0.059195
      5      -0.074560   0.021344   0.043305   0.030016   0.006054  -0.056845
      6      -0.027581  -0.024375  -0.026887  -0.075134  -0.032892  -0.013904
      7      -0.001496  -0.082518  -0.084889  -0.003402   0.028617  -0.002450
      8       0.068190  -0.036108  -0.035353  -0.036022   0.004643  -0.014105
      9       0.026069  -0.024269  -0.040282   0.019086   0.079169   0.037147
     10      -0.029342   0.003344   0.036239  -0.128825   0.148870   0.034988
     11       0.028297  -0.028085  -0.069649   0.006005  -0.055821   0.100719
     12       0.011820   0.017414  -0.010671   0.088821  -0.067651  -0.036588
     13       0.005891   0.003424   0.015667   0.036985  -0.027892   0.009036
     14       0.001598   0.008984  -0.009674   0.053707  -0.070697  -0.041418
     15       0.008633   0.050382   0.078993  -0.067956   0.025407  -0.000303
     16       0.013239   0.033900   0.016201   0.011659  -0.181496  -0.053654
     17      -0.015277  -0.010114   0.005951  -0.069328   0.032624   0.004241
     18      -0.003730  -0.017319   0.000877   0.008533  -0.043248   0.031996
     19       0.004607   0.043017  -0.031416  -0.007280  -0.025283  -0.008674
     20       0.001439   0.023844   0.083320  -0.033515  -0.004331   0.039175
     21      -0.082582  -0.090518   0.014457   0.011355  -0.020395   0.034465
     22      -0.066214  -0.010780   0.030772   0.129891   0.056397   0.031116
     23      -0.004685  -0.010953  -0.061349   0.043912   0.014231  -0.049209
     24       0.075408   0.093629  -0.080788  -0.003663   0.033970  -0.037999
     25      -0.087714  -0.075660  -0.013342  -0.011440  -0.012822  -0.033775
     26       0.004548   0.003788  -0.042812   0.016450   0.029253  -0.017231
     27      -0.344212   0.390709   0.106530   0.025614  -0.108119   0.346892
     28      -0.096621   0.165459  -0.164790  -0.192816  -0.039879   0.098759
     29       0.071571   0.014370   0.054920   0.009050  -0.009906   0.006386
     30       0.325671  -0.122247   0.122428   0.118506   0.040887  -0.126360
     31       0.174377   0.073071  -0.007909  -0.076202   0.008697  -0.156069
     32       0.344327  -0.189462   0.073412   0.066107   0.057863  -0.215244
     33       0.098783  -0.160296  -0.039154  -0.013899   0.054429  -0.227670
     34      -0.356576   0.264737   0.033390   0.055139  -0.006902  -0.179819
     35       0.002714  -0.028170   0.065013   0.069762   0.046459  -0.224158
     36      -0.482916  -0.047115  -0.202137  -0.071213   0.023267  -0.161965
     37       0.168838  -0.087966   0.091651   0.069533   0.015095   0.118373
     38       0.123585  -0.307505  -0.003219   0.023317   0.041611   0.130926
     39      -0.072564   0.023587   0.083421  -0.116270   0.082407  -0.257311
     40      -0.023922  -0.114237  -0.223763   0.094409  -0.069290  -0.070134
     41       0.034302  -0.007409   0.017411  -0.041806   0.064153  -0.193776
     42      -0.034588   0.062904   0.096399   0.085418   0.097039  -0.121656
     43       0.034083  -0.059651  -0.137730  -0.130187  -0.012172   0.296442
     44      -0.062761   0.075167   0.168864   0.039684   0.105476  -0.239459
     45       0.142351  -0.095018  -0.185462  -0.038396   0.029469   0.334320
     46      -0.100752   0.096658   0.273184  -0.100314   0.330975  -0.267555
     47      -0.012773   0.020448   0.051076   0.021183   0.039413  -0.061936
     48       0.023122   0.012202   0.076963   0.014486   0.263046  -0.027644
     49       0.008954  -0.031333   0.012077   0.053329   0.143592  -0.017072
     50       0.017496   0.012350   0.151875  -0.109396   0.470420  -0.000207
     51      -0.010548   0.140035   0.151023  -0.374546  -0.092809  -0.050564
     52       0.003927   0.026766   0.022106   0.049334  -0.252786  -0.078887
     53       0.032711  -0.069181  -0.073613   0.110599   0.362494   0.131701
     54       0.045119   0.007327  -0.014907   0.150901   0.198859   0.047343
     55       0.059802  -0.035606  -0.059583   0.211551   0.159461   0.088410
     56      -0.010724  -0.015548  -0.011011  -0.030928   0.033162   0.001618
     57       0.011336  -0.027690  -0.011397   0.272163   0.098043   0.138079
     58       0.084986  -0.018477  -0.091414  -0.090666  -0.003430  -0.006969
     59      -0.039279   0.056392   0.115450   0.093571   0.024123   0.070276
     60      -0.201775  -0.193903  -0.035208   0.194670   0.049373  -0.059977
     61      -0.086287  -0.009518   0.020251   0.189624   0.081849   0.016489
     62       0.044863  -0.207779  -0.009624  -0.422356  -0.204444  -0.026039
     63      -0.090373  -0.056831   0.069765   0.067668  -0.005438   0.097014
     64       0.025112  -0.135524   0.083865  -0.369819  -0.177506   0.082330
     65      -0.027694   0.023569  -0.042430   0.167361   0.066841  -0.031116
     66      -0.024995  -0.393760   0.507030  -0.112203  -0.207228   0.064452
     67      -0.089397   0.262003  -0.372165  -0.094122   0.070963   0.021451
     68      -0.054142  -0.297251   0.307267  -0.016909  -0.104020   0.022996
                 24         25         26         27         28         29    
      0      -0.053408   0.041856   0.121879  -0.002433  -0.004365  -0.025034
      1      -0.052939  -0.039463  -0.038490   0.055459   0.039170   0.007244
      2      -0.005615  -0.042884   0.049632   0.029284  -0.031201   0.008423
      3       0.057474  -0.059510  -0.106429   0.029698   0.012475   0.039438
      4       0.074398   0.028800  -0.048264  -0.059343  -0.003501   0.030593
      5      -0.005043  -0.002986  -0.060216  -0.014931   0.078563   0.032394
      6      -0.091848   0.048392  -0.104428  -0.069908  -0.079052  -0.109750
      7      -0.040576  -0.042959   0.095222   0.031051   0.019883  -0.047045
      8       0.015856   0.015864   0.006477   0.016279  -0.088869  -0.029277
      9      -0.007644  -0.002460   0.085404  -0.008530   0.043678   0.080490
     10      -0.067692   0.057454  -0.062328  -0.061950  -0.032489  -0.013909
     11      -0.043134   0.005878  -0.012470  -0.073379   0.060750  -0.025716
     12       0.026333  -0.090475   0.022049  -0.008905  -0.014571  -0.053426
     13       0.036800   0.013915   0.001202   0.080922   0.018772   0.024647
     14      -0.019420  -0.024744  -0.029394  -0.010207  -0.068416   0.029127
     15       0.047087  -0.000614  -0.009834  -0.073548   0.046650   0.054703
     16       0.047668  -0.017267  -0.015284  -0.090398   0.020617  -0.033462
     17       0.016722   0.118161   0.036569   0.090313   0.078516  -0.004431
     18       0.004484   0.099880  -0.037968   0.204308   0.020519  -0.065556
     19      -0.042997  -0.009643   0.071352   0.020284  -0.060773   0.065828
     20       0.034261  -0.057672  -0.075203   0.053083  -0.020345  -0.052752
     21       0.049146   0.045238   0.078926  -0.036905  -0.066347   0.003088
     22       0.029454   0.063899  -0.081775  -0.045103   0.002167  -0.039509
     23      -0.070240   0.005117   0.076597  -0.072299   0.020745   0.061048
     24      -0.001167  -0.038934  -0.062392  -0.024144   0.030379   0.014294
     25      -0.001117  -0.020554   0.033824  -0.001259   0.004946   0.014771
     26       0.064419   0.038032  -0.008279  -0.026271  -0.018547  -0.016851
     27      -0.007383  -0.050989   0.175264  -0.015205  -0.078151   0.019320
     28       0.071740  -0.161522   0.010899   0.167195  -0.101372   0.016339
     29      -0.041667  -0.002971   0.032983   0.010249   0.013236   0.000815
     30       0.021686   0.198984   0.148590  -0.033522  -0.043649  -0.061241
     31      -0.250411  -0.131746  -0.151065   0.043267   0.240780   0.033313
     32      -0.068658   0.092393  -0.011921  -0.023676   0.085558  -0.017952
     33       0.144191   0.032817  -0.090749   0.079030   0.015147   0.061438
     34      -0.230287   0.018439   0.091704   0.017927   0.182342  -0.024502
     35       0.045423   0.066581  -0.036214   0.028492   0.093683   0.048538
     36       0.004071  -0.239803  -0.191877   0.101150   0.258997   0.128440
     37       0.156328   0.014493  -0.082950  -0.068837  -0.033822   0.055764
     38       0.340613  -0.160906  -0.272091  -0.016382   0.066855   0.187858
     39      -0.190078   0.138415  -0.117976  -0.113646  -0.298621  -0.167681
     40      -0.174383   0.114632   0.300131   0.144950   0.234265  -0.218905
     41      -0.076722   0.103956   0.038149   0.009062  -0.197381  -0.095935
     42       0.042230   0.085455   0.068380   0.144669  -0.044098   0.394453
     43      -0.180740   0.123325  -0.171901  -0.202320   0.093982   0.006332
     44       0.092867  -0.019823   0.085684   0.142967  -0.113699   0.085747
     45      -0.002452   0.084435   0.099517  -0.050281   0.241677   0.132907
     46       0.104732   0.032051   0.080715   0.195755  -0.151963   0.075584
     47       0.038359  -0.014271   0.059397   0.047074  -0.007049   0.014773
     48       0.160520  -0.315645   0.239472  -0.057460   0.146351  -0.358115
     49       0.123619  -0.039292   0.240988   0.263926   0.146724  -0.064548
     50       0.173926  -0.388979   0.246456  -0.187771   0.171769  -0.478958
     51       0.102391   0.207410   0.090406  -0.297289   0.224422   0.205869
     52       0.092565   0.008927  -0.026302  -0.013311   0.049169  -0.105247
     53      -0.158358  -0.163268  -0.023303   0.070452  -0.166405   0.070550
     54      -0.127234  -0.156229  -0.108786  -0.086832  -0.221135   0.315312
     55      -0.089618  -0.326427  -0.059598  -0.057641  -0.195484  -0.040991
     56      -0.014190   0.103878   0.014465   0.087065   0.029360   0.048635
     57      -0.178661   0.001752  -0.237786   0.538462  -0.095216  -0.014141
     58      -0.007914  -0.071973   0.227858   0.096656  -0.331255   0.180447
     59      -0.041979  -0.052176  -0.227125   0.109332   0.102739  -0.102420
     60       0.065696   0.197521   0.167285  -0.302171  -0.030257  -0.046879
     61       0.020097   0.091325  -0.091634  -0.084753   0.017573  -0.046309
     62       0.102913  -0.093978   0.317968  -0.009439  -0.126321   0.048069
     63      -0.072537  -0.103484   0.016176  -0.062093  -0.092549   0.088431
     64       0.170409  -0.092201   0.112656   0.125576  -0.156850  -0.017200
     65      -0.157512  -0.036271   0.013017  -0.121566   0.039146   0.099314
     66      -0.375187  -0.341228  -0.025584   0.105852   0.112483   0.115200
     67       0.325761   0.025798  -0.020120   0.051972  -0.145836  -0.037255
     68      -0.178817  -0.113062   0.031215   0.023233   0.047324   0.043232
                 30         31         32         33         34         35    
      0      -0.092366   0.046187   0.014418  -0.006061   0.053576   0.037097
      1       0.254902   0.009272   0.014639   0.016181   0.051050   0.008724
      2       0.039322  -0.068520  -0.041338  -0.011719   0.001960  -0.030361
      3       0.110880  -0.063496   0.001446   0.023733  -0.024965  -0.049750
      4      -0.050584  -0.028628  -0.001478   0.016748  -0.043385  -0.010110
      5       0.055201   0.085145   0.043718   0.031165  -0.047948   0.022057
      6      -0.013524  -0.031911   0.063324  -0.054042  -0.014951   0.009488
      7      -0.036194   0.008396  -0.058087  -0.090037   0.116965   0.000386
      8      -0.034125  -0.120068  -0.023275  -0.004608   0.054362  -0.028511
      9      -0.011530   0.043761  -0.117238   0.060190   0.048534  -0.002480
     10      -0.012038   0.019406  -0.066504   0.096540  -0.010572  -0.002543
     11       0.001513   0.054590   0.031195  -0.008914  -0.040540   0.026877
     12       0.024083  -0.006782   0.032221   0.014915  -0.036112  -0.014288
     13       0.004225  -0.016382   0.136177  -0.144535  -0.018442  -0.023770
     14      -0.012650   0.018191  -0.043899   0.025257   0.036457  -0.043284
     15      -0.009320  -0.012191   0.032921  -0.111947   0.032439   0.030650
     16      -0.008528  -0.017797  -0.109037   0.080035   0.031575   0.019732
     17      -0.006037  -0.082064   0.024085   0.001907  -0.030728   0.046620
     18      -0.038279   0.008233   0.007063   0.104188  -0.018540  -0.031944
     19       0.049801   0.026441   0.074185   0.070139  -0.101553   0.013178
     20      -0.053045   0.125343   0.003535  -0.047201   0.081105  -0.004670
     21       0.220562   0.043880   0.018517   0.022947   0.010652   0.010683
     22       0.085424  -0.050679  -0.009932  -0.010009   0.046072  -0.014575
     23       0.009888  -0.096978   0.020473   0.033108  -0.047763  -0.007264
     24      -0.181984  -0.034283  -0.005616  -0.007338  -0.029527  -0.017825
     25      -0.266348   0.017271   0.001906  -0.001727  -0.068844   0.007491
     26      -0.008376   0.055163   0.013101  -0.003784   0.002509   0.016299
     27      -0.106343  -0.152884   0.031295   0.086703  -0.008817  -0.111332
     28       0.185968  -0.069975  -0.295612  -0.243807  -0.040414   0.092440
     29       0.043597  -0.010880   0.013346   0.018198   0.028101  -0.012555
     30      -0.032414   0.278955  -0.062482  -0.113082  -0.100088   0.181492
     31       0.125783  -0.098165   0.258756   0.212505   0.327315  -0.091051
     32       0.021024   0.154391   0.060773   0.010903   0.022694   0.076661
     33       0.273721   0.115826  -0.206940  -0.085358  -0.340516  -0.110873
     34       0.038190   0.243923   0.058083   0.000605   0.023043   0.094740
     35       0.179481   0.238987  -0.114794  -0.051355  -0.285193  -0.017597
     36      -0.094949   0.109412   0.126241   0.059453   0.327938   0.225378
     37      -0.077860  -0.089603  -0.019321   0.021138  -0.033042  -0.022004
     38      -0.175440  -0.105896   0.037384   0.074233   0.179227   0.108874
     39      -0.053306  -0.003532   0.005045  -0.204531  -0.045131   0.107213
     40       0.143351   0.061771  -0.335612  -0.330618   0.025214  -0.250667
     41      -0.027461  -0.087352  -0.116452  -0.149776   0.017392  -0.007040
     42      -0.034773   0.250248  -0.226139   0.124830   0.064647  -0.116214
     43      -0.000358   0.224355   0.013649   0.100064  -0.126104   0.007330
     44      -0.018765  -0.068861  -0.086191   0.008366   0.081169  -0.038926
     45      -0.032074  -0.060303  -0.025108  -0.034722   0.086939   0.117628
     46      -0.041300  -0.203801  -0.100818   0.034484   0.145713  -0.028851
     47      -0.011639  -0.040713  -0.002171  -0.023674   0.033723   0.008522
     48       0.093344  -0.080559   0.079865   0.126169  -0.165293   0.043893
     49       0.055384  -0.163733   0.241550  -0.169134  -0.109362   0.001296
     50       0.087017  -0.044340  -0.015744   0.246697  -0.156854   0.068993
     51      -0.026464   0.024795  -0.005047  -0.171820  -0.034745  -0.452025
     52      -0.002285  -0.124064  -0.140880   0.123098   0.057023   0.290746
     53      -0.003736   0.194406   0.166231  -0.091427  -0.042033  -0.276476
     54       0.007252  -0.014582   0.025836  -0.309525   0.131791   0.360701
     55       0.015494   0.274364   0.094702   0.000574  -0.023126  -0.295223
     56      -0.006362  -0.100756   0.001492  -0.023083  -0.002359   0.141422
     57      -0.081734  -0.007438  -0.157689   0.185053  -0.045053   0.128709
     58      -0.045551  -0.022806   0.327511   0.331304   0.001320   0.144680
     59      -0.017463   0.146364  -0.192498  -0.176037   0.016099  -0.030280
     60       0.014944  -0.016248   0.222101   0.115633   0.407654  -0.136772
     61       0.055738  -0.080464   0.010039   0.002687   0.084308  -0.035319
     62      -0.044738   0.202514   0.114915   0.038878   0.113152  -0.001992
     63       0.534412  -0.079291  -0.275051  -0.277554  -0.233556   0.205350
     64       0.084008   0.258437  -0.004676  -0.023311  -0.010410   0.052251
     65       0.161766  -0.214476  -0.113837  -0.104700  -0.150772   0.071067
     66      -0.250513  -0.204410  -0.145308  -0.071343  -0.167295  -0.041508
     67      -0.263699   0.177649  -0.164748  -0.167178  -0.182769   0.089599
     68      -0.046642  -0.060736  -0.020276  -0.000986  -0.043673  -0.010584
                 36         37         38         39         40         41    
      0      -0.003399   0.047161   0.018355  -0.018004  -0.005755   0.009387
      1      -0.003815   0.017848  -0.007378  -0.002499  -0.008252  -0.030073
      2      -0.033314  -0.004845  -0.037671   0.045961   0.000921  -0.013836
      3       0.012831  -0.072132   0.014873  -0.020193  -0.002040   0.047911
      4       0.000142   0.002177  -0.003487   0.002864   0.003796  -0.004229
      5       0.042542  -0.015839   0.021704  -0.015395   0.057134   0.069956
      6       0.030975  -0.001489   0.011438  -0.021575   0.070317  -0.014196
      7      -0.022254  -0.036322   0.010732   0.012361  -0.050281   0.080223
      8      -0.020028   0.018941   0.044642  -0.063493   0.028932   0.012627
      9       0.007917  -0.016525   0.023306   0.007353   0.022906  -0.025106
     10       0.014594   0.008598   0.005509  -0.000943   0.020393  -0.023192
     11      -0.046969   0.003455   0.002500   0.029910  -0.027600  -0.003527
     12       0.002154   0.017805   0.011327   0.006541  -0.004321  -0.005102
     13      -0.015984   0.006169   0.002378  -0.004453   0.000041   0.003314
     14       0.061758   0.030087  -0.019331   0.001072  -0.009698   0.008919
     15      -0.033430  -0.038647  -0.041413  -0.028879  -0.008582   0.045094
     16       0.009344   0.003309   0.033141   0.023294  -0.002121  -0.023438
     17      -0.021145  -0.009437   0.021571   0.014113  -0.005104   0.007719
     18      -0.010318   0.034428  -0.053021  -0.034458  -0.001882   0.027633
     19       0.027920  -0.005505  -0.017980   0.008862  -0.002042   0.037281
     20       0.000835  -0.055109  -0.039720   0.001812   0.035505  -0.043864
     21       0.009952   0.007835  -0.020878  -0.031276  -0.016345  -0.047427
     22      -0.021049   0.009073  -0.019318   0.002030   0.021574  -0.006474
     23      -0.019541   0.018876  -0.045343  -0.009452   0.015172  -0.012281
     24      -0.004953  -0.017590  -0.013121   0.024993   0.021198   0.001402
     25       0.017141  -0.015138   0.003100  -0.034907  -0.018329  -0.017483
     26       0.026792  -0.020818   0.041858  -0.037329  -0.040848  -0.009177
     27       0.020286  -0.194517  -0.000805  -0.039247  -0.242927  -0.222559
     28      -0.165926   0.359890  -0.156771   0.244769   0.424217   0.285778
     29      -0.007622  -0.014965  -0.006507   0.004032  -0.030324  -0.026747
     30       0.035495   0.220361  -0.004354  -0.036351   0.160386   0.009407
     31       0.008044  -0.171479   0.115521  -0.080825  -0.261470  -0.009849
     32       0.031182   0.062334   0.034425  -0.045726   0.017881   0.008861
     33      -0.066993  -0.163190  -0.214668   0.335623  -0.122846  -0.200966
     34       0.036486   0.058627  -0.004574   0.031880   0.052314   0.038058
     35      -0.019786  -0.078426  -0.154550   0.259345  -0.027640  -0.114672
     36      -0.092770   0.449983  -0.035131  -0.042479  -0.067459  -0.273508
     37      -0.025264   0.021452  -0.016388   0.012654  -0.023029  -0.031893
     38      -0.117370   0.339963  -0.054880   0.002458  -0.089510  -0.230849
     39      -0.202184   0.110463  -0.156633   0.234353  -0.489539  -0.012166
     40       0.050355  -0.134875  -0.099543  -0.186885   0.231157  -0.457569
     41      -0.169211   0.080197  -0.088792   0.074732  -0.303028  -0.088218
     42      -0.519334  -0.112699  -0.001998  -0.238359  -0.039341   0.190319
     43      -0.266749  -0.020758   0.011622  -0.047126  -0.014915   0.050655
     44       0.007222  -0.007247  -0.009505  -0.037150  -0.012364   0.018928
     45       0.541020   0.087978  -0.403168   0.119885  -0.247054   0.154782
     46       0.367830   0.055589  -0.135802  -0.021153   0.011130   0.052304
     47       0.076049   0.016680  -0.032526   0.013247  -0.017132   0.019574
     48      -0.056891   0.013875   0.065923   0.032042   0.001751  -0.032843
     49      -0.018015   0.011534   0.200999   0.113971   0.025625  -0.104412
     50      -0.065181   0.005987  -0.014075  -0.013644  -0.005992   0.010320
     51       0.085248   0.313384   0.388430   0.168740  -0.021531  -0.194733
     52      -0.059420  -0.167111  -0.098277  -0.029281   0.000171   0.057718
     53       0.059645   0.143661   0.010557  -0.008654  -0.000208  -0.008434
     54       0.075107  -0.304288   0.079637   0.095412   0.185273  -0.306681
     55       0.003552   0.148003  -0.078789  -0.066878  -0.077252   0.117566
     56       0.008008  -0.077993   0.051320   0.048400   0.044902  -0.079527
     57       0.061933   0.004330   0.479230   0.376876  -0.092628  -0.059416
     58      -0.109279  -0.012471  -0.025725   0.079899   0.167328  -0.253856
     59       0.101553  -0.065348   0.123728   0.085989  -0.085153   0.099007
     60      -0.059709  -0.109776   0.103362   0.477577   0.151494   0.276560
     61      -0.033826   0.000231  -0.018505   0.051100   0.045538   0.025149
     62       0.032137  -0.082723   0.118347   0.190323   0.011021   0.120327
     63       0.083377   0.131680   0.338101  -0.238287  -0.193680   0.152473
     64       0.070719  -0.028183   0.080881  -0.035966  -0.064388  -0.000684
     65      -0.002689   0.079382   0.101097  -0.096419  -0.049205   0.078152
     66      -0.038800   0.018536  -0.048898   0.068023   0.085096   0.054833
     67       0.067240   0.013972   0.134708  -0.066973  -0.060521   0.069298
     68      -0.001210  -0.006500  -0.006593  -0.014291  -0.001539  -0.003251
                 42         43         44         45         46         47    
      0       0.020185  -0.021774  -0.063932  -0.062623   0.047276   0.000988
      1      -0.023454   0.013401   0.066868   0.089088  -0.037220  -0.001192
      2      -0.002493  -0.002770  -0.012594   0.015748   0.014989  -0.003248
      3      -0.015197   0.002272   0.050563  -0.077449  -0.077233   0.006139
      4       0.023525  -0.022255  -0.011282  -0.035819  -0.000298   0.016512
      5      -0.024414   0.023148   0.033295  -0.048023  -0.039269  -0.008719
      6       0.036809   0.010247  -0.011634   0.052735   0.102365  -0.030152
      7      -0.087573   0.072221  -0.007102   0.034612   0.036596  -0.072069
      8      -0.012178  -0.048632  -0.006802   0.058820   0.054945  -0.005709
      9      -0.073410   0.028611  -0.053734   0.001147  -0.037212   0.121190
     10      -0.001671  -0.013895  -0.021079   0.002178  -0.017220   0.019581
     11      -0.016176   0.002484  -0.004071  -0.015079  -0.021241   0.001979
     12       0.015751  -0.019736   0.012344  -0.005521   0.001071  -0.041270
     13       0.005573   0.016099   0.006144  -0.002836   0.016579   0.027563
     14      -0.007320   0.017490  -0.005818   0.001786  -0.002612   0.015467
     15       0.011363   0.046239   0.026903   0.010206   0.050642   0.119380
     16      -0.012598   0.013237   0.004957  -0.016366  -0.008148  -0.038205
     17       0.018640   0.011154   0.023494  -0.002418   0.027435   0.020476
     18      -0.018843  -0.004533  -0.092531   0.032114  -0.111466  -0.048957
     19       0.019316  -0.146087  -0.004463   0.033166  -0.002863   0.059036
     20       0.013105   0.036573  -0.012817  -0.021730  -0.047217  -0.023330
     21      -0.081831  -0.029644   0.033331  -0.059985   0.091351  -0.005856
     22      -0.004764   0.037844  -0.003922   0.001705  -0.008223  -0.021848
     23      -0.038163   0.003174   0.013004  -0.018537   0.023618  -0.000792
     24      -0.002738   0.006570   0.032126   0.026895  -0.020147   0.000784
     25      -0.014011  -0.000027   0.005313  -0.005263   0.007603  -0.003669
     26       0.017437   0.006576  -0.015477  -0.002498   0.003316   0.002485
     27      -0.021459   0.066990   0.160044   0.359651  -0.122318   0.025739
     28       0.018627  -0.084844  -0.136006  -0.358191   0.071059  -0.002258
     29      -0.000012  -0.002545  -0.020273   0.016361   0.027583  -0.007117
     30      -0.103799   0.054073   0.298072   0.242641  -0.177451   0.002036
     31       0.183751  -0.095350  -0.435829  -0.371863   0.220555   0.028198
     32      -0.000572   0.009354   0.049703   0.030610  -0.063768   0.018268
     33       0.073525   0.095409  -0.315991   0.234977   0.301161  -0.038304
     34      -0.031779   0.056714  -0.033400  -0.006460   0.020743  -0.044603
     35       0.041440   0.097750  -0.249086   0.184649   0.248930  -0.049321
     36       0.114118  -0.122663  -0.007247   0.235422   0.072913   0.078739
     37       0.039332  -0.044897  -0.021373  -0.053077  -0.006396   0.025087
     38       0.110316  -0.151432  -0.037959   0.074115   0.014716   0.081354
     39      -0.059251  -0.027201   0.112728  -0.260092  -0.324302   0.042354
     40       0.468816  -0.152784   0.191425  -0.215876  -0.138814   0.214711
     41       0.024476  -0.124646   0.118241  -0.198778  -0.274730   0.106528
     42       0.285810  -0.135359   0.241122   0.048905   0.183471  -0.474149
     43       0.103237  -0.048516   0.072784   0.001137   0.038271  -0.193184
     44       0.033592  -0.033514   0.033530   0.005496   0.018364  -0.043202
     45       0.280320   0.005924   0.201855  -0.079796   0.070656  -0.382046
     46       0.094847   0.022092   0.043368   0.023293   0.069622  -0.094963
     47       0.002140   0.018721   0.009902  -0.000839   0.008373  -0.016765
     48       0.032618  -0.080436   0.025038  -0.014141  -0.020622  -0.146597
     49      -0.195088  -0.085100  -0.111490   0.013785  -0.165278  -0.119457
     50       0.121013  -0.047683   0.073894  -0.020039   0.048244  -0.100595
     51      -0.087012   0.050541   0.022369  -0.099351  -0.040136  -0.332229
     52       0.033322   0.006330   0.028163   0.017390   0.044704   0.126556
     53      -0.018118   0.018345  -0.027845  -0.002048  -0.037107  -0.032595
     54      -0.108314  -0.330173  -0.143138  -0.036705  -0.238184  -0.425531
     55       0.043626   0.097998   0.035867   0.020327   0.075059   0.158839
     56      -0.016033  -0.081691  -0.016465  -0.016009  -0.042731  -0.112141
     57       0.105562   0.107579   0.386010  -0.141183   0.369350   0.137726
     58       0.231659   0.638335   0.051170  -0.198269  -0.073419  -0.067236
     59      -0.066938  -0.391504   0.100102   0.065722   0.137527   0.113806
     60       0.357125  -0.125532  -0.025414   0.235327  -0.275189   0.128154
     61       0.034193   0.030898  -0.011963   0.026538  -0.047659  -0.006248
     62       0.198295  -0.088199  -0.010345   0.136397  -0.105163   0.044317
     63       0.366935   0.213398  -0.278452   0.153813  -0.247876  -0.001892
     64       0.028887  -0.070487  -0.017528  -0.041889   0.015522   0.066221
     65       0.162611   0.133565  -0.125916   0.093501  -0.138274  -0.018885
     66       0.023853   0.036044   0.028085   0.061029  -0.069511   0.009528
     67       0.103100   0.048836  -0.100112  -0.037917  -0.014642   0.031295
     68       0.002155   0.009631  -0.000861   0.012767  -0.009739  -0.002630
                 48         49         50         51         52         53    
      0       0.012320  -0.036078  -0.004356  -0.044039   0.004961   0.000555
      1       0.017967  -0.027055   0.001581  -0.040435   0.007330   0.000305
      2       0.006231  -0.015185   0.001368  -0.025222   0.009669   0.002970
      3       0.026422  -0.010391   0.003886   0.015606  -0.003567  -0.004151
      4      -0.057074   0.012735  -0.005656  -0.031164   0.010861   0.002732
      5      -0.035052   0.005160  -0.001413  -0.024384   0.007595   0.006463
      6       0.010632   0.005033  -0.012614   0.007073  -0.009513   0.007849
      7      -0.001800   0.008396   0.017307  -0.000945   0.006729   0.003967
      8       0.004084   0.001724   0.000670   0.005236  -0.001784  -0.001183
      9      -0.003259  -0.008535   0.032596   0.004240   0.025949  -0.022750
     10      -0.000417  -0.000151  -0.015329  -0.003895  -0.038912   0.076053
     11      -0.001729   0.000715  -0.015087  -0.003032   0.000734  -0.014227
     12      -0.000205   0.001065   0.011635  -0.000470   0.001236  -0.002594
     13      -0.001417  -0.007457   0.103134   0.005419   0.023110   0.000646
     14       0.000336   0.000835  -0.041160  -0.000279  -0.005918   0.004707
     15       0.001815   0.006795  -0.051555  -0.013853  -0.049559  -0.008327
     16      -0.001892   0.011504   0.013314  -0.019194  -0.050590  -0.029596
     17       0.001163  -0.009458   0.016156   0.016500   0.050031   0.019528
     18      -0.002581  -0.003814   0.019702   0.001521   0.015240   0.003991
     19      -0.000676  -0.009959   0.007984   0.004924  -0.002794  -0.006243
     20      -0.000938   0.002210  -0.009975  -0.002085  -0.000818   0.002139
     21      -0.017392  -0.014869  -0.004179   0.017762  -0.011556  -0.004788
     22      -0.027854  -0.039881  -0.004114   0.023097  -0.015353  -0.004926
     23       0.025799   0.043631   0.003104  -0.017110   0.008682   0.000082
     24       0.004416  -0.005659  -0.000129  -0.007754   0.005473   0.004285
     25       0.002884  -0.006761   0.001635  -0.005814   0.009356   0.007421
     26       0.003093   0.001368  -0.000615  -0.000730  -0.000051   0.000316
     27      -0.141516   0.334131   0.030472   0.410159  -0.064987  -0.021194
     28      -0.135045   0.216277   0.005375   0.248438  -0.023657   0.012731
     29       0.060003  -0.124432  -0.005848  -0.163594   0.029666   0.005702
     30      -0.049118   0.129190   0.012893   0.157288  -0.026623   0.001375
     31      -0.117950   0.181341  -0.004813   0.230741  -0.049699  -0.022115
     32      -0.178854   0.360261   0.018309   0.444803  -0.074544  -0.012031
     33      -0.017518   0.028106   0.002353  -0.000797   0.004255  -0.006951
     34       0.582619  -0.163611   0.018010   0.334133  -0.137572  -0.028743
     35      -0.001107   0.017396  -0.000837   0.000884  -0.002577   0.005202
     36      -0.345599   0.084930  -0.016656  -0.222332   0.078340   0.016289
     37       0.111351  -0.033910  -0.003531   0.064754  -0.027713  -0.010294
     38       0.447644  -0.123970  -0.002176   0.248792  -0.103704  -0.038049
     39      -0.019739  -0.015021   0.010610  -0.016514   0.017047  -0.028678
     40       0.009814  -0.015005  -0.068051  -0.004795  -0.017205  -0.009605
     41      -0.015430  -0.015656   0.001559  -0.010659   0.012541  -0.032012
     42       0.011820   0.031725  -0.075318  -0.012684  -0.063897   0.038860
     43       0.009354   0.016925  -0.189069   0.009492   0.145775  -0.411484
     44      -0.003911   0.001902   0.091820  -0.021671  -0.209013   0.469360
     45      -0.004598   0.020799  -0.043491  -0.023408  -0.109563   0.195311
     46       0.010033   0.005625  -0.143151   0.027918   0.237452  -0.532941
     47       0.003215   0.001123  -0.062513   0.012789   0.129800  -0.293938
     48       0.000653   0.010939  -0.053196  -0.008070  -0.023129  -0.001110
     49       0.008479   0.066160  -0.798951  -0.061442  -0.253200   0.053879
     50      -0.002707  -0.018109   0.287787   0.020331   0.089976  -0.012684
     51      -0.003313  -0.020567   0.073768   0.057593   0.199452   0.072060
     52       0.003689  -0.018891  -0.108267   0.034691   0.087761   0.051979
     53      -0.010045   0.096269   0.225706  -0.191319  -0.540524  -0.273605
     54      -0.003821  -0.022597   0.088820   0.058909   0.204928   0.053660
     55       0.009370  -0.098485  -0.297056   0.188693   0.509426   0.286322
     56      -0.002221  -0.001733   0.087836   0.006119   0.037305  -0.003067
     57       0.000726  -0.000885  -0.002279   0.001517  -0.015695  -0.007318
     58       0.002454   0.012685  -0.031393  -0.016932  -0.007260   0.012561
     59      -0.001607  -0.010125   0.004056   0.010517  -0.009059  -0.013846
     60       0.147869   0.202811   0.011753  -0.123132   0.062174   0.012088
     61       0.026610   0.042410  -0.001618  -0.020004   0.008994   0.002359
     62      -0.308752  -0.490239  -0.009270   0.233709  -0.145035  -0.053745
     63       0.034426   0.015629   0.009311  -0.035334   0.029701   0.023744
     64       0.329363   0.521449   0.018394  -0.266107   0.165381   0.058324
     65      -0.031023  -0.069929   0.005242   0.020703  -0.010663  -0.000496
     66      -0.001912   0.001760  -0.012089   0.010384  -0.051044  -0.042494
     67      -0.015630  -0.006215  -0.031516   0.041535  -0.103864  -0.079012
     68       0.002403   0.003485   0.000502  -0.000437  -0.004298  -0.004505
                 54         55         56         57         58         59    
      0       0.014610   0.000005   0.000678  -0.000234   0.020991  -0.013600
      1       0.020884  -0.000040   0.000779  -0.000709   0.015759  -0.008729
      2      -0.033080  -0.000092   0.001473  -0.002363   0.018201  -0.003708
      3      -0.005110   0.001449   0.007715  -0.007446   0.029227   0.002599
      4      -0.000783   0.000232  -0.006291  -0.000682  -0.033059   0.010451
      5       0.000326  -0.001826  -0.008739   0.009966  -0.036769  -0.004713
      6       0.000618  -0.002521  -0.004136   0.032922   0.000416  -0.028023
      7       0.001756  -0.000311  -0.002183   0.008790   0.000107  -0.008610
      8       0.001050   0.003431   0.008308  -0.046061   0.000357   0.040544
      9      -0.000816   0.004004  -0.025900  -0.004940   0.004104   0.001554
     10       0.002254  -0.008687   0.060273   0.007192  -0.010279   0.004410
     11      -0.002093  -0.002771   0.026913   0.018746  -0.000136  -0.028040
     12       0.001266   0.003122   0.004107   0.001006  -0.000701  -0.000205
     13       0.005093  -0.001196   0.000076  -0.000485   0.000061   0.000452
     14      -0.001971   0.000459  -0.000119  -0.000172   0.000101   0.000719
     15      -0.011651  -0.024948  -0.002184  -0.004824  -0.000746  -0.004017
     16      -0.007790  -0.010914   0.000694  -0.008883  -0.003567  -0.014708
     17       0.008704   0.066595   0.009540   0.005019  -0.002019  -0.004945
     18       0.003483   0.003751   0.001955  -0.013580  -0.004819  -0.013894
     19       0.000441  -0.003947  -0.003147   0.026035   0.009486   0.027595
     20      -0.002528  -0.007952  -0.005261   0.045778   0.014757   0.045400
     21       0.011621   0.002787   0.000093   0.003169  -0.004101   0.002463
     22       0.018717   0.002176   0.000601  -0.004739  -0.007134  -0.009377
     23       0.055332  -0.005441   0.000222  -0.007608   0.010195  -0.005346
     24      -0.042542  -0.000184  -0.000067  -0.000076  -0.000345   0.000388
     25      -0.081214  -0.000028  -0.000130   0.000048   0.000545  -0.000300
     26      -0.010598  -0.000310  -0.000206   0.000526  -0.000379  -0.000295
     27      -0.003886   0.000171  -0.005005   0.004212  -0.065565   0.027480
     28      -0.170089   0.000347  -0.005235   0.005985  -0.070042   0.025887
     29       0.002509   0.000892  -0.026158   0.026331  -0.365731   0.148800
     30       0.011453   0.000875  -0.003563  -0.002254  -0.185380   0.133572
     31       0.044627   0.000596  -0.003344  -0.000408  -0.116548   0.082695
     32      -0.028471  -0.000468   0.004620  -0.000663   0.149232  -0.102997
     33      -0.021704  -0.018503  -0.101011   0.095398  -0.412859  -0.020141
     34      -0.017611  -0.002843  -0.012984   0.009862  -0.053372  -0.000396
     35      -0.015279   0.024083   0.127176  -0.125388   0.544612   0.024997
     36       0.044167   0.001000   0.010856  -0.004166   0.065872  -0.014367
     37      -0.010249  -0.000887   0.084286  -0.002257   0.433272  -0.123892
     38      -0.013693  -0.000658  -0.023444   0.001757  -0.109219   0.029639
     39       0.003943   0.028644   0.060748  -0.381505   0.001101   0.327731
     40      -0.010222   0.006565   0.018374  -0.101844   0.000451   0.092037
     41      -0.000319  -0.041886  -0.090120   0.553093  -0.002610  -0.480698
     42       0.002373  -0.039381   0.262207   0.055638  -0.039421  -0.030469
     43      -0.025838   0.080997  -0.603799  -0.128749   0.084426   0.069938
     44       0.025895   0.088994  -0.625713  -0.128052   0.086957   0.064410
     45       0.011463  -0.002860   0.008621  -0.006468  -0.005444   0.016048
     46      -0.030939   0.021394  -0.114535   0.048023   0.036795  -0.122984
     47      -0.017329  -0.055409   0.296212  -0.097600  -0.083197   0.268085
     48       0.001103  -0.023878  -0.031557  -0.010488   0.004443   0.006664
     49      -0.039643  -0.004630   0.013326   0.002769  -0.003018  -0.002952
     50       0.021352   0.011168   0.008576   0.003818  -0.002078  -0.005943
     51       0.034041   0.066880  -0.001728   0.034618   0.012128   0.052782
     52       0.008944   0.234829  -0.001686   0.118216   0.042355   0.176004
     53      -0.076962   0.102572   0.001014   0.042515   0.014881   0.061951
     54       0.049295   0.190561   0.022504   0.020374  -0.001445   0.000335
     55       0.068977  -0.091494  -0.008285  -0.011713  -0.000288  -0.003743
     56       0.015953  -0.912822  -0.117402  -0.100554   0.010387  -0.002732
     57      -0.035477  -0.029896  -0.019221   0.161906   0.053706   0.163914
     58       0.010811   0.056106   0.036698  -0.313196  -0.105444  -0.317689
     59      -0.016119   0.099937   0.064367  -0.542217  -0.178081  -0.541397
     60       0.080157   0.005530   0.000301  -0.002746  -0.014342  -0.010659
     61       0.042824  -0.045026  -0.006569   0.039435   0.112796   0.101427
     62      -0.069370  -0.006028  -0.000946   0.002181   0.013112   0.009581
     63      -0.231526  -0.037239   0.000284  -0.042616   0.062229  -0.024985
     64      -0.030305   0.016858   0.000264   0.017393  -0.028481   0.009503
     65      -0.042455   0.069655  -0.001876   0.087383  -0.132578   0.050586
     66       0.476171   0.001647  -0.000069   0.004803   0.002434   0.000095
     67       0.793710   0.000283  -0.000181   0.000790   0.000504  -0.000238
     68       0.058762  -0.001052   0.001463  -0.007274   0.003536   0.002825
                 60         61         62         63         64         65    
      0       0.045177   0.023283   0.000632   0.011724   0.010370  -0.013299
      1       0.028717   0.015410   0.000627   0.005743   0.005369  -0.007377
      2       0.007380  -0.001332   0.004441  -0.059203  -0.047832   0.036294
      3      -0.015689  -0.014788   0.001873  -0.010245  -0.006340  -0.019862
      4       0.004682   0.013223   0.015097  -0.035567  -0.022791  -0.037452
      5       0.018540   0.017721  -0.003565   0.015510   0.009390   0.028903
      6      -0.008099  -0.002224  -0.015876  -0.000611  -0.007452  -0.003102
      7      -0.002897  -0.000454  -0.003762  -0.000100  -0.002257  -0.000743
      8       0.010845   0.002308   0.021396   0.002161   0.010591   0.004314
      9      -0.000492  -0.001321  -0.000976   0.000089   0.000587   0.000005
     10       0.003881   0.004293  -0.013940   0.000857  -0.005062  -0.000113
     11      -0.008240  -0.003896   0.080857  -0.000503   0.014583   0.002187
     12      -0.000089   0.000844   0.000585  -0.000465   0.000559  -0.000062
     13       0.000147  -0.000001  -0.001402   0.000061  -0.000216   0.000025
     14       0.000283  -0.000137  -0.001077   0.000706  -0.001055   0.000201
     15       0.000404  -0.002881  -0.003255  -0.011773   0.014301  -0.002243
     16      -0.001437  -0.002775  -0.013188  -0.044714   0.053597  -0.009603
     17      -0.003024   0.005902  -0.010350  -0.028061   0.033140  -0.006907
     18      -0.001347  -0.001056  -0.001702   0.003069  -0.004061   0.003084
     19       0.003374   0.001246   0.003335  -0.004449   0.006951  -0.005450
     20       0.006187   0.001026   0.004852  -0.007815   0.011112  -0.009090
     21       0.009749  -0.016184   0.000163  -0.002875   0.006489   0.020011
     22       0.017097  -0.033032  -0.000885   0.007362  -0.017825  -0.053813
     23      -0.028458   0.045055  -0.000609   0.004839  -0.011290  -0.033724
     24      -0.000671  -0.000389   0.000132  -0.000620  -0.000604  -0.000189
     25       0.000946  -0.000243  -0.000046  -0.000615  -0.000499   0.000991
     26       0.001053  -0.001048  -0.000266   0.002116   0.002227  -0.000230
     27      -0.075906  -0.029481  -0.009571   0.108060   0.087227  -0.056722
     28      -0.072317  -0.029348  -0.008853   0.096430   0.077771  -0.048634
     29      -0.431249  -0.165778  -0.048832   0.516929   0.413761  -0.269831
     30      -0.443902  -0.240152   0.005979  -0.251431  -0.211011   0.215919
     31      -0.276920  -0.151780   0.002813  -0.155771  -0.131197   0.132457
     32       0.346935   0.185630  -0.002928   0.184777   0.155737  -0.158408
     33       0.186266   0.195559  -0.001172   0.073727   0.042829   0.187593
     34       0.020405   0.023807   0.002560   0.003794   0.001655   0.015016
     35      -0.246244  -0.257473  -0.003173  -0.097745  -0.059213  -0.245517
     36      -0.008802  -0.023243  -0.022372   0.050403   0.032719   0.051641
     37      -0.075608  -0.175147  -0.182685   0.417700   0.266550   0.432518
     38       0.025325   0.044936   0.043702  -0.095563  -0.060161  -0.096306
     39       0.090533   0.022209   0.176624   0.011947   0.082403   0.031734
     40       0.025717   0.005931   0.047493   0.003148   0.023128   0.008270
     41      -0.130799  -0.031834  -0.252849  -0.017608  -0.118595  -0.049877
     42       0.000324   0.009908   0.085896   0.001213   0.007069   0.003221
     43       0.000790  -0.020193  -0.192225  -0.003697  -0.016878  -0.007065
     44      -0.001532  -0.021354  -0.178156  -0.003710  -0.013706  -0.006162
     45       0.006272   0.004889  -0.054938  -0.000436  -0.011675  -0.002110
     46      -0.045488  -0.030416   0.358432  -0.001321   0.070270   0.010195
     47       0.098896   0.066577  -0.778519   0.002675  -0.154437  -0.023483
     48       0.002369  -0.004028  -0.012385   0.006042  -0.009117   0.001536
     49       0.000200   0.000301   0.004007  -0.002457   0.003597  -0.000258
     50      -0.002184   0.002429   0.008753  -0.003751   0.005962  -0.000839
     51       0.004493   0.012471   0.051917   0.168727  -0.201786   0.037427
     52       0.015167   0.038992   0.161818   0.521625  -0.622882   0.111466
     53       0.004789   0.014829   0.056175   0.182492  -0.218191   0.039122
     54      -0.008249   0.020381  -0.015911  -0.037332   0.043312  -0.012372
     55       0.002957  -0.008879   0.004640   0.008172  -0.009149   0.003073
     56       0.031964  -0.085461   0.067906   0.153309  -0.178066   0.046209
     57       0.021696   0.004929   0.018208  -0.029338   0.042072  -0.029272
     58      -0.042016  -0.008495  -0.035924   0.052134  -0.076682   0.059451
     59      -0.073242  -0.013687  -0.059810   0.089355  -0.128032   0.102096
     60       0.040997  -0.069186  -0.000757   0.008809  -0.023752  -0.075736
     61      -0.283898   0.510120   0.008442  -0.075996   0.189829   0.569953
     62      -0.030014   0.052340   0.000982  -0.006128   0.016058   0.043980
     63      -0.170716   0.269967  -0.002628   0.022761  -0.055866  -0.162334
     64       0.080677  -0.128245   0.001327  -0.011338   0.021851   0.070112
     65       0.368185  -0.580719   0.006307  -0.050416   0.115744   0.357913
     66       0.011261   0.000220  -0.000769   0.008488   0.010650  -0.003465
     67      -0.001343   0.001633  -0.000189  -0.000279  -0.002194  -0.005723
     68      -0.017906   0.010252   0.003015  -0.023132  -0.027794  -0.000372
                 66         67         68    
      0       0.013453   0.000599  -0.000031
      1       0.007740   0.003079   0.000031
      2      -0.029497  -0.004828   0.000027
      3       0.023780   0.000282  -0.000077
      4       0.041239   0.000461   0.000006
      5      -0.034360  -0.000243   0.000157
      6       0.006721   0.000300   0.000476
      7       0.002686  -0.000038   0.000137
      8      -0.009974  -0.000429  -0.000076
      9      -0.000074   0.000034   0.000123
     10       0.001085  -0.000014   0.003717
     11      -0.006006   0.000015   0.003997
     12      -0.000341  -0.000133  -0.063149
     13       0.000103   0.000015   0.015544
     14       0.000429   0.000073   0.030496
     15      -0.002300  -0.000010   0.000058
     16      -0.010942   0.000089  -0.000200
     17      -0.009223  -0.000017   0.005033
     18       0.003476  -0.000265   0.000363
     19      -0.007539  -0.000056  -0.000116
     20      -0.011399   0.000254  -0.000231
     21       0.019555  -0.000304  -0.000016
     22      -0.047162  -0.001413   0.000013
     23      -0.033983  -0.004419   0.000251
     24      -0.001222   0.032198  -0.000094
     25      -0.000069  -0.014839  -0.000003
     26       0.002920  -0.061947   0.000096
     27       0.045150   0.004696  -0.000033
     28       0.041250   0.002110   0.000026
     29       0.208857   0.026010   0.000099
     30      -0.197942  -0.025376   0.000134
     31      -0.120548  -0.016246   0.000021
     32       0.145355   0.022120  -0.000024
     33      -0.231481  -0.002433   0.000740
     34      -0.018003  -0.000060   0.000043
     35       0.303652   0.002852  -0.001395
     36      -0.056829  -0.000764  -0.000225
     37      -0.471864  -0.000981  -0.000449
     38       0.105860   0.000050  -0.000151
     39      -0.073938  -0.003257  -0.000592
     40      -0.021314  -0.001054  -0.000494
     41       0.113240   0.004841   0.000778
     42      -0.006705  -0.000309   0.015017
     43       0.015046   0.000313  -0.022325
     44       0.012996   0.000227  -0.024149
     45       0.005169   0.000058  -0.004217
     46      -0.026471  -0.000004   0.001635
     47       0.059424  -0.000085  -0.008645
     48       0.004009   0.001234   0.849540
     49      -0.001395  -0.000289  -0.231328
     50      -0.002999  -0.000870  -0.465971
     51       0.041340  -0.000164  -0.004655
     52       0.123279  -0.000413  -0.001439
     53       0.043816  -0.000102  -0.003258
     54      -0.017741  -0.000867   0.010810
     55       0.004961   0.000149  -0.004575
     56       0.069458   0.000550  -0.028963
     57      -0.037487   0.002619   0.000511
     58       0.076197  -0.000707   0.000291
     59       0.128638   0.001289   0.000761
     60      -0.066163   0.002087  -0.000137
     61       0.488237   0.012751   0.000351
     62       0.038056   0.001293  -0.000242
     63      -0.168158  -0.013410   0.000518
     64       0.070726   0.008589  -0.000224
     65       0.367779   0.030240  -0.001827
     66       0.012612  -0.417268   0.000725
     67      -0.006950   0.176713  -0.000233
     68      -0.038693   0.886572  -0.001227
# -----------------------------------------------------------
$ THERMOCHEMISTRY_Energies
   description: The Thermochemistry energies
   geom. index: 1
   prop. index: 1
        Temperature (Kelvin)           :        298.1500000000
        Pressure (atm)                 :          1.0000000000
        Total Mass (AMU)               :        126.2030000000
        Spin Degeneracy                :          1.0000000000
        Electronic Energy (Hartree)    :       -384.8815586930
        Translational Energy (Hartree) :          0.0014162714
        Rotational Energy (Hartree)    :          0.0014162714
        Vibrational Energy (Hartree)   :          0.0046270282
        Number of frequencies          :     69      
        Scaling Factor for frequencies :          1.0000000000
        Vibrational frequencies        :     
                  0    
      0       0.000000
      1       0.000000
      2       0.000000
      3       0.000000
      4       0.000000
      5       0.000000
      6      81.605210
      7     147.978807
      8     242.863121
      9     298.995692
     10     326.768674
     11     397.833418
     12     454.790538
     13     497.431753
     14     629.302734
     15     662.948243
     16     721.976190
     17     814.860621
     18     878.025284
     19     904.684217
     20     945.840752
     21     982.835609
     22     986.562739
     23     1023.726488
     24     1040.001182
     25     1045.249070
     26     1052.359864
     27     1092.125476
     28     1104.055609
     29     1122.650771
     30     1170.067000
     31     1192.172428
     32     1217.526232
     33     1230.585016
     34     1236.119175
     35     1277.194565
     36     1294.669447
     37     1302.691978
     38     1332.838630
     39     1345.796592
     40     1369.939995
     41     1385.156226
     42     1390.757270
     43     1409.731170
     44     1417.043784
     45     1436.949131
     46     1444.186332
     47     1469.617605
     48     1513.508185
     49     1524.377392
     50     1526.028153
     51     1536.030853
     52     1545.979906
     53     1556.204819
     54     1567.854936
     55     2903.240807
     56     2911.569423
     57     2921.971283
     58     2935.162382
     59     2940.920166
     60     2943.706828
     61     2949.627714
     62     2966.738331
     63     2975.677254
     64     2976.428045
     65     2993.329902
     66     2998.474423
     67     3217.025567
     68     3225.294111
        Zero Point Energy (Hartree)    :          0.2141652196
        Inner Energy (Hartree)         :       -384.6599339023
        Enthalpy (Hartree)             :       -384.6589896932
        Electronic entropy             :          0.0000000000
        Rotational entropy             :          0.0136208272
        Vibrational entropy            :          0.0074836325
        Translational entropy          :          0.0136208272
        Entropy                        :          0.0403052987
        Gibbs Energy (Hartree)         :       -384.6992949919
        Is Linear                      :                 false
# -----------------------------------------------------------
$ PAL_Flags
   description: The PAL Flags
   geom. index: 2
   prop. index: 1
        Diskflag:     2
# -----------------------------------------------------------
$ SCF_Energy
   description: The SCF energy
   geom. index: 2
   prop. index: 1
        SCF Energy:     -384.8472007577
# -----------------------------------------------------------
$ DFT_Energy
   description: The DFT energy
   geom. index: 2
   prop. index: 1
   Number of Alpha Electrons                 34.9997768495 
   Number of Beta  Electrons                 34.9997768495 
   Total number of  Electrons                69.9995536990 
   Exchange energy                          -36.2497818958 
   Correlation energy                        -2.8615146650 
   Correlation energy NL                      0.0000000000 
   Exchange-Correlation energy              -39.1112965607 
   Embedding correction                       0.0000000000 
   Total DFT Energy (No VdW correction)    -384.8472007577 
# -----------------------------------------------------------
$ VdW_Correction
   description: The Van der Waals Correction
   geom. index: 2
   prop. index: 1
        Van der Waals Correction:       -0.0410304765
# -----------------------------------------------------------
$ PAL_Flags
   description: The PAL Flags
   geom. index: 3
   prop. index: 1
        Diskflag:     2
# -----------------------------------------------------------
$ SCF_Energy
   description: The SCF energy
   geom. index: 3
   prop. index: 1
        SCF Energy:     -384.8481521787
# -----------------------------------------------------------
$ DFT_Energy
   description: The DFT energy
   geom. index: 3
   prop. index: 1
   Number of Alpha Electrons                 34.9997539042 
   Number of Beta  Electrons                 34.9997539042 
   Total number of  Electrons                69.9995078083 
   Exchange energy                          -36.2472964985 
   Correlation energy                        -2.8615115053 
   Correlation energy NL                      0.0000000000 
   Exchange-Correlation energy              -39.1088080038 
   Embedding correction                       0.0000000000 
   Total DFT Energy (No VdW correction)    -384.8481521787 
# -----------------------------------------------------------
$ VdW_Correction
   description: The Van der Waals Correction
   geom. index: 3
   prop. index: 1
        Van der Waals Correction:       -0.0410990230
# -----------------------------------------------------------
$ PAL_Flags
   description: The PAL Flags
   geom. index: 4
   prop. index: 1
        Diskflag:     2
# -----------------------------------------------------------
$ SCF_Energy
   description: The SCF energy
   geom. index: 4
   prop. index: 1
        SCF Energy:     -384.8488281735
# -----------------------------------------------------------
$ DFT_Energy
   description: The DFT energy
   geom. index: 4
   prop. index: 1
   Number of Alpha Electrons                 34.9998077487 
   Number of Beta  Electrons                 34.9998077487 
   Total number of  Electrons                69.9996154973 
   Exchange energy                          -36.2457167446 
   Correlation energy                        -2.8615887336 
   Correlation energy NL                      0.0000000000 
   Exchange-Correlation energy              -39.1073054783 
   Embedding correction                       0.0000000000 
   Total DFT Energy (No VdW correction)    -384.8488281735 
# -----------------------------------------------------------
$ VdW_Correction
   description: The Van der Waals Correction
   geom. index: 4
   prop. index: 1
        Van der Waals Correction:       -0.0411621878
# -----------------------------------------------------------
$ PAL_Flags
   description: The PAL Flags
   geom. index: 5
   prop. index: 1
        Diskflag:     2
# -----------------------------------------------------------
$ SCF_Energy
   description: The SCF energy
   geom. index: 5
   prop. index: 1
        SCF Energy:     -384.8492167946
# -----------------------------------------------------------
$ DFT_Energy
   description: The DFT energy
   geom. index: 5
   prop. index: 1
   Number of Alpha Electrons                 34.9998496629 
   Number of Beta  Electrons                 34.9998496629 
   Total number of  Electrons                69.9996993258 
   Exchange energy                          -36.2460293784 
   Correlation energy                        -2.8617745596 
   Correlation energy NL                      0.0000000000 
   Exchange-Correlation energy              -39.1078039380 
   Embedding correction                       0.0000000000 
   Total DFT Energy (No VdW correction)    -384.8492167946 
# -----------------------------------------------------------
$ VdW_Correction
   description: The Van der Waals Correction
   geom. index: 5
   prop. index: 1
        Van der Waals Correction:       -0.0412164058
# -----------------------------------------------------------
$ PAL_Flags
   description: The PAL Flags
   geom. index: 6
   prop. index: 1
        Diskflag:     2
# -----------------------------------------------------------
$ SCF_Energy
   description: The SCF energy
   geom. index: 6
   prop. index: 1
        SCF Energy:     -384.8494000053
# -----------------------------------------------------------
$ DFT_Energy
   description: The DFT energy
   geom. index: 6
   prop. index: 1
   Number of Alpha Electrons                 34.9998339560 
   Number of Beta  Electrons                 34.9998339560 
   Total number of  Electrons                69.9996679120 
   Exchange energy                          -36.2457129726 
   Correlation energy                        -2.8618205218 
   Correlation energy NL                      0.0000000000 
   Exchange-Correlation energy              -39.1075334944 
   Embedding correction                       0.0000000000 
   Total DFT Energy (No VdW correction)    -384.8494000053 
# -----------------------------------------------------------
$ VdW_Correction
   description: The Van der Waals Correction
   geom. index: 6
   prop. index: 1
        Van der Waals Correction:       -0.0412239118
# -----------------------------------------------------------
$ PAL_Flags
   description: The PAL Flags
   geom. index: 7
   prop. index: 1
        Diskflag:     2
# -----------------------------------------------------------
$ SCF_Energy
   description: The SCF energy
   geom. index: 7
   prop. index: 1
        SCF Energy:     -384.8494974081
# -----------------------------------------------------------
$ DFT_Energy
   description: The DFT energy
   geom. index: 7
   prop. index: 1
   Number of Alpha Electrons                 34.9998012451 
   Number of Beta  Electrons                 34.9998012451 
   Total number of  Electrons                69.9996024901 
   Exchange energy                          -36.2455421336 
   Correlation energy                        -2.8617861416 
   Correlation energy NL                      0.0000000000 
   Exchange-Correlation energy              -39.1073282752 
   Embedding correction                       0.0000000000 
   Total DFT Energy (No VdW correction)    -384.8494974081 
# -----------------------------------------------------------
$ VdW_Correction
   description: The Van der Waals Correction
   geom. index: 7
   prop. index: 1
        Van der Waals Correction:       -0.0412008526
# -----------------------------------------------------------
$ PAL_Flags
   description: The PAL Flags
   geom. index: 8
   prop. index: 1
        Diskflag:     2
# -----------------------------------------------------------
$ SCF_Energy
   description: The SCF energy
   geom. index: 8
   prop. index: 1
        SCF Energy:     -384.8496202295
# -----------------------------------------------------------
$ DFT_Energy
   description: The DFT energy
   geom. index: 8
   prop. index: 1
   Number of Alpha Electrons                 34.9998237483 
   Number of Beta  Electrons                 34.9998237483 
   Total number of  Electrons                69.9996474967 
   Exchange energy                          -36.2458332913 
   Correlation energy                        -2.8617539638 
   Correlation energy NL                      0.0000000000 
   Exchange-Correlation energy              -39.1075872552 
   Embedding correction                       0.0000000000 
   Total DFT Energy (No VdW correction)    -384.8496202295 
# -----------------------------------------------------------
$ VdW_Correction
   description: The Van der Waals Correction
   geom. index: 8
   prop. index: 1
        Van der Waals Correction:       -0.0411623376
# -----------------------------------------------------------
$ PAL_Flags
   description: The PAL Flags
   geom. index: 9
   prop. index: 1
        Diskflag:     2
# -----------------------------------------------------------
$ SCF_Energy
   description: The SCF energy
   geom. index: 9
   prop. index: 1
        SCF Energy:     -384.8497103914
# -----------------------------------------------------------
$ DFT_Energy
   description: The DFT energy
   geom. index: 9
   prop. index: 1
   Number of Alpha Electrons                 34.9999335145 
   Number of Beta  Electrons                 34.9999335145 
   Total number of  Electrons                69.9998670291 
   Exchange energy                          -36.2461375495 
   Correlation energy                        -2.8617202333 
   Correlation energy NL                      0.0000000000 
   Exchange-Correlation energy              -39.1078577828 
   Embedding correction                       0.0000000000 
   Total DFT Energy (No VdW correction)    -384.8497103914 
# -----------------------------------------------------------
$ VdW_Correction
   description: The Van der Waals Correction
   geom. index: 9
   prop. index: 1
        Van der Waals Correction:       -0.0411206221
# -----------------------------------------------------------
$ PAL_Flags
   description: The PAL Flags
   geom. index: 10
   prop. index: 1
        Diskflag:     2
# -----------------------------------------------------------
$ SCF_Energy
   description: The SCF energy
   geom. index: 10
   prop. index: 1
        SCF Energy:     -384.8497392551
# -----------------------------------------------------------
$ DFT_Energy
   description: The DFT energy
   geom. index: 10
   prop. index: 1
   Number of Alpha Electrons                 35.0000193370 
   Number of Beta  Electrons                 35.0000193370 
   Total number of  Electrons                70.0000386739 
   Exchange energy                          -36.2466433696 
   Correlation energy                        -2.8617328835 
   Correlation energy NL                      0.0000000000 
   Exchange-Correlation energy              -39.1083762531 
   Embedding correction                       0.0000000000 
   Total DFT Energy (No VdW correction)    -384.8497392551 
# -----------------------------------------------------------
$ VdW_Correction
   description: The Van der Waals Correction
   geom. index: 10
   prop. index: 1
        Van der Waals Correction:       -0.0411007515
# -----------------------------------------------------------
$ PAL_Flags
   description: The PAL Flags
   geom. index: 11
   prop. index: 1
        Diskflag:     2
# -----------------------------------------------------------
$ SCF_Energy
   description: The SCF energy
   geom. index: 11
   prop. index: 1
        SCF Energy:     -384.8497568774
# -----------------------------------------------------------
$ DFT_Energy
   description: The DFT energy
   geom. index: 11
   prop. index: 1
   Number of Alpha Electrons                 34.9999930724 
   Number of Beta  Electrons                 34.9999930724 
   Total number of  Electrons                69.9999861448 
   Exchange energy                          -36.2465571749 
   Correlation energy                        -2.8617156502 
   Correlation energy NL                      0.0000000000 
   Exchange-Correlation energy              -39.1082728251 
   Embedding correction                       0.0000000000 
   Total DFT Energy (No VdW correction)    -384.8497568774 
# -----------------------------------------------------------
$ VdW_Correction
   description: The Van der Waals Correction
   geom. index: 11
   prop. index: 1
        Van der Waals Correction:       -0.0410946866
# -----------------------------------------------------------
$ PAL_Flags
   description: The PAL Flags
   geom. index: 12
   prop. index: 1
        Diskflag:     2
# -----------------------------------------------------------
$ SCF_Energy
   description: The SCF energy
   geom. index: 12
   prop. index: 1
        SCF Energy:     -384.8497619905
# -----------------------------------------------------------
$ DFT_Energy
   description: The DFT energy
   geom. index: 12
   prop. index: 1
   Number of Alpha Electrons                 34.9999980942 
   Number of Beta  Electrons                 34.9999980942 
   Total number of  Electrons                69.9999961884 
   Exchange energy                          -36.2465181059 
   Correlation energy                        -2.8617145826 
   Correlation energy NL                      0.0000000000 
   Exchange-Correlation energy              -39.1082326885 
   Embedding correction                       0.0000000000 
   Total DFT Energy (No VdW correction)    -384.8497619905 
# -----------------------------------------------------------
$ Mayer_Pop
   description: The Mayer population analysis
   geom. index: 12
   prop. index: 1
     Number of atoms                     : 23
     Threshold for printing              : 0.1000000
     Number of bond orders printed       : 27
  NA   - Mulliken gross atomic population
  ZA   - Total nuclear charge
  QA   - Mulliken gross atomic charge
  VA   - Mayer's total valence
  BVA  - Mayer's bonded valence
  FA   - Mayer's free valence
  ATOM       NA         ZA         QA         VA         BVA        FA
  0   0     6.3526     6.0000    -0.3526     3.7940     3.7940    -0.0000
  1   0     6.3120     6.0000    -0.3120     3.7569     3.7569     0.0000
  2   0     6.1320     6.0000    -0.1320     3.8379     3.8379     0.0000
  3   0     6.2675     6.0000    -0.2675     3.6705     3.6705    -0.0000
  4   0     7.3284     7.0000    -0.3284     2.5525     2.5525     0.0000
  5   0     6.4263     6.0000    -0.4263     3.8296     3.8296     0.0000
  6   0     5.8823     6.0000     0.1177     3.1634     3.1634     0.0000
  7   0     6.4938     6.0000    -0.4938     3.9100     3.9100    -0.0000
  8   0     7.3091     7.0000    -0.3091     2.5270     2.5270     0.0000
  9   0     0.8330     1.0000     0.1670     0.9193     0.9193    -0.0000
 10   0     0.8647     1.0000     0.1353     0.9499     0.9499    -0.0000
 11   0     0.8261     1.0000     0.1739     0.9202     0.9202     0.0000
 12   0     0.8513     1.0000     0.1487     0.9565     0.9565     0.0000
 13   0     0.8320     1.0000     0.1680     0.9446     0.9446     0.0000
 14   0     0.8629     1.0000     0.1371     0.9230     0.9230     0.0000
 15   0     0.8492     1.0000     0.1508     0.9344     0.9344    -0.0000
 16   0     0.6930     1.0000     0.3070     0.8431     0.8431     0.0000
 17   0     0.8464     1.0000     0.1536     0.9389     0.9389    -0.0000
 18   0     0.8692     1.0000     0.1308     0.9293     0.9293     0.0000
 19   0     0.8084     1.0000     0.1916     0.8880     0.8880     0.0000
 20   0     0.8452     1.0000     0.1548     0.9395     0.9395    -0.0000
 21   0     0.8266     1.0000     0.1734     0.8975     0.8975     0.0000
 22   0     0.6879     1.0000     0.3121     0.8374     0.8374     0.0000
      Bond orders larger than 0.1000000
           Atom A     A.N. of A          Atom B    A.N. of B              Bond order
                0             6               1            6                0.950429
                0             6               8            7                0.930604
                0             6               9            1                0.998356
                0             6              10            1                0.996897
                1             6               2            6                1.022383
                1             6              11            1                0.937012
                1             6              12            1                0.962511
                2             6               3            6                0.928399
                2             6               4            7                0.135169
                2             6               5            6                0.128983
                2             6               6            6                0.797049
                2             6              13            1                0.811298
                3             6               4            7                0.795376
                3             6               5            6               -0.103030
                3             6              14            1                0.974646
                3             6              15            1                1.018686
                4             7               5            6                0.859820
                4             7              16            1                0.858922
                5             6               6            6                0.843810
                5             6              17            1                1.013721
                5             6              18            1                1.001903
                6             6               7            6                0.783919
                6             6              19            1                0.869138
                7             6               8            7                0.974177
                7             6              20            1                1.038348
                7             6              21            1                0.960030
                8             7              22            1                0.873894
# -----------------------------------------------------------
$ VdW_Correction
   description: The Van der Waals Correction
   geom. index: 12
   prop. index: 1
        Van der Waals Correction:       -0.0410920331
# -----------------------------------------------------------
$ SCF_Electric_Properties
   description: The SCF Calculated Electric Properties
   geom. index: 12
   prop. index: 1
       Filename                          : file.scfp 
       Do Dipole Moment Calculation      : true 
       Do Quadrupole Moment Calculation  : false 
       Do Polarizability Calculation     : false 
** Dipole moment part of electric properties **
        Magnitude of dipole moment (Debye) :        1.1397476172
        Electronic Contribution:
                  0    
      0      -0.206669
      1      -1.238529
      2      -1.381033
        Nuclear Contribution:
                  0    
      0      -0.123411
      1       1.539901
      2       1.345164
        Total Dipole moment:
                  0    
      0      -0.330080
      1       0.301372
      2      -0.035869
# -------------------------------------------------------------
----------------------- !GEOMETRIES! ------------------------
# -------------------------------------------------------------
------------------------ !GEOMETRY! -------------------------
    Number of atoms:    23 
    Geometry Index:     1 
    Coordinates:
               0 C      2.005400000000    0.698300000000    1.075900000000
               1 C      0.638300000000    1.316000000000    0.708600000000
               2 C     -0.005100000000    0.584800000000   -0.483500000000
               3 C     -1.439500000000    1.061000000000   -0.751400000000
               4 N     -2.321300000000   -0.107400000000   -0.718400000000
               5 C     -1.611800000000   -1.136800000000    0.033200000000
               6 C     -0.130000000000   -0.917700000000   -0.228100000000
               7 C      0.774900000000   -1.417100000000    0.920000000000
               8 N      2.087400000000   -0.761700000000    0.857900000000
               9 H      2.221200000000    0.913100000000    2.144200000000
              10 H      2.799200000000    1.202000000000    0.480300000000
              11 H     -0.033800000000    1.249900000000    1.593600000000
              12 H      0.769800000000    2.392700000000    0.465200000000
              13 H      0.623500000000    0.757600000000   -1.386800000000
              14 H     -1.771700000000    1.814800000000   -0.000700000000
              15 H     -1.502700000000    1.532600000000   -1.755400000000
              16 H     -3.205900000000    0.137400000000   -0.213900000000
              17 H     -1.927100000000   -2.144300000000   -0.312900000000
              18 H     -1.846800000000   -1.038100000000    1.118100000000
              19 H      0.147500000000   -1.456700000000   -1.162800000000
              20 H      0.908900000000   -2.516700000000    0.830500000000
              21 H      0.316900000000   -1.222400000000    1.915300000000
              22 H      2.502900000000   -0.941200000000   -0.087100000000
------------------------ !GEOMETRY! -------------------------
    Number of atoms:    23 
    Geometry Index:     2 
    Coordinates:
               0 C      2.007693786443    0.692020927071    1.074478447571
               1 C      0.633294472792    1.301339283870    0.716498192539
               2 C     -0.009562126253    0.594704745742   -0.481250448046
               3 C     -1.447290383421    1.081871429317   -0.769066034611
               4 N     -2.316223457841   -0.111177588175   -0.731751495509
               5 C     -1.631635771918   -1.142215214928    0.059242812953
               6 C     -0.142730918486   -0.927321822006   -0.223526589013
               7 C      0.794635259958   -1.408406257979    0.896915566079
               8 N      2.103264326717   -0.757683363780    0.839884934225
               9 H      2.223335720153    0.893978539228    2.132615222110
              10 H      2.797148289894    1.183404951261    0.494048803258
              11 H     -0.043192001089    1.225272822458    1.578783068717
              12 H      0.751493504853    2.371002601668    0.503986158742
              13 H      0.618273415915    0.765754980311   -1.364123202188
              14 H     -1.752817998014    1.833049005138   -0.023316793168
              15 H     -1.516232561729    1.554776496019   -1.755534518293
              16 H     -3.197983809641    0.120969378148   -0.295864529244
              17 H     -1.963701186895   -2.138890763498   -0.252642424032
              18 H     -1.832746201852   -1.041705816218    1.140974628933
              19 H      0.119966670357   -1.462435682615   -1.145438039483
              20 H      0.936132678126   -2.493241522505    0.833409811901
              21 H      0.356032807405   -1.203436688395    1.882476946669
              22 H      2.513045484527   -0.931530440133   -0.069000520110
------------------------ !GEOMETRY! -------------------------
    Number of atoms:    23 
    Geometry Index:     3 
    Coordinates:
               0 C      2.008406439376    0.691238968511    1.071808646612
               1 C      0.627267399540    1.290458377686    0.726910842556
               2 C     -0.007742766260    0.593748802663   -0.479988985415
               3 C     -1.445757505194    1.082417194219   -0.772737781315
               4 N     -2.298888252682   -0.122551965917   -0.760750792308
               5 C     -1.634772442791   -1.125024109841    0.080388789738
               6 C     -0.146780598970   -0.930856151328   -0.221118098716
               7 C      0.804300884914   -1.411855173038    0.887401099122
               8 N      2.109991221756   -0.756281793071    0.825903582888
               9 H      2.230725802567    0.887219862336    2.129329682591
              10 H      2.791940631881    1.188965589860    0.489078855732
              11 H     -0.049503399592    1.193764228350    1.586634679174
              12 H      0.729438436353    2.365691550974    0.535970477867
              13 H      0.629126605762    0.766316695899   -1.355676514004
              14 H     -1.751832616765    1.819150124564   -0.012224155717
              15 H     -1.516554219342    1.572375236793   -1.750018462857
              16 H     -3.214933267444    0.098560632913   -0.387307286429
              17 H     -1.982204793439   -2.128958236868   -0.186818756459
              18 H     -1.823089428207   -0.978883766840    1.160018551682
              19 H      0.097686644902   -1.468569027475   -1.146030118143
              20 H      0.947576087439   -2.496486750052    0.830422250438
              21 H      0.373992234307   -1.204969808717    1.876061316455
              22 H      2.521806901890   -0.925370481621   -0.085457823494
------------------------ !GEOMETRY! -------------------------
    Number of atoms:    23 
    Geometry Index:     4 
    Coordinates:
               0 C      2.011485023893    0.690891495028    1.066616710067
               1 C      0.624458490275    1.283273094324    0.736130964739
               2 C     -0.006950469181    0.592983854191   -0.476216229693
               3 C     -1.445553815548    1.081652067259   -0.769993607226
               4 N     -2.279987928406   -0.133439871682   -0.788166648330
               5 C     -1.637739375226   -1.109243724410    0.096398312646
               6 C     -0.149593591451   -0.932811925567   -0.215367369759
               7 C      0.811477332402   -1.415154597568    0.883828919176
               8 N      2.115218000536   -0.755677176398    0.814268630997
               9 H      2.243719051555    0.883984048829    2.122753392790
              10 H      2.787150451062    1.194007892437    0.477268218044
              11 H     -0.048582853095    1.167217484869    1.596707065452
              12 H      0.713676332945    2.362954598186    0.561831007782
              13 H      0.635166244246    0.766244897120   -1.348370091653
              14 H     -1.758805790093    1.799139638233    0.007116276261
              15 H     -1.516381750321    1.592362468356   -1.736947387955
              16 H     -3.226851163165    0.070459395253   -0.488286546991
              17 H     -1.997607938709   -2.119421317279   -0.129373615837
              18 H     -1.820638032585   -0.916164649028    1.170361316543
              19 H      0.077742193029   -1.473036331017   -1.143337903135
              20 H      0.955786677639   -2.499976000476    0.827385294841
              21 H      0.389269013555   -1.209461086411    1.876617675544
              22 H      2.523743896642   -0.920684254248   -0.099424384299
------------------------ !GEOMETRY! -------------------------
    Number of atoms:    23 
    Geometry Index:     5 
    Coordinates:
               0 C      2.017261262564    0.691329683917    1.059082420423
               1 C      0.626942400942    1.281135444988    0.740256995272
               2 C     -0.007200398142    0.592879190132   -0.471511005571
               3 C     -1.448263262677    1.080051651386   -0.758743475465
               4 N     -2.259497000219   -0.146360236697   -0.821822731180
               5 C     -1.640999894916   -1.096855534088    0.103534144524
               6 C     -0.151168591197   -0.933268499163   -0.207306179981
               7 C      0.814175775718   -1.416829134920    0.886809211416
               8 N      2.117844302543   -0.756546426410    0.810749227047
               9 H      2.260849394074    0.888982101294    2.111800887764
              10 H      2.785850506139    1.192512802181    0.458959145222
              11 H     -0.039856285540    1.154034773639    1.604007478284
              12 H      0.709030211028    2.362639835534    0.574032455235
              13 H      0.633167522359    0.764495310232   -1.345184851846
              14 H     -1.772851430433    1.763777268965    0.044618971576
              15 H     -1.522029604443    1.623957801398   -1.706762780641
              16 H     -3.229753091112    0.036265251027   -0.589423490216
              17 H     -2.008414635313   -2.111327383861   -0.086145804921
              18 H     -1.827928154274   -0.858043916256    1.168151253153
              19 H      0.065418937111   -1.474357644788   -1.137157794049
              20 H      0.959840558275   -2.501176156084    0.826812956969
              21 H      0.396879992142   -1.214432443473    1.882336316782
              22 H      2.520901485369   -0.922763738953   -0.105293349798
------------------------ !GEOMETRY! -------------------------
    Number of atoms:    23 
    Geometry Index:     6 
    Coordinates:
               0 C      2.028448081459    0.693270037871    1.045538402915
               1 C      0.637705787916    1.284942337194    0.736665954125
               2 C     -0.009578822141    0.594537059763   -0.466535757937
               3 C     -1.455387683349    1.079711362222   -0.734258312274
               4 N     -2.241176097381   -0.155750976869   -0.857090316290
               5 C     -1.646076284115   -1.096661334460    0.092344246658
               6 C     -0.151254464356   -0.932987476586   -0.198286170171
               7 C      0.809180593280   -1.411961951985    0.901101322776
               8 N      2.117062517006   -0.759308690074    0.818333979325
               9 H      2.287686805697    0.906899828860    2.091367807156
              10 H      2.791114213536    1.180824704641    0.426726516961
              11 H     -0.020898924131    1.158130472981    1.606653889352
              12 H      0.718878757292    2.366546303587    0.570012795009
              13 H      0.619327245727    0.762362360663   -1.349229960643
              14 H     -1.789367213746    1.712525850830    0.106976670069
              15 H     -1.538279754154    1.672525039557   -1.651472698989
              16 H     -3.227524852422    0.004395320775   -0.682715449053
              17 H     -2.014477549811   -2.113230728317   -0.082989637248
              18 H     -1.848130671161   -0.833845445958    1.148890581983
              19 H      0.071815121962   -1.474378432949   -1.126283606685
              20 H      0.951461868334   -2.497085126905    0.847111465472
              21 H      0.392748790753   -1.202577724382    1.895584138092
              22 H      2.516922533807   -0.938782790459   -0.096645860603
------------------------ !GEOMETRY! -------------------------
    Number of atoms:    23 
    Geometry Index:     7 
    Coordinates:
               0 C      2.039040486026    0.694881724534    1.032001118317
               1 C      0.648928654434    1.290742993451    0.731878098741
               2 C     -0.012603806946    0.598255690959   -0.461921774137
               3 C     -1.462125565535    1.080489899047   -0.712264009662
               4 N     -2.233619471079   -0.157437915861   -0.876117988388
               5 C     -1.648669332591   -1.105849287008    0.072477752737
               6 C     -0.149855395540   -0.930914399782   -0.193742199452
               7 C      0.799170935431   -1.403326913885    0.917441613511
               8 N      2.113163677697   -0.762934833134    0.831237128024
               9 H      2.314942162672    0.927648955578    2.069480728876
              10 H      2.795766213616    1.165096876001    0.392625831970
              11 H     -0.001941317534    1.169829811445    1.608517584326
              12 H      0.733465259651    2.371413029914    0.560689894939
              13 H      0.603215597366    0.764322032187   -1.354113414570
              14 H     -1.800924786945    1.674939263211    0.155165865022
              15 H     -1.553000858877    1.708379689745   -1.604992252709
              16 H     -3.226077117923   -0.011118463464   -0.726321271336
              17 H     -2.009949727457   -2.122844217620   -0.114577316819
              18 H     -1.868167593024   -0.849504009033    1.127221618394
              19 H      0.091515261919   -1.470971806047   -1.117939544902
              20 H      0.933616779934   -2.490106061125    0.876656186019
              21 H      0.379444174180   -1.179249108866    1.907259485542
              22 H      2.514865770525   -0.961642950247   -0.078863134442
------------------------ !GEOMETRY! -------------------------
    Number of atoms:    23 
    Geometry Index:     8 
    Coordinates:
               0 C      2.053735670142    0.696061893063    1.012004365296
               1 C      0.665419045662    1.300612129318    0.724582938971
               2 C     -0.017837701676    0.605432348163   -0.454764266650
               3 C     -1.472343008513    1.081291646385   -0.680287736879
               4 N     -2.226935718347   -0.157813745740   -0.898133152476
               5 C     -1.649290693112   -1.122088525164    0.039656462817
               6 C     -0.146820104287   -0.925863979486   -0.190250412516
               7 C      0.780999166128   -1.388793540407    0.941224125677
               8 N      2.104802136813   -0.768884168726    0.853818027096
               9 H      2.355643102887    0.958208088700    2.035178871206
              10 H      2.800607670962    1.137850115211    0.341306084115
              11 H      0.026416904512    1.192990860323    1.611528905055
              12 H      0.758361756744    2.378918273728    0.543213037609
              13 H      0.577626709911    0.772358176478   -1.360481719034
              14 H     -1.817166761205    1.626254078559    0.217304945820
              15 H     -1.574086568496    1.751820285895   -1.540153369366
              16 H     -3.223610668146   -0.027612887688   -0.762864382266
              17 H     -1.994069800854   -2.138755579581   -0.177334433638
              18 H     -1.896125440549   -0.890964270050    1.094277927920
              19 H      0.126686254181   -1.462420386706   -1.107615438055
              20 H      0.901159490733   -2.477975492594    0.922967262250
              21 H      0.353279453056   -1.139750608243    1.921417753955
              22 H      2.513749103451   -1.000774711438   -0.044795796906
------------------------ !GEOMETRY! -------------------------
    Number of atoms:    23 
    Geometry Index:     9 
    Coordinates:
               0 C      2.064788479750    0.696932625118    0.994333933878
               1 C      0.677327085395    1.307958781470    0.720610610655
               2 C     -0.022663079219    0.612388634585   -0.448354949668
               3 C     -1.480049629283    1.083183744924   -0.656090561644
               4 N     -2.226093793495   -0.154163298933   -0.906207503407
               5 C     -1.648115808986   -1.137986750084    0.010739617426
               6 C     -0.143826970018   -0.921004032196   -0.189305153052
               7 C      0.764460378734   -1.375764436435    0.960242820908
               8 N      2.096157776262   -0.773027114042    0.876846644782
               9 H      2.393171009732    0.986338885397    2.001926362118
              10 H      2.798966899862    1.112410228046    0.293121042613
              11 H      0.049413209437    1.210082526249    1.616441645907
              12 H      0.776912294179    2.384480531654    0.532133883779
              13 H      0.557988371593    0.783143385299   -1.363043986552
              14 H     -1.827165878279    1.597656944934    0.258626955499
              15 H     -1.588366849764    1.778825323446   -1.495292365299
              16 H     -3.224842374611   -0.035526826576   -0.775573091085
              17 H     -1.975853010467   -2.152455025566   -0.240826690039
              18 H     -1.915790922911   -0.940968257655    1.066980191179
              19 H      0.157273660078   -1.453336852129   -1.100583241284
              20 H      0.872407127183   -2.466508525462    0.961880180251
              21 H      0.327273003248   -1.105596973129    1.930504422810
              22 H      2.516829021579   -1.036963518912   -0.007310769777
------------------------ !GEOMETRY! -------------------------
    Number of atoms:    23 
    Geometry Index:     10 
    Coordinates:
               0 C      2.072273463558    0.696803451362    0.982570856212
               1 C      0.687277317551    1.314496557205    0.713477263405
               2 C     -0.026946170203    0.616561519115   -0.445529240819
               3 C     -1.487449286495    1.083016945529   -0.633366800295
               4 N     -2.221431203430   -0.154441900180   -0.919882104207
               5 C     -1.646482067352   -1.146742908060   -0.009549940810
               6 C     -0.141419248755   -0.917857770379   -0.189927360080
               7 C      0.752341621507   -1.367066702107    0.972463463847
               8 N      2.089502406682   -0.775968883532    0.894909425005
               9 H      2.415115488667    1.004298753986    1.979878273537
              10 H      2.800356338029    1.092879770174    0.263980513922
              11 H      0.066037566410    1.229313256825    1.614979501744
              12 H      0.794182872371    2.388525085232    0.515431410222
              13 H      0.540032623336    0.791197964634   -1.367933811552
              14 H     -1.835808028072    1.569563728197    0.296236484918
              15 H     -1.603867670697    1.800379442935   -1.452565885692
              16 H     -3.221034730660   -0.043044563989   -0.787946475259
              17 H     -1.963746816399   -2.158774824459   -0.282295404734
              18 H     -1.928051183231   -0.970070406950    1.046833028888
              19 H      0.178805012010   -1.448206836833   -1.095728545319
              20 H      0.852029725404   -2.458458365050    0.987026328272
              21 H      0.307295826474   -1.083334108479    1.935091144026
              22 H      2.521186143294   -1.062969205175    0.023647874769
------------------------ !GEOMETRY! -------------------------
    Number of atoms:    23 
    Geometry Index:     11 
    Coordinates:
               0 C      2.069853397201    0.697332526592    0.984845239571
               1 C      0.683517952278    1.311972130119    0.716616916179
               2 C     -0.026087823007    0.616302626877   -0.446587613191
               3 C     -1.485651733605    1.084386956473   -0.640649203787
               4 N     -2.224969630030   -0.152835892140   -0.911578396698
               5 C     -1.646378914805   -1.145046458673   -0.004401609339
               6 C     -0.141649524233   -0.918535908287   -0.191925956000
               7 C      0.754889848752   -1.369768542142    0.968107472465
               8 N      2.090391250043   -0.774976474272    0.895069156248
               9 H      2.412484390402    1.004282410537    1.982431665317
              10 H      2.796423763360    1.096283553249    0.266168996277
              11 H      0.060858266010    1.221573603283    1.616761506819
              12 H      0.788041315678    2.387017550391    0.522789206099
              13 H      0.545492677877    0.791899670891   -1.366035273483
              14 H     -1.832333767060    1.583526475119    0.282767231527
              15 H     -1.599208381216    1.791989148079   -1.468920503108
              16 H     -3.224018671646   -0.039549715099   -0.777863961093
              17 H     -1.966317386268   -2.157021493543   -0.274658599500
              18 H     -1.921346308532   -0.967003625659    1.053338090250
              19 H      0.173320267089   -1.448685903606   -1.099708567169
              20 H      0.857954083889   -2.460930035339    0.977962411360
              21 H      0.308518474549   -1.091701434927    1.931834985558
              22 H      2.526416453276   -1.060411167923    0.025436805698
------------------------ !GEOMETRY! -------------------------
    Number of atoms:    23 
    Geometry Index:     12 
    Coordinates:
               0 C      2.070399413595    0.697968553675    0.982749560469
               1 C      0.683343408684    1.311567511075    0.717400564014
               2 C     -0.026383824956    0.616757476467   -0.446122352084
               3 C     -1.486073049411    1.084928426164   -0.639759894553
               4 N     -2.224607334823   -0.152210125671   -0.911946052460
               5 C     -1.646434594242   -1.145292025401   -0.005541499484
               6 C     -0.141544546229   -0.918331343857   -0.192225079350
               7 C      0.754031973711   -1.369428446710    0.968574395287
               8 N      2.089663451738   -0.774728586155    0.898261395509
               9 H      2.416919101194    1.008851266699    1.977792638468
              10 H      2.793964366558    1.094423177253    0.259578589073
              11 H      0.061798806794    1.219106918363    1.618123119778
              12 H      0.786650447460    2.387039379957    0.525190835808
              13 H      0.545307344033    0.792981452572   -1.365390341970
              14 H     -1.832722778511    1.582673040028    0.284448819209
              15 H     -1.599995842883    1.793518178041   -1.467150352583
              16 H     -3.224090628750   -0.039770427309   -0.780621962789
              17 H     -1.966653244421   -2.157106363539   -0.276224299145
              18 H     -1.921303699921   -0.967653474943    1.052329897501
              19 H      0.173953746376   -1.448040717772   -1.100055664984
              20 H      0.857558707095   -2.460550295857    0.978127252439
              21 H      0.305847621669   -1.092256799696    1.931743672762
              22 H      2.530571155239   -1.064346773385    0.032516759083
