-------------------------------------------------------------
----------------------- !PROPERTIES! ------------------------
-------------------------------------------------------------
# -----------------------------------------------------------
$ PAL_Flags
   description: The PAL Flags
   geom. index: 1
   prop. index: 1
        Diskflag:     2
# -----------------------------------------------------------
$ SCF_Energy
   description: The SCF energy
   geom. index: 1
   prop. index: 1
        SCF Energy:     -460.0785135027
# -----------------------------------------------------------
$ DFT_Energy
   description: The DFT energy
   geom. index: 1
   prop. index: 1
   Number of Alpha Electrons                 39.0000243470 
   Number of Beta  Electrons                 39.0000243470 
   Total number of  Electrons                78.0000486940 
   Exchange energy                          -41.9892061957 
   Correlation energy                        -3.2250377643 
   Correlation energy NL                      0.0000000000 
   Exchange-Correlation energy              -45.2142439600 
   Embedding correction                       0.0000000000 
   Total DFT Energy (No VdW correction)    -460.0785135027 
# -----------------------------------------------------------
$ Mayer_Pop
   description: The Mayer population analysis
   geom. index: 1
   prop. index: 1
     Number of atoms                     : 24
     Threshold for printing              : 0.1000000
     Number of bond orders printed       : 30
  NA   - Mulliken gross atomic population
  ZA   - Total nuclear charge
  QA   - Mulliken gross atomic charge
  VA   - Mayer's total valence
  BVA  - Mayer's bonded valence
  FA   - Mayer's free valence
  ATOM       NA         ZA         QA         VA         BVA        FA
  0   0     6.3279     6.0000    -0.3279     3.7186     3.7186    -0.0000
  1   0     5.8133     6.0000     0.1867     2.8579     2.8579    -0.0000
  2   0     7.0757     6.0000    -1.0757     5.1144     5.1144     0.0000
  3   0     6.2320     6.0000    -0.2320     3.5408     3.5408    -0.0000
  4   0     6.3399     6.0000    -0.3399     3.7679     3.7679    -0.0000
  5   0     7.3431     7.0000    -0.3431     2.5989     2.5989    -0.0000
  6   0     7.1465     7.0000    -0.1465     2.3887     2.3887    -0.0000
  7   0     6.1624     6.0000    -0.1624     3.4152     3.4152     0.0000
  8   0     5.8662     6.0000     0.1338     3.2477     3.2477    -0.0000
  9   0     8.2050     8.0000    -0.2050     1.5148     1.5148     0.0000
 10   0     0.8270     1.0000     0.1730     0.9228     0.9228    -0.0000
 11   0     0.8344     1.0000     0.1656     0.9166     0.9166    -0.0000
 12   0     0.8886     1.0000     0.1114     0.9980     0.9980    -0.0000
 13   0     0.8060     1.0000     0.1940     0.8868     0.8868    -0.0000
 14   0     0.8601     1.0000     0.1399     0.9644     0.9644     0.0000
 15   0     0.8229     1.0000     0.1771     0.9080     0.9080    -0.0000
 16   0     0.8354     1.0000     0.1646     0.9197     0.9197    -0.0000
 17   0     0.8252     1.0000     0.1748     0.9237     0.9237     0.0000
 18   0     0.7083     1.0000     0.2917     0.8548     0.8548    -0.0000
 19   0     0.6775     1.0000     0.3225     0.8251     0.8251    -0.0000
 20   0     0.8369     1.0000     0.1631     0.9367     0.9367     0.0000
 21   0     0.8385     1.0000     0.1615     0.9340     0.9340     0.0000
 22   0     0.8782     1.0000     0.1218     0.9540     0.9540    -0.0000
 23   0     0.8489     1.0000     0.1511     0.9233     0.9233     0.0000
      Bond orders larger than 0.1000000
           Atom A     A.N. of A          Atom B    A.N. of B              Bond order
                0             6               1            6                0.963246
                0             6               5            7                0.928987
                0             6              10            1                0.986716
                0             6              11            1                0.991539
                1             6               2            6                0.743496
                1             6               6            7               -0.229220
                1             6               9            8               -0.271344
                1             6              12            1                0.834690
                1             6              13            1                0.984468
                2             6               3            6                1.181079
                2             6               6            7                1.242087
                2             6               9            8                1.639899
                2             6              12            1                0.174836
                2             6              14            1                0.116183
                3             6               4            6                0.948898
                3             6               9            8               -0.186264
                3             6              14            1                0.875157
                3             6              15            1                0.965267
                4             6               5            7                0.922610
                4             6              16            1                0.987367
                4             6              17            1                0.997969
                5             7              18            1                0.877629
                6             7               7            6                0.863900
                6             7              19            1                0.834080
                7             6               8            6                0.852922
                7             6              20            1                0.988700
                7             6              21            1                0.957289
                8             6               9            8                0.671604
                8             6              22            1                0.955075
                8             6              23            1                1.003857
# -----------------------------------------------------------
$ VdW_Correction
   description: The Van der Waals Correction
   geom. index: 1
   prop. index: 1
        Van der Waals Correction:       -0.0424223923
# -----------------------------------------------------------
$ Hessian
   description: Details about the Hessian
   geom. index: 1
   prop. index: 1
Normal modes:
Number of Rows: 72 Number of Columns: 72
                  0          1          2          3          4          5    
      0       0.000000   0.000000   0.000000   0.000000   0.000000   0.000000
      1       0.000000   0.000000   0.000000   0.000000   0.000000   0.000000
      2       0.000000   0.000000   0.000000   0.000000   0.000000   0.000000
      3       0.000000   0.000000   0.000000   0.000000   0.000000   0.000000
      4       0.000000   0.000000   0.000000   0.000000   0.000000   0.000000
      5       0.000000   0.000000   0.000000   0.000000   0.000000   0.000000
      6       0.000000   0.000000   0.000000   0.000000   0.000000   0.000000
      7       0.000000   0.000000   0.000000   0.000000   0.000000   0.000000
      8       0.000000   0.000000   0.000000   0.000000   0.000000   0.000000
      9       0.000000   0.000000   0.000000   0.000000   0.000000   0.000000
     10       0.000000   0.000000   0.000000   0.000000   0.000000   0.000000
     11       0.000000   0.000000   0.000000   0.000000   0.000000   0.000000
     12       0.000000   0.000000   0.000000   0.000000   0.000000   0.000000
     13       0.000000   0.000000   0.000000   0.000000   0.000000   0.000000
     14       0.000000   0.000000   0.000000   0.000000   0.000000   0.000000
     15       0.000000   0.000000   0.000000   0.000000   0.000000   0.000000
     16       0.000000   0.000000   0.000000   0.000000   0.000000   0.000000
     17       0.000000   0.000000   0.000000   0.000000   0.000000   0.000000
     18       0.000000   0.000000   0.000000   0.000000   0.000000   0.000000
     19       0.000000   0.000000   0.000000   0.000000   0.000000   0.000000
     20       0.000000   0.000000   0.000000   0.000000   0.000000   0.000000
     21       0.000000   0.000000   0.000000   0.000000   0.000000   0.000000
     22       0.000000   0.000000   0.000000   0.000000   0.000000   0.000000
     23       0.000000   0.000000   0.000000   0.000000   0.000000   0.000000
     24       0.000000   0.000000   0.000000   0.000000   0.000000   0.000000
     25       0.000000   0.000000   0.000000   0.000000   0.000000   0.000000
     26       0.000000   0.000000   0.000000   0.000000   0.000000   0.000000
     27       0.000000   0.000000   0.000000   0.000000   0.000000   0.000000
     28       0.000000   0.000000   0.000000   0.000000   0.000000   0.000000
     29       0.000000   0.000000   0.000000   0.000000   0.000000   0.000000
     30       0.000000   0.000000   0.000000   0.000000   0.000000   0.000000
     31       0.000000   0.000000   0.000000   0.000000   0.000000   0.000000
     32       0.000000   0.000000   0.000000   0.000000   0.000000   0.000000
     33       0.000000   0.000000   0.000000   0.000000   0.000000   0.000000
     34       0.000000   0.000000   0.000000   0.000000   0.000000   0.000000
     35       0.000000   0.000000   0.000000   0.000000   0.000000   0.000000
     36       0.000000   0.000000   0.000000   0.000000   0.000000   0.000000
     37       0.000000   0.000000   0.000000   0.000000   0.000000   0.000000
     38       0.000000   0.000000   0.000000   0.000000   0.000000   0.000000
     39       0.000000   0.000000   0.000000   0.000000   0.000000   0.000000
     40       0.000000   0.000000   0.000000   0.000000   0.000000   0.000000
     41       0.000000   0.000000   0.000000   0.000000   0.000000   0.000000
     42       0.000000   0.000000   0.000000   0.000000   0.000000   0.000000
     43       0.000000   0.000000   0.000000   0.000000   0.000000   0.000000
     44       0.000000   0.000000   0.000000   0.000000   0.000000   0.000000
     45       0.000000   0.000000   0.000000   0.000000   0.000000   0.000000
     46       0.000000   0.000000   0.000000   0.000000   0.000000   0.000000
     47       0.000000   0.000000   0.000000   0.000000   0.000000   0.000000
     48       0.000000   0.000000   0.000000   0.000000   0.000000   0.000000
     49       0.000000   0.000000   0.000000   0.000000   0.000000   0.000000
     50       0.000000   0.000000   0.000000   0.000000   0.000000   0.000000
     51       0.000000   0.000000   0.000000   0.000000   0.000000   0.000000
     52       0.000000   0.000000   0.000000   0.000000   0.000000   0.000000
     53       0.000000   0.000000   0.000000   0.000000   0.000000   0.000000
     54       0.000000   0.000000   0.000000   0.000000   0.000000   0.000000
     55       0.000000   0.000000   0.000000   0.000000   0.000000   0.000000
     56       0.000000   0.000000   0.000000   0.000000   0.000000   0.000000
     57       0.000000   0.000000   0.000000   0.000000   0.000000   0.000000
     58       0.000000   0.000000   0.000000   0.000000   0.000000   0.000000
     59       0.000000   0.000000   0.000000   0.000000   0.000000   0.000000
     60       0.000000   0.000000   0.000000   0.000000   0.000000   0.000000
     61       0.000000   0.000000   0.000000   0.000000   0.000000   0.000000
     62       0.000000   0.000000   0.000000   0.000000   0.000000   0.000000
     63       0.000000   0.000000   0.000000   0.000000   0.000000   0.000000
     64       0.000000   0.000000   0.000000   0.000000   0.000000   0.000000
     65       0.000000   0.000000   0.000000   0.000000   0.000000   0.000000
     66       0.000000   0.000000   0.000000   0.000000   0.000000   0.000000
     67       0.000000   0.000000   0.000000   0.000000   0.000000   0.000000
     68       0.000000   0.000000   0.000000   0.000000   0.000000   0.000000
     69       0.000000   0.000000   0.000000   0.000000   0.000000   0.000000
     70       0.000000   0.000000   0.000000   0.000000   0.000000   0.000000
     71       0.000000   0.000000   0.000000   0.000000   0.000000   0.000000
                  6          7          8          9         10         11    
      0      -0.046615   0.094100   0.079282   0.133070   0.080317  -0.051717
      1       0.033009  -0.034668   0.039333  -0.165670  -0.042308   0.039669
      2      -0.022486   0.029236   0.025511  -0.000437   0.034182  -0.023773
      3      -0.061818  -0.028167   0.055828   0.002181   0.074589   0.043649
      4       0.056958   0.138988   0.035545   0.015376  -0.045504  -0.019771
      5      -0.012517  -0.054901  -0.067902  -0.044364   0.154155   0.102275
      6      -0.008103  -0.016144   0.007512  -0.001039  -0.074525   0.002906
      7       0.024811   0.135365  -0.008491  -0.007567   0.026008  -0.009383
      8       0.056889  -0.034725  -0.078139  -0.014173   0.009110   0.047206
      9       0.048057  -0.008697  -0.026218   0.008268   0.077599  -0.043106
     10      -0.041955   0.138541  -0.017486  -0.011189  -0.089032   0.169060
     11       0.027752  -0.035410  -0.047795  -0.031077  -0.043816   0.066048
     12       0.037432   0.125948  -0.007036  -0.101027   0.115968   0.083251
     13      -0.037655  -0.068003  -0.022217   0.123921  -0.056927  -0.004278
     14       0.004873   0.014547   0.039952  -0.121973   0.004296  -0.029413
     15      -0.004687   0.070301   0.031488   0.013604   0.209513   0.008015
     16      -0.017587  -0.201259  -0.006817   0.001877   0.149215  -0.061482
     17      -0.041428   0.064236   0.062085   0.046148  -0.067515  -0.050762
     18       0.001947   0.072975   0.023856   0.011596  -0.121749   0.004890
     19       0.029997   0.033400  -0.027164  -0.060463   0.033997  -0.136592
     20       0.066219   0.018415  -0.038781  -0.092926  -0.032511  -0.178887
     21       0.017444   0.033333  -0.128159  -0.018987  -0.125035  -0.052367
     22      -0.042856  -0.126044   0.046841   0.020310   0.018997   0.026784
     23      -0.004721  -0.025376   0.225352  -0.001714  -0.054817  -0.018953
     24       0.042913  -0.164787  -0.018547  -0.010518  -0.133515   0.018364
     25      -0.065777  -0.075208  -0.006253   0.029947   0.017161   0.015109
     26      -0.252081   0.040301  -0.064775   0.049468  -0.023280  -0.004117
     27      -0.023040  -0.160415  -0.017329  -0.033480  -0.125095  -0.002595
     28       0.063027   0.084867  -0.027030   0.054557   0.009287  -0.014640
     29       0.188747  -0.024126  -0.068777   0.198825   0.013731   0.085267
     30      -0.032356   0.254583   0.105038   0.291742   0.033993  -0.126505
     31       0.050101   0.022966   0.056127  -0.210246  -0.101203   0.064774
     32       0.008598   0.064334   0.048946  -0.203681  -0.080542   0.079931
     33      -0.078894   0.042748   0.104984   0.160514   0.029236  -0.096340
     34       0.035659  -0.091807   0.060017  -0.359418  -0.126361   0.118496
     35      -0.051943   0.025692   0.032939   0.158995   0.049917  -0.117943
     36      -0.087782  -0.003839   0.094546   0.032507   0.177059  -0.011423
     37       0.104717   0.249208   0.077204   0.107317  -0.245889  -0.192200
     38      -0.002300  -0.078112  -0.095501  -0.071385   0.109503   0.148806
     39      -0.075130  -0.150612   0.039543  -0.138634   0.095826   0.142053
     40       0.037656   0.093447   0.020849  -0.030170   0.018773   0.037809
     41      -0.063822  -0.098246  -0.101095  -0.070375   0.349105   0.205060
     42       0.077513   0.028851  -0.058792  -0.020056   0.205284  -0.024958
     43      -0.064945   0.241177  -0.031562  -0.077243  -0.149522   0.398460
     44       0.068006  -0.084944  -0.062903  -0.004133   0.105579  -0.097314
     45       0.057598  -0.149403  -0.048548   0.140020   0.077440  -0.144427
     46      -0.061496   0.123584  -0.027105   0.016851  -0.158073   0.251975
     47      -0.021348   0.018865  -0.053080  -0.051958  -0.189956   0.305747
     48       0.068951   0.092927  -0.050117  -0.143316   0.086088   0.112585
     49      -0.061506  -0.139010  -0.049147   0.372063  -0.161381  -0.063481
     50      -0.013161   0.044712   0.071711  -0.123516   0.036124  -0.041738
     51       0.028931   0.298635   0.021466  -0.222935   0.095716   0.195615
     52      -0.028819  -0.034144  -0.010709   0.023207  -0.012634   0.023980
     53       0.037274  -0.017694   0.051323  -0.324068   0.143751  -0.028453
     54      -0.006298  -0.061567   0.011224  -0.002771   0.400895  -0.051267
     55      -0.030576  -0.239833  -0.016786   0.050703   0.195578  -0.091861
     56      -0.074036   0.062691   0.051398   0.185802  -0.088812  -0.084230
     57      -0.023432   0.055792   0.175795   0.031712  -0.140538   0.005937
     58       0.068052   0.074548  -0.134463  -0.144725   0.025419  -0.371340
     59       0.056253   0.012648   0.003440  -0.081894  -0.036340  -0.163351
     60       0.021708   0.025377  -0.000634   0.006447  -0.130589   0.003042
     61       0.053626  -0.264355   0.208214   0.009836  -0.003123   0.078858
     62       0.024182  -0.070805   0.493775   0.042361  -0.069140   0.094932
     63      -0.018547   0.154410  -0.467805  -0.087705  -0.098619  -0.234519
     64      -0.184468  -0.117644  -0.041519   0.074025   0.026142   0.086047
     65       0.073107  -0.038124   0.294928  -0.024943  -0.060650  -0.037379
     66      -0.189577  -0.203226   0.011846  -0.082916  -0.146035  -0.010816
     67       0.096822  -0.186672   0.188899   0.028220   0.006039   0.051912
     68      -0.558373   0.107736  -0.211452  -0.002917  -0.023659  -0.056550
     69       0.311838  -0.253528   0.012355   0.074239  -0.103270   0.091203
     70      -0.312252  -0.044408  -0.200398   0.026670   0.037733   0.003385
     71      -0.412275   0.076046  -0.140344   0.023372  -0.024097  -0.029228
                 12         13         14         15         16         17    
      0       0.013895  -0.018747   0.087114   0.141220  -0.084057  -0.024988
      1       0.134053   0.060777   0.042013   0.045843  -0.017546  -0.042244
      2       0.089503  -0.007374  -0.053587  -0.140346   0.157523   0.034554
      3       0.014744   0.109008   0.105001   0.072527  -0.127028   0.012129
      4       0.042526  -0.059624  -0.076155   0.195833   0.045747  -0.115967
      5      -0.016379   0.091964  -0.091922   0.080467   0.091561  -0.086382
      6      -0.037458   0.017053  -0.010448  -0.016056  -0.059592   0.065465
      7      -0.090089   0.062644  -0.091117   0.031606   0.023619  -0.010911
      8       0.038134  -0.044224  -0.071338   0.135840  -0.011344  -0.000115
      9       0.081400  -0.016971  -0.138181  -0.102563  -0.121050   0.021140
     10      -0.001701  -0.074251   0.066014  -0.058946  -0.020192  -0.031348
     11      -0.027559  -0.044308  -0.088334   0.189081  -0.129697   0.178634
     12       0.033359  -0.088711  -0.040401  -0.119150  -0.070531  -0.006990
     13       0.074454  -0.032514  -0.072872  -0.132864  -0.105727  -0.042345
     14      -0.131946  -0.071647  -0.007881  -0.087855  -0.105022   0.002696
     15       0.097146  -0.038722   0.036424   0.024474   0.183361   0.050081
     16      -0.110309  -0.098277   0.032174  -0.015107   0.059781   0.028718
     17       0.060277   0.016304  -0.022066  -0.080274  -0.016115  -0.012591
     18      -0.131811   0.081086  -0.064503  -0.032254   0.059162   0.064636
     19      -0.005826   0.058705   0.048499   0.008989  -0.081084   0.114485
     20       0.059649  -0.013426   0.123763   0.038580   0.002850  -0.060324
     21      -0.068306   0.042894   0.008974  -0.014380   0.088328  -0.005838
     22       0.018645  -0.003959   0.009235  -0.008597  -0.020939   0.016017
     23      -0.042618   0.027752   0.003875   0.005040   0.043199  -0.010654
     24       0.005638  -0.041138   0.013787   0.018277   0.076612  -0.084203
     25      -0.001149   0.014728   0.010949  -0.019949   0.001208   0.014647
     26      -0.004935   0.001511   0.031802  -0.009615   0.009665  -0.014639
     27       0.002616  -0.033010  -0.005577   0.025388   0.060844  -0.050880
     28      -0.098348   0.088321  -0.021165  -0.035619   0.073570  -0.005864
     29      -0.002050   0.020895   0.139639  -0.081752  -0.024512  -0.002531
     30      -0.035497  -0.136060   0.027385   0.352328  -0.165663  -0.263578
     31       0.235650   0.105601   0.041024   0.031822   0.010906  -0.015715
     32       0.359828   0.168429  -0.021091  -0.298116   0.268010   0.232693
     33      -0.065020  -0.026752   0.136098   0.064148  -0.233095   0.023972
     34       0.319128   0.221210   0.109192  -0.205201   0.044101   0.233941
     35      -0.107816  -0.127124  -0.060024  -0.031901  -0.008246  -0.117080
     36       0.053266   0.144041   0.183550  -0.049756  -0.050403  -0.004840
     37       0.163399  -0.450431  -0.167230   0.179540   0.253662   0.155783
     38      -0.049363   0.104567  -0.132382   0.155333   0.029433  -0.101363
     39       0.066012   0.272777   0.195919   0.143961  -0.302583  -0.139155
     40       0.007511   0.079027  -0.040580   0.192643  -0.025112  -0.207494
     41      -0.171205   0.404812  -0.047519   0.015896   0.000200  -0.255663
     42       0.117637  -0.002153  -0.223410   0.022472  -0.060421   0.004956
     43      -0.023575  -0.177965   0.339609   0.106399   0.164092   0.188004
     44       0.018421   0.046774  -0.368453   0.163215  -0.224159  -0.000698
     45       0.204457   0.019285  -0.320531  -0.212154  -0.291703  -0.122988
     46       0.039426  -0.128317   0.164741  -0.058597  -0.013674   0.022771
     47      -0.012809  -0.183621   0.229286   0.252204  -0.018089   0.380646
     48      -0.051283  -0.118657  -0.096694  -0.061589  -0.234644   0.058899
     49       0.358247   0.142132  -0.203159   0.099223   0.022950   0.294271
     50      -0.109188  -0.073508   0.043991  -0.155298  -0.015595  -0.081131
     51      -0.033611  -0.165547   0.062381  -0.297561  -0.127276  -0.258020
     52      -0.038374  -0.102132  -0.016535  -0.215937  -0.149162  -0.167742
     53      -0.410217  -0.217785   0.082079  -0.202220  -0.196425  -0.188812
     54      -0.129166  -0.185184   0.091335   0.043939   0.370156   0.263295
     55      -0.168264  -0.146767   0.030894  -0.033590   0.106201   0.086077
     56       0.090667   0.005765  -0.067638  -0.142946  -0.025147  -0.028299
     57      -0.164381   0.110778  -0.046662  -0.066390   0.068782   0.076580
     58       0.065238   0.071639   0.284000  -0.043550  -0.121375   0.072903
     59       0.047524  -0.007689   0.114837   0.031080   0.011052  -0.061483
     60      -0.115945   0.067751  -0.051466  -0.025582   0.083137   0.055030
     61       0.044236  -0.055096  -0.023325   0.027768   0.009810  -0.069790
     62      -0.123240   0.060421  -0.115126  -0.005766   0.039855   0.078947
     63       0.010468   0.037013   0.161853  -0.009131   0.062071  -0.048565
     64       0.015115  -0.009384  -0.000298  -0.033637  -0.008802   0.008445
     65      -0.045620   0.030528  -0.001381   0.018105   0.038472  -0.004137
     66       0.037316  -0.075538  -0.023070   0.049075   0.064167  -0.090482
     67       0.003236   0.008776   0.012865  -0.021355   0.001030   0.014838
     68       0.015836  -0.020436   0.004009   0.016101   0.001110  -0.020936
     69       0.030297  -0.046852   0.074039  -0.008830   0.024419  -0.064156
     70       0.047826  -0.026568   0.017484  -0.005816  -0.048236   0.014764
     71       0.004762  -0.010751   0.015136   0.004461   0.007025  -0.019652
                 18         19         20         21         22         23    
      0      -0.007461  -0.075398  -0.057383   0.009805   0.063287  -0.011192
      1      -0.002663  -0.000956   0.047847  -0.007582   0.030995   0.012463
      2       0.006534   0.068000   0.020853   0.192577  -0.038893   0.000363
      3      -0.002938  -0.026701  -0.080297   0.124502  -0.094146   0.031174
      4      -0.004121   0.146413   0.051730   0.038548  -0.043192  -0.021830
      5       0.000912   0.142409  -0.033835   0.033486  -0.061247   0.040285
      6       0.028374   0.073884  -0.000519   0.020867  -0.022715   0.002572
      7       0.065748  -0.044953  -0.039349  -0.012448   0.042942  -0.074792
      8      -0.032631  -0.003314  -0.080288   0.003284   0.050198   0.034785
      9      -0.004956  -0.002796   0.082332   0.115203   0.043702   0.036350
     10       0.002642  -0.001032  -0.066060   0.008673   0.059151  -0.038644
     11      -0.006090  -0.138169   0.008351  -0.041736  -0.026844  -0.018439
     12      -0.000884  -0.031874   0.058067   0.015140  -0.028985  -0.024489
     13       0.004207  -0.027333  -0.016335  -0.128447  -0.068965   0.004430
     14      -0.002065  -0.038331   0.044035  -0.141495  -0.010082  -0.011228
     15       0.003345  -0.032058  -0.000430  -0.273156  -0.035411   0.037289
     16       0.003128   0.002972   0.012542   0.031554   0.005804   0.023807
     17       0.001578  -0.006557   0.033944  -0.020129   0.066526  -0.006347
     18      -0.064577   0.152692  -0.005438  -0.026721   0.023464   0.030311
     19       0.135926   0.283797  -0.022037  -0.037885  -0.018715  -0.039688
     20      -0.056155  -0.115115   0.000070   0.015318   0.027634   0.030587
     21      -0.173817   0.010505  -0.003089  -0.023842   0.053233   0.049121
     22      -0.145593   0.051508  -0.003621  -0.002627   0.035449   0.014732
     23      -0.058845  -0.044820   0.002670  -0.001968  -0.041254  -0.043029
     24       0.103982  -0.004513  -0.002007  -0.017744   0.030599  -0.035368
     25      -0.184950  -0.018078   0.006204   0.006512   0.003482   0.040908
     26       0.046306   0.009585   0.002385  -0.004693  -0.046747  -0.069321
     27       0.134608  -0.067184   0.005348   0.006284  -0.053501  -0.035638
     28       0.092748  -0.348869   0.015877   0.052150  -0.048668   0.050054
     29       0.038281   0.098062  -0.007140  -0.013710   0.010301  -0.008605
     30      -0.039514   0.110429   0.218439  -0.009818   0.103167  -0.027216
     31       0.001353  -0.036339   0.012146  -0.057396   0.092387  -0.040270
     32       0.034176  -0.123537  -0.218887   0.077161   0.072681  -0.103385
     33      -0.004058  -0.192785  -0.075975   0.118729   0.188039  -0.031529
     34       0.033280  -0.273830  -0.249183  -0.028624   0.161001  -0.081418
     35      -0.015043   0.163515   0.215956   0.303757  -0.022242   0.048020
     36       0.002142  -0.092119   0.014147   0.302349  -0.235888   0.029942
     37      -0.016167   0.211942  -0.363969   0.291082  -0.311293   0.172600
     38      -0.002610   0.180803  -0.052019  -0.092152   0.046166   0.025040
     39      -0.034840  -0.026217   0.154682   0.048168   0.006797  -0.008131
     40       0.000541   0.131528   0.205412  -0.029108   0.044693  -0.094396
     41       0.041604   0.081703   0.268566  -0.126431   0.144522  -0.157059
     42      -0.015106  -0.069251  -0.011548   0.275234   0.191849   0.048205
     43       0.032552   0.040883   0.227658   0.253325   0.060273   0.118625
     44      -0.036698  -0.227803  -0.289687  -0.105014   0.091307  -0.130086
     45      -0.032089  -0.010690  -0.144722   0.051666   0.051682  -0.002320
     46       0.006501   0.034080   0.028612   0.064279   0.016648   0.042524
     47       0.013943  -0.064218   0.342947   0.110471  -0.125719   0.178488
     48      -0.005823  -0.101101   0.067621   0.138640  -0.102899  -0.051556
     49       0.020224  -0.186112   0.311596  -0.236819   0.004655  -0.127150
     50      -0.001211   0.023803   0.000598  -0.213040   0.030738   0.022988
     51      -0.008549   0.070080  -0.193471   0.011028  -0.030622  -0.027545
     52      -0.001372   0.032085  -0.143763  -0.081280  -0.087252   0.045471
     53      -0.013363   0.062031  -0.153444  -0.012667  -0.071473   0.124212
     54       0.010259  -0.070942  -0.009872   0.355845   0.431898  -0.515636
     55       0.006462  -0.008992  -0.012282   0.226132   0.138377  -0.138450
     56       0.005075  -0.006687  -0.023356  -0.080965   0.008590   0.047807
     57      -0.077187   0.189469   0.022341  -0.027055  -0.035175  -0.033051
     58       0.182665   0.256182   0.106748   0.020474  -0.141899   0.120945
     59      -0.070663  -0.121869   0.001942   0.015619   0.019509   0.008590
     60      -0.065892   0.164204  -0.010400  -0.046440   0.108382   0.155922
     61       0.138730  -0.064237  -0.018428   0.002447   0.331388   0.265826
     62       0.211766   0.195365  -0.013817  -0.038153   0.124822   0.210693
     63      -0.495653  -0.129123   0.015127   0.007202  -0.198575  -0.262276
     64      -0.336325   0.014574   0.006619   0.004125  -0.122979  -0.184791
     65       0.062439  -0.014214  -0.003647  -0.007240   0.063591   0.090696
     66       0.138674   0.048199  -0.001929  -0.025320   0.040575  -0.048271
     67      -0.446096   0.008669   0.015065   0.006176  -0.224027  -0.238165
     68       0.284386   0.028057  -0.005784  -0.010472   0.162781   0.165939
     69       0.029555   0.177818  -0.013276  -0.039549  -0.039955  -0.174191
     70       0.127728   0.134005  -0.012934  -0.014333   0.276595   0.312380
     71       0.183674   0.012648  -0.001768  -0.006532   0.066465   0.061196
                 24         25         26         27         28         29    
      0      -0.042792  -0.017228   0.044266  -0.001374  -0.086360  -0.118368
      1      -0.036524   0.048535   0.014859   0.010812   0.066209  -0.093750
      2       0.047928   0.086066   0.001530   0.078075   0.000482  -0.007503
      3       0.053881  -0.029903  -0.075173  -0.029367   0.038850   0.072313
      4       0.062683  -0.033764   0.010393  -0.024982  -0.072493   0.093570
      5      -0.011446  -0.068261   0.001539  -0.077479  -0.015368  -0.073985
      6      -0.016255  -0.088694  -0.001975  -0.056161   0.004595   0.019609
      7      -0.010545  -0.099069  -0.081415   0.097106   0.009628  -0.007156
      8      -0.069284   0.042706   0.000160  -0.053984   0.031232  -0.010584
      9      -0.108249  -0.082995   0.000936  -0.004543  -0.022223   0.088238
     10      -0.001926  -0.015300  -0.009703   0.044217   0.101359   0.063620
     11       0.068729   0.060497   0.047756   0.090262  -0.021445   0.022480
     12       0.068855   0.035663  -0.050195  -0.024080   0.005450  -0.151516
     13       0.060555   0.026683   0.019634  -0.059958  -0.078528  -0.015705
     14       0.025245  -0.086095  -0.063574  -0.071980   0.031807   0.040810
     15      -0.019326   0.016215   0.009372   0.041656   0.028046   0.072480
     16      -0.042818   0.000526  -0.014584   0.063129   0.007977  -0.036681
     17      -0.058811  -0.017707   0.010745  -0.017251   0.031564  -0.002704
     18       0.014916  -0.001607   0.041337   0.009006   0.036460  -0.011429
     19      -0.066929   0.126805  -0.026984  -0.035989  -0.016060   0.001503
     20       0.032598  -0.026004  -0.023507  -0.020256   0.011035   0.018718
     21       0.040802   0.065558  -0.037916   0.022443  -0.064518  -0.016054
     22       0.018659  -0.008631  -0.067054   0.018565  -0.076004   0.017772
     23      -0.024179   0.025071  -0.008795   0.004882  -0.012530  -0.002595
     24       0.025834   0.001540  -0.040813   0.061110  -0.027735   0.003727
     25       0.019166  -0.010513   0.081926  -0.040159   0.092409  -0.014608
     26      -0.033113  -0.015258   0.005125   0.041213  -0.017456  -0.010192
     27      -0.038180   0.008136   0.043911  -0.026714   0.037793  -0.006629
     28      -0.022389   0.041436   0.029324  -0.056828   0.000188   0.004945
     29       0.016733  -0.010105  -0.014606   0.010259   0.013124  -0.003550
     30      -0.015540   0.235002   0.133296  -0.002131   0.084098  -0.086503
     31      -0.024346   0.035366   0.091961  -0.029196  -0.043203  -0.052354
     32       0.055701  -0.085753   0.129487  -0.013997  -0.346830   0.074138
     33      -0.141671  -0.024881   0.000287   0.079539  -0.046478  -0.353148
     34      -0.074520  -0.174234   0.052934  -0.004840  -0.248028  -0.145625
     35      -0.010641   0.234073  -0.061627   0.158212   0.255363  -0.172129
     36       0.216523   0.113584  -0.176043   0.205997  -0.017138   0.285224
     37       0.020681  -0.216664  -0.147432  -0.174454   0.084087  -0.108553
     38      -0.106132  -0.137590   0.076562  -0.207591   0.003010  -0.183270
     39       0.088225   0.244095   0.019182  -0.098505   0.207849   0.272993
     40       0.090227   0.038628   0.063217   0.018510  -0.108753   0.181111
     41       0.040372  -0.047490   0.096207   0.135271  -0.286169   0.039348
     42      -0.265386  -0.112275  -0.003655   0.298856   0.141342   0.184938
     43      -0.277320  -0.144375  -0.026353   0.052934  -0.069035   0.081657
     44       0.156526   0.133969   0.059033   0.330362   0.238714   0.085839
     45      -0.032075   0.148450   0.267334  -0.026590   0.019426   0.329256
     46      -0.085858   0.033146   0.115148  -0.046285  -0.031437   0.167189
     47      -0.151313   0.036700   0.150435  -0.080997  -0.320651   0.092618
     48       0.192133   0.066578  -0.064729   0.054375  -0.137044  -0.312995
     49       0.181240  -0.186945  -0.310839  -0.173955   0.199043  -0.184125
     50      -0.072195  -0.080814  -0.014295  -0.109641   0.093429   0.167858
     51       0.087385   0.261827   0.193996  -0.009763  -0.017245  -0.052976
     52       0.016974   0.109501   0.146957  -0.008336  -0.177694   0.048709
     53      -0.124923   0.000584   0.142353   0.072042  -0.245191   0.168194
     54       0.367532   0.010422   0.208354  -0.543717   0.033742   0.206674
     55       0.071083   0.001178   0.076461  -0.110087  -0.067934   0.019352
     56      -0.095555  -0.015196   0.074935   0.043201  -0.162081   0.057274
     57      -0.019612   0.084398  -0.024405  -0.039685  -0.002841   0.035973
     58       0.413783  -0.603738   0.551265   0.360112   0.075943  -0.161319
     59       0.006824   0.012222  -0.064204  -0.045073  -0.000438   0.035776
     60       0.093638   0.096121   0.072793   0.016318  -0.008312  -0.064697
     61       0.241956  -0.024323  -0.311377   0.079871  -0.266412   0.081373
     62       0.123262   0.069716   0.143165   0.002806   0.055290  -0.075834
     63      -0.165158   0.058362  -0.105941  -0.013411  -0.054935   0.043950
     64      -0.106936  -0.071682  -0.030661   0.084823  -0.079303  -0.003567
     65       0.063775   0.051461  -0.019925  -0.023846  -0.012392   0.003483
     66       0.036822  -0.036892  -0.041117   0.068179   0.018854   0.006724
     67      -0.138365  -0.118593   0.177126   0.054283   0.132718  -0.055123
     68       0.116122   0.049670  -0.075856  -0.033964  -0.018258   0.026778
     69      -0.038598  -0.094005   0.035913   0.111525   0.092956  -0.022544
     70       0.216423  -0.007385   0.037458  -0.121916   0.201976   0.020413
     71       0.050608   0.013291  -0.033361   0.000632  -0.014994   0.009082
                 30         31         32         33         34         35    
      0       0.032129   0.003314   0.098166   0.051490   0.004279  -0.013745
      1      -0.055140   0.054664   0.070201   0.012941  -0.029792  -0.015436
      2       0.020497   0.068542   0.027699   0.138047   0.041371  -0.005377
      3      -0.003854  -0.044077  -0.040693  -0.030500  -0.016152   0.003544
      4       0.043400  -0.035805  -0.025901  -0.043357   0.028609   0.053165
      5      -0.026996   0.005233   0.087314  -0.045627  -0.025569  -0.033994
      6      -0.040613   0.167998  -0.075411   0.063534   0.093107   0.090420
      7       0.062183   0.025170  -0.069482   0.052441   0.056579   0.005156
      8      -0.022602  -0.056094  -0.121901   0.091366  -0.030185   0.009767
      9       0.003064  -0.021925   0.054476   0.031213  -0.000908  -0.014013
     10      -0.031319   0.011107   0.076495   0.014631   0.054857   0.013691
     11       0.011238   0.047739   0.018849  -0.045857  -0.004454   0.008285
     12       0.012799  -0.044687  -0.074254  -0.073021  -0.015132   0.008471
     13       0.021708  -0.014820  -0.021551   0.060021  -0.012944  -0.062337
     14      -0.005608  -0.044032   0.115108   0.083074   0.007450  -0.020741
     15      -0.011981   0.031635  -0.013373   0.011464   0.006989   0.008038
     16       0.015027  -0.001594  -0.046896  -0.062784   0.011768   0.041088
     17      -0.029553  -0.034990  -0.110159  -0.184315  -0.033760   0.034920
     18       0.037727   0.074746  -0.036450   0.015850  -0.163646  -0.031016
     19       0.000038  -0.051433   0.028105  -0.008405  -0.011140  -0.001986
     20       0.055550   0.052639  -0.031576   0.043559  -0.059869   0.045539
     21      -0.078961  -0.134413   0.041507  -0.002145   0.140977   0.030759
     22      -0.107942   0.088571  -0.016212  -0.022102   0.018758  -0.019218
     23       0.002641  -0.001311   0.042795  -0.086642   0.095055  -0.063003
     24       0.001099  -0.052217   0.027198  -0.017748  -0.220367  -0.067159
     25       0.136496  -0.056564   0.007286   0.020125  -0.013341   0.024197
     26      -0.068871  -0.065786  -0.024968   0.079399  -0.119768   0.048950
     27       0.027844   0.011886  -0.001966  -0.008866   0.185704   0.033005
     28      -0.054919   0.004878   0.004193  -0.003378  -0.060084  -0.012043
     29       0.016066   0.021514   0.012877  -0.028047   0.074065  -0.012569
     30      -0.105308   0.163609  -0.006241   0.339475   0.108273  -0.312856
     31      -0.019749   0.048983  -0.005294   0.107462   0.046888  -0.137088
     32       0.177800  -0.033052  -0.097546   0.195772   0.167306  -0.120110
     33       0.051366   0.018655   0.105498   0.011495  -0.038682   0.172832
     34       0.137361  -0.076063   0.033413  -0.025231   0.003989   0.083824
     35      -0.099707   0.176709   0.054344   0.123073  -0.017766   0.089578
     36       0.163478  -0.242256   0.177485  -0.028098  -0.142580   0.085212
     37      -0.085407  -0.035902   0.158233  -0.129553  -0.087455  -0.049843
     38      -0.116948   0.129974  -0.064074  -0.033481   0.065093  -0.070577
     39      -0.135850  -0.055284  -0.468248   0.189097   0.117565  -0.253266
     40       0.077302  -0.027456  -0.109579   0.004860   0.080860   0.080703
     41       0.205822   0.033717   0.181911  -0.058301   0.030819   0.277435
     42      -0.013195  -0.259528   0.020628  -0.137289   0.068013  -0.319088
     43       0.048811  -0.165620  -0.053420  -0.019233   0.013235  -0.196890
     44      -0.061646  -0.016896   0.092810  -0.155597   0.077853  -0.086126
     45      -0.144496   0.138576   0.413067  -0.170529  -0.166112   0.260615
     46      -0.051943   0.034358   0.202928  -0.052328  -0.090928   0.109463
     47       0.056372   0.000281   0.077688  -0.083523  -0.214590   0.048020
     48       0.130834   0.013528  -0.106572   0.012605   0.105307  -0.070011
     49      -0.012052  -0.152808   0.149189   0.033638   0.006088  -0.001761
     50      -0.079670  -0.070391   0.114817   0.020584  -0.077313   0.023020
     51      -0.081452   0.104647  -0.082767  -0.312571  -0.190577   0.247766
     52       0.032642   0.034866  -0.093007   0.040742  -0.027283  -0.085324
     53       0.091634   0.003666  -0.082346   0.197080   0.088826  -0.243998
     54      -0.188021  -0.042126   0.029598  -0.022805  -0.098594  -0.111398
     55      -0.002126  -0.044749  -0.144176  -0.077423   0.015714  -0.062649
     56       0.076237  -0.078936  -0.402968  -0.188671   0.075555  -0.122324
     57       0.140897   0.248604   0.116510  -0.237697  -0.227192  -0.148196
     58      -0.400685  -0.073102  -0.045633  -0.124330   0.044432  -0.173770
     59       0.097716   0.106280   0.001322  -0.009233  -0.078385   0.021754
     60      -0.091861  -0.381468   0.038420   0.109829   0.223911   0.112379
     61      -0.246833   0.213409  -0.066600   0.081316  -0.229676   0.117119
     62      -0.041772  -0.411730   0.019378   0.145661   0.184161   0.120731
     63       0.071596   0.227917   0.120394  -0.318415   0.092549  -0.231625
     64      -0.217396   0.068912  -0.065967   0.037319   0.012681  -0.039349
     65       0.044439  -0.013690   0.060367  -0.093699   0.093587  -0.034204
     66       0.127917   0.043068   0.064694  -0.157107   0.074255  -0.173338
     67       0.064340  -0.178668  -0.067172   0.188944  -0.129656   0.123773
     68       0.088192   0.101391   0.065798  -0.161882   0.159139  -0.114726
     69       0.160177  -0.143413  -0.068180   0.211211  -0.527595   0.080301
     70       0.511297   0.151480   0.053377  -0.151777   0.061979  -0.111078
     71       0.014135   0.030608   0.017099  -0.043790   0.001378  -0.038420
                 36         37         38         39         40         41    
      0      -0.047605  -0.011586   0.012350   0.011020   0.005939  -0.004087
      1       0.107337  -0.015967   0.043320   0.029653   0.008912   0.054595
      2      -0.021446   0.013616  -0.053155  -0.034200  -0.011988   0.002894
      3       0.023992   0.013559  -0.020562  -0.032896  -0.016248   0.015980
      4      -0.102428   0.008659  -0.035641  -0.034606  -0.011476   0.014944
      5       0.024603   0.024689   0.065540   0.016374   0.004434  -0.024800
      6       0.038098   0.155774  -0.048194   0.008496   0.001014   0.101062
      7       0.219723  -0.053156  -0.018284   0.015268   0.003838  -0.094465
      8      -0.056417  -0.127084  -0.121461   0.057824   0.026164  -0.010763
      9       0.025804   0.018991   0.001911   0.039886   0.005912  -0.016462
     10      -0.117238   0.071822   0.031565   0.039494   0.012963   0.006213
     11       0.043536   0.037326   0.027021  -0.004180  -0.007351   0.022161
     12      -0.044305  -0.020934  -0.003788  -0.014639   0.000925  -0.001245
     13       0.085657  -0.068301  -0.013056  -0.042909  -0.010818   0.058690
     14      -0.062081  -0.023580  -0.015351  -0.011010  -0.000746  -0.034259
     15       0.018487   0.018835  -0.007110   0.001102  -0.002615   0.007767
     16      -0.067669   0.037974  -0.000045   0.012304   0.003652  -0.048502
     17       0.033355   0.022704   0.050449   0.038227   0.009623   0.011987
     18      -0.087117  -0.140496   0.039945   0.020716  -0.013554  -0.010015
     19      -0.023019   0.021916   0.007588  -0.003828  -0.016257   0.007386
     20      -0.011276  -0.015878   0.051908   0.013255  -0.014609   0.035155
     21       0.076916   0.060100   0.010194  -0.023714  -0.002513  -0.019519
     22      -0.056727  -0.087016  -0.010684   0.015505   0.068771   0.021429
     23       0.040460   0.037474  -0.086979  -0.004535   0.044872  -0.023051
     24      -0.000071   0.127644  -0.100599   0.038940  -0.023757   0.026809
     25       0.024262   0.065817   0.014160  -0.022014  -0.043377  -0.001008
     26       0.000798   0.033461   0.066096  -0.043184   0.006218  -0.012218
     27      -0.027142  -0.140623   0.083648  -0.027850   0.021712  -0.021545
     28      -0.052830   0.034275  -0.020319   0.008350   0.003218   0.021143
     29       0.006544  -0.024486   0.013803   0.006954  -0.032087  -0.003661
     30       0.115170   0.133093   0.204548   0.113705   0.041983  -0.151104
     31       0.033443   0.069991   0.122873   0.068211   0.024219  -0.065056
     32      -0.298606   0.145185   0.019657  -0.009578   0.000001  -0.193748
     33      -0.102352  -0.170538  -0.332472  -0.221809  -0.074382  -0.044820
     34      -0.158548  -0.081505  -0.148006  -0.097124  -0.028273  -0.069099
     35       0.116063  -0.068319  -0.216451  -0.148221  -0.056450   0.058287
     36       0.115570  -0.426053   0.154010   0.361192   0.149507   0.054538
     37       0.180066   0.030588   0.124113   0.020618   0.001724  -0.017307
     38      -0.061859   0.295778  -0.060352  -0.228684  -0.097339  -0.042260
     39      -0.127681   0.111552  -0.104404  -0.101925  -0.039277  -0.414207
     40      -0.169891   0.007393  -0.088518  -0.052270  -0.014861  -0.001496
     41      -0.088015  -0.083617  -0.048079   0.026286   0.016644   0.297801
     42      -0.069557  -0.158988   0.121995  -0.370849  -0.077026   0.310218
     43       0.095415  -0.136253   0.034595  -0.182153  -0.040838   0.138803
     44      -0.188486   0.037835   0.122195  -0.170960  -0.033793   0.179718
     45       0.009574   0.067078  -0.040466   0.059828   0.013336  -0.406685
     46       0.011959  -0.001401  -0.035016   0.030756   0.008082  -0.215203
     47       0.306435  -0.136657  -0.077438  -0.041339  -0.022457  -0.202400
     48      -0.210258   0.297265   0.260480   0.223570   0.056104  -0.102428
     49      -0.203047  -0.060149  -0.027785  -0.037995  -0.000363  -0.068856
     50       0.084100  -0.239219  -0.186220  -0.173266  -0.039586   0.048595
     51       0.289124  -0.189151  -0.167837  -0.120017  -0.044006  -0.076760
     52       0.214407  -0.073078   0.005992  -0.051041  -0.017880   0.110666
     53       0.073046   0.087537   0.148701   0.048152   0.012159   0.161546
     54       0.324759  -0.130045   0.072533   0.003147  -0.000440   0.150305
     55       0.005366   0.048069   0.086808   0.034061   0.010805  -0.002839
     56      -0.059785   0.192197   0.198633   0.092796   0.024967  -0.010923
     57      -0.178277  -0.035364   0.148132  -0.176861  -0.001220  -0.027028
     58      -0.067161  -0.161632  -0.200863  -0.002772   0.063582  -0.120479
     59      -0.027401   0.006884   0.082278  -0.030555  -0.009803   0.032463
     60       0.066852   0.064483  -0.014018   0.074926   0.054699   0.083233
     61       0.055892  -0.061073   0.392630  -0.266192  -0.221397  -0.229827
     62       0.048341   0.051718  -0.035541   0.108701   0.074315   0.106363
     63       0.002530   0.029878  -0.161130  -0.100796   0.113747  -0.112745
     64      -0.061488  -0.196306  -0.128780   0.256999   0.090416   0.142206
     65       0.042865   0.086100  -0.008192  -0.129067   0.029944  -0.084436
     66       0.102642  -0.019446  -0.222116   0.301032  -0.525347  -0.034670
     67       0.100032   0.055702   0.122944   0.051094  -0.400923  -0.063429
     68       0.009787  -0.037335  -0.126302   0.077374  -0.036265   0.001914
     69       0.178550   0.255177   0.068536  -0.229110   0.554693  -0.076445
     70       0.148774   0.114545  -0.178909  -0.027147   0.306458  -0.022003
     71      -0.003163   0.004535  -0.044825   0.025585  -0.017792   0.003806
                 42         43         44         45         46         47    
      0       0.002198  -0.038787  -0.086661  -0.066186   0.077917   0.006653
      1      -0.025797   0.020423   0.001438  -0.037224   0.021916  -0.004185
      2       0.010289   0.001892  -0.014732  -0.053863   0.011798  -0.018399
      3       0.025069   0.031078   0.097571  -0.048136  -0.081806  -0.093007
      4       0.005334   0.021618  -0.013670   0.006599   0.002339  -0.012485
      5       0.015290  -0.009767  -0.049273   0.072752   0.017251   0.045944
      6      -0.034813  -0.082559   0.002777   0.002095   0.064070   0.090260
      7       0.029325   0.011157   0.016303  -0.018696  -0.017982   0.034664
      8      -0.109168  -0.014718   0.045487  -0.061997   0.012144  -0.012100
      9      -0.033526   0.027885  -0.093213   0.047145  -0.076671  -0.092316
     10      -0.035488   0.023142  -0.020822   0.040845  -0.006647  -0.042399
     11       0.004840  -0.003565  -0.050907   0.061911  -0.019307  -0.033064
     12      -0.000338  -0.038957   0.082440   0.060482   0.079922   0.006681
     13      -0.003630   0.014090  -0.011026  -0.008332   0.007678   0.009492
     14       0.020787  -0.014834  -0.007089  -0.060353  -0.022992   0.016497
     15      -0.008160   0.055532   0.001342   0.001280  -0.017046   0.007908
     16       0.019627  -0.062069  -0.004603  -0.006193  -0.015003  -0.012538
     17      -0.011121   0.024583  -0.011572  -0.018756   0.004574   0.004498
     18       0.013239   0.011360   0.000659  -0.009697  -0.001007  -0.020935
     19      -0.004333  -0.001105  -0.001655   0.001073   0.015859  -0.026015
     20       0.086586   0.007445  -0.001416   0.017135  -0.012329   0.015674
     21       0.000523   0.001850  -0.000237   0.004105   0.032591  -0.033578
     22       0.031986   0.009865  -0.000074  -0.001044  -0.073797   0.101980
     23      -0.038610  -0.005858   0.004272  -0.011952   0.050026  -0.071456
     24      -0.004796  -0.007160  -0.001108   0.000080  -0.046061   0.022591
     25      -0.055837  -0.012069   0.000740  -0.004442  -0.035381   0.000826
     26      -0.026593  -0.001053  -0.002256   0.000386  -0.012966   0.019624
     27       0.000838   0.018522  -0.000443  -0.000886  -0.013696  -0.019320
     28       0.005115  -0.004773  -0.002132   0.003740   0.016286  -0.002381
     29       0.008357   0.003320  -0.002510   0.003203  -0.005574   0.001941
     30       0.049968  -0.344794   0.410535   0.232302  -0.361736  -0.078600
     31       0.019434  -0.166684   0.167892   0.103447  -0.132116  -0.032611
     32       0.093271  -0.259012   0.090867   0.098521  -0.090327  -0.043732
     33      -0.016002   0.344849   0.046956   0.450342  -0.109166   0.158892
     34       0.002436   0.100938   0.029001   0.250517  -0.097116   0.091110
     35      -0.023796   0.278047   0.080974   0.187306  -0.062183   0.042321
     36      -0.248701  -0.189583  -0.088328   0.213619   0.138377   0.253803
     37       0.033845   0.013850   0.020759   0.123847  -0.011336   0.110265
     38       0.176991   0.120204   0.061238  -0.091753  -0.111361  -0.166971
     39       0.128378   0.074636  -0.423542   0.161714   0.229246   0.297771
     40      -0.001279   0.028714  -0.064067   0.024172   0.060644   0.066749
     41      -0.110570  -0.037800   0.244875  -0.083760  -0.066726  -0.065077
     42       0.176512  -0.152291   0.084054  -0.212629   0.113917   0.252626
     43       0.085025  -0.056997   0.006696  -0.135293   0.042101   0.159649
     44       0.083939  -0.082332   0.073915  -0.010215   0.093795   0.082449
     45       0.174600   0.074468   0.400019  -0.154214   0.219432   0.273096
     46       0.086019   0.043128   0.221462  -0.088831   0.102013   0.112761
     47       0.140214   0.003141   0.162420  -0.071108   0.030586   0.059287
     48       0.005938   0.358043  -0.034786  -0.443523  -0.123597   0.156680
     49       0.059736  -0.098008   0.035603  -0.058535  -0.026936   0.038605
     50       0.013031  -0.268003   0.065766   0.281773   0.114162  -0.084529
     51       0.165273  -0.348516  -0.408311  -0.195259  -0.380314  -0.077367
     52      -0.007420   0.043839  -0.067981  -0.008343  -0.044060   0.003137
     53      -0.113993   0.291899   0.170986   0.124833   0.157420   0.048477
     54      -0.059118   0.167527  -0.002030  -0.004815   0.001171   0.020861
     55       0.000928  -0.033740   0.061211   0.053276  -0.003474  -0.009042
     56      -0.010736   0.015893   0.162630   0.142062   0.002860   0.008776
     57      -0.030716   0.030269  -0.023859   0.084986  -0.071121   0.091865
     58      -0.200400   0.009582   0.034042  -0.046789   0.028503  -0.071769
     59       0.081594   0.012414  -0.009434   0.039901  -0.034829   0.048436
     60       0.182574   0.026965  -0.011436   0.039705  -0.105214   0.151017
     61      -0.299208  -0.024459   0.004770  -0.025631   0.287708  -0.336289
     62       0.204485   0.027528  -0.013790   0.044014  -0.118617   0.163327
     63      -0.291147  -0.023674   0.010432  -0.056389  -0.050261   0.097853
     64       0.518486   0.065979  -0.016480   0.083069   0.293409  -0.447896
     65      -0.279747  -0.032242   0.012382  -0.053483  -0.139938   0.212070
     66       0.116750  -0.001843   0.016113   0.001056   0.175709   0.062257
     67      -0.039939  -0.023648   0.009544  -0.003348   0.175045   0.012612
     68       0.033304   0.007165   0.003218  -0.001721  -0.028183   0.027059
     69       0.106151   0.031251  -0.015297   0.019082   0.196471  -0.068325
     70       0.093358  -0.000146   0.001411   0.005875   0.269140  -0.171061
     71      -0.001672  -0.003862   0.001961  -0.001789   0.021134  -0.012019
                 48         49         50         51         52         53    
      0       0.077173   0.012253   0.004330  -0.005195   0.013556   0.003439
      1       0.028318   0.000478   0.004216   0.004194   0.020657   0.017218
      2       0.044242   0.001551   0.007893  -0.019427  -0.054064  -0.060095
      3       0.029573  -0.028001  -0.012303  -0.001250   0.000424   0.003406
      4      -0.003428  -0.011421  -0.047883   0.053780  -0.012937  -0.012354
      5      -0.031406   0.010431  -0.028911   0.044350  -0.009439  -0.006591
      6      -0.054609   0.021184  -0.003123   0.030181  -0.003958  -0.006494
      7       0.047949   0.043301  -0.003487   0.008020  -0.000646   0.002157
      8      -0.025408  -0.012193  -0.004500  -0.005681   0.001434   0.003341
      9       0.025937  -0.027824   0.022368   0.003295   0.000130   0.002645
     10       0.018397  -0.016386   0.022171   0.010774   0.000832  -0.004738
     11       0.030705  -0.004554  -0.058581  -0.059799  -0.004396   0.010182
     12       0.083285   0.013191  -0.006028  -0.007223  -0.012698   0.002740
     13      -0.008619   0.000117   0.001682   0.006514  -0.050216   0.055092
     14      -0.053245  -0.001340   0.007827   0.003694  -0.025059   0.036118
     15      -0.029951  -0.001276   0.000046   0.002341   0.000328   0.005231
     16       0.002468  -0.002744  -0.002775  -0.003995  -0.002711   0.003637
     17      -0.002565   0.001300  -0.007929   0.001226  -0.009062  -0.001841
     18       0.001780   0.004424   0.009919  -0.002518   0.008260  -0.004037
     19      -0.017366   0.008588   0.001841   0.000306   0.000770  -0.001066
     20       0.014321   0.005973  -0.000502   0.002118  -0.000792  -0.000699
     21      -0.019376  -0.010146  -0.001902  -0.000265  -0.002021  -0.001639
     22       0.066342  -0.067381   0.002817  -0.002570   0.002342  -0.002373
     23      -0.045450   0.036997   0.005364   0.002545   0.003915  -0.003180
     24       0.019905   0.091375  -0.000270   0.001952   0.000538   0.001023
     25       0.008374   0.127318  -0.001194   0.010249  -0.000219   0.002917
     26       0.011881  -0.021698  -0.000420  -0.001403   0.000200  -0.000373
     27       0.009441   0.009294   0.000719  -0.002166   0.000481  -0.000115
     28      -0.014310  -0.043047   0.000944  -0.003793  -0.000151  -0.001286
     29       0.006207   0.008084   0.002229   0.000938   0.000074   0.000154
     30      -0.277791  -0.055314   0.003017  -0.060985  -0.224778  -0.182110
     31      -0.099621  -0.027833  -0.031114   0.041960   0.148091   0.163403
     32      -0.037916  -0.027686  -0.081480   0.106143   0.414098   0.406334
     33      -0.342788   0.001598  -0.023001   0.073117   0.059593   0.073283
     34      -0.228353   0.008891   0.040902  -0.072067  -0.396750  -0.371603
     35      -0.129298  -0.013969  -0.046085   0.109952   0.295499   0.288182
     36      -0.241739   0.048589  -0.078403   0.130108  -0.009973   0.005617
     37      -0.101092   0.056804   0.437175  -0.478115   0.110748   0.094364
     38       0.131963  -0.038954  -0.019589  -0.000964  -0.014160  -0.018931
     39       0.003704   0.132591   0.226739  -0.216355   0.032292   0.010561
     40      -0.030074   0.025519   0.149473  -0.159840   0.031706   0.019843
     41      -0.080174  -0.024685   0.373801  -0.444611   0.102629   0.086327
     42      -0.236645   0.036316   0.056634   0.094088  -0.008638   0.008936
     43      -0.162291   0.051853  -0.397717  -0.331279  -0.026526   0.078319
     44      -0.031596  -0.007323   0.307230   0.288818   0.006261  -0.045340
     45       0.009995   0.136678  -0.290708  -0.218448   0.003928   0.011604
     46       0.027201   0.049358   0.142726   0.151278   0.013059  -0.036880
     47       0.071136   0.024951   0.413234   0.387382   0.019833  -0.068093
     48      -0.375654   0.005035   0.020990   0.048983  -0.059898   0.081390
     49      -0.078022   0.008779  -0.066706  -0.037689   0.480055  -0.492845
     50       0.255887   0.002996  -0.006628  -0.032497  -0.042511   0.035474
     51      -0.292603  -0.063365   0.002574  -0.016140   0.216260  -0.183757
     52      -0.048606  -0.006978  -0.031895  -0.006412   0.162083  -0.159904
     53       0.109195   0.031725  -0.087178  -0.029387   0.396651  -0.438931
     54      -0.037812  -0.004252  -0.000583   0.034416  -0.002680   0.010447
     55       0.010915  -0.004328   0.041844   0.004890   0.006151   0.003807
     56       0.000661  -0.000718   0.108084  -0.005882   0.017429   0.004174
     57       0.069778  -0.035169  -0.091983  -0.032816  -0.078467   0.053582
     58      -0.027771   0.004683  -0.015255  -0.013061  -0.006156   0.006893
     59       0.036702  -0.004842  -0.024580  -0.005964  -0.020876   0.013384
     60       0.099695  -0.124979  -0.015756  -0.013627  -0.010440   0.012743
     61      -0.228749   0.010915  -0.000911  -0.008721   0.000212   0.007174
     62       0.102190  -0.134432  -0.019059  -0.019648  -0.010392   0.023182
     63       0.034488  -0.191047   0.003522  -0.018160   0.009113   0.013760
     64      -0.240347   0.264242  -0.014248  -0.004947  -0.014795   0.014033
     65       0.114287  -0.137508   0.013738   0.004271   0.012663  -0.012476
     66      -0.030325  -0.540668  -0.001452  -0.016398  -0.004855   0.002870
     67      -0.068695  -0.445163  -0.002484  -0.029011  -0.002237  -0.013480
     68       0.031723   0.030247  -0.000553   0.018639  -0.001484   0.013157
     69      -0.069694  -0.395580   0.001929  -0.007099  -0.000409   0.005308
     70      -0.165080  -0.300611   0.004524  -0.029379   0.002600  -0.018582
     71      -0.018256  -0.038735   0.000744  -0.011958   0.001650  -0.008146
                 54         55         56         57         58         59    
      0      -0.002590  -0.000877  -0.014316  -0.002469  -0.000482  -0.002137
      1      -0.000805  -0.008712  -0.053608  -0.006901   0.000125  -0.000141
      2      -0.004255  -0.000142  -0.014695   0.000222   0.000985   0.004570
      3       0.001266  -0.000795   0.001357  -0.000692  -0.002215  -0.004311
      4       0.007820  -0.010544  -0.001360   0.002303  -0.002224  -0.014372
      5       0.009612  -0.014609   0.001689   0.001121  -0.003993  -0.009702
      6      -0.011385   0.007129  -0.003563   0.008154  -0.000256  -0.001968
      7      -0.022054   0.008358  -0.003998  -0.012937  -0.001253   0.000907
      8      -0.034244   0.052909  -0.020447  -0.008898   0.000851  -0.000159
      9      -0.000971   0.004958  -0.001028  -0.002981   0.001068   0.000761
     10       0.000297   0.002935   0.001137   0.001003   0.001533   0.000918
     11       0.015029  -0.015341  -0.000080   0.002650  -0.004072  -0.002336
     12       0.003444  -0.003719   0.015795   0.002886   0.000246   0.000916
     13       0.003326   0.002654   0.032798   0.002246   0.000461   0.001171
     14       0.003086  -0.009461  -0.044103  -0.006353   0.000526   0.001555
     15      -0.000085   0.000093  -0.001402  -0.000245  -0.000024   0.000027
     16      -0.002078   0.008803   0.035080   0.003743  -0.000040   0.000043
     17      -0.005171   0.022835   0.093138   0.009791   0.000014   0.000054
     18       0.053056  -0.061168   0.017334   0.018288   0.000458   0.000835
     19       0.009868  -0.006015   0.002960  -0.000194  -0.000668  -0.000478
     20       0.005595  -0.010140   0.005493   0.002113   0.000198  -0.000518
     21       0.042924   0.055336  -0.006847  -0.043403   0.042430   0.018299
     22       0.045318  -0.004046   0.007335  -0.027493   0.027002   0.025593
     23       0.043118  -0.008264   0.004974  -0.005309   0.018999   0.029316
     24      -0.023483  -0.031226   0.011588  -0.043334  -0.024681   0.029923
     25       0.008310   0.021511  -0.013376   0.063700   0.032054  -0.043056
     26      -0.000972  -0.007787   0.003323  -0.018588  -0.001000  -0.018715
     27      -0.002729  -0.006989   0.002451  -0.006453  -0.002189   0.002339
     28       0.005033   0.004561  -0.001217   0.005496  -0.000258   0.000221
     29       0.000043  -0.004878   0.000885  -0.000342  -0.000461   0.000694
     30      -0.002324   0.039098   0.152642   0.025667  -0.001726  -0.009925
     31      -0.001590   0.018094   0.058670   0.000056   0.006750   0.034757
     32      -0.007303   0.042839   0.165178   0.001607  -0.002695  -0.013311
     33       0.028766  -0.033398  -0.018087  -0.000625   0.008583   0.036282
     34       0.019175  -0.020823   0.011334   0.019127  -0.007507  -0.032049
     35       0.009403  -0.022619  -0.070888  -0.017843  -0.010215  -0.042554
     36      -0.001837   0.021896  -0.018627  -0.011435   0.033343   0.098821
     37      -0.003153   0.033581   0.060137   0.011245   0.003679   0.010497
     38       0.012851  -0.030229   0.011225   0.007030   0.054622   0.164311
     39      -0.009478   0.010861   0.058178   0.001762  -0.007839  -0.043956
     40      -0.001608   0.011133   0.022725   0.007253   0.024169   0.156909
     41      -0.016800   0.059779   0.032725   0.013824  -0.007812  -0.051717
     42       0.012887  -0.024700   0.017114   0.010288  -0.024169  -0.013938
     43       0.056956  -0.054499  -0.034067   0.008732   0.023548   0.013615
     44      -0.021777   0.011075   0.043710   0.005848   0.029026   0.016076
     45       0.030801  -0.055064  -0.050589  -0.003621   0.011244   0.008252
     46      -0.025184   0.009080   0.008266  -0.006898  -0.039905  -0.025936
     47      -0.060539   0.037798   0.040490  -0.014280   0.017454   0.012443
     48      -0.008871   0.021984   0.025415  -0.003726  -0.004726  -0.014068
     49      -0.043694   0.034694  -0.074807   0.002168  -0.000503  -0.002125
     50       0.017329  -0.032027  -0.043912  -0.001786  -0.007831  -0.021986
     51      -0.016884  -0.002653  -0.170659  -0.014546   0.001724   0.002802
     52      -0.017854   0.030609   0.056801   0.009473  -0.005044  -0.011717
     53      -0.042797   0.068125   0.141855   0.025034   0.002058   0.004227
     54       0.000910   0.002400   0.015391   0.001028   0.000116  -0.000532
     55       0.018591  -0.079198  -0.310639  -0.031894   0.000110  -0.000236
     56       0.048363  -0.208040  -0.819624  -0.084041  -0.000098  -0.000150
     57      -0.508880   0.673346  -0.189981  -0.191681   0.001758  -0.001307
     58      -0.065367   0.110065  -0.034028  -0.019217   0.004475   0.003378
     59      -0.127122   0.163224  -0.043922  -0.047987  -0.002106   0.008254
     60      -0.225114  -0.056771  -0.006667   0.080161  -0.470095  -0.189800
     61      -0.228553  -0.127661  -0.004995   0.203441  -0.050209  -0.022909
     62      -0.471907  -0.233273   0.003273   0.266775   0.270878   0.115338
     63      -0.418778  -0.395681   0.037596   0.341607  -0.022979  -0.027767
     64      -0.204799   0.046699  -0.034248   0.076107  -0.260168  -0.252336
     65       0.198310  -0.014590   0.024926  -0.078868  -0.498485  -0.475369
     66       0.127440   0.185675  -0.067864   0.249121   0.222372  -0.327632
     67      -0.082317  -0.088786   0.051367  -0.277810  -0.268253   0.400685
     68       0.170765   0.223101  -0.101614   0.451193  -0.334186   0.485407
     69       0.188916   0.205540  -0.079754   0.342853   0.089159  -0.060646
     70      -0.111719  -0.178981   0.084439  -0.399509  -0.104719   0.075306
     71      -0.089193  -0.132030   0.058205  -0.267581   0.347231  -0.259516
                 60         61         62         63         64         65    
      0       0.005109  -0.012154  -0.012679   0.010390  -0.000616  -0.014998
      1      -0.000642  -0.002417  -0.019259   0.019140   0.000055   0.022668
      2      -0.009898   0.027058   0.038564  -0.036217   0.001147   0.008540
      3       0.005651  -0.010821   0.000232  -0.000689   0.001561   0.021076
      4       0.028321  -0.040850   0.020394  -0.025672  -0.002426  -0.018036
      5       0.013429  -0.026008   0.002842  -0.004961   0.002131   0.031443
      6      -0.001003  -0.001968   0.000257  -0.001791  -0.000943  -0.000508
      7      -0.000468  -0.000355  -0.000528   0.000028   0.000665   0.000603
      8      -0.001317   0.000595  -0.001539   0.000122   0.000118   0.000815
      9      -0.012377  -0.008382   0.001033  -0.000364  -0.000046  -0.032845
     10      -0.017984  -0.006851  -0.011365  -0.014656   0.000072   0.052648
     11       0.051023   0.030011   0.009446   0.017704   0.000294   0.015425
     12      -0.008117  -0.006497   0.013275   0.011114   0.000015   0.020780
     13      -0.010211  -0.010398   0.040558   0.039887  -0.000616  -0.014803
     14      -0.013543  -0.011121   0.018770   0.017017   0.000028   0.031451
     15       0.000030   0.000039  -0.000028  -0.000120   0.000039  -0.000047
     16      -0.000073   0.000350   0.000195  -0.001500   0.000071  -0.000056
     17      -0.000242  -0.000072   0.000483   0.000580  -0.000061  -0.000352
     18       0.000142   0.000047  -0.000027   0.000231  -0.001787  -0.000317
     19      -0.000212   0.000240   0.000005   0.000124   0.000869   0.000018
     20       0.000029  -0.000412   0.000434  -0.000197   0.001820   0.000427
     21       0.008288  -0.006121   0.000810  -0.000824   0.045194   0.007459
     22       0.006818  -0.005610   0.000375  -0.001160  -0.006102  -0.002352
     23       0.005621  -0.004779   0.000000  -0.001584  -0.048975  -0.010339
     24       0.003327  -0.005951   0.000132  -0.001849   0.006070   0.000928
     25      -0.005126   0.008129  -0.000190   0.002166  -0.010075  -0.000877
     26      -0.004675   0.004141  -0.000670   0.001808   0.061863  -0.016625
     27       0.000314   0.000020  -0.000016  -0.000004   0.000338   0.000026
     28       0.000010   0.000027   0.000004  -0.000160  -0.000278  -0.000136
     29       0.000022  -0.000154  -0.000089   0.000004  -0.000430  -0.000032
     30       0.017402  -0.055981  -0.112411   0.107268  -0.001605   0.038038
     31      -0.063566   0.208595   0.437948  -0.412995   0.006012  -0.155294
     32       0.024335  -0.083600  -0.177738   0.170829  -0.002263   0.066046
     33      -0.080019   0.201997   0.249908  -0.221411   0.008934   0.142208
     34       0.070268  -0.175979  -0.210734   0.186742  -0.007625  -0.116024
     35       0.094211  -0.236940  -0.282053   0.252915  -0.010337  -0.164957
     36      -0.156438   0.264320  -0.066095   0.091291  -0.010705  -0.187416
     37      -0.014201   0.026868  -0.006326   0.009523  -0.001929  -0.028127
     38      -0.257367   0.443189  -0.101472   0.144329  -0.016878  -0.309485
     39       0.089380  -0.127726   0.064253  -0.081168  -0.007630  -0.064238
     40      -0.319284   0.450712  -0.232797   0.290189   0.029462   0.245035
     41       0.102466  -0.145726   0.072398  -0.090607  -0.009057  -0.072756
     42       0.300528   0.184170   0.032202   0.077937   0.002155   0.291900
     43      -0.295936  -0.182537  -0.026481  -0.071214  -0.002247  -0.275545
     44      -0.364072  -0.226634  -0.032758  -0.089474  -0.003291  -0.362195
     45      -0.152363  -0.080312  -0.047739  -0.073594   0.000082   0.104240
     46       0.510938   0.266599   0.162104   0.245720   0.001170  -0.363851
     47      -0.231783  -0.120676  -0.076232  -0.114632  -0.000162   0.175402
     48       0.129461   0.108592  -0.259027  -0.234629   0.001559  -0.198316
     49       0.018423   0.016051  -0.034959  -0.033632   0.000205  -0.034861
     50       0.201610   0.169024  -0.387069  -0.352712   0.002103  -0.296547
     51      -0.029471  -0.029449   0.113989   0.111748  -0.001899  -0.052614
     52       0.105582   0.108654  -0.446772  -0.435098   0.007075   0.218833
     53      -0.040483  -0.039592   0.162237   0.154766  -0.002580  -0.074212
     54      -0.000354  -0.000785   0.000139  -0.003902  -0.000228   0.001121
     55       0.000463  -0.003246   0.000391   0.019476  -0.000602  -0.001952
     56       0.001168   0.001052   0.001948  -0.007502   0.000153   0.002541
     57       0.003521   0.002603   0.000083   0.001560   0.011343   0.004021
     58       0.001224   0.000924  -0.000633  -0.000218  -0.002892   0.001392
     59       0.000611   0.003063  -0.002016   0.001874  -0.032436  -0.007674
     60      -0.088232   0.068472  -0.008984   0.009257  -0.544570  -0.091480
     61      -0.010409   0.008609  -0.001156   0.000986  -0.072108  -0.012082
     62       0.051720  -0.039525   0.005212  -0.005119   0.305360   0.050847
     63      -0.006802   0.005162  -0.000072   0.001268   0.023229   0.005087
     64      -0.063812   0.052192  -0.002670   0.012536   0.157372   0.039230
     65      -0.122360   0.098969  -0.005230   0.024146   0.290546   0.071453
     66      -0.044411   0.064990  -0.002925   0.020160   0.088550  -0.044946
     67       0.054453  -0.078185   0.003454  -0.023806  -0.113723   0.057330
     68       0.065004  -0.094428   0.003850  -0.028744  -0.121853   0.065099
     69      -0.000036   0.010797   0.001213   0.002222  -0.160803   0.034502
     70       0.001223  -0.012575  -0.001511  -0.001677   0.210747  -0.046263
     71      -0.006707   0.043905   0.004311   0.007341  -0.614765   0.132499
                 66         67         68         69         70         71    
      0       0.024898   0.015069   0.023189  -0.024366   0.000104  -0.000495
      1      -0.037122  -0.024334  -0.042541   0.045505   0.000259  -0.004932
      2      -0.014937  -0.006937  -0.005160   0.004643   0.000117  -0.000014
      3      -0.026740  -0.008971   0.018622  -0.021577   0.000060   0.000104
      4       0.023271   0.003873  -0.022484   0.027919  -0.000786  -0.000038
      5      -0.040943  -0.014389   0.026261  -0.030692  -0.000280  -0.000063
      6      -0.001856  -0.000116  -0.000082  -0.000435  -0.000013   0.000091
      7       0.001322   0.000132   0.000419   0.001879   0.002469  -0.000091
      8      -0.000296  -0.000770   0.001461  -0.000861   0.001128   0.000036
      9      -0.022077   0.000527  -0.017388  -0.017489   0.000573   0.000139
     10       0.035761  -0.000236   0.031820   0.033177  -0.000194  -0.000002
     11       0.010976  -0.000968   0.002317   0.001814  -0.000308   0.000073
     12       0.017062  -0.002060  -0.028184  -0.023347  -0.000045  -0.000568
     13      -0.011645   0.002546   0.034440   0.030010  -0.000045  -0.003681
     14       0.026029  -0.003034  -0.040940  -0.033781   0.000009   0.003299
     15      -0.000424  -0.000146   0.000081   0.000947   0.000046   0.023874
     16       0.001048   0.000541  -0.000323  -0.003574  -0.000191  -0.062196
     17      -0.000366  -0.000054   0.000070   0.001401  -0.000108   0.023959
     18       0.000700  -0.001595   0.000205   0.000072  -0.015985   0.000036
     19      -0.000415   0.000618  -0.000071  -0.000268  -0.001174   0.000003
     20      -0.000610   0.002791  -0.000454   0.000354   0.069853  -0.000169
     21      -0.008885   0.030981  -0.003908   0.002144  -0.004018   0.000029
     22       0.002715  -0.014364   0.002362  -0.001495   0.003118  -0.000020
     23       0.012345  -0.052391   0.007745  -0.004854   0.004060  -0.000019
     24      -0.001297   0.004473  -0.000638   0.001204  -0.000366  -0.000021
     25       0.001572  -0.004926   0.000691  -0.001100   0.000311   0.000013
     26       0.019908  -0.063293   0.007441  -0.003234   0.000504  -0.000006
     27       0.000443   0.000046  -0.000016   0.000075   0.000136  -0.000007
     28      -0.000320   0.000031  -0.000062  -0.000545   0.000257   0.000048
     29      -0.000050   0.000738  -0.000360   0.000286  -0.000142  -0.000015
     30      -0.062581  -0.043976  -0.083272   0.092207  -0.000007  -0.008592
     31       0.253066   0.180261   0.350980  -0.383874  -0.000927   0.032002
     32      -0.109937  -0.077061  -0.146144   0.164522   0.000383  -0.010887
     33      -0.236533  -0.136626  -0.189840   0.195602  -0.000722  -0.005568
     34       0.193798   0.110940   0.152958  -0.158436  -0.000546   0.007748
     35       0.273347   0.157484   0.219325  -0.223422   0.000148   0.011727
     36       0.239146   0.091868  -0.142282   0.161457   0.000801  -0.002982
     37       0.034878   0.013379  -0.022118   0.024609   0.000092   0.000178
     38       0.396074   0.153525  -0.234591   0.266658   0.000245  -0.003182
     39       0.085588   0.017665  -0.074293   0.093222  -0.000646   0.001947
     40      -0.321839  -0.064698   0.286795  -0.356275   0.003421   0.003864
     41       0.094340   0.018393  -0.086806   0.106785  -0.001203  -0.000884
     42       0.197846  -0.008248   0.130058   0.128918  -0.002579  -0.003194
     43      -0.187514   0.007969  -0.121279  -0.120808  -0.000368   0.002291
     44      -0.245343   0.010661  -0.161351  -0.159604  -0.002560   0.002250
     45       0.071409   0.001302   0.072733   0.078693  -0.001740   0.001931
     46      -0.246064  -0.004928  -0.262141  -0.279163   0.000740   0.003623
     47       0.119564   0.002188   0.124152   0.133498  -0.001753  -0.001991
     48      -0.162964   0.017288   0.228118   0.184272   0.000472  -0.005148
     49      -0.027592   0.003472   0.040782   0.031017   0.000126  -0.002081
     50      -0.243654   0.026022   0.339325   0.272865   0.000416  -0.014059
     51      -0.043296   0.007219   0.104294   0.091649  -0.000001  -0.008640
     52       0.178866  -0.031286  -0.442027  -0.386756   0.000610   0.031473
     53      -0.058935   0.011624   0.153910   0.130944  -0.000274  -0.013338
     54       0.007400   0.002091  -0.000897  -0.005834  -0.000652  -0.292718
     55      -0.021087  -0.008432   0.000997   0.042965   0.002129   0.888472
     56       0.007474   0.001195  -0.010415  -0.015985  -0.000880  -0.341862
     57      -0.002811   0.013760  -0.001715   0.000841   0.233893  -0.000475
     58       0.003086  -0.005910   0.002231   0.000906  -0.036672   0.000105
     59       0.007292  -0.036640   0.005076  -0.004672  -0.967498   0.002281
     60       0.109809  -0.389956   0.050158  -0.029458   0.032915  -0.000173
     61       0.014486  -0.052033   0.006706  -0.004368   0.002644   0.000005
     62      -0.060624   0.217716  -0.028234   0.016940  -0.021421   0.000125
     63      -0.006355   0.029088  -0.004620   0.002867   0.000621   0.000008
     64      -0.046932   0.220203  -0.034809   0.021926  -0.015943   0.000126
     65      -0.085601   0.405728  -0.064287   0.040945  -0.028769   0.000143
     66       0.057694  -0.181392   0.022737  -0.015139   0.001638   0.000045
     67      -0.072932   0.229950  -0.028390   0.018209  -0.003080  -0.000056
     68      -0.082660   0.260966  -0.032321   0.021345  -0.002227  -0.000036
     69      -0.040064   0.127909  -0.014946   0.004660  -0.000524  -0.000025
     70       0.052910  -0.170921   0.019698  -0.007205   0.001521  -0.000014
     71      -0.152841   0.487866  -0.056168   0.018179  -0.003835  -0.000003
# -----------------------------------------------------------
$ THERMOCHEMISTRY_Energies
   description: The Thermochemistry energies
   geom. index: 1
   prop. index: 1
        Temperature (Kelvin)           :        298.1500000000
        Pressure (atm)                 :          1.0000000000
        Total Mass (AMU)               :        142.2020000000
        Spin Degeneracy                :          1.0000000000
        Electronic Energy (Hartree)    :       -460.1209358950
        Translational Energy (Hartree) :          0.0014162714
        Rotational Energy (Hartree)    :          0.0014162714
        Vibrational Energy (Hartree)   :          0.0046362356
        Number of frequencies          :     72      
        Scaling Factor for frequencies :          1.0000000000
        Vibrational frequencies        :     
                  0    
      0       0.000000
      1       0.000000
      2       0.000000
      3       0.000000
      4       0.000000
      5       0.000000
      6     -112.207753
      7     140.240801
      8     167.704454
      9     256.653072
     10     328.824347
     11     354.292207
     12     429.925241
     13     477.392092
     14     492.224552
     15     510.457949
     16     602.011097
     17     694.190210
     18     712.963166
     19     799.110235
     20     855.585410
     21     885.408754
     22     950.204941
     23     955.531481
     24     960.083825
     25     1002.454555
     26     1018.555361
     27     1030.770913
     28     1039.474939
     29     1042.812814
     30     1054.271615
     31     1130.678899
     32     1145.961883
     33     1171.606622
     34     1188.207694
     35     1202.846154
     36     1222.354513
     37     1235.835557
     38     1252.165481
     39     1288.714707
     40     1298.666356
     41     1320.199534
     42     1342.483936
     43     1358.693377
     44     1396.286689
     45     1400.025905
     46     1419.410761
     47     1435.267200
     48     1439.143801
     49     1455.762899
     50     1494.506297
     51     1511.124174
     52     1514.171527
     53     1527.241546
     54     1539.586960
     55     1550.292740
     56     1559.210676
     57     1564.470057
     58     2933.526778
     59     2941.783584
     60     2943.163950
     61     2947.471350
     62     2953.672106
     63     2957.237321
     64     2972.852542
     65     2988.762948
     66     2991.173655
     67     2995.320924
     68     3001.665996
     69     3004.504000
     70     3208.395030
     71     3218.742537
        Zero Point Energy (Hartree)    :          0.2182127662
        Inner Energy (Hartree)         :       -459.8952543504
        Enthalpy (Hartree)             :       -459.8943101414
        Electronic entropy             :          0.0000000000
        Rotational entropy             :          0.0138743208
        Vibrational entropy            :          0.0072443225
        Translational entropy          :          0.0138743208
        Entropy                        :          0.0404885240
        Gibbs Energy (Hartree)         :       -459.9347986653
        Is Linear                      :                 false
# -----------------------------------------------------------
$ PAL_Flags
   description: The PAL Flags
   geom. index: 2
   prop. index: 1
        Diskflag:     2
# -----------------------------------------------------------
$ SCF_Energy
   description: The SCF energy
   geom. index: 2
   prop. index: 1
        SCF Energy:     -460.0873439333
# -----------------------------------------------------------
$ DFT_Energy
   description: The DFT energy
   geom. index: 2
   prop. index: 1
   Number of Alpha Electrons                 39.0000218877 
   Number of Beta  Electrons                 39.0000218877 
   Total number of  Electrons                78.0000437754 
   Exchange energy                          -42.0367107939 
   Correlation energy                        -3.2275537425 
   Correlation energy NL                      0.0000000000 
   Exchange-Correlation energy              -45.2642645364 
   Embedding correction                       0.0000000000 
   Total DFT Energy (No VdW correction)    -460.0873439333 
# -----------------------------------------------------------
$ VdW_Correction
   description: The Van der Waals Correction
   geom. index: 2
   prop. index: 1
        Van der Waals Correction:       -0.0424548187
# -----------------------------------------------------------
$ PAL_Flags
   description: The PAL Flags
   geom. index: 3
   prop. index: 1
        Diskflag:     2
# -----------------------------------------------------------
$ SCF_Energy
   description: The SCF energy
   geom. index: 3
   prop. index: 1
        SCF Energy:     -460.0881296032
# -----------------------------------------------------------
$ DFT_Energy
   description: The DFT energy
   geom. index: 3
   prop. index: 1
   Number of Alpha Electrons                 38.9999941487 
   Number of Beta  Electrons                 38.9999941487 
   Total number of  Electrons                77.9999882975 
   Exchange energy                          -42.0332820400 
   Correlation energy                        -3.2274873232 
   Correlation energy NL                      0.0000000000 
   Exchange-Correlation energy              -45.2607693632 
   Embedding correction                       0.0000000000 
   Total DFT Energy (No VdW correction)    -460.0881296032 
# -----------------------------------------------------------
$ VdW_Correction
   description: The Van der Waals Correction
   geom. index: 3
   prop. index: 1
        Van der Waals Correction:       -0.0425530136
# -----------------------------------------------------------
$ PAL_Flags
   description: The PAL Flags
   geom. index: 4
   prop. index: 1
        Diskflag:     2
# -----------------------------------------------------------
$ SCF_Energy
   description: The SCF energy
   geom. index: 4
   prop. index: 1
        SCF Energy:     -460.0883369080
# -----------------------------------------------------------
$ DFT_Energy
   description: The DFT energy
   geom. index: 4
   prop. index: 1
   Number of Alpha Electrons                 38.9999661935 
   Number of Beta  Electrons                 38.9999661935 
   Total number of  Electrons                77.9999323870 
   Exchange energy                          -42.0311386719 
   Correlation energy                        -3.2275150567 
   Correlation energy NL                      0.0000000000 
   Exchange-Correlation energy              -45.2586537286 
   Embedding correction                       0.0000000000 
   Total DFT Energy (No VdW correction)    -460.0883369080 
# -----------------------------------------------------------
$ VdW_Correction
   description: The Van der Waals Correction
   geom. index: 4
   prop. index: 1
        Van der Waals Correction:       -0.0426528335
# -----------------------------------------------------------
$ PAL_Flags
   description: The PAL Flags
   geom. index: 5
   prop. index: 1
        Diskflag:     2
# -----------------------------------------------------------
$ SCF_Energy
   description: The SCF energy
   geom. index: 5
   prop. index: 1
        SCF Energy:     -460.0884116431
# -----------------------------------------------------------
$ DFT_Energy
   description: The DFT energy
   geom. index: 5
   prop. index: 1
   Number of Alpha Electrons                 38.9999811020 
   Number of Beta  Electrons                 38.9999811020 
   Total number of  Electrons                77.9999622041 
   Exchange energy                          -42.0306019615 
   Correlation energy                        -3.2274114329 
   Correlation energy NL                      0.0000000000 
   Exchange-Correlation energy              -45.2580133945 
   Embedding correction                       0.0000000000 
   Total DFT Energy (No VdW correction)    -460.0884116431 
# -----------------------------------------------------------
$ VdW_Correction
   description: The Van der Waals Correction
   geom. index: 5
   prop. index: 1
        Van der Waals Correction:       -0.0426271957
# -----------------------------------------------------------
$ PAL_Flags
   description: The PAL Flags
   geom. index: 6
   prop. index: 1
        Diskflag:     2
# -----------------------------------------------------------
$ SCF_Energy
   description: The SCF energy
   geom. index: 6
   prop. index: 1
        SCF Energy:     -460.0883809633
# -----------------------------------------------------------
$ DFT_Energy
   description: The DFT energy
   geom. index: 6
   prop. index: 1
   Number of Alpha Electrons                 39.0000107249 
   Number of Beta  Electrons                 39.0000107249 
   Total number of  Electrons                78.0000214498 
   Exchange energy                          -42.0318358498 
   Correlation energy                        -3.2276275993 
   Correlation energy NL                      0.0000000000 
   Exchange-Correlation energy              -45.2594634491 
   Embedding correction                       0.0000000000 
   Total DFT Energy (No VdW correction)    -460.0883809633 
# -----------------------------------------------------------
$ VdW_Correction
   description: The Van der Waals Correction
   geom. index: 6
   prop. index: 1
        Van der Waals Correction:       -0.0426933257
# -----------------------------------------------------------
$ PAL_Flags
   description: The PAL Flags
   geom. index: 7
   prop. index: 1
        Diskflag:     2
# -----------------------------------------------------------
$ SCF_Energy
   description: The SCF energy
   geom. index: 7
   prop. index: 1
        SCF Energy:     -460.0884049716
# -----------------------------------------------------------
$ DFT_Energy
   description: The DFT energy
   geom. index: 7
   prop. index: 1
   Number of Alpha Electrons                 39.0000188080 
   Number of Beta  Electrons                 39.0000188080 
   Total number of  Electrons                78.0000376159 
   Exchange energy                          -42.0322226989 
   Correlation energy                        -3.2276888952 
   Correlation energy NL                      0.0000000000 
   Exchange-Correlation energy              -45.2599115941 
   Embedding correction                       0.0000000000 
   Total DFT Energy (No VdW correction)    -460.0884049716 
# -----------------------------------------------------------
$ VdW_Correction
   description: The Van der Waals Correction
   geom. index: 7
   prop. index: 1
        Van der Waals Correction:       -0.0427185390
# -----------------------------------------------------------
$ PAL_Flags
   description: The PAL Flags
   geom. index: 8
   prop. index: 1
        Diskflag:     2
# -----------------------------------------------------------
$ SCF_Energy
   description: The SCF energy
   geom. index: 8
   prop. index: 1
        SCF Energy:     -460.0884121955
# -----------------------------------------------------------
$ DFT_Energy
   description: The DFT energy
   geom. index: 8
   prop. index: 1
   Number of Alpha Electrons                 38.9999838822 
   Number of Beta  Electrons                 38.9999838822 
   Total number of  Electrons                77.9999677645 
   Exchange energy                          -42.0326766813 
   Correlation energy                        -3.2278152868 
   Correlation energy NL                      0.0000000000 
   Exchange-Correlation energy              -45.2604919680 
   Embedding correction                       0.0000000000 
   Total DFT Energy (No VdW correction)    -460.0884121955 
# -----------------------------------------------------------
$ VdW_Correction
   description: The Van der Waals Correction
   geom. index: 8
   prop. index: 1
        Van der Waals Correction:       -0.0427808579
# -----------------------------------------------------------
$ PAL_Flags
   description: The PAL Flags
   geom. index: 9
   prop. index: 1
        Diskflag:     2
# -----------------------------------------------------------
$ SCF_Energy
   description: The SCF energy
   geom. index: 9
   prop. index: 1
        SCF Energy:     -460.0884324182
# -----------------------------------------------------------
$ DFT_Energy
   description: The DFT energy
   geom. index: 9
   prop. index: 1
   Number of Alpha Electrons                 38.9999511216 
   Number of Beta  Electrons                 38.9999511216 
   Total number of  Electrons                77.9999022431 
   Exchange energy                          -42.0326863888 
   Correlation energy                        -3.2278868991 
   Correlation energy NL                      0.0000000000 
   Exchange-Correlation energy              -45.2605732879 
   Embedding correction                       0.0000000000 
   Total DFT Energy (No VdW correction)    -460.0884324182 
# -----------------------------------------------------------
$ VdW_Correction
   description: The Van der Waals Correction
   geom. index: 9
   prop. index: 1
        Van der Waals Correction:       -0.0428349938
# -----------------------------------------------------------
$ PAL_Flags
   description: The PAL Flags
   geom. index: 10
   prop. index: 1
        Diskflag:     2
# -----------------------------------------------------------
$ SCF_Energy
   description: The SCF energy
   geom. index: 10
   prop. index: 1
        SCF Energy:     -460.0884865983
# -----------------------------------------------------------
$ DFT_Energy
   description: The DFT energy
   geom. index: 10
   prop. index: 1
   Number of Alpha Electrons                 38.9999391233 
   Number of Beta  Electrons                 38.9999391233 
   Total number of  Electrons                77.9998782466 
   Exchange energy                          -42.0317063032 
   Correlation energy                        -3.2277633832 
   Correlation energy NL                      0.0000000000 
   Exchange-Correlation energy              -45.2594696864 
   Embedding correction                       0.0000000000 
   Total DFT Energy (No VdW correction)    -460.0884865983 
# -----------------------------------------------------------
$ VdW_Correction
   description: The Van der Waals Correction
   geom. index: 10
   prop. index: 1
        Van der Waals Correction:       -0.0428329879
# -----------------------------------------------------------
$ PAL_Flags
   description: The PAL Flags
   geom. index: 11
   prop. index: 1
        Diskflag:     2
# -----------------------------------------------------------
$ SCF_Energy
   description: The SCF energy
   geom. index: 11
   prop. index: 1
        SCF Energy:     -460.0884380878
# -----------------------------------------------------------
$ DFT_Energy
   description: The DFT energy
   geom. index: 11
   prop. index: 1
   Number of Alpha Electrons                 38.9999080864 
   Number of Beta  Electrons                 38.9999080864 
   Total number of  Electrons                77.9998161727 
   Exchange energy                          -42.0317037211 
   Correlation energy                        -3.2278693702 
   Correlation energy NL                      0.0000000000 
   Exchange-Correlation energy              -45.2595730913 
   Embedding correction                       0.0000000000 
   Total DFT Energy (No VdW correction)    -460.0884380878 
# -----------------------------------------------------------
$ VdW_Correction
   description: The Van der Waals Correction
   geom. index: 11
   prop. index: 1
        Van der Waals Correction:       -0.0428864301
# -----------------------------------------------------------
$ PAL_Flags
   description: The PAL Flags
   geom. index: 12
   prop. index: 1
        Diskflag:     2
# -----------------------------------------------------------
$ SCF_Energy
   description: The SCF energy
   geom. index: 12
   prop. index: 1
        SCF Energy:     -460.0885078265
# -----------------------------------------------------------
$ DFT_Energy
   description: The DFT energy
   geom. index: 12
   prop. index: 1
   Number of Alpha Electrons                 38.9999357492 
   Number of Beta  Electrons                 38.9999357492 
   Total number of  Electrons                77.9998714984 
   Exchange energy                          -42.0312963985 
   Correlation energy                        -3.2277381401 
   Correlation energy NL                      0.0000000000 
   Exchange-Correlation energy              -45.2590345387 
   Embedding correction                       0.0000000000 
   Total DFT Energy (No VdW correction)    -460.0885078265 
# -----------------------------------------------------------
$ VdW_Correction
   description: The Van der Waals Correction
   geom. index: 12
   prop. index: 1
        Van der Waals Correction:       -0.0428355018
# -----------------------------------------------------------
$ PAL_Flags
   description: The PAL Flags
   geom. index: 13
   prop. index: 1
        Diskflag:     2
# -----------------------------------------------------------
$ SCF_Energy
   description: The SCF energy
   geom. index: 13
   prop. index: 1
        SCF Energy:     -460.0885072988
# -----------------------------------------------------------
$ DFT_Energy
   description: The DFT energy
   geom. index: 13
   prop. index: 1
   Number of Alpha Electrons                 38.9999289780 
   Number of Beta  Electrons                 38.9999289780 
   Total number of  Electrons                77.9998579559 
   Exchange energy                          -42.0312081491 
   Correlation energy                        -3.2277346120 
   Correlation energy NL                      0.0000000000 
   Exchange-Correlation energy              -45.2589427611 
   Embedding correction                       0.0000000000 
   Total DFT Energy (No VdW correction)    -460.0885072988 
# -----------------------------------------------------------
$ VdW_Correction
   description: The Van der Waals Correction
   geom. index: 13
   prop. index: 1
        Van der Waals Correction:       -0.0428403638
# -----------------------------------------------------------
$ PAL_Flags
   description: The PAL Flags
   geom. index: 14
   prop. index: 1
        Diskflag:     2
# -----------------------------------------------------------
$ SCF_Energy
   description: The SCF energy
   geom. index: 14
   prop. index: 1
        SCF Energy:     -460.0885046487
# -----------------------------------------------------------
$ DFT_Energy
   description: The DFT energy
   geom. index: 14
   prop. index: 1
   Number of Alpha Electrons                 38.9999263556 
   Number of Beta  Electrons                 38.9999263556 
   Total number of  Electrons                77.9998527113 
   Exchange energy                          -42.0311603202 
   Correlation energy                        -3.2277350217 
   Correlation energy NL                      0.0000000000 
   Exchange-Correlation energy              -45.2588953419 
   Embedding correction                       0.0000000000 
   Total DFT Energy (No VdW correction)    -460.0885046487 
# -----------------------------------------------------------
$ Mayer_Pop
   description: The Mayer population analysis
   geom. index: 14
   prop. index: 1
     Number of atoms                     : 24
     Threshold for printing              : 0.1000000
     Number of bond orders printed       : 31
  NA   - Mulliken gross atomic population
  ZA   - Total nuclear charge
  QA   - Mulliken gross atomic charge
  VA   - Mayer's total valence
  BVA  - Mayer's bonded valence
  FA   - Mayer's free valence
  ATOM       NA         ZA         QA         VA         BVA        FA
  0   0     6.3380     6.0000    -0.3380     3.6799     3.6799     0.0000
  1   0     5.7617     6.0000     0.2383     2.8538     2.8538    -0.0000
  2   0     6.9473     6.0000    -0.9473     4.9328     4.9328    -0.0000
  3   0     6.3774     6.0000    -0.3774     3.8016     3.8016     0.0000
  4   0     6.3760     6.0000    -0.3760     3.8062     3.8062     0.0000
  5   0     7.3444     7.0000    -0.3444     2.5722     2.5722     0.0000
  6   0     7.1178     7.0000    -0.1178     2.4203     2.4203    -0.0000
  7   0     6.1717     6.0000    -0.1717     3.4849     3.4849    -0.0000
  8   0     5.8958     6.0000     0.1042     3.3633     3.3633     0.0000
  9   0     8.2311     8.0000    -0.2311     1.4899     1.4899    -0.0000
 10   0     0.8155     1.0000     0.1845     0.9105     0.9105    -0.0000
 11   0     0.8391     1.0000     0.1609     0.9254     0.9254     0.0000
 12   0     0.9086     1.0000     0.0914     1.0205     1.0205     0.0000
 13   0     0.8021     1.0000     0.1979     0.8859     0.8859    -0.0000
 14   0     0.8631     1.0000     0.1369     0.9727     0.9727    -0.0000
 15   0     0.8165     1.0000     0.1835     0.9094     0.9094    -0.0000
 16   0     0.8394     1.0000     0.1606     0.9267     0.9267    -0.0000
 17   0     0.8183     1.0000     0.1817     0.9219     0.9219    -0.0000
 18   0     0.6964     1.0000     0.3036     0.8446     0.8446    -0.0000
 19   0     0.6642     1.0000     0.3358     0.8055     0.8055    -0.0000
 20   0     0.8415     1.0000     0.1585     0.9497     0.9497    -0.0000
 21   0     0.8206     1.0000     0.1794     0.9115     0.9115     0.0000
 22   0     0.8537     1.0000     0.1463     0.9445     0.9445    -0.0000
 23   0     0.8600     1.0000     0.1400     0.9345     0.9345     0.0000
      Bond orders larger than 0.1000000
           Atom A     A.N. of A          Atom B    A.N. of B              Bond order
                0             6               1            6                0.964062
                0             6               5            7                0.935898
                0             6               9            8               -0.105298
                0             6              10            1                0.989749
                0             6              11            1                0.996817
                1             6               2            6                0.702648
                1             6               6            7               -0.191093
                1             6               7            6               -0.101652
                1             6               9            8               -0.206574
                1             6              12            1                0.762596
                1             6              13            1                1.017238
                2             6               3            6                1.334421
                2             6               6            7                1.168699
                2             6               9            8                1.419894
                2             6              12            1                0.280083
                3             6               4            6                0.924395
                3             6               9            8               -0.140369
                3             6              14            1                0.901519
                3             6              15            1                0.961530
                4             6               5            7                0.915754
                4             6              16            1                0.996199
                4             6              17            1                1.000819
                5             7              18            1                0.877438
                6             7               7            6                0.854920
                6             7              19            1                0.829776
                7             6               8            6                0.883098
                7             6              20            1                0.986538
                7             6              21            1                0.952919
                8             6               9            8                0.711257
                8             6              22            1                0.956424
                8             6              23            1                0.997574
# -----------------------------------------------------------
$ VdW_Correction
   description: The Van der Waals Correction
   geom. index: 14
   prop. index: 1
        Van der Waals Correction:       -0.0428430350
# -----------------------------------------------------------
$ SCF_Electric_Properties
   description: The SCF Calculated Electric Properties
   geom. index: 14
   prop. index: 1
       Filename                          : file.scfp 
       Do Dipole Moment Calculation      : true 
       Do Quadrupole Moment Calculation  : false 
       Do Polarizability Calculation     : false 
** Dipole moment part of electric properties **
        Magnitude of dipole moment (Debye) :        2.1202497802
        Electronic Contribution:
                  0    
      0      -0.621661
      1       0.793564
      2       0.867577
        Nuclear Contribution:
                  0    
      0      -0.117345
      1      -1.161373
      2      -0.747581
        Total Dipole moment:
                  0    
      0      -0.739006
      1      -0.367810
      2       0.119995
# -------------------------------------------------------------
----------------------- !GEOMETRIES! ------------------------
# -------------------------------------------------------------
------------------------ !GEOMETRY! -------------------------
    Number of atoms:    24 
    Geometry Index:     1 
    Coordinates:
               0 C      1.863400000000   -0.010500000000   -1.181700000000
               1 C      0.584900000000   -0.827800000000   -0.941700000000
               2 C     -0.300800000000   -0.180300000000    0.142200000000
               3 C      0.548200000000    0.065600000000    1.410500000000
               4 C      1.828300000000    0.849100000000    1.082300000000
               5 N      2.629700000000    0.163300000000    0.059700000000
               6 N     -1.426200000000   -1.081400000000    0.433400000000
               7 C     -2.525100000000   -0.527200000000   -0.323600000000
               8 C     -2.173900000000    0.922300000000   -0.520000000000
               9 O     -0.790400000000    1.058900000000   -0.337600000000
              10 H      1.608500000000    0.983400000000   -1.611300000000
              11 H      2.495900000000   -0.539100000000   -1.927000000000
              12 H      0.019100000000   -0.905300000000   -1.895700000000
              13 H      0.865700000000   -1.858400000000   -0.630100000000
              14 H     -0.045700000000    0.639000000000    2.155500000000
              15 H      0.826700000000   -0.908100000000    1.871300000000
              16 H      2.434700000000    0.954900000000    2.007500000000
              17 H      1.572100000000    1.875000000000    0.736900000000
              18 H      2.909900000000   -0.779000000000    0.421900000000
              19 H     -1.686100000000   -1.017400000000    1.447100000000
              20 H     -3.493300000000   -0.644000000000    0.213600000000
              21 H     -2.589100000000   -1.044600000000   -1.305700000000
              22 H     -2.700200000000    1.549100000000    0.231800000000
              23 H     -2.456200000000    1.262200000000   -1.539200000000
------------------------ !GEOMETRY! -------------------------
    Number of atoms:    24 
    Geometry Index:     2 
    Coordinates:
               0 C      1.855824017014   -0.018227916293   -1.173503201389
               1 C      0.580786490971   -0.838641745557   -0.928587765021
               2 C     -0.286485168114   -0.206284688818    0.169832046521
               3 C      0.556493775592    0.050684944037    1.420676758828
               4 C      1.836593376832    0.830179686013    1.079004762901
               5 N      2.643079458707    0.180539749090    0.045662924948
               6 N     -1.431164411315   -1.059723832590    0.464769142228
               7 C     -2.532528717167   -0.537421242479   -0.345774946182
               8 C     -2.195765938939    0.948470948997   -0.532056773950
               9 O     -0.794979027055    1.050351632739   -0.317212779714
              10 H      1.590664126893    0.967637595739   -1.574320058591
              11 H      2.485809507012   -0.516513994018   -1.919507272897
              12 H     -0.005161060793   -0.916579229346   -1.853378854024
              13 H      0.846774442931   -1.856586534280   -0.616451587813
              14 H     -0.044563303121    0.612839889654    2.148326715102
              15 H      0.823248274995   -0.915591957576    1.871085197744
              16 H      2.448821787104    0.953465241010    1.979948641197
              17 H      1.569098183051    1.832825659052    0.724578222075
              18 H      2.949649747914   -0.724868119995    0.389651185391
              19 H     -1.671365936462   -0.978781345646    1.446564761800
              20 H     -3.489377758336   -0.681917851756    0.163440388484
              21 H     -2.572990735476   -1.061850716636   -1.307549231391
              22 H     -2.722437790760    1.574906246561    0.202355051657
              23 H     -2.439923341476    1.310787582100   -1.537453327905
------------------------ !GEOMETRY! -------------------------
    Number of atoms:    24 
    Geometry Index:     3 
    Coordinates:
               0 C      1.824579380692   -0.019609031736   -1.179676882688
               1 C      0.553701029508   -0.838762222352   -0.915051631929
               2 C     -0.287925907692   -0.208673056263    0.202896061298
               3 C      0.572054127579    0.040897165964    1.440501200137
               4 C      1.845602409384    0.821466423078    1.080522818349
               5 N      2.634438617050    0.189530378920    0.022840127022
               6 N     -1.444207836687   -1.036340724163    0.506888596395
               7 C     -2.505322597699   -0.547719590892   -0.374639930213
               8 C     -2.188380185777    0.949577705360   -0.541767856818
               9 O     -0.794532697446    1.064904901466   -0.266940093456
              10 H      1.549062238956    0.966999430010   -1.571250601654
              11 H      2.445140565533   -0.510820867228   -1.937287607964
              12 H     -0.051245374316   -0.917244326511   -1.826617140024
              13 H      0.819718267032   -1.856922019737   -0.603825428915
              14 H     -0.022542399656    0.597489729861    2.176605064849
              15 H      0.841200798738   -0.929978536792    1.878335529533
              16 H      2.476193785886    0.944702072783    1.967883239823
              17 H      1.566484958397    1.823903254695    0.734910682285
              18 H      2.975691633897   -0.709674155030    0.355206022613
              19 H     -1.708391630830   -0.909564723802    1.480358655237
              20 H     -3.484928625698   -0.721947912073    0.078108420314
              21 H     -2.474616270067   -1.076574183185   -1.333804853671
              22 H     -2.747033633810    1.563767507781    0.178267497138
              23 H     -2.394640652976    1.320292779846   -1.552361887662
------------------------ !GEOMETRY! -------------------------
    Number of atoms:    24 
    Geometry Index:     4 
    Coordinates:
               0 C      1.795270440382   -0.021690108936   -1.185092281980
               1 C      0.533703263476   -0.848305976226   -0.899784719110
               2 C     -0.290989783124   -0.214821790401    0.228100214639
               3 C      0.583809384752    0.027802801862    1.455414382754
               4 C      1.847640443476    0.817468625268    1.080761371933
               5 N      2.622192212936    0.204325426680    0.002099393260
               6 N     -1.458979560413   -1.023372546273    0.538726564485
               7 C     -2.484531458384   -0.550729549961   -0.394826464669
               8 C     -2.178058692974    0.952148492694   -0.543018341995
               9 O     -0.790225455847    1.071284012828   -0.232139181049
              10 H      1.503592549293    0.960450746945   -1.576428130647
              11 H      2.408438757554   -0.510101295133   -1.950409338083
              12 H     -0.082672394108   -0.934433074042   -1.802559604421
              13 H      0.807984925373   -1.863784219116   -0.586372759617
              14 H     -0.002513166660    0.576942012285    2.203772612119
              15 H      0.861408938629   -0.946069874997    1.880490160285
              16 H      2.494453402708    0.936771925842    1.956836731244
              17 H      1.555614555347    1.821585703481    0.750628502903
              18 H      3.006316661117   -0.681264477319    0.321322710373
              19 H     -1.748790796683   -0.834506610795    1.494970773563
              20 H     -3.485183366452   -0.752917540038   -0.003941357345
              21 H     -2.382326965716   -1.074560088057   -1.351341454947
              22 H     -2.757963958417    1.556361559408    0.168569740537
              23 H     -2.358089936266    1.331115844000   -1.555679524233
------------------------ !GEOMETRY! -------------------------
    Number of atoms:    24 
    Geometry Index:     5 
    Coordinates:
               0 C      1.795206642662   -0.020267216671   -1.185244689884
               1 C      0.538118213943   -0.853714883758   -0.898850325070
               2 C     -0.290779390504   -0.219672579282    0.225693701336
               3 C      0.583100357424    0.022032624459    1.454133740268
               4 C      1.844174456433    0.817888541109    1.082529996338
               5 N      2.620917120993    0.212919460445    0.001064971272
               6 N     -1.461296901632   -1.027208545720    0.536246584303
               7 C     -2.492182265835   -0.546458243143   -0.389510592605
               8 C     -2.175762723616    0.952988988904   -0.544982165288
               9 O     -0.787406441001    1.065886842600   -0.237159111948
              10 H      1.497010615945    0.958767337674   -1.579497771091
              11 H      2.410704886269   -0.507406005173   -1.949560514303
              12 H     -0.075270204462   -0.945559162107   -1.802956714263
              13 H      0.817885061157   -1.866856473379   -0.582626487564
              14 H     -0.003839925304    0.566271053202    2.205681036023
              15 H      0.864753452613   -0.952360979021    1.875438354379
              16 H      2.491283052521    0.933888373904    1.958926034973
              17 H      1.548567021324    1.823071459034    0.758860273076
              18 H      3.019363723890   -0.667349866003    0.317662575376
              19 H     -1.749105316117   -0.825498968657    1.490831864996
              20 H     -3.492913082946   -0.743267607943    0.004309414901
              21 H     -2.396385768383   -1.070860700848   -1.345990693273
              22 H     -2.751434257591    1.563940547812    0.164271878899
              23 H     -2.354608327785    1.328526002563   -1.559171360850
------------------------ !GEOMETRY! -------------------------
    Number of atoms:    24 
    Geometry Index:     6 
    Coordinates:
               0 C      1.774843841061   -0.001540516572   -1.187105813720
               1 C      0.517495332270   -0.833284232063   -0.895185556621
               2 C     -0.296306771621   -0.209133355658    0.247653913832
               3 C      0.595546135447    0.010022574613    1.466805994835
               4 C      1.854245694823    0.807412071514    1.090751789726
               5 N      2.614945402486    0.213415641801   -0.007849551686
               6 N     -1.461760855939   -1.018029721532    0.563086771177
               7 C     -2.483369810702   -0.556387015581   -0.381383034943
               8 C     -2.160784817929    0.938659509888   -0.581892824466
               9 O     -0.797706484336    1.081372175670   -0.183987751090
              10 H      1.476699840074    0.982073184935   -1.570138479822
              11 H      2.379703791592   -0.485066000504   -1.962499683551
              12 H     -0.102931877811   -0.912329815192   -1.796343658656
              13 H      0.798757541346   -1.850967166395   -0.595180595472
              14 H      0.021347873061    0.544660292063    2.234953764159
              15 H      0.879862625538   -0.971534129479    1.869333608214
              16 H      2.511951408908    0.906507093834    1.961619185596
              17 H      1.558410203342    1.818603642126    0.786526087993
              18 H      3.016662504404   -0.670443993252    0.293686424582
              19 H     -1.759036497264   -0.797333676359    1.510348508400
              20 H     -3.487766687638   -0.736690921942    0.011323793886
              21 H     -2.385456766140   -1.106625055421   -1.323063492510
              22 H     -2.777597908818    1.574050977246    0.067706325634
              23 H     -2.287653716153    1.272288436260   -1.619065725498
------------------------ !GEOMETRY! -------------------------
    Number of atoms:    24 
    Geometry Index:     7 
    Coordinates:
               0 C      1.765489671036    0.008303826899   -1.187532344030
               1 C      0.509477715208   -0.825010785768   -0.894054713784
               2 C     -0.297732232418   -0.206878530406    0.256846879056
               3 C      0.600763430654    0.003404531381    1.472361367055
               4 C      1.857647724316    0.803180405262    1.095385793990
               5 N      2.611749468721    0.216802625432   -0.011785965254
               6 N     -1.462450176449   -1.017411899102    0.573040153036
               7 C     -2.481729340620   -0.559697495241   -0.376109456307
               8 C     -2.151595700875    0.932264017806   -0.597563047326
               9 O     -0.802057246258    1.085404737109   -0.159859551752
              10 H      1.465217749310    0.993878093821   -1.563803598620
              11 H      2.366215572584   -0.471260746023   -1.968575098571
              12 H     -0.115021782113   -0.897905234625   -1.793005846741
              13 H      0.791576209383   -1.844861147182   -0.602529023976
              14 H      0.031325532269    0.532000302909    2.248182713189
              15 H      0.887132029369   -0.981254052241    1.865456342660
              16 H      2.520518050160    0.894299534331    1.963154847442
              17 H      1.561092312468    1.817158056909    0.801356124956
              18 H      3.017730445462   -0.667875342543    0.281055715525
              19 H     -1.762238732518   -0.788314107765    1.517606077068
              20 H     -3.486458060097   -0.725105954067    0.022250595754
              21 H     -2.392889942355   -1.124547420635   -1.309958201761
              22 H     -2.786760622188    1.585065952717    0.015148929228
              23 H     -2.246902075049    1.238060631021   -1.646968690832
------------------------ !GEOMETRY! -------------------------
    Number of atoms:    24 
    Geometry Index:     8 
    Coordinates:
               0 C      1.747557864829    0.026902474272   -1.188254874997
               1 C      0.493730486599   -0.808906817185   -0.892200420184
               2 C     -0.300943796900   -0.203098462978    0.274310363838
               3 C      0.609946866816   -0.008303474311    1.482525991608
               4 C      1.863460862844    0.795505961594    1.103158389266
               5 N      2.605433051682    0.222475375593   -0.019051407772
               6 N     -1.463915503111   -1.015824992919    0.591920051878
               7 C     -2.478973757441   -0.565592196185   -0.365925668260
               8 C     -2.131855874418    0.919373902169   -0.627318511628
               9 O     -0.811334882307    1.092241889301   -0.115086680123
              10 H      1.444025220549    1.016535619056   -1.551102894575
              11 H      2.340356648610   -0.444661411224   -1.980140807799
              12 H     -0.138733933163   -0.869861462850   -1.786642798280
              13 H      0.776898661134   -1.832867111545   -0.616842829811
              14 H      0.048846064206    0.509893833419    2.271246762398
              15 H      0.899673061059   -0.998196387056    1.859255651204
              16 H      2.535560504148    0.873805968434    1.965009846060
              17 H      1.565416672763    1.813795135315    0.826104631442
              18 H      3.016592204512   -0.664573972156    0.258557995432
              19 H     -1.767413649568   -0.775314277416    1.532475613671
              20 H     -3.484146682520   -0.704403899067    0.041297276207
              21 H     -2.405860785182   -1.156146247527   -1.285024047396
              22 H     -2.796897865086    1.601633167659   -0.083964750995
              23 H     -2.167321440055    1.175287385607   -1.694206881187
------------------------ !GEOMETRY! -------------------------
    Number of atoms:    24 
    Geometry Index:     9 
    Coordinates:
               0 C      1.732571373422    0.045365935017   -1.188399291767
               1 C      0.481332078688   -0.794145666499   -0.892019399040
               2 C     -0.303040779475   -0.201750336627    0.288212171521
               3 C      0.616946558581   -0.019006577836    1.490817459626
               4 C      1.867376074559    0.789122605889    1.110588355829
               5 N      2.599911807306    0.229297783700   -0.024482466256
               6 N     -1.464945273194   -1.017747282639    0.605150580509
               7 C     -2.480818054424   -0.569190016926   -0.353768666629
               8 C     -2.111371491008    0.906435131489   -0.654557740723
               9 O     -0.820516770065    1.095235929907   -0.077680713007
              10 H      1.425436481070    1.038899338487   -1.537391432373
              11 H      2.319077252726   -0.416723473329   -1.990412141262
              12 H     -0.158571597077   -0.844069140874   -1.781946856035
              13 H      0.765273618497   -1.821818744315   -0.632116848530
              14 H      0.061721086803    0.489588031927    2.289805725236
              15 H      0.909602507751   -1.013023776858    1.853753273407
              16 H      2.547003674596    0.856941706163    1.967313140926
              17 H      1.567742500805    1.810800369599    0.848213122370
              18 H      3.015078155276   -0.660104560189    0.238990844430
              19 H     -1.768203019452   -0.772902375845    1.544616640590
              20 H     -3.483159256038   -0.676938069531    0.069422607903
              21 H     -2.433699013429   -1.183536675666   -1.258811069035
              22 H     -2.797575628798    1.618353137270   -0.181911555945
              23 H     -2.087072287119    1.110616727689   -1.733285741747
------------------------ !GEOMETRY! -------------------------
    Number of atoms:    24 
    Geometry Index:     10 
    Coordinates:
               0 C      1.727439137751    0.060930484213   -1.187368680751
               1 C      0.478819544682   -0.783782294778   -0.895774988010
               2 C     -0.301515137873   -0.204670547604    0.292731985166
               3 C      0.619415608793   -0.026431292434    1.494818158029
               4 C      1.868639590973    0.784994104031    1.117514396857
               5 N      2.598678890480    0.236232578731   -0.024839016920
               6 N     -1.463804877302   -1.025512382213    0.604270331846
               7 C     -2.492455885771   -0.567788929911   -0.338348565797
               8 C     -2.097640373496    0.896417588316   -0.675163449005
               9 O     -0.826650039074    1.092853748374   -0.060741637416
              10 H      1.416936324519    1.058099459636   -1.522854100986
              11 H      2.311813485916   -0.389821690255   -1.997130211365
              12 H     -0.166127612755   -0.826364389912   -1.782253522730
              13 H      0.762795863628   -1.814137973950   -0.647402512211
              14 H      0.064230254330    0.476139302531    2.297552518296
              15 H      0.912947635657   -1.022486992513    1.851038068362
              16 H      2.551212880174    0.847386575555    1.972116769836
              17 H      1.568090298032    1.808496921322    0.863536716833
              18 H      3.014794086460   -0.655808361425    0.228317897286
              19 H     -1.758490605004   -0.792091913563    1.549201872809
              20 H     -3.483947879054   -0.640933953546    0.116445197973
              21 H     -2.489219356061   -1.199909099863   -1.232421073356
              22 H     -2.791564778241    1.636979701453   -0.263057784142
              23 H     -2.024297056763    1.050909357803   -1.760088370603
------------------------ !GEOMETRY! -------------------------
    Number of atoms:    24 
    Geometry Index:     11 
    Coordinates:
               0 C      1.717872996666    0.071644027506   -1.187911844764
               1 C      0.470322689366   -0.774334303740   -0.895189518254
               2 C     -0.304385413453   -0.203022376061    0.301333410667
               3 C      0.623121735053   -0.032284067779    1.499209067465
               4 C      1.870364069248    0.781480446712    1.120201144439
               5 N      2.594868878359    0.238890867832   -0.028570833576
               6 N     -1.464570491691   -1.025848077993    0.612601838994
               7 C     -2.492927327981   -0.568843433679   -0.331625109673
               8 C     -2.082881639658    0.887149377199   -0.690827159567
               9 O     -0.834267763224    1.096074616200   -0.036852909080
              10 H      1.406565424071    1.071030444949   -1.516108264339
              11 H      2.298011158289   -0.374688844957   -2.003227096503
              12 H     -0.177787701309   -0.812847469955   -1.779655933086
              13 H      0.755737729677   -1.806056952980   -0.654224048040
              14 H      0.071969118230    0.466064389597    2.307309842307
              15 H      0.918317379161   -1.030301495542    1.848452836950
              16 H      2.556821623892    0.839383581859    1.972072828442
              17 H      1.568411440076    1.806279114705    0.873144312561
              18 H      3.010644973191   -0.655223191886    0.217952905941
              19 H     -1.759779006665   -0.793131421024    1.557444636426
              20 H     -3.483419256994   -0.626664693507    0.127733320891
              21 H     -2.500179751751   -1.210973169029   -1.218455223346
              22 H     -2.785917926669    1.639293872675   -0.318051016847
              23 H     -1.976812935885    1.016628758897   -1.776657188009
------------------------ !GEOMETRY! -------------------------
    Number of atoms:    24 
    Geometry Index:     12 
    Coordinates:
               0 C      1.727414007275    0.062398746373   -1.187964759952
               1 C      0.478850102168   -0.782250773017   -0.895809459538
               2 C     -0.302662800650   -0.204509742660    0.293443364018
               3 C      0.619471304906   -0.027492702169    1.494872667777
               4 C      1.868110636853    0.784596294716    1.116298027388
               5 N      2.598971234832    0.234832081678   -0.025026777348
               6 N     -1.462869987584   -1.025580685695    0.603382875941
               7 C     -2.494644380418   -0.565579717083   -0.335455184397
               8 C     -2.094571377249    0.894819954994   -0.678787437367
               9 O     -0.828373381411    1.095655442859   -0.056188709544
              10 H      1.417990117404    1.060135268689   -1.522911355369
              11 H      2.311257430310   -0.388267259500   -1.998321637579
              12 H     -0.164465417358   -0.829067559598   -1.783258574740
              13 H      0.765070783153   -1.811557628151   -0.645236372613
              14 H      0.064402222592    0.476846278448    2.296590202793
              15 H      0.913231270220   -1.023056956285    1.852607494903
              16 H      2.549742389452    0.849830540080    1.971611354720
              17 H      1.566001185550    1.807095352996    0.859937466614
              18 H      3.010618019175   -0.659016491751    0.229842462005
              19 H     -1.755921649093   -0.801870518448    1.550991342339
              20 H     -3.485712467868   -0.639839635924    0.120536072600
              21 H     -2.491498027936   -1.195380257604   -1.231096487731
              22 H     -2.790077778014    1.634088596271   -0.266730766874
              23 H     -2.020233436310    1.052871370783   -1.763225808045
------------------------ !GEOMETRY! -------------------------
    Number of atoms:    24 
    Geometry Index:     13 
    Coordinates:
               0 C      1.725830333058    0.065467588573   -1.187713912789
               1 C      0.477330034691   -0.779409638277   -0.896368377505
               2 C     -0.302456194673   -0.204463673809    0.295074498586
               3 C      0.620248298250   -0.028675495289    1.496122406895
               4 C      1.868825168048    0.783584523489    1.117821381762
               5 N      2.598484417020    0.235816390785   -0.025289486298
               6 N     -1.462736438942   -1.026676304810    0.604164296944
               7 C     -2.495866434593   -0.566070652399   -0.333031806802
               8 C     -2.092034780442    0.892607338209   -0.682960380710
               9 O     -0.830255049688    1.095093275866   -0.052276478201
              10 H      1.416181750348    1.064012503587   -1.520082749402
              11 H      2.308844233207   -0.383404730317   -1.999622041534
              12 H     -0.167718545602   -0.823211717575   -1.782789920627
              13 H      0.762856013139   -1.809637924153   -0.648970478374
              14 H      0.065681041566    0.474260910861    2.299064164731
              15 H      0.914032218271   -1.024837029531    1.852083445666
              16 H      2.551510647671    0.847250781289    1.972381395874
              17 H      1.566858177097    1.806601240462    0.863432971820
              18 H      3.010612028758   -0.658497011677    0.227162418763
              19 H     -1.755016730158   -0.803509982886    1.552106627486
              20 H     -3.485085236295   -0.634063784625    0.127809469851
              21 H     -2.499858981321   -1.199530896094   -1.226075384481
              22 H     -2.789189596101    1.637084281606   -0.283777152505
              23 H     -2.006976373309    1.039910006716   -1.768164909148
------------------------ !GEOMETRY! -------------------------
    Number of atoms:    24 
    Geometry Index:     14 
    Coordinates:
               0 C      1.725287367361    0.066546204181   -1.187680704835
               1 C      0.476808285896   -0.778431246532   -0.896569613750
               2 C     -0.302564921379   -0.204505935380    0.295635773033
               3 C      0.620499145391   -0.029216132881    1.496454803869
               4 C      1.868895094836    0.783332724626    1.118147997972
               5 N      2.598286772009    0.236110595796   -0.025397482175
               6 N     -1.462681631749   -1.027097102318    0.604451286159
               7 C     -2.496403217588   -0.566027770186   -0.332000391326
               8 C     -2.090723612467    0.891736226257   -0.684521540353
               9 O     -0.830935865913    1.095168986847   -0.050302008515
              10 H      1.415679184874    1.065357614248   -1.519305990717
              11 H      2.308015457255   -0.381842208397   -2.000058783984
              12 H     -0.168537335768   -0.821529805538   -1.782802458407
              13 H      0.762256532053   -1.808905283682   -0.650119938312
              14 H      0.066080007499    0.473317084607    2.299746112397
              15 H      0.914448015741   -1.025508640590    1.851903603842
              16 H      2.551806963185    0.846819787357    1.972538679796
              17 H      1.566759226220    1.806404003345    0.864162754669
              18 H      3.010188142092   -0.658469805637    0.226491756894
              19 H     -1.754579201401   -0.804805252746    1.552695741250
              20 H     -3.485084513483   -0.631949941104    0.130297315528
              21 H     -2.502650758947   -1.200528657155   -1.224284568058
              22 H     -2.788495839362    1.637787633264   -0.289492431451
              23 H     -2.002253296355    1.035936921616   -1.769889913526
