-------------------------------------------------------------
----------------------- !PROPERTIES! ------------------------
-------------------------------------------------------------
# -----------------------------------------------------------
$ PAL_Flags
   description: The PAL Flags
   geom. index: 1
   prop. index: 1
        Diskflag:     2
# -----------------------------------------------------------
$ SCF_Energy
   description: The SCF energy
   geom. index: 1
   prop. index: 1
        SCF Energy:     -424.1860473484
# -----------------------------------------------------------
$ DFT_Energy
   description: The DFT energy
   geom. index: 1
   prop. index: 1
   Number of Alpha Electrons                 38.9999301895 
   Number of Beta  Electrons                 38.9999301895 
   Total number of  Electrons                77.9998603789 
   Exchange energy                          -40.0534227128 
   Correlation energy                        -3.1790469759 
   Correlation energy NL                      0.0000000000 
   Exchange-Correlation energy              -43.2324696887 
   Embedding correction                       0.0000000000 
   Total DFT Energy (No VdW correction)    -424.1860473484 
# -----------------------------------------------------------
$ Mayer_Pop
   description: The Mayer population analysis
   geom. index: 1
   prop. index: 1
     Number of atoms                     : 26
     Threshold for printing              : 0.1000000
     Number of bond orders printed       : 34
  NA   - Mulliken gross atomic population
  ZA   - Total nuclear charge
  QA   - Mulliken gross atomic charge
  VA   - Mayer's total valence
  BVA  - Mayer's bonded valence
  FA   - Mayer's free valence
  ATOM       NA         ZA         QA         VA         BVA        FA
  0   0     6.4330     6.0000    -0.4330     3.9049     3.9049     0.0000
  1   0     6.2831     6.0000    -0.2831     3.7070     3.7070     0.0000
  2   0     6.3838     6.0000    -0.3838     3.9324     3.9324     0.0000
  3   0     6.4870     6.0000    -0.4870     4.6425     4.6425    -0.0000
  4   0     6.0421     6.0000    -0.0421     2.9628     2.9628     0.0000
  5   0     6.3310     6.0000    -0.3310     3.8045     3.8045     0.0000
  6   0     7.3027     7.0000    -0.3027     2.5397     2.5397     0.0000
  7   0     6.2751     6.0000    -0.2751     3.6476     3.6476     0.0000
  8   0     7.1971     7.0000    -0.1971     2.6262     2.6262     0.0000
  9   0     6.0602     6.0000    -0.0602     3.4965     3.4965     0.0000
 10   0     0.8483     1.0000     0.1517     0.9478     0.9478     0.0000
 11   0     0.8503     1.0000     0.1497     0.9391     0.9391     0.0000
 12   0     0.8434     1.0000     0.1566     0.9310     0.9310     0.0000
 13   0     0.8566     1.0000     0.1434     0.9371     0.9371     0.0000
 14   0     0.8248     1.0000     0.1752     0.9233     0.9233    -0.0000
 15   0     0.8432     1.0000     0.1568     0.9175     0.9175     0.0000
 16   0     0.8336     1.0000     0.1664     0.9360     0.9360     0.0000
 17   0     0.8422     1.0000     0.1578     0.9650     0.9650     0.0000
 18   0     0.8624     1.0000     0.1376     0.9422     0.9422     0.0000
 19   0     0.8395     1.0000     0.1605     0.9345     0.9345     0.0000
 20   0     0.7003     1.0000     0.2997     0.8569     0.8569     0.0000
 21   0     0.8265     1.0000     0.1735     0.8872     0.8872    -0.0000
 22   0     0.8420     1.0000     0.1580     0.9179     0.9179     0.0000
 23   0     0.6724     1.0000     0.3276     0.8125     0.8125    -0.0000
 24   0     0.8429     1.0000     0.1571     0.9187     0.9187     0.0000
 25   0     0.8763     1.0000     0.1237     0.9404     0.9404     0.0000
      Bond orders larger than 0.1000000
           Atom A     A.N. of A          Atom B    A.N. of B              Bond order
                0             6               1            6                0.960261
                0             6               9            6                1.005762
                0             6              10            1                0.987366
                0             6              11            1                0.966193
                1             6               2            6                0.964683
                1             6              12            1                0.950802
                1             6              13            1                0.991177
                2             6               3            6                1.245004
                2             6               4            6               -0.148493
                2             6              14            1                0.963441
                2             6              15            1                0.912316
                3             6               4            6                0.699914
                3             6               6            7               -0.111773
                3             6               7            6                0.929846
                3             6               8            7                1.388330
                3             6              16            1                0.104492
                3             6              17            1               -0.122207
                3             6              23            1                0.175380
                4             6               5            6                0.878358
                4             6              16            1                0.909013
                4             6              17            1                1.027514
                4             6              21            1               -0.132657
                5             6               6            7                0.881086
                5             6              18            1                0.998716
                5             6              19            1                0.996182
                6             7               7            6                1.044157
                6             7              20            1                0.887617
                7             6               8            7               -0.111499
                7             6              21            1                0.995124
                7             6              22            1                0.922748
                8             7               9            6                0.753679
                8             7              23            1                0.788747
                9             6              24            1                0.961748
                9             6              25            1                0.945978
# -----------------------------------------------------------
$ VdW_Correction
   description: The Van der Waals Correction
   geom. index: 1
   prop. index: 1
        Van der Waals Correction:       -0.0477705821
# -----------------------------------------------------------
$ Hessian
   description: Details about the Hessian
   geom. index: 1
   prop. index: 1
Normal modes:
Number of Rows: 78 Number of Columns: 78
                  0          1          2          3          4          5    
      0       0.000000   0.000000   0.000000   0.000000   0.000000   0.000000
      1       0.000000   0.000000   0.000000   0.000000   0.000000   0.000000
      2       0.000000   0.000000   0.000000   0.000000   0.000000   0.000000
      3       0.000000   0.000000   0.000000   0.000000   0.000000   0.000000
      4       0.000000   0.000000   0.000000   0.000000   0.000000   0.000000
      5       0.000000   0.000000   0.000000   0.000000   0.000000   0.000000
      6       0.000000   0.000000   0.000000   0.000000   0.000000   0.000000
      7       0.000000   0.000000   0.000000   0.000000   0.000000   0.000000
      8       0.000000   0.000000   0.000000   0.000000   0.000000   0.000000
      9       0.000000   0.000000   0.000000   0.000000   0.000000   0.000000
     10       0.000000   0.000000   0.000000   0.000000   0.000000   0.000000
     11       0.000000   0.000000   0.000000   0.000000   0.000000   0.000000
     12       0.000000   0.000000   0.000000   0.000000   0.000000   0.000000
     13       0.000000   0.000000   0.000000   0.000000   0.000000   0.000000
     14       0.000000   0.000000   0.000000   0.000000   0.000000   0.000000
     15       0.000000   0.000000   0.000000   0.000000   0.000000   0.000000
     16       0.000000   0.000000   0.000000   0.000000   0.000000   0.000000
     17       0.000000   0.000000   0.000000   0.000000   0.000000   0.000000
     18       0.000000   0.000000   0.000000   0.000000   0.000000   0.000000
     19       0.000000   0.000000   0.000000   0.000000   0.000000   0.000000
     20       0.000000   0.000000   0.000000   0.000000   0.000000   0.000000
     21       0.000000   0.000000   0.000000   0.000000   0.000000   0.000000
     22       0.000000   0.000000   0.000000   0.000000   0.000000   0.000000
     23       0.000000   0.000000   0.000000   0.000000   0.000000   0.000000
     24       0.000000   0.000000   0.000000   0.000000   0.000000   0.000000
     25       0.000000   0.000000   0.000000   0.000000   0.000000   0.000000
     26       0.000000   0.000000   0.000000   0.000000   0.000000   0.000000
     27       0.000000   0.000000   0.000000   0.000000   0.000000   0.000000
     28       0.000000   0.000000   0.000000   0.000000   0.000000   0.000000
     29       0.000000   0.000000   0.000000   0.000000   0.000000   0.000000
     30       0.000000   0.000000   0.000000   0.000000   0.000000   0.000000
     31       0.000000   0.000000   0.000000   0.000000   0.000000   0.000000
     32       0.000000   0.000000   0.000000   0.000000   0.000000   0.000000
     33       0.000000   0.000000   0.000000   0.000000   0.000000   0.000000
     34       0.000000   0.000000   0.000000   0.000000   0.000000   0.000000
     35       0.000000   0.000000   0.000000   0.000000   0.000000   0.000000
     36       0.000000   0.000000   0.000000   0.000000   0.000000   0.000000
     37       0.000000   0.000000   0.000000   0.000000   0.000000   0.000000
     38       0.000000   0.000000   0.000000   0.000000   0.000000   0.000000
     39       0.000000   0.000000   0.000000   0.000000   0.000000   0.000000
     40       0.000000   0.000000   0.000000   0.000000   0.000000   0.000000
     41       0.000000   0.000000   0.000000   0.000000   0.000000   0.000000
     42       0.000000   0.000000   0.000000   0.000000   0.000000   0.000000
     43       0.000000   0.000000   0.000000   0.000000   0.000000   0.000000
     44       0.000000   0.000000   0.000000   0.000000   0.000000   0.000000
     45       0.000000   0.000000   0.000000   0.000000   0.000000   0.000000
     46       0.000000   0.000000   0.000000   0.000000   0.000000   0.000000
     47       0.000000   0.000000   0.000000   0.000000   0.000000   0.000000
     48       0.000000   0.000000   0.000000   0.000000   0.000000   0.000000
     49       0.000000   0.000000   0.000000   0.000000   0.000000   0.000000
     50       0.000000   0.000000   0.000000   0.000000   0.000000   0.000000
     51       0.000000   0.000000   0.000000   0.000000   0.000000   0.000000
     52       0.000000   0.000000   0.000000   0.000000   0.000000   0.000000
     53       0.000000   0.000000   0.000000   0.000000   0.000000   0.000000
     54       0.000000   0.000000   0.000000   0.000000   0.000000   0.000000
     55       0.000000   0.000000   0.000000   0.000000   0.000000   0.000000
     56       0.000000   0.000000   0.000000   0.000000   0.000000   0.000000
     57       0.000000   0.000000   0.000000   0.000000   0.000000   0.000000
     58       0.000000   0.000000   0.000000   0.000000   0.000000   0.000000
     59       0.000000   0.000000   0.000000   0.000000   0.000000   0.000000
     60       0.000000   0.000000   0.000000   0.000000   0.000000   0.000000
     61       0.000000   0.000000   0.000000   0.000000   0.000000   0.000000
     62       0.000000   0.000000   0.000000   0.000000   0.000000   0.000000
     63       0.000000   0.000000   0.000000   0.000000   0.000000   0.000000
     64       0.000000   0.000000   0.000000   0.000000   0.000000   0.000000
     65       0.000000   0.000000   0.000000   0.000000   0.000000   0.000000
     66       0.000000   0.000000   0.000000   0.000000   0.000000   0.000000
     67       0.000000   0.000000   0.000000   0.000000   0.000000   0.000000
     68       0.000000   0.000000   0.000000   0.000000   0.000000   0.000000
     69       0.000000   0.000000   0.000000   0.000000   0.000000   0.000000
     70       0.000000   0.000000   0.000000   0.000000   0.000000   0.000000
     71       0.000000   0.000000   0.000000   0.000000   0.000000   0.000000
     72       0.000000   0.000000   0.000000   0.000000   0.000000   0.000000
     73       0.000000   0.000000   0.000000   0.000000   0.000000   0.000000
     74       0.000000   0.000000   0.000000   0.000000   0.000000   0.000000
     75       0.000000   0.000000   0.000000   0.000000   0.000000   0.000000
     76       0.000000   0.000000   0.000000   0.000000   0.000000   0.000000
     77       0.000000   0.000000   0.000000   0.000000   0.000000   0.000000
                  6          7          8          9         10         11    
      0      -0.014238  -0.063278   0.018642  -0.009151   0.005318  -0.165395
      1      -0.048863   0.150127   0.092910   0.029007   0.067640  -0.080900
      2      -0.016921  -0.155547   0.012660  -0.029361   0.039346   0.087206
      3      -0.049072  -0.123295   0.078963  -0.056945   0.066999  -0.073859
      4      -0.023042  -0.002273  -0.091403   0.126457  -0.042005   0.062270
      5      -0.001295  -0.042487   0.047844  -0.038873   0.030306  -0.042239
      6      -0.053447  -0.027795   0.069894   0.024064  -0.060063  -0.054101
      7       0.021831  -0.086508  -0.104544  -0.036116   0.024763   0.017340
      8       0.023729   0.115338   0.029260   0.019334  -0.155725  -0.084239
      9      -0.004778   0.003602   0.006860   0.006337   0.000551   0.035651
     10       0.049037  -0.061865  -0.076367  -0.020130  -0.020876  -0.024167
     11       0.030813   0.100250  -0.045600  -0.027111  -0.037864   0.028046
     12      -0.008206  -0.066733  -0.013447  -0.007592  -0.000077   0.074270
     13       0.075846   0.008308  -0.044552   0.096918   0.149910  -0.061102
     14       0.033435   0.023543  -0.052377   0.046521   0.091827   0.020927
     15       0.106417   0.033647  -0.016120  -0.003110   0.022747   0.090146
     16      -0.177502   0.049009   0.019559  -0.001388  -0.002391  -0.004035
     17      -0.142198  -0.091152  -0.015447   0.037440   0.050993   0.031887
     18      -0.029675   0.169767  -0.088992  -0.034505   0.023463   0.104826
     19       0.044509   0.002099   0.201935  -0.006825  -0.049826   0.003352
     20       0.063173  -0.079928   0.173515   0.014808  -0.010658   0.046433
     21      -0.007550   0.117587   0.068998   0.062537   0.010002   0.136436
     22       0.045692  -0.024611  -0.044184  -0.087109   0.004002  -0.050721
     23       0.031852   0.080173  -0.056588  -0.172590  -0.003714  -0.044587
     24       0.021049   0.027974  -0.024644  -0.025757   0.017916  -0.035194
     25       0.031757  -0.091743  -0.043362  -0.037404  -0.158770   0.067163
     26       0.010280   0.089333  -0.028047   0.009157  -0.008104   0.039211
     27       0.033527  -0.077718  -0.089717   0.039040  -0.081804  -0.100921
     28      -0.017596   0.048151   0.069579  -0.065558   0.024475   0.066396
     29      -0.012361  -0.028658  -0.058417   0.140511  -0.003481  -0.056438
     30      -0.030553   0.118914   0.097657   0.038097   0.054427  -0.433905
     31      -0.055144   0.186314   0.172472  -0.048554   0.124585  -0.114750
     32      -0.017860  -0.187023   0.078602  -0.145727   0.088552   0.158971
     33      -0.006485  -0.162996  -0.022762  -0.034216  -0.021461  -0.019333
     34      -0.079476   0.259004   0.150666   0.084607   0.105817  -0.262160
     35      -0.031965  -0.263274  -0.019161  -0.026117   0.019225   0.224225
     36      -0.082636  -0.090145   0.140240  -0.030639   0.101910  -0.049262
     37      -0.039324   0.009793  -0.116769   0.223105  -0.095626   0.121099
     38      -0.008619  -0.028387   0.151572  -0.169841   0.153510  -0.112280
     39      -0.038213  -0.261383   0.063305  -0.165148   0.178935  -0.035433
     40      -0.019521  -0.074307  -0.179037   0.200005  -0.103761   0.153143
     41       0.000227  -0.089789  -0.042579   0.063103  -0.058720   0.048662
     42      -0.070289   0.079017   0.067813   0.138515  -0.229378  -0.054588
     43       0.020195  -0.035507  -0.071357  -0.000182  -0.098904  -0.062862
     44       0.026649   0.163381   0.082336   0.042355  -0.301353  -0.211948
     45      -0.070687  -0.082941   0.109392   0.016011   0.002965  -0.120056
     46       0.038249  -0.180859  -0.156788  -0.115328   0.251045   0.153188
     47       0.033261   0.187942   0.013688   0.050369  -0.274825  -0.075900
     48      -0.139752  -0.125843   0.017493   0.020250   0.039435   0.077357
     49       0.231791   0.028161  -0.057262   0.216249   0.373746  -0.127346
     50      -0.078927  -0.000516  -0.037921  -0.009756  -0.014914   0.055203
     51       0.034266  -0.131390  -0.057179  -0.028065  -0.039193   0.093596
     52       0.115708   0.004484  -0.054071   0.118491   0.190646  -0.072928
     53       0.218304   0.040261  -0.078954   0.171373   0.320902  -0.051820
     54       0.480034   0.038077   0.075381   0.060001   0.103277   0.067496
     55      -0.195416   0.046540   0.082513  -0.038609  -0.062993   0.012726
     56      -0.248436  -0.087921  -0.147324   0.068588   0.114221   0.013651
     57      -0.066320   0.002617  -0.047708  -0.026592  -0.013659   0.096462
     58      -0.486762   0.108326  -0.141025  -0.034427  -0.008736   0.006971
     59      -0.288862  -0.175047   0.008809   0.013172  -0.009128   0.036107
     60      -0.080090   0.259718  -0.296648  -0.174416   0.039672   0.027842
     61       0.216824  -0.016713   0.375107   0.009936  -0.090940   0.031996
     62       0.000252  -0.069009   0.102672   0.003594   0.004997   0.034822
     63       0.014614   0.058158   0.334297   0.221223  -0.021928   0.243438
     64       0.055388  -0.050785   0.019175   0.035666  -0.008144   0.035149
     65       0.018870   0.112583  -0.118067  -0.331196   0.010869  -0.154670
     66      -0.013781   0.202835  -0.003307   0.016218   0.001396   0.138202
     67       0.025941   0.009009  -0.214435  -0.303690   0.026732  -0.211539
     68       0.020321   0.153317  -0.160743  -0.270604  -0.002655  -0.091463
     69       0.048596   0.021263  -0.069600  -0.038279  -0.014266  -0.095135
     70       0.048532  -0.128894  -0.073266  -0.041050  -0.256456   0.087081
     71       0.010184   0.135023  -0.024660   0.002824   0.094183  -0.033570
     72       0.056127  -0.012450  -0.121115   0.041845  -0.115099  -0.069306
     73      -0.030634   0.061352   0.176775  -0.248942   0.113323   0.200086
     74      -0.024734  -0.084611  -0.077188   0.212534  -0.013598  -0.135099
     75       0.053407  -0.230624  -0.186594   0.125093  -0.209158  -0.146562
     76      -0.017249   0.062484   0.016731   0.055874  -0.010593  -0.037018
     77      -0.018470   0.044967  -0.100202   0.279817  -0.009800  -0.186782
                 12         13         14         15         16         17    
      0      -0.069062   0.112764   0.028467   0.002043  -0.135104   0.031060
      1       0.071673   0.025432  -0.057216   0.011708   0.012050  -0.023801
      2      -0.056050  -0.010291  -0.039029   0.084805   0.010784  -0.005354
      3      -0.034790  -0.011271   0.064648  -0.162406   0.024005  -0.024150
      4      -0.146429   0.023411  -0.000796   0.051379  -0.034442  -0.022622
      5      -0.000587   0.083069  -0.066730   0.182702  -0.100735   0.031085
      6      -0.085862  -0.103990   0.069336  -0.111703   0.048692   0.002579
      7       0.030097   0.109055   0.163049  -0.051040  -0.017438  -0.110674
      8      -0.029009  -0.023781   0.099488   0.084541  -0.024633  -0.046710
      9       0.021545  -0.045462  -0.010883   0.011917   0.073378   0.092151
     10       0.075762  -0.005232   0.133549   0.051558  -0.001646  -0.036185
     11      -0.021431   0.107758   0.058753  -0.078648   0.038682   0.030960
     12       0.103131  -0.113937   0.027061   0.114443  -0.030581   0.083223
     13      -0.059705  -0.082843   0.008067  -0.023657   0.030600   0.043216
     14      -0.044577   0.015363  -0.025153  -0.069488  -0.052564  -0.059750
     15       0.062921  -0.076786   0.006203   0.059887  -0.086998   0.024559
     16      -0.018772  -0.011940  -0.017124  -0.002079   0.000594   0.030345
     17       0.028192  -0.040340   0.018100   0.006346  -0.041896  -0.020202
     18       0.011409   0.002084  -0.028867  -0.040368  -0.094081  -0.100674
     19      -0.011308  -0.014695  -0.030419   0.006909  -0.004142   0.039603
     20       0.007367   0.005307  -0.010493  -0.038907  -0.030207  -0.066199
     21       0.015808   0.046933  -0.009703  -0.037714  -0.045071  -0.057232
     22       0.050101  -0.087788   0.077417   0.081976  -0.038406  -0.034529
     23      -0.058171  -0.052932  -0.100214  -0.075537  -0.012837  -0.018243
     24      -0.040226   0.086835  -0.020051   0.133169   0.170124   0.008405
     25       0.041704   0.015994  -0.123275  -0.170626  -0.038659   0.062581
     26       0.037676   0.029283   0.151833  -0.086920   0.119604   0.199984
     27       0.004675   0.098878  -0.118992   0.044620   0.089834  -0.011990
     28       0.000472   0.027881  -0.110801   0.074067   0.144867  -0.033806
     29       0.130644  -0.034846  -0.073597  -0.026635   0.044252   0.010961
     30       0.119735   0.215032   0.031683  -0.037074  -0.515318   0.320006
     31       0.108238   0.065629  -0.073950   0.059081  -0.024314   0.015591
     32      -0.088677  -0.005774  -0.061909   0.158131   0.130692  -0.080614
     33      -0.158578   0.047449   0.027407  -0.000797   0.088356  -0.127879
     34       0.171948   0.047326   0.036860  -0.122699  -0.307144   0.180126
     35      -0.150609  -0.135388   0.057432  -0.061324   0.176837  -0.151543
     36      -0.003151  -0.096846  -0.058563  -0.153113   0.114549   0.025424
     37      -0.278177  -0.027483  -0.104341   0.174113  -0.108517   0.161009
     38       0.246517   0.080210  -0.022250  -0.006383   0.109127  -0.216992
     39       0.052862   0.071063   0.138947  -0.273857   0.087122  -0.180399
     40      -0.327854   0.021010  -0.023141   0.162230  -0.158568   0.138039
     41      -0.210674   0.063659  -0.104754   0.320409  -0.243464   0.231144
     42      -0.218650  -0.263936   0.140451  -0.130727   0.124186  -0.154396
     43      -0.002100  -0.063001   0.249066   0.023412   0.005513  -0.270837
     44      -0.042236  -0.250415   0.214897   0.204218  -0.008978  -0.253596
     45      -0.122766  -0.085526   0.018516  -0.046762  -0.035620  -0.034015
     46       0.131476   0.404626   0.013773  -0.131126  -0.063719   0.193291
     47      -0.032388  -0.132319   0.186439   0.060216   0.054376  -0.116977
     48       0.100837  -0.189823  -0.006969   0.115363  -0.065084   0.095138
     49      -0.205333  -0.198577  -0.099363  -0.157326   0.059210   0.080770
     50       0.030060   0.058476   0.023650   0.000872  -0.074080  -0.077993
     51       0.199915  -0.116122   0.134752   0.205169  -0.079933   0.025885
     52      -0.075534  -0.106998   0.002426  -0.038409   0.032367   0.046824
     53      -0.184868  -0.101587  -0.114830  -0.204017  -0.008387  -0.011115
     54       0.001564  -0.091629  -0.015529   0.004300  -0.112279  -0.010226
     55      -0.001038   0.005839  -0.023591   0.005359  -0.006005   0.017973
     56       0.023643  -0.064083   0.035840   0.016660  -0.024697   0.011702
     57       0.101290  -0.088204   0.022541   0.105222  -0.064771   0.070397
     58      -0.006606   0.013705  -0.010531  -0.005109  -0.000267   0.004275
     59       0.087985  -0.071141   0.044483   0.084529   0.001242   0.071329
     60      -0.017783  -0.073194  -0.063087  -0.032159  -0.096519  -0.081858
     61      -0.014429   0.034629  -0.040454  -0.025948   0.002644   0.000689
     62       0.008131  -0.012801  -0.006373  -0.028400  -0.034719  -0.058001
     63       0.029304   0.166734   0.021547  -0.057126  -0.059768  -0.122087
     64       0.098252   0.069466   0.220478   0.069941  -0.026023  -0.100430
     65      -0.126008  -0.265757  -0.299841  -0.061436  -0.036091   0.066128
     66       0.003404   0.088733  -0.039717  -0.085939  -0.071296  -0.093759
     67      -0.018728  -0.366420  -0.127994   0.116862  -0.040411   0.105315
     68      -0.091030  -0.110918  -0.185670  -0.097768  -0.033620   0.000795
     69      -0.061729   0.144134   0.077452   0.135252   0.138671  -0.027157
     70       0.040554   0.024977  -0.106227  -0.363073  -0.150156   0.230602
     71       0.021927   0.064491   0.218253   0.162317   0.244941  -0.032212
     72       0.067687   0.081861  -0.078479  -0.030300   0.224477   0.066923
     73      -0.232513   0.092003   0.146394   0.184431   0.026122   0.215997
     74       0.176828  -0.047594  -0.211309  -0.013726  -0.009061  -0.150327
     75       0.087650   0.061309  -0.340106  -0.066707   0.003484  -0.160408
     76       0.151343  -0.010649  -0.260917   0.012647   0.208003  -0.198350
     77       0.313055  -0.074006  -0.208345  -0.073750   0.169270  -0.170225
                 18         19         20         21         22         23    
      0       0.000391  -0.021612   0.097437  -0.190512   0.011890   0.052035
      1       0.011307  -0.000372  -0.007993   0.023116  -0.007630   0.044391
      2      -0.006545  -0.017033   0.056119   0.026989   0.008846  -0.087947
      3       0.042751  -0.053977  -0.055962  -0.028167  -0.002649  -0.024752
      4       0.016614   0.036898   0.034613   0.076303  -0.011112   0.047446
      5      -0.037586   0.050657  -0.067457   0.122884  -0.019664   0.065446
      6       0.007076  -0.005538  -0.108544   0.055994  -0.007385   0.023898
      7       0.008466   0.202235   0.010280   0.026970   0.008730  -0.000002
      8       0.005912   0.109066  -0.080137  -0.063685   0.009143   0.050326
      9      -0.077945   0.063595  -0.039449   0.010123   0.032784  -0.012170
     10      -0.072606  -0.075043  -0.032369  -0.018355   0.026801  -0.055732
     11       0.103216  -0.001079  -0.063066  -0.033109  -0.022766  -0.053713
     12       0.034334   0.118462   0.006463  -0.028907  -0.027938  -0.026587
     13      -0.097404   0.046921  -0.016507  -0.009135   0.113301  -0.016841
     14       0.251453  -0.109750   0.005155   0.029420  -0.019588   0.001013
     15       0.214062   0.021947   0.012787  -0.021780  -0.021045   0.015576
     16       0.111338   0.021415  -0.001979   0.006061   0.066100   0.001789
     17       0.012474  -0.028849   0.007776   0.006587   0.022951   0.030250
     18      -0.133319  -0.058282   0.001484   0.002304   0.020315   0.019598
     19       0.167151   0.040128   0.015949  -0.000668  -0.054203  -0.010753
     20      -0.208030  -0.030737  -0.007302  -0.000261   0.034664   0.015437
     21      -0.115073   0.006898   0.008642   0.003655   0.007241   0.006170
     22      -0.051071  -0.229523  -0.021261   0.020244  -0.085761   0.057750
     23      -0.051826   0.066920   0.006436  -0.012224  -0.002777  -0.057092
     24      -0.000433  -0.021381  -0.009487   0.084938  -0.000193  -0.053346
     25      -0.022324  -0.018645  -0.012076   0.008076  -0.000423  -0.056263
     26      -0.043073  -0.056863   0.068266   0.012136  -0.007073   0.083398
     27      -0.007417  -0.025057   0.062193   0.037056  -0.009256   0.046777
     28      -0.005097  -0.035940   0.046083  -0.126311   0.007315   0.004352
     29      -0.006042  -0.019743   0.072280  -0.042379   0.015336  -0.029039
     30      -0.124833  -0.062499   0.160764   0.109602   0.030441  -0.384694
     31      -0.016847  -0.024731  -0.070893   0.021953  -0.009782  -0.055891
     32       0.012775  -0.030450  -0.049912  -0.108998  -0.001820  -0.020136
     33       0.072552  -0.008842   0.065750  -0.372477   0.003243   0.290731
     34      -0.049142  -0.023418  -0.012398   0.236302   0.013794  -0.324814
     35       0.092903  -0.005340  -0.026175  -0.147333   0.010787   0.067154
     36       0.026526  -0.214700  -0.101420   0.128888  -0.024311  -0.066359
     37      -0.064322  -0.185652  -0.142125  -0.019028  -0.014345  -0.064871
     38       0.076034   0.257360   0.169079   0.442861  -0.036053   0.206456
     39       0.113119   0.107799   0.198330   0.185115  -0.008058  -0.115090
     40      -0.057557  -0.108949  -0.096401  -0.068863  -0.000933  -0.137848
     41      -0.128367  -0.132352  -0.255094  -0.068422  -0.007973  -0.110294
     42       0.080689  -0.007147   0.221855   0.216357  -0.017809  -0.111654
     43      -0.025459   0.154082   0.251649   0.109006   0.008854  -0.120942
     44      -0.067664   0.030657   0.207781   0.020733   0.011142  -0.103313
     45       0.017143  -0.066722  -0.149947   0.171768  -0.039841   0.147121
     46       0.010238   0.280973  -0.466772  -0.172666   0.031880   0.193379
     47      -0.003400   0.135899   0.103263  -0.085691   0.026676  -0.105985
     48       0.049271   0.173098   0.055039   0.022074   0.111263   0.064656
     49      -0.322069   0.294233   0.040074  -0.060720  -0.356081   0.000839
     50       0.371835  -0.228180  -0.014834   0.067975   0.255273   0.010985
     51      -0.079360   0.037553   0.001154  -0.064325  -0.026727  -0.089097
     52      -0.173724   0.089281  -0.008460  -0.029038   0.010748  -0.023493
     53      -0.060502   0.143318   0.051567  -0.044007  -0.555639  -0.002310
     54       0.465839  -0.121157   0.010493   0.091633   0.436693   0.098843
     55       0.046727   0.026120   0.001970  -0.008253  -0.053034  -0.004229
     56       0.031231   0.014711   0.002916  -0.012501   0.038885   0.010224
     57       0.090497   0.134590   0.013827  -0.088560  -0.240480  -0.029678
     58      -0.065052   0.056579  -0.000958  -0.050522  -0.203299  -0.044414
     59      -0.133683   0.148399   0.005779  -0.081541  -0.220600  -0.026626
     60      -0.000581  -0.095196   0.016694   0.028253  -0.114152  -0.033164
     61      -0.075680   0.074040  -0.002917  -0.038454   0.001445  -0.013608
     62      -0.135291  -0.050763  -0.001991   0.013712   0.016304   0.016335
     63      -0.148796  -0.006639   0.010430  -0.006477  -0.068253  -0.054528
     64      -0.056503  -0.351557  -0.041800   0.014324  -0.194631  -0.025526
     65      -0.051681   0.233705   0.034596  -0.003670   0.146727   0.062299
     66       0.080785   0.069081   0.035749  -0.025847  -0.057724  -0.066124
     67      -0.092754  -0.080772  -0.012195   0.045908   0.115656   0.233023
     68       0.071577   0.161350   0.029394  -0.026060   0.017516  -0.054542
     69       0.032181  -0.041412  -0.100587   0.114840  -0.012272  -0.113401
     70      -0.092168  -0.011440   0.138927   0.202864  -0.029143   0.309850
     71       0.066796  -0.087518  -0.183338  -0.209655   0.019038  -0.408290
     72      -0.025585  -0.050884  -0.045812   0.166562  -0.029212   0.065203
     73      -0.101280  -0.083660   0.410919  -0.065364   0.052504  -0.019249
     74       0.047147   0.016887   0.011962  -0.168944   0.012519  -0.033672
     75       0.039274   0.012270  -0.085306   0.047029  -0.027487  -0.098367
     76       0.057912  -0.005552  -0.171919  -0.207197  -0.017563   0.038216
     77       0.069769   0.011548  -0.182730  -0.164363  -0.014665   0.080586
                 24         25         26         27         28         29    
      0      -0.026743   0.013625  -0.005453   0.008067   0.021950  -0.009077
      1      -0.119598   0.029146  -0.018419  -0.011258  -0.030008  -0.002842
      2      -0.053525  -0.020914  -0.033351   0.012157  -0.069820   0.000055
      3      -0.043249   0.022357   0.009541  -0.050108  -0.024924  -0.040305
      4      -0.082314   0.006246  -0.009658   0.029831   0.061122  -0.041548
      5       0.059772   0.024607   0.053287  -0.026707   0.072759  -0.007188
      6       0.112631  -0.032786   0.005822   0.048015   0.045318   0.075598
      7       0.117801  -0.026391   0.004272  -0.016924  -0.066625   0.016424
      8      -0.038591  -0.029795  -0.061048   0.041317  -0.043786  -0.001949
      9      -0.003832  -0.043751  -0.068723   0.050481  -0.074480   0.044516
     10      -0.027650   0.030639  -0.016964  -0.035139   0.050012   0.026338
     11      -0.080491   0.004426   0.026690   0.023795   0.020831  -0.002336
     12      -0.032549   0.036635  -0.006235  -0.021318   0.031050   0.088347
     13      -0.048256   0.054340   0.026237  -0.010276   0.056365   0.004770
     14       0.032668  -0.061243  -0.089996  -0.049132   0.002022   0.104900
     15      -0.026669  -0.038603   0.181674   0.021721  -0.008397  -0.106376
     16      -0.007502  -0.026077   0.146029   0.033889  -0.032973   0.016890
     17       0.044087   0.033209  -0.050831   0.013423  -0.008858  -0.085871
     18      -0.010108  -0.062930   0.073231  -0.016410   0.002199   0.047545
     19       0.037785   0.050893  -0.104126  -0.001802   0.001364  -0.001919
     20      -0.022388  -0.037031   0.104572   0.026792  -0.016771  -0.009433
     21       0.038265   0.032750  -0.195129  -0.032040   0.018698  -0.095154
     22       0.002984  -0.021930  -0.047103   0.044946  -0.024454  -0.012053
     23      -0.017004   0.105706   0.053854   0.009441   0.029635   0.070236
     24      -0.042610  -0.013443  -0.026250  -0.000845  -0.064454   0.015211
     25      -0.008845  -0.019324  -0.014214   0.027525   0.037469  -0.049512
     26       0.044972   0.028064   0.042902  -0.061742   0.008152  -0.040351
     27       0.012568   0.002081   0.020317   0.003996   0.014970  -0.000911
     28       0.137146  -0.016037   0.033004  -0.002587   0.013125   0.017383
     29       0.025990  -0.046088  -0.036868   0.065508   0.008205   0.066530
     30       0.227497  -0.113872   0.002188   0.020248  -0.091426  -0.015889
     31       0.027016   0.061371   0.063635  -0.168051  -0.176708  -0.052546
     32       0.018279   0.075511   0.065866  -0.189568  -0.204140  -0.056743
     33      -0.173659   0.084415  -0.012895  -0.005559   0.066727  -0.005695
     34      -0.155792  -0.064647  -0.110424   0.020890  -0.199023  -0.061642
     35      -0.426512   0.042344  -0.147454   0.015841  -0.147239  -0.049920
     36      -0.232916   0.057087   0.005864  -0.043651   0.040034  -0.057872
     37      -0.041432   0.060699   0.026087  -0.086628  -0.037363  -0.015555
     38      -0.195709  -0.029010  -0.010315   0.168363   0.292421  -0.066110
     39       0.002480  -0.000710   0.075232  -0.086606   0.010355  -0.191821
     40       0.128638   0.040341   0.073448  -0.159731  -0.134943  -0.057410
     41       0.272173   0.063077   0.125635  -0.215174  -0.138345   0.005245
     42       0.133648  -0.045238   0.093390  -0.010605   0.080606  -0.020054
     43       0.171946   0.036350   0.108315  -0.155619  -0.090122  -0.019965
     44       0.040028   0.073429   0.082424  -0.164052  -0.090208  -0.032998
     45       0.231267   0.044867   0.119663   0.009969   0.250711   0.114813
     46      -0.003405  -0.139456  -0.218249   0.208395  -0.073914   0.101944
     47      -0.091094  -0.055799  -0.079015  -0.002517  -0.201248  -0.058191
     48       0.097906   0.100238  -0.032139  -0.013039  -0.049741   0.150368
     49       0.065186  -0.038196   0.127528   0.070192  -0.089379  -0.077406
     50       0.006004   0.000912  -0.151892  -0.087721   0.058815   0.165536
     51      -0.110687   0.162049  -0.303313  -0.211741   0.280430   0.301918
     52      -0.041241   0.052675   0.007647  -0.017872   0.062624   0.011577
     53       0.120661  -0.145062  -0.061996   0.012541  -0.112324   0.048945
     54       0.152612   0.119040   0.124066   0.135232  -0.118602  -0.095314
     55      -0.013465  -0.037816   0.170352   0.068873  -0.062369   0.023717
     56      -0.008772   0.000594  -0.063224  -0.076158   0.074511  -0.105937
     57      -0.125856  -0.090175   0.219375  -0.034638   0.063769  -0.161062
     58      -0.112350  -0.175171   0.116571  -0.117735   0.078443   0.119894
     59      -0.083387   0.005392   0.040496  -0.011152   0.061248  -0.225167
     60       0.176888   0.476011  -0.092608   0.349954  -0.139797  -0.000816
     61      -0.204190  -0.426924   0.108386  -0.373238   0.184698   0.260586
     62       0.060522   0.133996   0.049142   0.166387  -0.085008  -0.093137
     63       0.048032   0.179793  -0.026148   0.091097   0.013757   0.063467
     64      -0.052941   0.153936   0.192283   0.134687  -0.030174   0.198715
     65       0.055697  -0.147002  -0.257169  -0.111971   0.033343  -0.200814
     66       0.024115   0.124534  -0.225646  -0.165741   0.150593  -0.093557
     67       0.073246  -0.381629  -0.434932  -0.087190  -0.078911  -0.333617
     68      -0.007017   0.059632  -0.082828  -0.126164   0.106315  -0.029308
     69      -0.153806   0.006212  -0.025025  -0.014611   0.010372  -0.073194
     70      -0.157076   0.142890   0.021230  -0.170644  -0.268948   0.182006
     71       0.150224  -0.152864   0.006035   0.162378   0.446522  -0.396495
     72       0.084759   0.040255   0.091314  -0.131185  -0.018777  -0.135791
     73       0.062798  -0.162487  -0.136027   0.262077   0.117183   0.210414
     74       0.001044  -0.017009  -0.023154   0.061830  -0.010297   0.093164
     75      -0.012209   0.008422   0.027170   0.007307   0.027895  -0.134866
     76       0.177269   0.082659   0.129715  -0.172874  -0.057243  -0.078254
     77       0.096885   0.098415   0.105672  -0.187242  -0.095524  -0.026643
                 30         31         32         33         34         35    
      0      -0.023629   0.095027  -0.024517   0.036860   0.028107   0.009306
      1       0.043006  -0.009461  -0.044982   0.047671  -0.006320   0.120115
      2      -0.027959   0.004938  -0.029629   0.031149  -0.108678   0.003566
      3       0.063131  -0.067111   0.047414  -0.086665   0.045048  -0.056263
      4      -0.006487   0.043744   0.030587  -0.061368  -0.005885  -0.069819
      5       0.002114   0.036946   0.009180  -0.004250   0.085202   0.038193
      6      -0.050025  -0.023610  -0.029111   0.070894  -0.051233   0.022121
      7       0.007915  -0.027790  -0.016093   0.030046   0.014507   0.043203
      8       0.026885  -0.052234   0.017272  -0.063781  -0.062004  -0.099398
      9      -0.058352   0.067209   0.042750  -0.013358   0.101204   0.162293
     10       0.056273  -0.037842   0.031792   0.062314   0.039239   0.021505
     11      -0.113677   0.038022   0.032099  -0.024688   0.008354   0.057620
     12       0.030825   0.073162  -0.021024  -0.067838  -0.015193   0.009792
     13      -0.073714  -0.019385   0.045081   0.026334  -0.046336  -0.007654
     14       0.042992   0.034541   0.043681   0.021076   0.008398   0.053606
     15      -0.030660  -0.087415   0.034737   0.078457   0.002507  -0.003674
     16       0.039129   0.034002  -0.022456  -0.026067   0.025394   0.032822
     17      -0.015524  -0.043674  -0.054869  -0.017328  -0.001827  -0.053000
     18       0.068164   0.029088  -0.009984  -0.023813  -0.041980  -0.071680
     19       0.037354  -0.000525   0.028141   0.019954  -0.020403  -0.040206
     20       0.036450   0.023964   0.048224   0.028627  -0.010012  -0.001209
     21      -0.060968  -0.031943  -0.011826   0.013893   0.044362   0.060714
     22      -0.102455   0.016267  -0.046926  -0.064956  -0.008831   0.013629
     23      -0.040114  -0.046350  -0.040293  -0.012751   0.018151   0.036689
     24      -0.004324   0.016867  -0.031535   0.063951   0.080742  -0.177940
     25       0.034416   0.056829  -0.046063   0.021667   0.059720  -0.021172
     26       0.043596   0.029441  -0.014766  -0.000774  -0.036705  -0.024840
     27       0.037608  -0.101573   0.011997  -0.041110  -0.122396   0.138772
     28      -0.040422  -0.030755   0.040613  -0.048948  -0.039487  -0.072685
     29       0.011409  -0.067311   0.002789   0.023086   0.080189  -0.036149
     30      -0.151456   0.013230   0.072026  -0.088835  -0.209384  -0.211011
     31      -0.052555   0.099442  -0.026606   0.068319  -0.178026   0.236644
     32      -0.091179   0.178633  -0.050391   0.115930  -0.214612   0.249070
     33       0.057346   0.124539  -0.079237   0.104394   0.135963   0.128357
     34       0.057108  -0.036313  -0.141048   0.090705  -0.307761  -0.116895
     35       0.166410   0.047478  -0.256577   0.236983  -0.171988   0.030056
     36       0.190929  -0.290682   0.191369  -0.345715   0.260027   0.141756
     37       0.112009  -0.166742   0.067268  -0.135657   0.150556   0.101529
     38      -0.059772   0.150448   0.093259  -0.143699   0.047199  -0.032404
     39      -0.156763   0.201272   0.246835  -0.310570  -0.026690  -0.211606
     40      -0.004988  -0.008625   0.091785  -0.107131   0.036850  -0.016514
     41       0.042702  -0.066890   0.036301  -0.010906   0.142593   0.122042
     42      -0.307668   0.294558   0.061740   0.058752  -0.129242   0.136689
     43       0.066446  -0.017091  -0.046287   0.071753   0.200834   0.182599
     44       0.189340  -0.122152  -0.055107   0.004166   0.257659   0.087329
     45       0.048869  -0.070241  -0.157936   0.336977  -0.038791  -0.235511
     46      -0.000046  -0.164779   0.019761  -0.095425  -0.192736  -0.094214
     47      -0.050849   0.028291   0.106245  -0.232371   0.000592   0.151310
     48       0.102265   0.117533  -0.340295  -0.344910  -0.044455  -0.092137
     49       0.114364   0.031138  -0.157511  -0.107264   0.031704  -0.059235
     50      -0.036281   0.022483   0.073723   0.023675  -0.035735   0.062221
     51       0.171993   0.132729   0.261966   0.064975  -0.311872  -0.169369
     52      -0.019628  -0.002304   0.050098   0.021849  -0.068202  -0.037114
     53       0.245453   0.111780  -0.084279  -0.084128   0.076645   0.030163
     54       0.064446   0.025524  -0.251249  -0.186607   0.043867  -0.052328
     55       0.144293   0.092006   0.094951   0.037581   0.008898   0.007441
     56      -0.205938  -0.177213  -0.126461  -0.012596   0.004213  -0.005841
     57      -0.131041  -0.185576   0.141337   0.203034  -0.022371  -0.010054
     58      -0.003126  -0.050351   0.138154   0.135068  -0.040241   0.050009
     59      -0.176086  -0.166414   0.045969   0.112772  -0.004925  -0.059603
     60       0.221229   0.116852   0.275539   0.132232  -0.101728  -0.054522
     61      -0.129493  -0.070117  -0.213876  -0.142429  -0.018451  -0.038740
     62       0.101105   0.054723   0.136124   0.083853  -0.014341  -0.003422
     63       0.034932  -0.007389   0.011816   0.004562  -0.064093   0.034940
     64      -0.213148  -0.011987  -0.137734  -0.140906   0.014677   0.059590
     65       0.127710   0.003039   0.097206   0.091915  -0.030873  -0.039443
     66      -0.186509  -0.233163  -0.255235  -0.063673   0.054924  -0.077451
     67       0.048398   0.138220   0.168748   0.078913   0.012545   0.035737
     68      -0.075255  -0.152406  -0.142943  -0.019110   0.032070  -0.057922
     69       0.076238   0.077852  -0.105649   0.143888   0.114614  -0.253529
     70      -0.141872  -0.076182   0.052502   0.109885   0.071767  -0.253445
     71       0.329702   0.237237  -0.192496  -0.048483  -0.037181   0.188218
     72       0.187862  -0.058316  -0.034030  -0.064337  -0.291348   0.234361
     73       0.076889  -0.360075   0.027452   0.000220   0.102040   0.052328
     74      -0.150910   0.031996   0.041348   0.023760   0.151620  -0.169039
     75      -0.012693   0.011318  -0.062827  -0.096260  -0.294177   0.072282
     76      -0.137367   0.193393   0.051478  -0.047086  -0.040510  -0.223366
     77      -0.111568   0.210322   0.048728   0.037038   0.115134  -0.204177
                 36         37         38         39         40         41    
      0       0.006477  -0.007323  -0.042695   0.013608  -0.014258   0.000601
      1      -0.014709  -0.057843   0.057982  -0.008460  -0.024083  -0.006985
      2      -0.029544   0.012730  -0.073021   0.006492  -0.050529   0.010463
      3       0.036360   0.034251   0.045499  -0.037663   0.034939  -0.012070
      4       0.022227   0.040702  -0.057631   0.050335   0.026987   0.018881
      5       0.018288  -0.011535   0.010133  -0.033194   0.027795  -0.019801
      6      -0.040968  -0.028597  -0.025873   0.034493  -0.045741   0.006988
      7       0.019239  -0.005655   0.030767  -0.074044  -0.033773  -0.019069
      8       0.026763   0.030504   0.031435   0.054593   0.013422   0.009210
      9       0.048144  -0.022518  -0.128463   0.014564   0.092682  -0.002806
     10      -0.099529  -0.021593  -0.134849   0.129604   0.026568   0.034846
     11      -0.099330  -0.035504   0.047760  -0.149207   0.013982   0.003644
     12      -0.018051   0.057845   0.037864  -0.039950   0.000333   0.051090
     13       0.060507  -0.017011   0.043256  -0.060039  -0.007859   0.038535
     14       0.053213   0.072050  -0.012726   0.022421  -0.007295   0.042001
     15       0.023228   0.021048  -0.007159   0.042985  -0.022231  -0.018754
     16      -0.082404   0.139512   0.027729   0.036135   0.004539  -0.060024
     17      -0.045992  -0.153747  -0.053521  -0.006136   0.053535  -0.048446
     18      -0.011137  -0.171431  -0.026452  -0.056503   0.033419   0.019595
     19       0.009104  -0.151194  -0.043550  -0.040508   0.019931   0.027680
     20      -0.018814   0.063086   0.029696  -0.003346  -0.025094   0.048531
     21      -0.024517   0.154297   0.033874   0.021820  -0.025123  -0.014823
     22       0.037759   0.051432   0.061084  -0.014652  -0.009688  -0.018795
     23       0.047822   0.040806  -0.028083   0.069589   0.008756  -0.050618
     24       0.016057   0.006611   0.029896  -0.000623  -0.017441  -0.016150
     25       0.043627  -0.018327   0.051912   0.014245  -0.005716  -0.004274
     26       0.023072   0.026855  -0.054278  -0.005171  -0.038178  -0.006931
     27      -0.032679  -0.022056   0.031213  -0.004764   0.008429   0.012055
     28       0.003711   0.066002  -0.060343  -0.041663   0.020272  -0.007720
     29       0.007736  -0.031082   0.110157   0.022630   0.035299   0.000599
     30      -0.023268   0.120835  -0.204431   0.046082  -0.025821   0.033983
     31      -0.067027  -0.200731   0.186911   0.251648  -0.055412   0.080686
     32      -0.082258  -0.227097   0.162896   0.319998  -0.085082   0.105326
     33       0.031152  -0.061440   0.050781  -0.013348   0.022534  -0.020459
     34       0.104218   0.245805  -0.116405  -0.141649   0.220122  -0.031417
     35       0.148804   0.201031  -0.039221  -0.192965   0.285532  -0.063526
     36      -0.117047  -0.101508  -0.208918  -0.110594  -0.345769  -0.008281
     37      -0.057532  -0.051571  -0.077255  -0.065240  -0.157317   0.001857
     38      -0.003521  -0.000060  -0.211241   0.079278  -0.056482   0.009767
     39       0.044616  -0.081194   0.294295   0.348091   0.226540   0.061035
     40       0.027575  -0.068685   0.211578   0.085177   0.089619  -0.002379
     41       0.024078  -0.104000   0.242390  -0.070091   0.058040  -0.058321
     42      -0.135138  -0.250794   0.235966   0.036598  -0.023582  -0.096363
     43       0.060372   0.026103  -0.053747  -0.206486  -0.022373  -0.016443
     44       0.117577   0.143058  -0.170220  -0.168107   0.029319   0.038466
     45      -0.007011   0.254464   0.028562  -0.157699   0.165856   0.080464
     46       0.001279  -0.032053  -0.036392   0.216076  -0.086325   0.012096
     47       0.008836  -0.180099   0.010080   0.107906  -0.129895  -0.059548
     48       0.161844   0.002153   0.174873  -0.044504  -0.346183   0.331677
     49      -0.147228  -0.020571   0.013573   0.033389  -0.045106  -0.017773
     50       0.200142   0.063975   0.028738  -0.025157  -0.066090   0.139780
     51      -0.272807   0.132570   0.248685  -0.063892   0.016921  -0.530665
     52      -0.025847  -0.010100   0.055411  -0.046201   0.002316  -0.059238
     53      -0.240481   0.080072  -0.085997   0.109855   0.047036  -0.144237
     54      -0.215512  -0.069224  -0.038808   0.060016   0.056857  -0.264284
     55      -0.207539   0.208740   0.055525  -0.023630   0.091303   0.111140
     56       0.223740  -0.234882  -0.084850   0.077794  -0.102399  -0.227409
     57       0.144008   0.005093   0.029046  -0.018391  -0.043623   0.070599
     58       0.245777   0.083801  -0.037905   0.169277  -0.195098  -0.041662
     59      -0.004917  -0.127506   0.047918  -0.182451   0.122214   0.106369
     60       0.177531  -0.178059  -0.000531  -0.050807  -0.083113   0.105636
     61       0.159163  -0.262719  -0.098821   0.019205   0.033905  -0.113223
     62      -0.067908   0.104096   0.053055  -0.024830  -0.031264   0.097677
     63       0.355265  -0.018924   0.039044   0.163916  -0.164468  -0.373298
     64       0.086273   0.045198   0.000888  -0.004311   0.059906  -0.009714
     65       0.019456   0.006049   0.055558   0.058000  -0.102426  -0.111957
     66      -0.266116   0.182537   0.042098   0.116086   0.080969   0.319401
     67      -0.104450   0.062114   0.089633  -0.190093  -0.072273  -0.009781
     68      -0.168479   0.063542  -0.012858   0.085757   0.062587   0.184632
     69      -0.100621  -0.148846   0.127316   0.126040  -0.257974   0.024189
     70      -0.125516  -0.022861   0.009053   0.044835  -0.114580  -0.004719
     71       0.135894  -0.081252   0.059905   0.057033  -0.100286   0.025653
     72       0.180456   0.060119   0.110144   0.153503   0.338467   0.045341
     73      -0.065071  -0.102321   0.280381   0.035646   0.038743   0.021063
     74      -0.127304  -0.025887  -0.084232  -0.126729  -0.226967  -0.036082
     75      -0.001825   0.214943  -0.311809  -0.334608  -0.185563  -0.092355
     76       0.016726   0.125436  -0.217264  -0.017844  -0.020259  -0.003486
     77       0.007949  -0.027892  -0.013255   0.165722   0.043815   0.046257
                 42         43         44         45         46         47    
      0      -0.013043  -0.033486  -0.019183   0.011053   0.004852   0.019821
      1      -0.000257   0.007096   0.055753  -0.029386  -0.005544  -0.055562
      2      -0.021403  -0.008944  -0.045320  -0.001260   0.007202  -0.069022
      3       0.010204   0.012988   0.007117  -0.014564  -0.000606  -0.089496
      4      -0.004961   0.016461  -0.043126  -0.033167  -0.007780  -0.041488
      5       0.013789  -0.041346   0.045395   0.039831  -0.007666  -0.025851
      6      -0.021831  -0.039764   0.002664   0.004212  -0.021092  -0.062910
      7      -0.013929  -0.028928  -0.015328   0.002270   0.022900   0.041256
      8      -0.002995   0.029997   0.002886  -0.023222   0.009726   0.061842
      9       0.014608   0.001306   0.011127  -0.057163  -0.011430   0.053204
     10       0.036139   0.073830   0.048926   0.090602  -0.022955  -0.014318
     11       0.062125   0.069110  -0.068985   0.044137   0.020209  -0.029450
     12      -0.012824   0.046595   0.002254   0.011616   0.122291  -0.059348
     13      -0.032454  -0.024015   0.001126  -0.015603   0.018153   0.001408
     14      -0.046652  -0.001059   0.023173   0.003089  -0.004226  -0.000154
     15       0.019856  -0.026593   0.007774  -0.005576  -0.019547   0.019773
     16      -0.019297   0.009520  -0.008950   0.004904  -0.014399  -0.009148
     17      -0.012789  -0.010329   0.005995  -0.021821   0.038110   0.013462
     18      -0.019626  -0.004072  -0.002486  -0.009107  -0.012093  -0.002432
     19       0.034207  -0.011997  -0.007787  -0.018591  -0.020908  -0.003150
     20       0.052894  -0.032615   0.001823  -0.012636   0.018041  -0.004539
     21       0.007324   0.029082  -0.021580   0.016684  -0.067722  -0.017242
     22      -0.021907  -0.015782  -0.001031  -0.011854   0.044926   0.009341
     23      -0.024417   0.013968  -0.001625  -0.001647  -0.065775   0.004332
     24      -0.009625  -0.027052   0.006423  -0.012078   0.004999   0.014497
     25      -0.015050  -0.021948  -0.023954  -0.024542   0.000942   0.015840
     26      -0.016007   0.000597   0.045202  -0.033128  -0.000452   0.014497
     27       0.016234   0.043997  -0.008169   0.011342  -0.005132   0.009071
     28       0.013742  -0.004786   0.011017   0.037759  -0.003898  -0.004305
     29       0.003842  -0.009552  -0.010803  -0.001287   0.002333  -0.004261
     30      -0.029691  -0.014192  -0.177926   0.055032   0.027876   0.029183
     31      -0.056628   0.139045  -0.128067  -0.221142   0.017986   0.171940
     32      -0.086210   0.142063  -0.211882  -0.254947   0.029161   0.220878
     33       0.007253  -0.053576   0.049370   0.039003   0.000096   0.065342
     34       0.101217  -0.019530   0.076153   0.195532  -0.027793   0.198688
     35       0.130012  -0.083834   0.133547   0.293283  -0.027794   0.290877
     36      -0.104078  -0.134681  -0.207714   0.127348   0.115528   0.529357
     37      -0.044339  -0.068592  -0.083731   0.047640   0.064804   0.234441
     38      -0.038407  -0.055647  -0.100808   0.048827  -0.010235   0.149703
     39       0.097377   0.225789   0.261135  -0.123179  -0.091163   0.129642
     40       0.049671   0.089490   0.150868  -0.036195  -0.046541   0.064502
     41       0.054247  -0.012243   0.199846   0.063639  -0.033691   0.043996
     42       0.061168  -0.126865   0.236721   0.334761   0.068077   0.248454
     43      -0.026287  -0.020548  -0.092727  -0.067243   0.013462  -0.021108
     44      -0.041633   0.069801  -0.186997  -0.228727  -0.032308  -0.139705
     45       0.085486   0.404507  -0.191428  -0.147061   0.088054   0.318761
     46      -0.072552  -0.099945   0.035694  -0.017079  -0.034665  -0.014819
     47      -0.068287  -0.291944   0.137170   0.099086  -0.056542  -0.208686
     48       0.217109   0.076620  -0.025392   0.261119  -0.483814   0.140978
     49       0.080956   0.032734  -0.010763   0.074667  -0.032794   0.003889
     50      -0.051862  -0.019027   0.024233   0.018197  -0.126701   0.047142
     51       0.017252  -0.290818  -0.128289  -0.216919  -0.262537   0.141385
     52      -0.007624  -0.051155  -0.021086  -0.036238  -0.033413   0.023479
     53       0.058017   0.047025  -0.021924   0.006614  -0.078696   0.002801
     54       0.071323   0.043899  -0.063921  -0.017538   0.009257  -0.033726
     55      -0.298768  -0.057718   0.093964   0.007883   0.004699   0.088423
     56       0.384629   0.064233  -0.124580  -0.022874  -0.007055  -0.109232
     57      -0.087792   0.007999   0.001867   0.044797  -0.161421   0.019300
     58       0.491585  -0.107095  -0.020232  -0.095088   0.199278   0.015862
     59      -0.481079   0.116373   0.003958   0.121218  -0.321380  -0.001932
     60       0.091103   0.018630   0.008973   0.042913   0.067665  -0.040516
     61      -0.072257   0.107761  -0.005131   0.043336  -0.003883  -0.005615
     62       0.083649  -0.072170   0.002212  -0.031152   0.016963  -0.004094
     63      -0.256899   0.303939   0.043397   0.269055   0.406202   0.003990
     64       0.002722  -0.080058  -0.033597  -0.102338  -0.145789   0.019716
     65      -0.091855   0.149991   0.046193   0.167414   0.275839  -0.011644
     66       0.034892  -0.329902   0.153057  -0.114797   0.331033   0.083016
     67       0.075065   0.129514  -0.101063   0.062391  -0.075469  -0.067534
     68       0.024059  -0.190923   0.091529  -0.067809   0.174555   0.050933
     69      -0.034918   0.055908   0.027723   0.075807  -0.046598  -0.150381
     70      -0.006614   0.056472   0.028871   0.076422  -0.003535  -0.085185
     71      -0.045573  -0.026095   0.008831  -0.080342  -0.036848   0.008829
     72      -0.011860  -0.252998  -0.293208   0.207278   0.040939  -0.153902
     73       0.034451   0.066748   0.026100   0.017653   0.001222   0.054624
     74       0.015381   0.186613   0.198140  -0.139676  -0.034446   0.099740
     75       0.004120   0.091615   0.465362  -0.276382  -0.029863   0.016284
     76      -0.005337  -0.043362  -0.050740   0.106700   0.005687   0.009994
     77      -0.018075  -0.077912  -0.265669   0.192533   0.025801   0.007102
                 48         49         50         51         52         53    
      0      -0.015437  -0.010511  -0.040285   0.023322  -0.022475   0.061857
      1      -0.035844   0.030361  -0.096454  -0.050659   0.013125  -0.019285
      2      -0.038253   0.046773  -0.088629  -0.081672   0.035724   0.014208
      3      -0.034241   0.076174   0.123565  -0.015175   0.039670  -0.004644
      4       0.018377   0.022746   0.066521   0.034190   0.002412  -0.002683
      5       0.016408   0.002289   0.054068   0.026939   0.003621  -0.003376
      6       0.083298  -0.063170  -0.042224   0.048611  -0.042327   0.022875
      7      -0.029643   0.002306  -0.000764  -0.022538   0.014824   0.054816
      8      -0.064016   0.011751  -0.011350  -0.042061   0.018906   0.015099
      9       0.014883   0.081873  -0.013319  -0.012813   0.074340  -0.003790
     10      -0.029600   0.028741   0.007966   0.041292  -0.010938   0.008466
     11       0.044565   0.045122  -0.029531   0.054363  -0.037061  -0.000506
     12      -0.038833  -0.111047   0.021354  -0.029625  -0.036590   0.001895
     13       0.015141  -0.002562   0.000774  -0.016315  -0.018031   0.001883
     14      -0.016693  -0.027988   0.007182  -0.010395   0.014397  -0.003564
     15       0.026548   0.050362   0.004554  -0.020894  -0.039960   0.002636
     16      -0.020124  -0.036045  -0.008721   0.033967   0.060285  -0.002767
     17       0.034689   0.051797   0.015324  -0.061621  -0.101019   0.006232
     18      -0.008104  -0.016608  -0.001412   0.006625   0.015674  -0.002048
     19      -0.014007  -0.019789   0.003882  -0.004967   0.000143  -0.001047
     20      -0.005361  -0.017166  -0.005999   0.023528   0.038954  -0.003033
     21      -0.033896  -0.045299   0.020767  -0.046095  -0.063253   0.007409
     22       0.023737   0.017386  -0.013336   0.007727   0.028030  -0.001351
     23      -0.027074  -0.020593   0.023013  -0.054121  -0.050338   0.004074
     24      -0.026967  -0.005591  -0.001233   0.036815  -0.023558   0.006758
     25       0.002785  -0.004543   0.002886  -0.021337   0.013126   0.002981
     26      -0.003349  -0.011734   0.009815  -0.012332   0.017059   0.000741
     27       0.076572  -0.021430   0.042926  -0.084931   0.065413  -0.000593
     28      -0.002411  -0.001666   0.002316   0.028279  -0.028230  -0.008213
     29      -0.037723   0.005877   0.006816   0.083831  -0.062433  -0.000587
     30      -0.033564   0.017989   0.017741  -0.028380  -0.006955  -0.474336
     31       0.011750  -0.036329   0.295795   0.241043  -0.087277  -0.114465
     32       0.020734  -0.050393   0.372751   0.311026  -0.103903   0.108058
     33      -0.031742  -0.038709  -0.090245   0.040881  -0.065119  -0.248975
     34       0.257158  -0.199049   0.188095   0.056231   0.010093   0.342259
     35       0.239522  -0.255007   0.106549   0.066253  -0.054190  -0.273513
     36      -0.106606  -0.193633  -0.175561   0.010162  -0.092966   0.036441
     37      -0.054839  -0.068550  -0.081866   0.042528  -0.031938   0.014345
     38       0.072006  -0.128210  -0.000095   0.036209  -0.072626   0.009394
     39       0.189548  -0.213418  -0.527324   0.007885  -0.105750  -0.000636
     40       0.078928  -0.112822  -0.232780  -0.069531  -0.042986   0.001447
     41       0.045829  -0.092467  -0.127668  -0.088812  -0.017915   0.000198
     42      -0.420426   0.115707   0.243428  -0.168490   0.083576  -0.280821
     43       0.108610  -0.021635  -0.019041   0.036004  -0.026955  -0.229028
     44       0.309562  -0.069469  -0.126369   0.116962  -0.082033  -0.321515
     45      -0.180959   0.132774  -0.176174  -0.142975   0.059393   0.015700
     46       0.044899  -0.116784  -0.010569   0.022579  -0.072382  -0.449440
     47       0.117498  -0.103401   0.095908   0.089506  -0.034252   0.163281
     48       0.137807   0.458536  -0.066126   0.166500  -0.003577   0.000141
     49      -0.013302   0.046524   0.026130  -0.025180  -0.095450  -0.024859
     50       0.039096   0.086746  -0.028954   0.049484   0.070265   0.011078
     51       0.136878   0.189960  -0.078876   0.068737   0.136989  -0.022752
     52       0.037611   0.042077  -0.018352   0.013731   0.015607   0.004905
     53       0.017993   0.037525  -0.052771   0.117440   0.141412   0.024246
     54      -0.060702  -0.101223  -0.034599   0.096921   0.154940  -0.008155
     55       0.143971   0.254236   0.040781  -0.169199  -0.295380   0.015260
     56      -0.180002  -0.323101  -0.048972   0.206969   0.369638  -0.017211
     57      -0.033665  -0.013346  -0.034369   0.104391   0.157928  -0.009095
     58       0.068245   0.095812   0.019827  -0.101475  -0.177375   0.004594
     59      -0.119711  -0.133775  -0.065974   0.224113   0.368674  -0.017368
     60      -0.030600  -0.068999  -0.021839   0.098220   0.127433  -0.002021
     61      -0.011022   0.006863   0.006288  -0.027318  -0.050991   0.023654
     62      -0.005623  -0.026348  -0.009136   0.037346   0.064984  -0.011476
     63       0.222760   0.291236  -0.085659   0.220301   0.067679  -0.022629
     64      -0.059558  -0.068119   0.049935  -0.115400  -0.072904  -0.004958
     65       0.134555   0.156088  -0.086015   0.164632   0.105106   0.005413
     66       0.114834   0.153444  -0.068029   0.175813   0.322036  -0.026751
     67      -0.020748  -0.054192   0.024257   0.008229  -0.136331  -0.013380
     68       0.058901   0.094458  -0.027717   0.101369   0.166509  -0.020499
     69       0.129129  -0.051584   0.023857  -0.182139   0.029510  -0.092340
     70       0.046823  -0.019872   0.004583  -0.029127  -0.015674  -0.040683
     71       0.066195  -0.031476   0.031341  -0.167052   0.090148  -0.023198
     72      -0.262229   0.105909  -0.253255   0.217701  -0.236380   0.014656
     73       0.148227  -0.090910   0.126262  -0.053570   0.073887   0.044440
     74       0.165961  -0.062449   0.185854  -0.117342   0.128521  -0.028496
     75      -0.223183   0.036786  -0.034383   0.350431  -0.219124   0.011756
     76       0.088494  -0.049174  -0.016530  -0.130631   0.089125   0.031224
     77       0.188252  -0.067783   0.003574  -0.294000   0.204733   0.047164
                 54         55         56         57         58         59    
      0       0.043943  -0.030957  -0.006848  -0.022559   0.008425  -0.003971
      1      -0.011557   0.003241   0.000764   0.000807  -0.010296   0.007470
      2       0.016295  -0.010414  -0.002907  -0.007669  -0.004910   0.004695
      3      -0.012076  -0.018568  -0.006564  -0.006688   0.006784  -0.001482
      4      -0.008301   0.001675   0.003403   0.004446   0.003597  -0.000972
      5       0.045168   0.058380   0.012244   0.036379  -0.017872   0.007337
      6      -0.021541   0.017695   0.006282   0.000330  -0.010579   0.005886
      7      -0.041113   0.030626   0.010145   0.016423  -0.004849  -0.000291
      8      -0.006219   0.006804   0.001644   0.005014  -0.003369   0.001721
      9      -0.004112  -0.002650   0.022585   0.016526   0.023868  -0.020022
     10      -0.005961  -0.004657   0.002774  -0.007201  -0.004945   0.010730
     11       0.001811  -0.006143   0.002597   0.001238   0.008908  -0.005196
     12       0.000359   0.005110  -0.018110  -0.002117  -0.001963   0.013490
     13      -0.002075   0.008794  -0.039447   0.003146  -0.004305   0.012183
     14       0.004240  -0.012598   0.072017  -0.003830   0.007702  -0.014593
     15       0.000491   0.002769   0.016032   0.000532   0.017057   0.020089
     16       0.000597  -0.003583   0.020484  -0.000546   0.003550  -0.005447
     17      -0.000176   0.005186  -0.010455   0.005420  -0.011278  -0.030187
     18       0.000991   0.001418   0.004593  -0.004113   0.024852   0.054858
     19       0.001057   0.002676   0.001970  -0.002702   0.023253   0.045375
     20      -0.000428  -0.003590   0.002498  -0.000919  -0.007703  -0.015850
     21       0.002246   0.019540  -0.016500  -0.002487   0.017733  -0.029573
     22       0.003746   0.027854  -0.009626  -0.010943   0.067198  -0.017331
     23       0.000198   0.001235  -0.004104   0.003387  -0.003451   0.033997
     24      -0.002540  -0.000013  -0.007257  -0.019281  -0.026162   0.020135
     25       0.000151   0.004406  -0.002381  -0.015127  -0.018137   0.009102
     26      -0.000354  -0.000150  -0.000391  -0.005497  -0.008902   0.006870
     27       0.005066   0.019651   0.004054  -0.031825  -0.020640   0.005998
     28       0.003583   0.032021   0.009432  -0.056525   0.001316  -0.013516
     29      -0.000938   0.000392  -0.000265  -0.002353   0.014928  -0.009230
     30      -0.372152   0.212566   0.049540   0.140450  -0.040227   0.016796
     31      -0.120649   0.055114   0.013189   0.050031   0.005269  -0.003978
     32       0.048861  -0.045410  -0.011136  -0.012483   0.035978  -0.018839
     33      -0.199635   0.108024   0.025762   0.067558  -0.022765   0.009747
     34       0.273958  -0.126478  -0.028411  -0.108715   0.040875  -0.026850
     35      -0.201492   0.155048   0.036718   0.082665  -0.021632   0.001718
     36       0.005695  -0.004560  -0.009133  -0.002587   0.012357  -0.008251
     37       0.226340   0.264910   0.057033   0.165305  -0.079807   0.032587
     38      -0.351304  -0.373343  -0.080821  -0.233895   0.130042  -0.057565
     39       0.192799   0.205456   0.067894   0.119711  -0.092161   0.038610
     40      -0.241069  -0.270276  -0.053963  -0.176335   0.080032  -0.032553
     41      -0.258142  -0.291367  -0.067099  -0.187820   0.087612  -0.035553
     42       0.268725  -0.153665  -0.105342  -0.065779   0.027942   0.006203
     43       0.185757  -0.110817  -0.049550  -0.047573   0.033786  -0.018306
     44       0.252811  -0.159761  -0.050144  -0.072602   0.044337  -0.026871
     45      -0.003714  -0.008051   0.013190   0.019251   0.032012  -0.016649
     46       0.383729  -0.227608  -0.114175  -0.117607   0.030015  -0.000628
     47      -0.136929   0.102759   0.032109   0.032953  -0.046463   0.019962
     48       0.000018  -0.014375  -0.004999  -0.011352   0.006889   0.023301
     49       0.042288  -0.113389   0.559516  -0.034060   0.055333  -0.135660
     50      -0.020509   0.049737  -0.257541   0.012613  -0.023089   0.070839
     51       0.014219  -0.034506   0.149759   0.004421   0.017569  -0.064950
     52      -0.008913   0.025809  -0.134106   0.009128  -0.015005   0.029310
     53      -0.043129   0.112117  -0.591824   0.030046  -0.062891   0.128764
     54      -0.007557  -0.010775  -0.201155   0.011980  -0.197950  -0.247381
     55      -0.001114   0.009896  -0.045803   0.012254  -0.043524  -0.075435
     56       0.004465  -0.012157   0.147979  -0.016198   0.113700   0.139465
     57      -0.003375  -0.010375  -0.085625  -0.000439  -0.083292  -0.079476
     58      -0.006110   0.006823  -0.214850   0.010993  -0.145927  -0.143865
     59      -0.003048  -0.022347  -0.048267  -0.002912  -0.095797  -0.123931
     60       0.004781  -0.018877  -0.001704   0.036818  -0.219902  -0.579476
     61      -0.004907   0.003714  -0.015438   0.042703  -0.191359  -0.519027
     62       0.001311  -0.004667   0.008767  -0.015524   0.058931   0.159707
     63      -0.019056  -0.160320   0.092091   0.024863  -0.251268   0.263516
     64      -0.010487  -0.110484   0.045280   0.051406  -0.249930   0.109830
     65       0.016895   0.163471  -0.060269  -0.080346   0.389955  -0.095570
     66      -0.027660  -0.067824   0.051099  -0.015941  -0.094704  -0.046785
     67      -0.016271  -0.234835   0.097779   0.089395  -0.523346   0.180326
     68      -0.027094  -0.130505   0.070990   0.022164  -0.239763   0.082942
     69       0.010514   0.017988   0.028360   0.153478   0.219291  -0.170309
     70       0.012045   0.002082   0.012210   0.066019   0.112065  -0.076679
     71      -0.004914   0.019033   0.010474   0.022532   0.021590  -0.034129
     72       0.016940  -0.030287  -0.003852   0.027354   0.067974  -0.039996
     73      -0.008034  -0.262939  -0.062726   0.535483   0.135610   0.003475
     74      -0.002298   0.144396   0.031562  -0.262885  -0.098844   0.017853
     75      -0.030305  -0.199937  -0.039961   0.390689   0.151660  -0.032790
     76       0.004482  -0.153486  -0.035601   0.299787   0.073935   0.005951
     77       0.015925  -0.165516  -0.044061   0.322991   0.048379   0.032488
                 60         61         62         63         64         65    
      0       0.011578  -0.003387   0.000278  -0.006199  -0.001111  -0.007163
      1      -0.024241   0.005487   0.000049  -0.006640   0.000960   0.000923
      2      -0.013950   0.002144  -0.000005   0.003872  -0.000600  -0.000496
      3      -0.003249   0.000478  -0.000020  -0.000339   0.002120   0.007233
      4       0.000145   0.002236  -0.000380  -0.000792  -0.001309  -0.009965
      5      -0.001327   0.003706   0.000587   0.001312  -0.005687  -0.011462
      6      -0.020441   0.007473  -0.001557   0.000670   0.004203   0.014163
      7       0.015661  -0.002390  -0.000560   0.000397   0.012340   0.043928
      8       0.008759  -0.003674  -0.002139   0.000766   0.001825   0.004713
      9       0.055371  -0.005383  -0.000083  -0.000460   0.001245   0.001023
     10      -0.034335   0.011624   0.000133  -0.000596   0.001271   0.000138
     11      -0.017077   0.004785   0.000156  -0.000973  -0.000976   0.000859
     12       0.001713   0.002794  -0.001562  -0.000350  -0.009102  -0.001395
     13       0.007259  -0.012037  -0.011093  -0.000149  -0.005616  -0.003707
     14       0.003629   0.031581   0.007864   0.002822   0.057759   0.011769
     15      -0.022273  -0.065758   0.043491   0.000630   0.007159   0.001854
     16      -0.012783  -0.047000   0.049405   0.000303  -0.014156  -0.007830
     17      -0.011941  -0.017697   0.023895  -0.000343  -0.014906  -0.006350
     18       0.011959   0.020188  -0.000546  -0.000072  -0.001023   0.001302
     19       0.010045   0.018075   0.000068  -0.000196   0.000964  -0.000312
     20      -0.002126  -0.009713  -0.003248  -0.000017   0.000809  -0.000174
     21      -0.022168   0.003029   0.000329  -0.003925  -0.004934   0.007185
     22      -0.012247   0.017163   0.004399  -0.006852  -0.032789   0.046194
     23       0.013440   0.011783   0.000484   0.003725  -0.007177   0.010255
     24      -0.077789   0.014946   0.000244   0.002249  -0.000085   0.000108
     25      -0.039678   0.007382  -0.000102   0.000485   0.000133  -0.000534
     26      -0.019637   0.004338  -0.000039  -0.001946   0.000230  -0.000533
     27      -0.015884   0.002923   0.000098  -0.001548  -0.000466   0.001816
     28       0.070073  -0.017924  -0.000294   0.067657  -0.005993   0.003859
     29       0.039615  -0.009419   0.000322  -0.020508   0.000943   0.001518
     30      -0.049001   0.015640  -0.000230  -0.012476   0.004725   0.015005
     31      -0.008335   0.004664   0.000878   0.029732  -0.014269  -0.047290
     32       0.033737  -0.007615  -0.000709  -0.024860   0.012096   0.037919
     33      -0.028863   0.009632  -0.003041   0.084331   0.009225   0.070691
     34       0.102540  -0.024849  -0.001526   0.045052   0.003901   0.034428
     35       0.018381   0.002401   0.001169  -0.035027  -0.004741  -0.032461
     36       0.047556  -0.018021   0.001535   0.004569  -0.034231  -0.099086
     37       0.017718   0.003057  -0.002880  -0.006540   0.056848   0.166194
     38       0.020515  -0.016517  -0.001267  -0.001811   0.032749   0.097176
     39       0.003464   0.009693  -0.001500  -0.001424   0.007497   0.011048
     40       0.006136  -0.010320   0.007531   0.014770  -0.039324  -0.048047
     41       0.003530  -0.010987  -0.006841  -0.009798   0.034788   0.038983
     42      -0.014250  -0.022717   0.000002   0.000380   0.025001   0.086265
     43      -0.011797  -0.009241  -0.001732  -0.002910  -0.119486  -0.424134
     44      -0.036397  -0.002592   0.001033   0.001319   0.078760   0.279564
     45       0.067075  -0.026146   0.019572  -0.007393  -0.075946  -0.255126
     46      -0.081399  -0.009386   0.007883  -0.002360  -0.027714  -0.094160
     47      -0.025183   0.021427   0.024711  -0.008774  -0.099819  -0.335963
     48      -0.065092   0.007431   0.017013   0.006316   0.149865   0.028417
     49      -0.065374   0.209777  -0.040235  -0.016029  -0.336248  -0.065137
     50       0.019031  -0.088407  -0.068015  -0.028907  -0.613155  -0.116706
     51       0.011958   0.002699  -0.012999  -0.002125  -0.044096  -0.012729
     52       0.009121  -0.060729   0.167511   0.017325   0.390097   0.103784
     53       0.031387  -0.237679  -0.027509  -0.002273  -0.057392  -0.016179
     54       0.152492   0.496530  -0.145417  -0.000667   0.031809   0.017255
     55      -0.023755  -0.008190  -0.714564  -0.004074   0.135908   0.077336
     56      -0.048211  -0.238328  -0.484169  -0.001982   0.092417   0.050822
     57       0.078127   0.254119  -0.351093  -0.006504  -0.125811  -0.046413
     58       0.139582   0.468909   0.122745   0.001692   0.033614   0.013293
     59       0.075209   0.245990   0.217693   0.004378   0.072629   0.025289
     60      -0.157124  -0.280869   0.007322   0.000188   0.001183  -0.003006
     61      -0.150390  -0.255092   0.011624   0.000049  -0.008835   0.004241
     62       0.048208   0.075182   0.031094   0.002459  -0.012607   0.000879
     63       0.124452   0.000662   0.005720  -0.005642  -0.036333   0.050752
     64       0.120868  -0.047926  -0.051180   0.058927   0.347753  -0.486470
     65      -0.154667   0.106313  -0.036167   0.042010   0.249646  -0.348887
     66       0.053345  -0.057967  -0.017783   0.056196   0.107203  -0.150046
     67       0.157609  -0.113962  -0.006370   0.023531   0.036627  -0.053626
     68       0.109041  -0.064462   0.027588  -0.084073  -0.155717   0.219130
     69       0.719062  -0.164638  -0.001329   0.000205  -0.001518  -0.002170
     70       0.325122  -0.071795   0.000600   0.012297  -0.004464   0.001751
     71       0.147805  -0.036211  -0.000077   0.010331   0.000838  -0.001729
     72       0.153360  -0.036954  -0.000641  -0.196344   0.021214  -0.031868
     73      -0.148687   0.050835  -0.000584  -0.080606   0.009639  -0.015608
     74      -0.001769  -0.005857  -0.000996  -0.257859   0.028443  -0.041169
     75       0.001136   0.011795  -0.001171   0.187403  -0.013832   0.006900
     76      -0.090752   0.030978   0.004356  -0.730315   0.060376  -0.031067
     77      -0.190179   0.055475  -0.003196   0.533280  -0.044926   0.024387
                 66         67         68         69         70         71    
      0       0.023039  -0.049435   0.019705  -0.000239  -0.017146  -0.017142
      1      -0.007405   0.020644  -0.018461   0.001142   0.000241  -0.011037
      2       0.003996  -0.012770   0.014764  -0.001074   0.000766   0.010222
      3      -0.012257   0.006236   0.012809  -0.000772   0.002777  -0.024300
      4       0.009035  -0.004119   0.005282  -0.000250  -0.008080   0.052867
      5       0.029706  -0.011078  -0.054929   0.003163   0.005319   0.003314
      6      -0.010901  -0.008607  -0.001233   0.004454  -0.003889   0.034815
      7      -0.026046  -0.030931  -0.024821   0.001267   0.003195  -0.012845
      8      -0.008171  -0.002574   0.008198   0.006413  -0.007153   0.055002
      9       0.000587  -0.000067  -0.000230  -0.001253   0.000301   0.001103
     10       0.000427   0.000389   0.000634  -0.000285   0.000556  -0.000537
     11       0.001611   0.001230   0.001153  -0.000193   0.000323   0.000637
     12      -0.005325  -0.002551  -0.001226  -0.002690   0.000231  -0.000503
     13       0.001451   0.002043   0.002701   0.033487   0.000135   0.000690
     14       0.029313   0.012434   0.004325  -0.012795  -0.001346   0.001876
     15       0.003775   0.002074   0.003871   0.054561   0.002433  -0.002396
     16      -0.013453  -0.005763  -0.004084  -0.038576  -0.001790   0.003820
     17      -0.011777  -0.005174  -0.004372  -0.045300  -0.002091   0.003710
     18       0.001006   0.000447   0.000420  -0.000193   0.000141   0.000178
     19       0.000245   0.000147   0.000012   0.002412  -0.000017  -0.000476
     20       0.000592   0.000292  -0.000064   0.002107  -0.000221  -0.000994
     21       0.006276   0.001884  -0.002189   0.001193  -0.004875  -0.004658
     22       0.035108   0.015178   0.009876  -0.006132   0.001720   0.002858
     23       0.005343   0.003205   0.007491  -0.005311   0.009332   0.009019
     24       0.000364   0.000410   0.000279   0.000035   0.000333  -0.000114
     25      -0.000276  -0.000335  -0.000151   0.000035   0.000692  -0.000068
     26      -0.000490  -0.000135  -0.000304   0.000105  -0.000054  -0.000310
     27      -0.003235   0.009102  -0.007343   0.001716  -0.048907  -0.003229
     28       0.003753  -0.000597   0.001740   0.000029  -0.004353  -0.003603
     29      -0.005629   0.011625  -0.009485   0.002473  -0.070993  -0.004178
     30      -0.059275   0.144941  -0.097714   0.004570   0.025256  -0.016759
     31       0.188981  -0.456625   0.290153  -0.013576  -0.079326   0.040392
     32      -0.151367   0.362910  -0.232655   0.010865   0.060692  -0.031877
     33      -0.212889   0.434454  -0.127900  -0.002286   0.171249   0.211671
     34      -0.103547   0.213709  -0.066338  -0.000728   0.080465   0.099665
     35       0.100454  -0.205313   0.057181   0.001328  -0.078138  -0.095203
     36       0.183766  -0.081971  -0.236644   0.014504  -0.016314   0.249495
     37      -0.304356   0.123115   0.390063  -0.022825   0.022873  -0.404023
     38      -0.174793   0.071151   0.222517  -0.013399   0.015738  -0.249062
     39      -0.039616   0.014710   0.090531  -0.005000  -0.014365   0.043873
     40       0.198073  -0.070943  -0.461509   0.024467   0.077696  -0.232419
     41      -0.176113   0.061914   0.422676  -0.022383  -0.071140   0.222843
     42      -0.049512  -0.061938  -0.051256   0.000281   0.009642  -0.055252
     43       0.234385   0.300104   0.272050   0.006795  -0.055094   0.311978
     44      -0.153915  -0.195414  -0.174160  -0.004556   0.033878  -0.191821
     45       0.184301   0.166622   0.061109  -0.055077   0.039154  -0.361975
     46       0.069171   0.060310   0.018870  -0.021058   0.016251  -0.147575
     47       0.243880   0.219170   0.073226  -0.070337   0.051863  -0.468437
     48       0.079020   0.035169   0.014516  -0.014134  -0.003275   0.004621
     49      -0.172798  -0.074738  -0.028500   0.036198   0.007415  -0.010678
     50      -0.320704  -0.140744  -0.055526   0.058348   0.013606  -0.021093
     51      -0.016117  -0.004622   0.001057   0.047249   0.000657   0.000186
     52       0.149653   0.048179  -0.004982  -0.431722  -0.009223   0.005510
     53      -0.022186  -0.007099   0.001545   0.078276   0.001471  -0.000611
     54       0.031285   0.013318   0.007827   0.061246   0.002991  -0.008447
     55       0.135641   0.056734   0.032218   0.235658   0.011782  -0.034283
     56       0.090622   0.037952   0.021663   0.158581   0.008052  -0.023387
     57      -0.085379  -0.041557  -0.054928  -0.697077  -0.031356   0.036408
     58       0.024142   0.012043   0.016458   0.211705   0.009595  -0.011194
     59       0.047584   0.023326   0.031173   0.395536   0.017734  -0.020974
     60      -0.001766  -0.000629  -0.000870   0.002767  -0.000499  -0.001886
     61      -0.000527  -0.000182   0.001341  -0.014536   0.000800   0.004590
     62      -0.007164  -0.002712   0.001813  -0.029525   0.004102   0.010241
     63       0.038862   0.017126   0.012566  -0.006084   0.004301   0.004924
     64      -0.363208  -0.160208  -0.121040   0.070750  -0.046501  -0.053812
     65      -0.259169  -0.113156  -0.083875   0.049655  -0.031341  -0.037021
     66      -0.125560  -0.046993   0.005874  -0.009010   0.054539   0.048505
     67      -0.046508  -0.016873   0.005264  -0.004266   0.023987   0.022101
     68       0.183451   0.068532  -0.008691   0.012987  -0.079241  -0.069826
     69      -0.004637  -0.004294  -0.002257   0.000714  -0.000840  -0.000915
     70       0.001612   0.001707   0.001922   0.000012  -0.006684   0.000167
     71      -0.000233   0.000400   0.000561   0.000036  -0.003134  -0.001518
     72       0.022534  -0.092541   0.068146  -0.017271   0.523420   0.042404
     73       0.011499  -0.044784   0.032041  -0.008824   0.269618   0.021878
     74       0.029159  -0.116241   0.084946  -0.022948   0.689695   0.057214
     75       0.012609  -0.010810   0.012304  -0.002033   0.051934  -0.003382
     76      -0.055981   0.048675  -0.052766   0.008979  -0.233223   0.011440
     77       0.040113  -0.029894   0.034213  -0.006144   0.154545  -0.009865
                 72         73         74         75         76         77    
      0      -0.003361   0.029215  -0.011234   0.017828   0.000003   0.000080
      1      -0.003832   0.043407  -0.017525   0.041388   0.000026  -0.000467
      2       0.003849  -0.037997   0.015375  -0.034416   0.000049  -0.000263
      3      -0.008740   0.011093  -0.003853  -0.019709   0.000027   0.000075
      4       0.020075  -0.025915   0.008623   0.056130  -0.000051   0.000114
      5      -0.001949   0.003573  -0.000820  -0.018793  -0.000016  -0.000169
      6      -0.014702   0.018419  -0.010069  -0.014566   0.000182   0.000416
      7       0.010965  -0.013640   0.011146   0.014519   0.000083  -0.000588
      8      -0.025130   0.031755  -0.018503  -0.025230   0.000336  -0.000229
      9      -0.000893  -0.000341  -0.001052  -0.000129  -0.000243  -0.001943
     10       0.000750   0.000502   0.001483   0.000172  -0.000050   0.001835
     11      -0.000078   0.000918   0.000174  -0.000730   0.000073  -0.000796
     12       0.004772  -0.004648  -0.014209  -0.000812  -0.000175   0.000129
     13      -0.022572   0.023354   0.075421   0.005236   0.000592  -0.000053
     14      -0.008851   0.008046   0.022560   0.000950  -0.000164   0.000094
     15       0.008316  -0.004745  -0.012521  -0.000493  -0.001127   0.000049
     16      -0.009306   0.007386   0.018817   0.000615   0.005873   0.000251
     17      -0.009683   0.007287   0.018580   0.000483   0.002081   0.000053
     18       0.001360   0.000797   0.000336  -0.000388   0.000905   0.000084
     19      -0.000191  -0.000901  -0.001168   0.000146   0.019987   0.000852
     20      -0.002576  -0.002203  -0.001499   0.001069   0.069021   0.002932
     21      -0.038437  -0.018580  -0.007021   0.010115  -0.004550  -0.000401
     22       0.006268   0.004581   0.001702  -0.000861   0.002180   0.000111
     23       0.067226   0.033385   0.013141  -0.017235   0.004123   0.000137
     24       0.000319   0.000056   0.000541   0.000038   0.001388  -0.030928
     25      -0.000394  -0.000500  -0.000249  -0.000070  -0.002102   0.047931
     26       0.000118  -0.000226  -0.000103   0.000123  -0.001949   0.042818
     27       0.006484  -0.002001   0.002420  -0.005120  -0.000021   0.000604
     28      -0.004240   0.003657  -0.003218   0.006397  -0.000153   0.003096
     29       0.011064  -0.003961   0.004621  -0.010364   0.000074  -0.000780
     30      -0.009001   0.110442  -0.045224   0.118569  -0.000026   0.000379
     31       0.027026  -0.314378   0.129581  -0.334157   0.000085  -0.000280
     32      -0.020001   0.247757  -0.102050   0.267835  -0.000020  -0.000401
     33       0.050320  -0.459357   0.180450  -0.335425  -0.000218  -0.000052
     34       0.022629  -0.213500   0.083231  -0.156820  -0.000200   0.001047
     35      -0.022744   0.205242  -0.080922   0.148310  -0.000015   0.001053
     36       0.082929  -0.101011   0.036852   0.165480  -0.000147  -0.000475
     37      -0.132334   0.161577  -0.057777  -0.266733   0.000245   0.000236
     38      -0.082431   0.100438  -0.036152  -0.167680   0.000193   0.000334
     39       0.018047  -0.026356   0.006651   0.076705  -0.000004   0.000198
     40      -0.105233   0.154596  -0.048291  -0.405734   0.000131  -0.001075
     41       0.100735  -0.144020   0.045072   0.384974  -0.000082   0.001260
     42       0.033090  -0.042254   0.033487   0.037780  -0.000305  -0.000457
     43      -0.189879   0.231701  -0.173247  -0.223625   0.000246   0.001826
     44       0.118024  -0.146277   0.106689   0.140753  -0.000365  -0.001559
     45       0.142983  -0.180598   0.090291   0.130191  -0.001944  -0.000254
     46       0.057259  -0.075062   0.037437   0.052557  -0.001509   0.000804
     47       0.185022  -0.233996   0.114546   0.165374  -0.003311   0.001600
     48      -0.033370   0.033110   0.097263   0.004999  -0.000095   0.003042
     49       0.073349  -0.070763  -0.209482  -0.011248  -0.001099   0.000050
     50       0.141847  -0.139581  -0.409858  -0.021039  -0.002621  -0.002457
     51      -0.021159   0.021995   0.071794   0.004808   0.000377  -0.000373
     52       0.196048  -0.204496  -0.688575  -0.053807  -0.002887  -0.001087
     53      -0.037498   0.039109   0.131259   0.010303   0.000572  -0.000140
     54       0.018780  -0.015575  -0.039450  -0.001285  -0.007244  -0.000676
     55       0.076747  -0.062543  -0.159567  -0.005190  -0.035207  -0.002096
     56       0.052281  -0.042999  -0.109485  -0.003281  -0.029253  -0.001964
     57      -0.114487   0.074960   0.194421   0.006296   0.016109   0.000670
     58       0.034999  -0.022398  -0.058130  -0.002064  -0.007405  -0.000380
     59       0.064170  -0.042593  -0.109092  -0.003062  -0.006466  -0.000078
     60      -0.005614  -0.004001  -0.000801   0.002463   0.023795   0.000677
     61       0.008978   0.010289   0.009221  -0.003535  -0.319040  -0.014246
     62       0.034493   0.028836   0.024462  -0.011435  -0.940873  -0.041310
     63       0.021063   0.012193   0.004172  -0.004683   0.005003   0.001829
     64      -0.274741  -0.148388  -0.060455   0.061167  -0.022786  -0.006495
     65      -0.179952  -0.098723  -0.038796   0.040642  -0.016761  -0.001250
     66       0.427858   0.204933   0.078363  -0.113415   0.023033   0.001320
     67       0.184427   0.090437   0.033640  -0.049970   0.007970   0.000632
     68      -0.619460  -0.298058  -0.114429   0.165277  -0.035391  -0.003307
     69      -0.001608  -0.002442  -0.004801   0.000375  -0.019658   0.438278
     70       0.002516   0.001003  -0.000822  -0.000539   0.030743  -0.694781
     71      -0.001266   0.000696  -0.000124   0.001959   0.024591  -0.563753
     72      -0.058411   0.012436  -0.018815   0.040880   0.000251  -0.008102
     73      -0.030337   0.007075  -0.010158   0.021438   0.000202  -0.004756
     74      -0.077274   0.016291  -0.025060   0.055882   0.000076  -0.006048
     75      -0.019954   0.011112  -0.011212   0.024687  -0.000425   0.004392
     76       0.079221  -0.042026   0.043811  -0.095524   0.000707  -0.008494
     77      -0.056095   0.029191  -0.030697   0.063764  -0.000411   0.005553
# -----------------------------------------------------------
$ THERMOCHEMISTRY_Energies
   description: The Thermochemistry energies
   geom. index: 1
   prop. index: 1
        Temperature (Kelvin)           :        298.1500000000
        Pressure (atm)                 :          1.0000000000
        Total Mass (AMU)               :        140.2300000000
        Spin Degeneracy                :          1.0000000000
        Electronic Energy (Hartree)    :       -424.2338179304
        Translational Energy (Hartree) :          0.0014162714
        Rotational Energy (Hartree)    :          0.0014162714
        Vibrational Energy (Hartree)   :          0.0055722618
        Number of frequencies          :     78      
        Scaling Factor for frequencies :          1.0000000000
        Vibrational frequencies        :     
                  0    
      0       0.000000
      1       0.000000
      2       0.000000
      3       0.000000
      4       0.000000
      5       0.000000
      6     107.790788
      7     154.113590
      8     177.287339
      9     255.083087
     10     325.416955
     11     332.988402
     12     391.880322
     13     449.657817
     14     472.672197
     15     494.152098
     16     576.889216
     17     652.902482
     18     707.766594
     19     769.225848
     20     870.168722
     21     887.904241
     22     905.846205
     23     915.188136
     24     956.399134
     25     961.619008
     26     973.548466
     27     987.493494
     28     1003.554933
     29     1044.809035
     30     1070.538225
     31     1085.232634
     32     1101.751927
     33     1102.915606
     34     1138.404458
     35     1182.419557
     36     1188.058185
     37     1208.455273
     38     1228.723664
     39     1252.012159
     40     1261.210339
     41     1293.809259
     42     1308.810177
     43     1323.057006
     44     1329.682216
     45     1347.317072
     46     1377.288769
     47     1401.616948
     48     1415.422240
     49     1419.832543
     50     1433.665287
     51     1441.285058
     52     1451.451639
     53     1501.575688
     54     1508.220380
     55     1520.673830
     56     1526.951835
     57     1535.915389
     58     1536.788627
     59     1551.733711
     60     1554.174506
     61     1561.577274
     62     2922.131384
     63     2922.817089
     64     2938.364674
     65     2942.937858
     66     2944.965589
     67     2947.798614
     68     2956.256809
     69     2967.188850
     70     2979.386738
     71     2985.767117
     72     2989.967039
     73     2993.693615
     74     2994.894350
     75     3007.589871
     76     3216.344523
     77     3222.337325
        Zero Point Energy (Hartree)    :          0.2425505183
        Inner Energy (Hartree)         :       -423.9828626075
        Enthalpy (Hartree)             :       -423.9819183984
        Electronic entropy             :          0.0000000000
        Rotational entropy             :          0.0139293943
        Vibrational entropy            :          0.0089772121
        Translational entropy          :          0.0139293943
        Entropy                        :          0.0422567094
        Gibbs Energy (Hartree)         :       -424.0241751078
        Is Linear                      :                 false
# -----------------------------------------------------------
$ PAL_Flags
   description: The PAL Flags
   geom. index: 2
   prop. index: 1
        Diskflag:     2
# -----------------------------------------------------------
$ SCF_Energy
   description: The SCF energy
   geom. index: 2
   prop. index: 1
        SCF Energy:     -424.1930890440
# -----------------------------------------------------------
$ DFT_Energy
   description: The DFT energy
   geom. index: 2
   prop. index: 1
   Number of Alpha Electrons                 38.9999050899 
   Number of Beta  Electrons                 38.9999050899 
   Total number of  Electrons                77.9998101797 
   Exchange energy                          -40.1171660267 
   Correlation energy                        -3.1829562160 
   Correlation energy NL                      0.0000000000 
   Exchange-Correlation energy              -43.3001222427 
   Embedding correction                       0.0000000000 
   Total DFT Energy (No VdW correction)    -424.1930890440 
# -----------------------------------------------------------
$ VdW_Correction
   description: The Van der Waals Correction
   geom. index: 2
   prop. index: 1
        Van der Waals Correction:       -0.0479256267
# -----------------------------------------------------------
$ PAL_Flags
   description: The PAL Flags
   geom. index: 3
   prop. index: 1
        Diskflag:     2
# -----------------------------------------------------------
$ SCF_Energy
   description: The SCF energy
   geom. index: 3
   prop. index: 1
        SCF Energy:     -424.1936046633
# -----------------------------------------------------------
$ DFT_Energy
   description: The DFT energy
   geom. index: 3
   prop. index: 1
   Number of Alpha Electrons                 38.9998777470 
   Number of Beta  Electrons                 38.9998777470 
   Total number of  Electrons                77.9997554939 
   Exchange energy                          -40.1147632299 
   Correlation energy                        -3.1830231486 
   Correlation energy NL                      0.0000000000 
   Exchange-Correlation energy              -43.2977863785 
   Embedding correction                       0.0000000000 
   Total DFT Energy (No VdW correction)    -424.1936046633 
# -----------------------------------------------------------
$ VdW_Correction
   description: The Van der Waals Correction
   geom. index: 3
   prop. index: 1
        Van der Waals Correction:       -0.0480408816
# -----------------------------------------------------------
$ PAL_Flags
   description: The PAL Flags
   geom. index: 4
   prop. index: 1
        Diskflag:     2
# -----------------------------------------------------------
$ SCF_Energy
   description: The SCF energy
   geom. index: 4
   prop. index: 1
        SCF Energy:     -424.1936796564
# -----------------------------------------------------------
$ DFT_Energy
   description: The DFT energy
   geom. index: 4
   prop. index: 1
   Number of Alpha Electrons                 38.9998876711 
   Number of Beta  Electrons                 38.9998876711 
   Total number of  Electrons                77.9997753423 
   Exchange energy                          -40.1136670008 
   Correlation energy                        -3.1830719876 
   Correlation energy NL                      0.0000000000 
   Exchange-Correlation energy              -43.2967389884 
   Embedding correction                       0.0000000000 
   Total DFT Energy (No VdW correction)    -424.1936796564 
# -----------------------------------------------------------
$ VdW_Correction
   description: The Van der Waals Correction
   geom. index: 4
   prop. index: 1
        Van der Waals Correction:       -0.0481119062
# -----------------------------------------------------------
$ PAL_Flags
   description: The PAL Flags
   geom. index: 5
   prop. index: 1
        Diskflag:     2
# -----------------------------------------------------------
$ SCF_Energy
   description: The SCF energy
   geom. index: 5
   prop. index: 1
        SCF Energy:     -424.1936953783
# -----------------------------------------------------------
$ DFT_Energy
   description: The DFT energy
   geom. index: 5
   prop. index: 1
   Number of Alpha Electrons                 38.9998917230 
   Number of Beta  Electrons                 38.9998917230 
   Total number of  Electrons                77.9997834460 
   Exchange energy                          -40.1137311594 
   Correlation energy                        -3.1830826793 
   Correlation energy NL                      0.0000000000 
   Exchange-Correlation energy              -43.2968138387 
   Embedding correction                       0.0000000000 
   Total DFT Energy (No VdW correction)    -424.1936953783 
# -----------------------------------------------------------
$ VdW_Correction
   description: The Van der Waals Correction
   geom. index: 5
   prop. index: 1
        Van der Waals Correction:       -0.0481131069
# -----------------------------------------------------------
$ PAL_Flags
   description: The PAL Flags
   geom. index: 6
   prop. index: 1
        Diskflag:     2
# -----------------------------------------------------------
$ SCF_Energy
   description: The SCF energy
   geom. index: 6
   prop. index: 1
        SCF Energy:     -424.1937012525
# -----------------------------------------------------------
$ DFT_Energy
   description: The DFT energy
   geom. index: 6
   prop. index: 1
   Number of Alpha Electrons                 38.9998946233 
   Number of Beta  Electrons                 38.9998946233 
   Total number of  Electrons                77.9997892465 
   Exchange energy                          -40.1140052247 
   Correlation energy                        -3.1831113392 
   Correlation energy NL                      0.0000000000 
   Exchange-Correlation energy              -43.2971165639 
   Embedding correction                       0.0000000000 
   Total DFT Energy (No VdW correction)    -424.1937012525 
# -----------------------------------------------------------
$ VdW_Correction
   description: The Van der Waals Correction
   geom. index: 6
   prop. index: 1
        Van der Waals Correction:       -0.0481160609
# -----------------------------------------------------------
$ PAL_Flags
   description: The PAL Flags
   geom. index: 7
   prop. index: 1
        Diskflag:     2
# -----------------------------------------------------------
$ SCF_Energy
   description: The SCF energy
   geom. index: 7
   prop. index: 1
        SCF Energy:     -424.1937117357
# -----------------------------------------------------------
$ DFT_Energy
   description: The DFT energy
   geom. index: 7
   prop. index: 1
   Number of Alpha Electrons                 38.9998982941 
   Number of Beta  Electrons                 38.9998982941 
   Total number of  Electrons                77.9997965883 
   Exchange energy                          -40.1142408829 
   Correlation energy                        -3.1831313916 
   Correlation energy NL                      0.0000000000 
   Exchange-Correlation energy              -43.2973722745 
   Embedding correction                       0.0000000000 
   Total DFT Energy (No VdW correction)    -424.1937117357 
# -----------------------------------------------------------
$ VdW_Correction
   description: The Van der Waals Correction
   geom. index: 7
   prop. index: 1
        Van der Waals Correction:       -0.0481131883
# -----------------------------------------------------------
$ PAL_Flags
   description: The PAL Flags
   geom. index: 8
   prop. index: 1
        Diskflag:     2
# -----------------------------------------------------------
$ SCF_Energy
   description: The SCF energy
   geom. index: 8
   prop. index: 1
        SCF Energy:     -424.1937231015
# -----------------------------------------------------------
$ DFT_Energy
   description: The DFT energy
   geom. index: 8
   prop. index: 1
   Number of Alpha Electrons                 38.9999054653 
   Number of Beta  Electrons                 38.9999054653 
   Total number of  Electrons                77.9998109307 
   Exchange energy                          -40.1145235404 
   Correlation energy                        -3.1831670673 
   Correlation energy NL                      0.0000000000 
   Exchange-Correlation energy              -43.2976906077 
   Embedding correction                       0.0000000000 
   Total DFT Energy (No VdW correction)    -424.1937231015 
# -----------------------------------------------------------
$ VdW_Correction
   description: The Van der Waals Correction
   geom. index: 8
   prop. index: 1
        Van der Waals Correction:       -0.0481112073
# -----------------------------------------------------------
$ PAL_Flags
   description: The PAL Flags
   geom. index: 9
   prop. index: 1
        Diskflag:     2
# -----------------------------------------------------------
$ SCF_Energy
   description: The SCF energy
   geom. index: 9
   prop. index: 1
        SCF Energy:     -424.1937343203
# -----------------------------------------------------------
$ DFT_Energy
   description: The DFT energy
   geom. index: 9
   prop. index: 1
   Number of Alpha Electrons                 38.9999060728 
   Number of Beta  Electrons                 38.9999060728 
   Total number of  Electrons                77.9998121456 
   Exchange energy                          -40.1144801323 
   Correlation energy                        -3.1831607247 
   Correlation energy NL                      0.0000000000 
   Exchange-Correlation energy              -43.2976408571 
   Embedding correction                       0.0000000000 
   Total DFT Energy (No VdW correction)    -424.1937343203 
# -----------------------------------------------------------
$ VdW_Correction
   description: The Van der Waals Correction
   geom. index: 9
   prop. index: 1
        Van der Waals Correction:       -0.0481021769
# -----------------------------------------------------------
$ PAL_Flags
   description: The PAL Flags
   geom. index: 10
   prop. index: 1
        Diskflag:     2
# -----------------------------------------------------------
$ SCF_Energy
   description: The SCF energy
   geom. index: 10
   prop. index: 1
        SCF Energy:     -424.1937349527
# -----------------------------------------------------------
$ DFT_Energy
   description: The DFT energy
   geom. index: 10
   prop. index: 1
   Number of Alpha Electrons                 38.9999069241 
   Number of Beta  Electrons                 38.9999069241 
   Total number of  Electrons                77.9998138481 
   Exchange energy                          -40.1143597674 
   Correlation energy                        -3.1831517238 
   Correlation energy NL                      0.0000000000 
   Exchange-Correlation energy              -43.2975114911 
   Embedding correction                       0.0000000000 
   Total DFT Energy (No VdW correction)    -424.1937349527 
# -----------------------------------------------------------
$ Mayer_Pop
   description: The Mayer population analysis
   geom. index: 10
   prop. index: 1
     Number of atoms                     : 26
     Threshold for printing              : 0.1000000
     Number of bond orders printed       : 32
  NA   - Mulliken gross atomic population
  ZA   - Total nuclear charge
  QA   - Mulliken gross atomic charge
  VA   - Mayer's total valence
  BVA  - Mayer's bonded valence
  FA   - Mayer's free valence
  ATOM       NA         ZA         QA         VA         BVA        FA
  0   0     6.4458     6.0000    -0.4458     3.9070     3.9070    -0.0000
  1   0     6.2557     6.0000    -0.2557     3.6771     3.6771    -0.0000
  2   0     6.3269     6.0000    -0.3269     3.8683     3.8683     0.0000
  3   0     6.4660     6.0000    -0.4660     4.5262     4.5262     0.0000
  4   0     6.1551     6.0000    -0.1551     3.2082     3.2082    -0.0000
  5   0     6.3066     6.0000    -0.3066     3.8196     3.8196    -0.0000
  6   0     7.3248     7.0000    -0.3248     2.5561     2.5561     0.0000
  7   0     6.2568     6.0000    -0.2568     3.6125     3.6125    -0.0000
  8   0     7.1978     7.0000    -0.1978     2.5767     2.5767    -0.0000
  9   0     6.0573     6.0000    -0.0573     3.4973     3.4973    -0.0000
 10   0     0.8478     1.0000     0.1522     0.9479     0.9479    -0.0000
 11   0     0.8510     1.0000     0.1490     0.9397     0.9397    -0.0000
 12   0     0.8407     1.0000     0.1593     0.9250     0.9250     0.0000
 13   0     0.8580     1.0000     0.1420     0.9365     0.9365    -0.0000
 14   0     0.8224     1.0000     0.1776     0.9239     0.9239    -0.0000
 15   0     0.8485     1.0000     0.1515     0.9261     0.9261     0.0000
 16   0     0.8462     1.0000     0.1538     0.9370     0.9370    -0.0000
 17   0     0.8329     1.0000     0.1671     0.9563     0.9563     0.0000
 18   0     0.8584     1.0000     0.1416     0.9332     0.9332    -0.0000
 19   0     0.8404     1.0000     0.1596     0.9374     0.9374    -0.0000
 20   0     0.6920     1.0000     0.3080     0.8527     0.8527     0.0000
 21   0     0.8289     1.0000     0.1711     0.8915     0.8915    -0.0000
 22   0     0.8500     1.0000     0.1500     0.9332     0.9332    -0.0000
 23   0     0.6696     1.0000     0.3304     0.8079     0.8079    -0.0000
 24   0     0.8431     1.0000     0.1569     0.9203     0.9203     0.0000
 25   0     0.8772     1.0000     0.1228     0.9417     0.9417     0.0000
      Bond orders larger than 0.1000000
           Atom A     A.N. of A          Atom B    A.N. of B              Bond order
                0             6               1            6                0.947015
                0             6               9            6                1.001726
                0             6              10            1                0.994284
                0             6              11            1                0.970917
                1             6               2            6                0.960768
                1             6              12            1                0.952298
                1             6              13            1                0.986831
                2             6               3            6                1.234204
                2             6               4            6               -0.148014
                2             6              14            1                0.951061
                2             6              15            1                0.915208
                3             6               4            6                0.769343
                3             6               6            7               -0.155700
                3             6               7            6                0.930527
                3             6               8            7                1.311161
                3             6              17            1               -0.130110
                3             6              23            1                0.137184
                4             6               5            6                0.923248
                4             6              16            1                0.914741
                4             6              17            1                1.042636
                4             6              21            1               -0.120136
                5             6               6            7                0.895806
                5             6              18            1                0.993177
                5             6              19            1                0.986954
                6             7               7            6                1.039226
                6             7              20            1                0.880616
                7             6              21            1                1.001325
                7             6              22            1                0.924020
                8             7               9            6                0.745169
                8             7              23            1                0.795686
                9             6              24            1                0.964750
                9             6              25            1                0.948279
# -----------------------------------------------------------
$ VdW_Correction
   description: The Van der Waals Correction
   geom. index: 10
   prop. index: 1
        Van der Waals Correction:       -0.0481019664
# -----------------------------------------------------------
$ SCF_Electric_Properties
   description: The SCF Calculated Electric Properties
   geom. index: 10
   prop. index: 1
       Filename                          : file.scfp 
       Do Dipole Moment Calculation      : true 
       Do Quadrupole Moment Calculation  : false 
       Do Polarizability Calculation     : false 
** Dipole moment part of electric properties **
        Magnitude of dipole moment (Debye) :        1.0462798988
        Electronic Contribution:
                  0    
      0      -1.953523
      1       0.790485
      2       1.082730
        Nuclear Contribution:
                  0    
      0       2.255280
      1      -0.903310
      2      -1.338957
        Total Dipole moment:
                  0    
      0       0.301757
      1      -0.112825
      2      -0.256227
# -------------------------------------------------------------
----------------------- !GEOMETRIES! ------------------------
# -------------------------------------------------------------
------------------------ !GEOMETRY! -------------------------
    Number of atoms:    26 
    Geometry Index:     1 
    Coordinates:
               0 C      2.568200000000   -0.084400000000    0.041200000000
               1 C      1.691800000000   -0.603600000000   -1.097700000000
               2 C      0.340200000000   -1.095100000000   -0.564500000000
               3 C     -0.356100000000   -0.043400000000    0.348200000000
               4 C     -1.598900000000   -0.657900000000    0.986400000000
               5 C     -2.721200000000   -0.382200000000   -0.002900000000
               6 N     -2.310900000000    0.725700000000   -0.870700000000
               7 C     -0.960300000000    1.116200000000   -0.464000000000
               8 N      0.576200000000    0.421000000000    1.401800000000
               9 C      1.819300000000    0.976200000000    0.848200000000
              10 H      2.853000000000   -0.927000000000    0.709100000000
              11 H      3.498000000000    0.356200000000   -0.378700000000
              12 H      2.212400000000   -1.443800000000   -1.605700000000
              13 H      1.542800000000    0.197900000000   -1.851900000000
              14 H      0.523600000000   -2.025400000000    0.017800000000
              15 H     -0.313800000000   -1.364100000000   -1.422700000000
              16 H     -1.838000000000   -0.147600000000    1.946400000000
              17 H     -1.494400000000   -1.745900000000    1.192200000000
              18 H     -2.921700000000   -1.296900000000   -0.606500000000
              19 H     -3.653900000000   -0.107800000000    0.534800000000
              20 H     -2.267200000000    0.374900000000   -1.857000000000
              21 H     -1.044600000000    2.028000000000    0.166300000000
              22 H     -0.345600000000    1.386800000000   -1.349000000000
              23 H      0.121900000000    1.167900000000    1.978900000000
              24 H      2.470700000000    1.308100000000    1.685200000000
              25 H      1.608400000000    1.866500000000    0.214800000000
------------------------ !GEOMETRY! -------------------------
    Number of atoms:    26 
    Geometry Index:     2 
    Coordinates:
               0 C      2.577895059150   -0.083450843959    0.034303989804
               1 C      1.687810258977   -0.588642701503   -1.104597598915
               2 C      0.340108999624   -1.070986590914   -0.553134594869
               3 C     -0.348268705099   -0.035903051708    0.352513498089
               4 C     -1.605763146649   -0.637537561191    1.000860673497
               5 C     -2.740180987615   -0.406762533110   -0.014165645931
               6 N     -2.296236003274    0.684457577438   -0.909642912290
               7 C     -0.963626847198    1.119864313118   -0.479979599209
               8 N      0.593476612300    0.397230668803    1.389770537983
               9 C      1.835810362252    0.966172318072    0.857631275681
              10 H      2.849918044208   -0.921027995555    0.689618753740
              11 H      3.504862312141    0.346297966985   -0.364919898762
              12 H      2.182878128695   -1.412330252677   -1.633038981795
              13 H      1.538170815472    0.213866884013   -1.840387066036
              14 H      0.506065521516   -1.984413733894    0.031965167402
              15 H     -0.334056557878   -1.332269917875   -1.379517088083
              16 H     -1.818530344877   -0.111360628794    1.939579202255
              17 H     -1.476822428529   -1.697041336587    1.240509457149
              18 H     -2.941368246216   -1.316389636233   -0.593744237570
              19 H     -3.672235044392   -0.131330212972    0.493315207225
              20 H     -2.255535929976    0.351264025514   -1.860762990748
              21 H     -1.047186085519    2.015986747452    0.154735507477
              22 H     -0.361558957527    1.397737891095   -1.351187082269
              23 H      0.136452769895    1.093047552148    1.968319932806
              24 H      2.455801293678    1.285917734384    1.702672734185
              25 H      1.652019106840    1.857903317952    0.229281759182
------------------------ !GEOMETRY! -------------------------
    Number of atoms:    26 
    Geometry Index:     3 
    Coordinates:
               0 C      2.575243607354   -0.088110081382    0.017898637856
               1 C      1.666734827187   -0.583127889353   -1.111912837071
               2 C      0.327652009912   -1.070111987157   -0.544931731391
               3 C     -0.347921578365   -0.028228293993    0.363167083550
               4 C     -1.613108913215   -0.611135502443    1.013477676859
               5 C     -2.724579699772   -0.426600431662   -0.037795997260
               6 N     -2.269154115146    0.657999586333   -0.937395459281
               7 C     -0.964221057833    1.128696370299   -0.467014552754
               8 N      0.608615715056    0.384874259700    1.391835411522
               9 C      1.845377673755    0.959930896958    0.856347539462
              10 H      2.847532602610   -0.929195423031    0.668323484533
              11 H      3.502129223624    0.336157503931   -0.386714931685
              12 H      2.151349839624   -1.395320387684   -1.666671123936
              13 H      1.502827401314    0.231447160139   -1.831053120690
              14 H      0.499753952190   -1.975579939770    0.050688381545
              15 H     -0.356820215240   -1.342023020014   -1.358639995464
              16 H     -1.843170738632   -0.044444481164    1.924994210081
              17 H     -1.475717533672   -1.656341955689    1.305802949412
              18 H     -2.894573414775   -1.350043721229   -0.605621103781
              19 H     -3.675881482318   -0.159309562470    0.436908621944
              20 H     -2.209656143992    0.326461780523   -1.891504413586
              21 H     -1.088550447862    2.006344569028    0.186742938981
              22 H     -0.349908030861    1.441314831248   -1.316863755831
              23 H      0.155986130457    1.058166797922    2.003812895173
              24 H      2.467731889991    1.272696332569    1.702039566145
              25 H      1.662228498607    1.855782588390    0.234079625667
------------------------ !GEOMETRY! -------------------------
    Number of atoms:    26 
    Geometry Index:     4 
    Coordinates:
               0 C      2.572295830017   -0.093573828394    0.007367488432
               1 C      1.651635676754   -0.581094107255   -1.116034861095
               2 C      0.317818661432   -1.070456251592   -0.538556882254
               3 C     -0.348552172675   -0.022082576464    0.369682120529
               4 C     -1.618334823610   -0.590011760882    1.022339708752
               5 C     -2.708690209931   -0.446705208440   -0.055671931362
               6 N     -2.262747523121    0.652801334436   -0.942809517648
               7 C     -0.964663581826    1.135248618491   -0.459632485457
               8 N      0.617010730446    0.379251651694    1.393732166123
               9 C      1.852207928813    0.954076325165    0.856187115985
              10 H      2.846320532316   -0.938011580711    0.653024466868
              11 H      3.497810125225    0.328034053233   -0.403681268469
              12 H      2.129733256900   -1.386499222629   -1.686684425801
              13 H      1.478049604509    0.241430960271   -1.824031782249
              14 H      0.496025325524   -1.970563379174    0.063838939762
              15 H     -0.371384221920   -1.349696948643   -1.345614250531
              16 H     -1.867900083454    0.016243859575    1.903416226946
              17 H     -1.480863906592   -1.621119604433    1.362063583649
              18 H     -2.830207244281   -1.378895544453   -0.622873574718
              19 H     -3.681596955460   -0.210168320973    0.390784585347
              20 H     -2.195816392852    0.334748623453   -1.900286821702
              21 H     -1.106614882116    2.004232897044    0.201786696721
              22 H     -0.345356747432    1.464873265874   -1.299660158539
              23 H      0.173792078988    1.034713822428    2.030484213758
              24 H      2.480227525579    1.259130885776    1.700761426739
              25 H      1.669701468766    1.854392036604    0.240069220214
------------------------ !GEOMETRY! -------------------------
    Number of atoms:    26 
    Geometry Index:     5 
    Coordinates:
               0 C      2.572002467428   -0.093585312869    0.006007429705
               1 C      1.650045155943   -0.581363761281   -1.116143711633
               2 C      0.316906490800   -1.071091436110   -0.537205004178
               3 C     -0.348808808003   -0.021822870372    0.370609135936
               4 C     -1.619504377503   -0.587752369640    1.023236297525
               5 C     -2.707056274821   -0.449257938952   -0.057330907701
               6 N     -2.265207451705    0.655833567418   -0.938984725510
               7 C     -0.964023594775    1.135269065161   -0.459814058942
               8 N      0.617483635331    0.378561955983    1.394015968238
               9 C      1.852688611230    0.953183606805    0.856687545543
              10 H      2.848041801745   -0.938266787146    0.650464216062
              11 H      3.496180508622    0.329154940045   -0.406894623327
              12 H      2.127833929606   -1.386371940963   -1.687617690264
              13 H      1.474909484106    0.241309060687   -1.823561984191
              14 H      0.496156657955   -1.970423169366    0.066023036010
              15 H     -0.372221596199   -1.351325435864   -1.343901079680
              16 H     -1.872576352751    0.026206851228    1.897860374164
              17 H     -1.483730253460   -1.616331070605    1.371170984737
              18 H     -2.814716847781   -1.381458400965   -0.627243015712
              19 H     -3.685017235093   -0.223730790383    0.383892777018
              20 H     -2.201023422197    0.344333533049   -1.899120260201
              21 H     -1.102254759064    2.006240754161    0.199702421168
              22 H     -0.345577974887    1.461678132308   -1.301725008014
              23 H      0.177157314805    1.030315738830    2.036552267375
              24 H      2.482060143273    1.256238647432    1.700931362929
              25 H      1.670152747396    1.854755431408    0.242388252941
------------------------ !GEOMETRY! -------------------------
    Number of atoms:    26 
    Geometry Index:     6 
    Coordinates:
               0 C      2.571539928718   -0.094422313844    0.005581866976
               1 C      1.648897848974   -0.582732942912   -1.115716331459
               2 C      0.315237371324   -1.070785982572   -0.536421934263
               3 C     -0.349223847233   -0.020801945798    0.371589361398
               4 C     -1.620090654535   -0.585312398521    1.024582466412
               5 C     -2.703679056056   -0.453989648973   -0.059608863693
               6 N     -2.268678719318    0.660519314947   -0.932614856341
               7 C     -0.963736001251    1.136480405437   -0.458962047122
               8 N      0.617698801860    0.379090351684    1.394358385607
               9 C      1.853181429114    0.952570750402    0.856723599615
              10 H      2.848718742846   -0.938972934704    0.649721621979
              11 H      3.494984257431    0.328677770625   -0.408622308542
              12 H      2.126191809590   -1.389040210943   -1.685785658704
              13 H      1.474426350396    0.238953069755   -1.824425050586
              14 H      0.493601626880   -1.970530835368    0.066454438363
              15 H     -0.373906855097   -1.349756835416   -1.343535342857
              16 H     -1.876873836784    0.033951318985    1.894426127261
              17 H     -1.484910186046   -1.611883946714    1.378555852438
              18 H     -2.796231953650   -1.385252493280   -0.633977530584
              19 H     -3.686727444199   -0.242348489730    0.377167249599
              20 H     -2.211238702774    0.358745852955   -1.896135619626
              21 H     -1.095969111569    2.010083146428    0.198274671445
              22 H     -0.346793537140    1.457867581996   -1.303970267553
              23 H      0.179037667923    1.029898186714    2.038831127278
              24 H      2.483535187917    1.254726622524    1.700553893372
              25 H      1.670908882678    1.854566606321    0.242955149589
------------------------ !GEOMETRY! -------------------------
    Number of atoms:    26 
    Geometry Index:     7 
    Coordinates:
               0 C      2.571460096564   -0.094875055446    0.006086248119
               1 C      1.648988304586   -0.584458367242   -1.114764793817
               2 C      0.314460785725   -1.070808611669   -0.535964010779
               3 C     -0.349406450333   -0.020376251384    0.371971275791
               4 C     -1.620247042701   -0.584384348650    1.025262710545
               5 C     -2.701461308590   -0.457565539181   -0.060765323529
               6 N     -2.272504327346    0.665520935493   -0.925132193256
               7 C     -0.963020232136    1.137039489834   -0.458945963860
               8 N      0.617649022726    0.379571120486    1.394489265221
               9 C      1.853114326336    0.952613906240    0.856550050280
              10 H      2.849306162041   -0.938802151381    0.650751922796
              11 H      3.494501250508    0.328373281183   -0.408887541090
              12 H      2.126154643870   -1.392366185530   -1.682683834411
              13 H      1.475721305985    0.235851160088   -1.825360091291
              14 H      0.491338625260   -1.971198284035    0.066419637100
              15 H     -0.374442380720   -1.348113146121   -1.343850579970
              16 H     -1.879548630176    0.037873770945    1.892223531148
              17 H     -1.484788145406   -1.609693283607    1.382759327318
              18 H     -2.781411716743   -1.387223527097   -0.639879729683
              19 H     -3.688474456161   -0.258391900956    0.373028138803
              20 H     -2.226036088699    0.376372837860   -1.892959613596
              21 H     -1.087411717486    2.013854402953    0.195575582301
              22 H     -0.348160208243    1.451882599729   -1.307997341043
              23 H      0.179667395417    1.030134778206    2.039567113228
              24 H      2.483715978910    1.255098951507    1.700072906062
              25 H      1.670734806811    1.854369417777    0.242433307613
------------------------ !GEOMETRY! -------------------------
    Number of atoms:    26 
    Geometry Index:     8 
    Coordinates:
               0 C      2.571390842641   -0.096749805913    0.007462217764
               1 C      1.649073276472   -0.587865530000   -1.112831302411
               2 C      0.312865751981   -1.070824000204   -0.535006304914
               3 C     -0.349607681489   -0.019190026550    0.372609225528
               4 C     -1.620290702295   -0.582127558639    1.026719218143
               5 C     -2.695944703077   -0.466052225049   -0.063998246082
               6 N     -2.280012412651    0.675096667659   -0.909884500382
               7 C     -0.961852298103    1.138580276952   -0.458781137769
               8 N      0.617869249479    0.380661528067    1.394619483355
               9 C      1.853361072931    0.952599914942    0.855795048613
              10 H      2.848845596793   -0.939513192224    0.653796857784
              11 H      3.494608810453    0.325362945876   -0.408271467702
              12 H      2.125548815526   -1.398316882776   -1.677689140360
              13 H      1.478170798236    0.230583068949   -1.826140889845
              14 H      0.486810298148   -1.972113671938    0.066930724124
              15 H     -0.375784006935   -1.345257180057   -1.344036032512
              16 H     -1.884935168915    0.046150799742    1.887775559393
              17 H     -1.483328152086   -1.604535458962    1.391773953971
              18 H     -2.751063616134   -1.392125413074   -0.652349341652
              19 H     -3.690357191529   -0.291907622813    0.363661676106
              20 H     -2.258042786446    0.413360348691   -1.886164972383
              21 H     -1.071546422622    2.020767994505    0.191177972846
              22 H     -0.351248305640    1.441959186403   -1.315181242456
              23 H      0.180412370265    1.031885147347    2.039364294437
              24 H      2.484002392524    1.256671958011    1.698700132295
              25 H      1.670954172473    1.853198731055    0.239948214109
------------------------ !GEOMETRY! -------------------------
    Number of atoms:    26 
    Geometry Index:     9 
    Coordinates:
               0 C      2.571947306445   -0.097789520693    0.009459268943
               1 C      1.650635555649   -0.589567474208   -1.111375430328
               2 C      0.313404071412   -1.071275424909   -0.534915361123
               3 C     -0.349457909886   -0.019209469750    0.371981495182
               4 C     -1.619723929078   -0.582790174393    1.026591556401
               5 C     -2.694475609304   -0.469328454759   -0.064540740293
               6 N     -2.284548196290    0.680213776918   -0.901024144567
               7 C     -0.961103537073    1.138605001132   -0.459992779678
               8 N      0.617570363645    0.381501573670    1.394189191379
               9 C      1.853141525138    0.953111649172    0.855162585861
              10 H      2.847686456239   -0.939736869712    0.657593119719
              11 H      3.496163871559    0.322909823654   -0.405487185124
              12 H      2.127140288535   -1.400802013280   -1.675089926205
              13 H      1.481089180099    0.228411981650   -1.825562710263
              14 H      0.485835543625   -1.972743403230    0.067238421828
              15 H     -0.374628042370   -1.344837713570   -1.344727033459
              16 H     -1.885705744750    0.046211552964    1.886722436242
              17 H     -1.481031342784   -1.604568720766    1.392735097767
              18 H     -2.741094917563   -1.393005771108   -0.657743318428
              19 H     -3.690989799982   -0.305185353103    0.362230134460
              20 H     -2.279627872640    0.435234580896   -1.881753933973
              21 H     -1.061819008607    2.023894028411    0.187252006695
              22 H     -0.353245697185    1.435089632160   -1.320863539918
              23 H      0.179185632459    1.034290048501    2.036774154475
              24 H      2.482822870791    1.259404729566    1.697986663675
              25 H      1.670728941915    1.852261984786    0.237159970731
------------------------ !GEOMETRY! -------------------------
    Number of atoms:    26 
    Geometry Index:     10 
    Coordinates:
               0 C      2.572072713604   -0.098211122812    0.009739718664
               1 C      1.650741433621   -0.589119350034   -1.111478038392
               2 C      0.313733051908   -1.071340651112   -0.534959545884
               3 C     -0.349349103780   -0.019223826625    0.371726315311
               4 C     -1.619498240288   -0.583026426624    1.026443714345
               5 C     -2.694669667915   -0.469316241348   -0.064478089515
               6 N     -2.284170682626    0.679414327887   -0.901789157626
               7 C     -0.961240995105    1.138540976230   -0.460239803652
               8 N      0.617599580170    0.381644666209    1.394034700978
               9 C      1.853348225410    0.953064703576    0.855083785612
              10 H      2.846642922251   -0.940391967073    0.658071426574
              11 H      3.496949422552    0.321704739942   -0.404519419515
              12 H      2.127135791051   -1.399554228419   -1.676430737519
              13 H      1.480846233378    0.229751106242   -1.824569750211
              14 H      0.486630440945   -1.972403286502    0.067663896032
              15 H     -0.374351974703   -1.345675824781   -1.344460106488
              16 H     -1.885133201798    0.045491523599    1.887047899906
              17 H     -1.480316575189   -1.604896112645    1.392139074037
              18 H     -2.743512946515   -1.393286399657   -0.657059082441
              19 H     -3.690485969824   -0.303190073711    0.363107952713
              20 H     -2.279581936501    0.434155419677   -1.882506859856
              21 H     -1.063057733864    2.023280949882    0.187591302811
              22 H     -0.353076540495    1.436137779299   -1.320511399428
              23 H      0.178733774457    1.035119401678    2.035675008586
              24 H      2.482705124662    1.259665252780    1.698041959990
              25 H      1.671206854595    1.851964664338    0.236635234969
