-------------------------------------------------------------
----------------------- !PROPERTIES! ------------------------
-------------------------------------------------------------
# -----------------------------------------------------------
$ PAL_Flags
   description: The PAL Flags
   geom. index: 1
   prop. index: 1
        Diskflag:     2
# -----------------------------------------------------------
$ SCF_Energy
   description: The SCF energy
   geom. index: 1
   prop. index: 1
        SCF Energy:     -462.2790704387
# -----------------------------------------------------------
$ DFT_Energy
   description: The DFT energy
   geom. index: 1
   prop. index: 1
   Number of Alpha Electrons                 41.9998636876 
   Number of Beta  Electrons                 41.9998636876 
   Total number of  Electrons                83.9997273753 
   Exchange energy                          -43.5682943895 
   Correlation energy                        -3.4431182615 
   Correlation energy NL                      0.0000000000 
   Exchange-Correlation energy              -47.0114126510 
   Embedding correction                       0.0000000000 
   Total DFT Energy (No VdW correction)    -462.2790704387 
# -----------------------------------------------------------
$ Mayer_Pop
   description: The Mayer population analysis
   geom. index: 1
   prop. index: 1
     Number of atoms                     : 27
     Threshold for printing              : 0.1000000
     Number of bond orders printed       : 39
  NA   - Mulliken gross atomic population
  ZA   - Total nuclear charge
  QA   - Mulliken gross atomic charge
  VA   - Mayer's total valence
  BVA  - Mayer's bonded valence
  FA   - Mayer's free valence
  ATOM       NA         ZA         QA         VA         BVA        FA
  0   0     6.4896     6.0000    -0.4896     3.9073     3.9073    -0.0000
  1   0     6.4753     6.0000    -0.4753     3.8274     3.8274    -0.0000
  2   0     5.7666     6.0000     0.2334     3.4981     3.4981     0.0000
  3   0     7.3857     7.0000    -0.3857     2.5991     2.5991    -0.0000
  4   0     6.4464     6.0000    -0.4464     4.0228     4.0228    -0.0000
  5   0     5.5823     6.0000     0.4177     2.7062     2.7062     0.0000
  6   0     6.5017     6.0000    -0.5017     4.2746     4.2746    -0.0000
  7   0     6.2487     6.0000    -0.2487     3.6670     3.6670    -0.0000
  8   0     7.3147     7.0000    -0.3147     2.5605     2.5605     0.0000
  9   0     6.4586     6.0000    -0.4586     3.8554     3.8554    -0.0000
 10   0     6.2743     6.0000    -0.2743     3.8716     3.8716    -0.0000
 11   0     0.8413     1.0000     0.1587     0.9611     0.9611    -0.0000
 12   0     0.8393     1.0000     0.1607     0.9333     0.9333     0.0000
 13   0     0.8353     1.0000     0.1647     0.9392     0.9392    -0.0000
 14   0     0.8567     1.0000     0.1433     0.9774     0.9774    -0.0000
 15   0     0.8139     1.0000     0.1861     0.8949     0.8949    -0.0000
 16   0     0.6917     1.0000     0.3083     0.8408     0.8408    -0.0000
 17   0     0.8495     1.0000     0.1505     0.9535     0.9535     0.0000
 18   0     0.8502     1.0000     0.1498     0.9370     0.9370     0.0000
 19   0     0.8025     1.0000     0.1975     0.8976     0.8976     0.0000
 20   0     0.7971     1.0000     0.2029     0.8523     0.8523    -0.0000
 21   0     0.8488     1.0000     0.1512     0.9136     0.9136    -0.0000
 22   0     0.8543     1.0000     0.1457     0.9301     0.9301    -0.0000
 23   0     0.6993     1.0000     0.3007     0.8585     0.8585    -0.0000
 24   0     0.8362     1.0000     0.1638     0.9094     0.9094     0.0000
 25   0     0.8529     1.0000     0.1471     0.9381     0.9381    -0.0000
 26   0     0.7868     1.0000     0.2132     0.8658     0.8658     0.0000
      Bond orders larger than 0.1000000
           Atom A     A.N. of A          Atom B    A.N. of B              Bond order
                0             6               1            6                0.911291
                0             6               2            6               -0.136244
                0             6               5            6                0.790640
                0             6              11            1                0.961895
                0             6              12            1                0.986914
                1             6               2            6                0.949469
                1             6               5            6               -0.132402
                1             6              13            1                0.973867
                1             6              14            1                1.006143
                2             6               3            7                0.667902
                2             6               5            6                0.108146
                2             6              10            6                1.135097
                2             6              15            1                0.812810
                2             6              26            1                0.119194
                3             7               4            6                0.901304
                3             7               5            6               -0.145710
                3             7              10            6                0.279724
                3             7              16            1                0.860912
                4             6               5            6                0.763800
                4             6               6            6                0.154494
                4             6              17            1                0.979128
                4             6              18            1                0.990980
                5             6               6            6                0.858115
                5             6              10            6               -0.103425
                5             6              19            1                0.820321
                6             6               7            6                0.928847
                6             6               8            7                0.277262
                6             6              10            6                0.893411
                6             6              20            1                0.874283
                7             6               8            7                0.651565
                7             6              21            1                0.940338
                7             6              22            1                1.050568
                8             7               9            6                1.007655
                8             7              10            6               -0.131116
                8             7              23            1                0.867246
                9             6              10            6                0.765339
                9             6              24            1                0.956107
                9             6              25            1                1.036494
               10             6              26            1                0.868317
# -----------------------------------------------------------
$ VdW_Correction
   description: The Van der Waals Correction
   geom. index: 1
   prop. index: 1
        Van der Waals Correction:       -0.0545835289
# -----------------------------------------------------------
$ Hessian
   description: Details about the Hessian
   geom. index: 1
   prop. index: 1
Normal modes:
Number of Rows: 81 Number of Columns: 81
                  0          1          2          3          4          5    
      0       0.000000   0.000000   0.000000   0.000000   0.000000   0.000000
      1       0.000000   0.000000   0.000000   0.000000   0.000000   0.000000
      2       0.000000   0.000000   0.000000   0.000000   0.000000   0.000000
      3       0.000000   0.000000   0.000000   0.000000   0.000000   0.000000
      4       0.000000   0.000000   0.000000   0.000000   0.000000   0.000000
      5       0.000000   0.000000   0.000000   0.000000   0.000000   0.000000
      6       0.000000   0.000000   0.000000   0.000000   0.000000   0.000000
      7       0.000000   0.000000   0.000000   0.000000   0.000000   0.000000
      8       0.000000   0.000000   0.000000   0.000000   0.000000   0.000000
      9       0.000000   0.000000   0.000000   0.000000   0.000000   0.000000
     10       0.000000   0.000000   0.000000   0.000000   0.000000   0.000000
     11       0.000000   0.000000   0.000000   0.000000   0.000000   0.000000
     12       0.000000   0.000000   0.000000   0.000000   0.000000   0.000000
     13       0.000000   0.000000   0.000000   0.000000   0.000000   0.000000
     14       0.000000   0.000000   0.000000   0.000000   0.000000   0.000000
     15       0.000000   0.000000   0.000000   0.000000   0.000000   0.000000
     16       0.000000   0.000000   0.000000   0.000000   0.000000   0.000000
     17       0.000000   0.000000   0.000000   0.000000   0.000000   0.000000
     18       0.000000   0.000000   0.000000   0.000000   0.000000   0.000000
     19       0.000000   0.000000   0.000000   0.000000   0.000000   0.000000
     20       0.000000   0.000000   0.000000   0.000000   0.000000   0.000000
     21       0.000000   0.000000   0.000000   0.000000   0.000000   0.000000
     22       0.000000   0.000000   0.000000   0.000000   0.000000   0.000000
     23       0.000000   0.000000   0.000000   0.000000   0.000000   0.000000
     24       0.000000   0.000000   0.000000   0.000000   0.000000   0.000000
     25       0.000000   0.000000   0.000000   0.000000   0.000000   0.000000
     26       0.000000   0.000000   0.000000   0.000000   0.000000   0.000000
     27       0.000000   0.000000   0.000000   0.000000   0.000000   0.000000
     28       0.000000   0.000000   0.000000   0.000000   0.000000   0.000000
     29       0.000000   0.000000   0.000000   0.000000   0.000000   0.000000
     30       0.000000   0.000000   0.000000   0.000000   0.000000   0.000000
     31       0.000000   0.000000   0.000000   0.000000   0.000000   0.000000
     32       0.000000   0.000000   0.000000   0.000000   0.000000   0.000000
     33       0.000000   0.000000   0.000000   0.000000   0.000000   0.000000
     34       0.000000   0.000000   0.000000   0.000000   0.000000   0.000000
     35       0.000000   0.000000   0.000000   0.000000   0.000000   0.000000
     36       0.000000   0.000000   0.000000   0.000000   0.000000   0.000000
     37       0.000000   0.000000   0.000000   0.000000   0.000000   0.000000
     38       0.000000   0.000000   0.000000   0.000000   0.000000   0.000000
     39       0.000000   0.000000   0.000000   0.000000   0.000000   0.000000
     40       0.000000   0.000000   0.000000   0.000000   0.000000   0.000000
     41       0.000000   0.000000   0.000000   0.000000   0.000000   0.000000
     42       0.000000   0.000000   0.000000   0.000000   0.000000   0.000000
     43       0.000000   0.000000   0.000000   0.000000   0.000000   0.000000
     44       0.000000   0.000000   0.000000   0.000000   0.000000   0.000000
     45       0.000000   0.000000   0.000000   0.000000   0.000000   0.000000
     46       0.000000   0.000000   0.000000   0.000000   0.000000   0.000000
     47       0.000000   0.000000   0.000000   0.000000   0.000000   0.000000
     48       0.000000   0.000000   0.000000   0.000000   0.000000   0.000000
     49       0.000000   0.000000   0.000000   0.000000   0.000000   0.000000
     50       0.000000   0.000000   0.000000   0.000000   0.000000   0.000000
     51       0.000000   0.000000   0.000000   0.000000   0.000000   0.000000
     52       0.000000   0.000000   0.000000   0.000000   0.000000   0.000000
     53       0.000000   0.000000   0.000000   0.000000   0.000000   0.000000
     54       0.000000   0.000000   0.000000   0.000000   0.000000   0.000000
     55       0.000000   0.000000   0.000000   0.000000   0.000000   0.000000
     56       0.000000   0.000000   0.000000   0.000000   0.000000   0.000000
     57       0.000000   0.000000   0.000000   0.000000   0.000000   0.000000
     58       0.000000   0.000000   0.000000   0.000000   0.000000   0.000000
     59       0.000000   0.000000   0.000000   0.000000   0.000000   0.000000
     60       0.000000   0.000000   0.000000   0.000000   0.000000   0.000000
     61       0.000000   0.000000   0.000000   0.000000   0.000000   0.000000
     62       0.000000   0.000000   0.000000   0.000000   0.000000   0.000000
     63       0.000000   0.000000   0.000000   0.000000   0.000000   0.000000
     64       0.000000   0.000000   0.000000   0.000000   0.000000   0.000000
     65       0.000000   0.000000   0.000000   0.000000   0.000000   0.000000
     66       0.000000   0.000000   0.000000   0.000000   0.000000   0.000000
     67       0.000000   0.000000   0.000000   0.000000   0.000000   0.000000
     68       0.000000   0.000000   0.000000   0.000000   0.000000   0.000000
     69       0.000000   0.000000   0.000000   0.000000   0.000000   0.000000
     70       0.000000   0.000000   0.000000   0.000000   0.000000   0.000000
     71       0.000000   0.000000   0.000000   0.000000   0.000000   0.000000
     72       0.000000   0.000000   0.000000   0.000000   0.000000   0.000000
     73       0.000000   0.000000   0.000000   0.000000   0.000000   0.000000
     74       0.000000   0.000000   0.000000   0.000000   0.000000   0.000000
     75       0.000000   0.000000   0.000000   0.000000   0.000000   0.000000
     76       0.000000   0.000000   0.000000   0.000000   0.000000   0.000000
     77       0.000000   0.000000   0.000000   0.000000   0.000000   0.000000
     78       0.000000   0.000000   0.000000   0.000000   0.000000   0.000000
     79       0.000000   0.000000   0.000000   0.000000   0.000000   0.000000
     80       0.000000   0.000000   0.000000   0.000000   0.000000   0.000000
                  6          7          8          9         10         11    
      0      -0.107634  -0.006035   0.022228  -0.068419   0.062586  -0.138645
      1      -0.060892  -0.087940   0.020248   0.019228  -0.035052  -0.075428
      2      -0.036030  -0.009928  -0.007118  -0.133268   0.038425  -0.100049
      3      -0.168761   0.051770   0.041990   0.142705   0.034675   0.020972
      4      -0.040020  -0.036517   0.010305   0.084143  -0.020743  -0.031113
      5      -0.015295   0.093932  -0.020254   0.062359   0.044678   0.053138
      6      -0.042923   0.003272   0.022815   0.011661  -0.060455   0.016028
      7       0.055422   0.012644  -0.023292  -0.005211   0.012671  -0.008971
      8       0.054639   0.031598  -0.018924  -0.001800  -0.060182   0.027517
      9       0.097452  -0.075527   0.000696  -0.060895  -0.090401   0.051839
     10       0.017383   0.085069  -0.008794  -0.027347  -0.062759  -0.041458
     11       0.006206  -0.009504  -0.023468   0.081293   0.047290   0.026135
     12       0.166521  -0.015714  -0.070894   0.136778   0.047929  -0.176090
     13       0.025552   0.044859  -0.012010  -0.041921  -0.051171  -0.053254
     14       0.014333  -0.085805  -0.017184   0.008138   0.023715   0.065148
     15       0.015958   0.010740  -0.018420  -0.014026   0.068126  -0.024274
     16       0.046155  -0.041325  -0.024046  -0.007362   0.026292  -0.000377
     17       0.040034  -0.057451  -0.021976   0.018376  -0.024892   0.004728
     18      -0.033145  -0.015042   0.002114  -0.021907  -0.031331   0.010274
     19       0.113421   0.022887  -0.036950  -0.008729   0.119846   0.042508
     20       0.102807   0.005829  -0.005712   0.029828  -0.174419  -0.031246
     21      -0.064783  -0.005653   0.042985  -0.014165  -0.149153   0.023940
     22       0.003500   0.104003   0.049437  -0.007138   0.002764   0.036021
     23       0.028799   0.221973   0.121647  -0.034860   0.038005  -0.037815
     24       0.063561   0.013312   0.053508  -0.035093  -0.017096   0.072270
     25      -0.155823   0.033790  -0.030465   0.008881  -0.107266   0.021149
     26      -0.197508   0.011775  -0.180481  -0.041581   0.062640   0.005168
     27       0.101838   0.041231  -0.080769  -0.065904   0.085461   0.106607
     28      -0.031747  -0.071401   0.042903   0.008145   0.024714   0.050085
     29      -0.046318  -0.166518   0.146581   0.005143   0.101394   0.001101
     30      -0.032969   0.010815   0.006204  -0.026658   0.055515   0.058463
     31       0.091411  -0.076793  -0.009651  -0.024370   0.120548   0.072913
     32       0.090177  -0.050934   0.013251   0.008203  -0.165443  -0.002792
     33      -0.194670  -0.041393   0.048780  -0.303871   0.120854  -0.398609
     34      -0.058743  -0.160832   0.024970  -0.078206  -0.048548  -0.144163
     35      -0.033362   0.003610  -0.008804  -0.108836   0.039002  -0.079808
     36      -0.057335  -0.002395   0.005243  -0.033433   0.051660  -0.072242
     37      -0.150647  -0.060484   0.050832   0.075539  -0.032816  -0.094251
     38      -0.100856  -0.075190   0.014623  -0.391055   0.081908  -0.363031
     39      -0.172814   0.062992   0.045303   0.190313   0.010765   0.068629
     40      -0.118281   0.038016   0.027765   0.323674  -0.005341   0.123548
     41      -0.090889   0.145667  -0.009469   0.198478   0.125705   0.097208
     42      -0.286251   0.099804   0.067810   0.354957   0.084880   0.108946
     43      -0.006472  -0.108417   0.006956  -0.097372  -0.037312  -0.159925
     44       0.023857   0.143040  -0.033068   0.129128   0.030358   0.141569
     45      -0.063546   0.005835   0.047525   0.033713  -0.226340  -0.059962
     46       0.068340   0.058627  -0.028642  -0.039963  -0.013307  -0.021411
     47       0.070171   0.092302  -0.024003  -0.045323  -0.108713   0.005346
     48       0.089101  -0.087024   0.012305  -0.090804  -0.111498   0.093829
     49      -0.058614   0.105151   0.025851  -0.071382  -0.100267   0.018909
     50      -0.018597   0.057018  -0.048147   0.185879   0.119249  -0.110483
     51       0.256731  -0.016354  -0.122500   0.276173   0.102748  -0.363011
     52       0.103547   0.086313  -0.068462   0.123163   0.026706  -0.260559
     53       0.070821  -0.146363  -0.031548   0.027472   0.009897   0.018029
     54       0.226962  -0.004484  -0.111456   0.243075   0.101218  -0.320445
     55      -0.061254   0.027752   0.048034  -0.197571  -0.137745   0.156252
     56      -0.060845  -0.087685   0.013416  -0.087154   0.039610   0.202639
     57       0.049277   0.033343  -0.049291  -0.055622   0.227317   0.031288
     58       0.038633  -0.081897  -0.023897   0.027914   0.054366   0.024369
     59       0.031375  -0.115519  -0.023327   0.066702   0.021517   0.041247
     60      -0.034368  -0.128062  -0.071418  -0.001926  -0.052067  -0.004600
     61       0.095242   0.100350  -0.020795  -0.016724   0.202428   0.023618
     62       0.115411  -0.067511  -0.027671   0.037038  -0.237073  -0.018467
     63      -0.231592   0.069265   0.097962  -0.038953  -0.139320   0.010648
     64      -0.098754  -0.042830  -0.109451   0.010793  -0.065877   0.056459
     65       0.101759   0.416615   0.330518  -0.063312   0.121495  -0.064692
     66      -0.015950  -0.081570   0.025299   0.032229  -0.336881   0.021599
     67       0.083230   0.321448   0.294050  -0.029395   0.044776  -0.000139
     68       0.047827   0.309456   0.208238  -0.051198   0.088333  -0.050064
     69      -0.064382   0.008739  -0.165827  -0.047898  -0.056826   0.072287
     70      -0.270161  -0.079807  -0.081899   0.028111  -0.162095   0.005583
     71      -0.290876   0.057702  -0.407520  -0.064661   0.041750   0.010814
     72       0.287976   0.051942  -0.151790  -0.086453   0.040312   0.148541
     73      -0.017335   0.046416  -0.166012  -0.020234  -0.072926   0.066516
     74       0.009853  -0.297497   0.362818   0.030663   0.194285  -0.002298
     75       0.044888   0.055712  -0.145399  -0.091395   0.231443   0.115254
     76      -0.075258  -0.213054   0.311933   0.048374   0.129435   0.022770
     77      -0.100172  -0.228914   0.245894   0.010557   0.240045  -0.007818
     78      -0.094649  -0.060081   0.092560  -0.000303   0.094810   0.047294
     79       0.033717  -0.144350   0.052398  -0.030132   0.199587   0.078765
     80       0.104728  -0.032108   0.004399   0.025185  -0.205388  -0.013619
                 12         13         14         15         16         17    
      0      -0.036343   0.160245   0.017878  -0.141293  -0.071404   0.005811
      1       0.022429  -0.017085   0.115942   0.040249  -0.018176   0.038955
      2      -0.130770  -0.052778   0.010479   0.143846   0.087574  -0.010876
      3      -0.150561   0.088308  -0.065338   0.006139   0.074090  -0.067819
      4       0.049711   0.009895   0.158473  -0.062567  -0.088903   0.088539
      5      -0.126993  -0.046463   0.078987   0.072985  -0.059073   0.085298
      6      -0.038730  -0.048633  -0.093002  -0.121166   0.181008   0.009759
      7       0.012928  -0.034763   0.032603  -0.108322  -0.055617  -0.049122
      8       0.001449  -0.075919   0.080075  -0.085039   0.026359   0.093103
      9      -0.267593  -0.124975   0.089325  -0.083459  -0.051529   0.026527
     10       0.024029  -0.052632  -0.090437  -0.058132   0.015373  -0.031954
     11       0.120798  -0.053460   0.061165  -0.229803   0.099140   0.030051
     12      -0.009467  -0.069365   0.018762   0.028816  -0.012111  -0.000238
     13      -0.002636  -0.051076  -0.174975   0.063621  -0.030607  -0.082727
     14      -0.009342  -0.080816  -0.086610  -0.064009  -0.053353  -0.095061
     15       0.034381   0.091255  -0.111842  -0.121632  -0.172297   0.037754
     16       0.005460  -0.042806  -0.073953   0.096874  -0.084404   0.055957
     17      -0.024226  -0.077996  -0.116539   0.029120  -0.007931  -0.100993
     18       0.095851  -0.034802  -0.024906   0.027265  -0.104875  -0.030786
     19      -0.056373   0.085976  -0.114140   0.019653   0.017701   0.147497
     20      -0.008551   0.190527  -0.090348   0.045461   0.004882   0.052702
     21       0.149450  -0.063037   0.043060   0.098964  -0.080622  -0.044822
     22      -0.021023   0.030037   0.012286   0.008436   0.077343   0.108089
     23       0.033919  -0.005348   0.034822  -0.009152  -0.062230  -0.053866
     24       0.132890   0.002932   0.035497   0.142430   0.029215   0.132595
     25       0.000683  -0.027630   0.017537   0.012775   0.045958   0.022966
     26       0.056950  -0.000411   0.007202   0.039705  -0.042230   0.032661
     27       0.085572   0.068056   0.081160   0.080616   0.086551  -0.043723
     28      -0.025275   0.047560   0.021949  -0.005534   0.086177  -0.126434
     29       0.060181   0.014188  -0.037225   0.053447  -0.004025   0.031107
     30       0.037145  -0.069900  -0.039522   0.010971   0.107954   0.021125
     31      -0.012016   0.099100   0.099620  -0.007428   0.004598  -0.151145
     32       0.013479   0.196763   0.052355  -0.001171   0.022124  -0.048160
     33      -0.124105   0.256369   0.246180  -0.114462   0.150739   0.103809
     34       0.044141  -0.021495   0.017600   0.053891   0.059849  -0.093984
     35      -0.132612  -0.055959   0.019028   0.142665   0.066758   0.007717
     36       0.010996   0.125343  -0.065122  -0.153451  -0.168970  -0.007290
     37      -0.071960   0.026338   0.225912   0.061508   0.110442   0.046723
     38      -0.174668   0.030446   0.182497   0.153776   0.290666   0.038662
     39      -0.160924   0.041209  -0.082184   0.039932   0.124883  -0.053558
     40      -0.120341   0.052953   0.168291   0.208574  -0.188407   0.017437
     41      -0.290952   0.127887   0.134646   0.279768  -0.300968  -0.029574
     42      -0.360676   0.234888   0.004398   0.341757  -0.131158  -0.161813
     43       0.148714  -0.033798   0.153895  -0.190959   0.019011   0.146608
     44      -0.101191  -0.092574   0.039367  -0.002547  -0.047872   0.080542
     45       0.019814  -0.003297  -0.137348  -0.172217   0.159335   0.047779
     46      -0.036399  -0.077355  -0.044416  -0.039652  -0.052566  -0.068381
     47      -0.057794  -0.124469  -0.024073   0.003993   0.026989   0.074020
     48      -0.314192  -0.133303   0.124292  -0.111193  -0.077205   0.054993
     49       0.046246  -0.020176  -0.161795  -0.088437   0.132029  -0.039534
     50       0.356131   0.007058  -0.130804  -0.163675   0.311676  -0.081901
     51       0.046711  -0.191573   0.093731   0.242812   0.156034  -0.088444
     52       0.141980  -0.118161  -0.138874   0.220203   0.136237  -0.165954
     53      -0.116605  -0.212376  -0.009609   0.113729   0.014784  -0.147222
     54       0.067447  -0.120000   0.036329   0.181832   0.086151  -0.055454
     55      -0.127181   0.003587  -0.190988  -0.164535  -0.158269  -0.012054
     56       0.022007   0.113823  -0.228835  -0.180276  -0.295440   0.020143
     57      -0.035600   0.065160  -0.193574  -0.129364  -0.115196   0.054591
     58       0.039176  -0.052665  -0.000930   0.026332  -0.097988   0.091161
     59       0.021165  -0.091491  -0.015069  -0.071842  -0.025778  -0.051487
     60       0.080042  -0.093946  -0.099322   0.078204  -0.157944  -0.101575
     61      -0.066867  -0.077745  -0.210700   0.021678   0.015793   0.248184
     62       0.000308   0.297434  -0.028164   0.049869  -0.006715  -0.038265
     63       0.215531  -0.255974   0.206826   0.082814  -0.150197  -0.290898
     64      -0.019261   0.078292  -0.045922   0.051583   0.121889   0.219024
     65       0.052013  -0.119267   0.152237  -0.062968  -0.134157  -0.255502
     66       0.121887   0.049342  -0.038932   0.135811  -0.002845   0.037298
     67      -0.004824  -0.095851   0.136454  -0.052671   0.004069  -0.135856
     68       0.044338  -0.068305   0.092537  -0.037781  -0.104427  -0.156732
     69       0.127564   0.001870   0.046529   0.109044  -0.011140   0.027761
     70       0.016915  -0.062595  -0.011542   0.008904  -0.009910  -0.039207
     71       0.040959   0.014956   0.034086  -0.003591  -0.065670  -0.074718
     72       0.069628   0.284480   0.239613   0.074563   0.108494  -0.297132
     73      -0.052224   0.156516   0.139066  -0.046789   0.098615  -0.303442
     74       0.082822  -0.028939  -0.111562   0.096068  -0.010265   0.137513
     75       0.093247   0.012185   0.057427   0.084665   0.050474  -0.072699
     76       0.011778  -0.116410  -0.136061   0.048382   0.066757   0.135798
     77       0.083418  -0.100886  -0.131635   0.083345  -0.035614   0.150129
     78       0.020969  -0.032075  -0.103008   0.054555   0.189765  -0.062754
     79       0.026019  -0.037481   0.185942  -0.023718  -0.014887  -0.274442
     80      -0.025135   0.310582  -0.042850   0.030834   0.069445   0.012224
                 18         19         20         21         22         23    
      0       0.066381   0.051154  -0.120244  -0.090664   0.088153  -0.079907
      1      -0.082684   0.017395  -0.097226   0.055847   0.021349   0.021140
      2      -0.021290  -0.117826   0.061185  -0.004627  -0.026819   0.143050
      3       0.053513   0.058194  -0.069705   0.061825   0.024444   0.047326
      4       0.006808  -0.196953   0.094425  -0.118788  -0.016112   0.063345
      5      -0.090625  -0.072279  -0.022726  -0.104135   0.024300  -0.062974
      6      -0.077657  -0.078004   0.022927  -0.044553  -0.102402  -0.033758
      7       0.232945  -0.101446   0.041838   0.033033  -0.041139  -0.127666
      8      -0.179262   0.069437  -0.165985   0.068049  -0.022952   0.010272
      9       0.052117   0.045294   0.026691   0.025191   0.018276   0.019951
     10       0.076257  -0.028227  -0.028446   0.068827   0.001400  -0.004948
     11       0.018432   0.175768   0.133405   0.061243   0.110641   0.080660
     12       0.012450   0.023887   0.033353  -0.015718  -0.038058   0.009914
     13       0.015793   0.174303   0.064411  -0.130395   0.071084   0.090598
     14       0.116597   0.082432  -0.002427  -0.132115  -0.055865  -0.083522
     15      -0.073304  -0.076054   0.007913   0.021417  -0.064657   0.116100
     16      -0.254436   0.172802  -0.020898  -0.024521  -0.050923  -0.058183
     17       0.162114  -0.176808  -0.090855   0.072679   0.043073   0.018681
     18      -0.138382  -0.036691   0.017695   0.077621   0.020084   0.002461
     19      -0.034034  -0.015160   0.026843   0.113679   0.016004  -0.015415
     20      -0.010324  -0.065249   0.067747   0.034055   0.101075  -0.078708
     21       0.004665  -0.000534   0.050259   0.088402   0.019076  -0.028668
     22       0.162263   0.021700  -0.049654  -0.029921  -0.024761   0.037095
     23      -0.057069  -0.017988   0.027192   0.023067   0.035270  -0.028982
     24       0.228606   0.083473  -0.039603  -0.037175  -0.042444   0.042208
     25       0.038143   0.015866  -0.008886  -0.044945  -0.011596  -0.007544
     26       0.067175   0.031171  -0.013566   0.007711  -0.019922   0.024264
     27       0.016624  -0.034579  -0.009651  -0.051270   0.040183  -0.022212
     28      -0.176519  -0.061306   0.011477  -0.046882   0.052677  -0.021807
     29       0.048279   0.006303  -0.015225  -0.014059  -0.021449   0.018816
     30      -0.151496  -0.078767   0.043931  -0.057696   0.055043  -0.070929
     31       0.006692   0.016646  -0.006647   0.070387  -0.013149   0.019147
     32      -0.046991   0.052424  -0.029847  -0.041992  -0.091050   0.050926
     33       0.070109   0.361903   0.246882   0.115164  -0.133205  -0.452296
     34       0.077393   0.082998  -0.047157   0.343627  -0.063042   0.011459
     35      -0.047411  -0.144628   0.043408  -0.058847  -0.006463   0.158937
     36       0.016234  -0.002240  -0.194475  -0.167944   0.108763  -0.007242
     37       0.009977  -0.001159  -0.109889   0.095908   0.100494   0.044994
     38       0.033662   0.167618   0.402125   0.272841  -0.257834  -0.233732
     39      -0.038855   0.108539  -0.030738   0.161819  -0.067452   0.067089
     40       0.007647   0.001432   0.362154   0.139344  -0.262029   0.001055
     41       0.152631   0.028401   0.159061  -0.078967  -0.001837  -0.188558
     42       0.123494   0.256168   0.142929   0.234691  -0.094126   0.084372
     43      -0.068291  -0.323040  -0.136277  -0.239457   0.153381   0.225921
     44      -0.048903  -0.063741   0.103962  -0.078997  -0.091783  -0.269475
     45      -0.109118  -0.177760   0.049682  -0.163795  -0.275283  -0.001069
     46       0.207394  -0.088173  -0.100430   0.100352  -0.072360  -0.182918
     47      -0.224410   0.087349  -0.356641   0.141565  -0.079959  -0.057102
     48       0.051861   0.108639   0.068867   0.034584   0.168646   0.091846
     49      -0.027983  -0.066835  -0.070476   0.084432  -0.061000   0.007418
     50      -0.065513  -0.067905  -0.017816   0.042891  -0.515705  -0.169475
     51       0.040806   0.038829  -0.098150  -0.083594   0.062580  -0.053100
     52       0.059602   0.100302  -0.078014  -0.128489   0.153144   0.057466
     53       0.115636   0.201828  -0.059958  -0.260339  -0.004153  -0.168951
     54       0.004607   0.028901  -0.052293  -0.083865   0.016556  -0.018423
     55       0.055115   0.166734   0.188713  -0.020479   0.002048   0.134713
     56      -0.091210   0.134193   0.096361  -0.199336  -0.222493  -0.053206
     57      -0.108770  -0.185768   0.086421   0.113700  -0.226188   0.348731
     58      -0.259293   0.121809  -0.144520   0.082837  -0.085218  -0.187169
     59       0.158849  -0.270089  -0.262584   0.233355  -0.012710  -0.156050
     60      -0.200094  -0.043124   0.011373   0.143741   0.003473  -0.013694
     61      -0.036654  -0.084229  -0.009556   0.160240   0.078915  -0.041511
     62      -0.019694  -0.015895   0.087389   0.011417   0.050545  -0.059974
     63      -0.017849   0.096553  -0.002156   0.011088  -0.129580   0.045739
     64       0.222603   0.010913  -0.041277  -0.050604   0.024351   0.007637
     65      -0.132420   0.028027  -0.000671   0.020819  -0.070104   0.029562
     66      -0.041047  -0.102948   0.146708   0.097076   0.197492  -0.180593
     67       0.018421   0.050195  -0.056440  -0.035262  -0.109111   0.064120
     68      -0.101130   0.007687   0.009122   0.024549  -0.024270   0.007365
     69       0.071681  -0.014298   0.046552   0.112040   0.037997  -0.051862
     70      -0.078578  -0.031247   0.055885   0.064003   0.013489  -0.054917
     71      -0.080823  -0.071018   0.061915   0.138666   0.066963  -0.068762
     72      -0.025371   0.025113  -0.086049  -0.087932  -0.064701   0.117365
     73      -0.240073  -0.032561  -0.031474  -0.100329  -0.030073   0.059341
     74       0.103758  -0.007462   0.007338   0.036985   0.036330  -0.026503
     75      -0.063721  -0.117263   0.041539   0.013039   0.165442  -0.095008
     76      -0.051251  -0.096099   0.069323   0.022419   0.161069  -0.140576
     77       0.067498  -0.057276   0.042339   0.059770   0.103776  -0.081956
     78      -0.252583  -0.128286   0.082619  -0.156550   0.066552  -0.034544
     79      -0.018013   0.027309  -0.101176   0.073800  -0.041463   0.068211
     80      -0.073897   0.021751   0.056274  -0.083955  -0.059108   0.028093
                 24         25         26         27         28         29    
      0       0.001803   0.000899   0.052037   0.041870   0.030793   0.061287
      1       0.026562   0.053275  -0.050796   0.061207   0.001102  -0.084644
      2      -0.058412  -0.066627  -0.011109   0.014511  -0.002492  -0.020217
      3      -0.078926  -0.099601  -0.063341  -0.054213  -0.022055  -0.028941
      4       0.010482   0.020677   0.013640  -0.069116   0.010015   0.095593
      5      -0.037207  -0.039878  -0.004473   0.056790   0.001891  -0.036268
      6      -0.054494  -0.063692   0.050338   0.015914  -0.004003   0.012772
      7      -0.057689  -0.113487  -0.017536  -0.018531  -0.037765  -0.093770
      8       0.039956   0.088611  -0.043375  -0.102185  -0.000211   0.066860
      9       0.010274   0.006421  -0.007928   0.049186   0.023173   0.060293
     10       0.053895   0.036493   0.019917  -0.005758  -0.000099  -0.032026
     11      -0.003895  -0.031227   0.054661   0.043539  -0.004408  -0.041424
     12       0.022006   0.039354  -0.093629   0.040316   0.000752  -0.071415
     13       0.010110   0.070798  -0.026482   0.009543   0.021892   0.060453
     14      -0.008571   0.031121  -0.050001  -0.105860  -0.009828   0.021084
     15       0.046125   0.064405   0.000273  -0.016101  -0.015952  -0.067880
     16      -0.070849  -0.099819   0.069744   0.049528  -0.017318  -0.044298
     17       0.074825   0.050905   0.068249   0.045154   0.018161   0.011464
     18       0.009352  -0.017201   0.009066  -0.014146  -0.022585   0.058153
     19      -0.051519  -0.071352   0.019230  -0.031054   0.020114   0.077405
     20       0.002884  -0.015913  -0.052521   0.001848  -0.002584  -0.006983
     21      -0.126274  -0.018281  -0.006024  -0.000948  -0.034313   0.067410
     22      -0.109234   0.173885   0.019657   0.021171  -0.044895   0.017039
     23       0.049376  -0.056274  -0.035528  -0.008042  -0.038515   0.050936
     24       0.142396  -0.159951  -0.006023  -0.011606   0.053968  -0.006468
     25       0.044873  -0.004919  -0.000881   0.014782  -0.011679  -0.056905
     26       0.059349  -0.079784  -0.006640   0.004748  -0.012291   0.024310
     27      -0.021920   0.148602  -0.010716   0.004438   0.001113  -0.060705
     28       0.165762  -0.045729  -0.023978  -0.026605   0.041968  -0.003937
     29      -0.068223   0.081818   0.030243   0.030590  -0.063055  -0.007133
     30       0.057302   0.057855   0.000684   0.001801  -0.014548  -0.045439
     31      -0.056700  -0.085224  -0.023151   0.002736   0.001602   0.063092
     32      -0.023974  -0.009453   0.060368  -0.006523   0.021613  -0.033305
     33       0.147052   0.142111   0.040067  -0.167029  -0.036126   0.059537
     34       0.204635   0.232562   0.023491   0.016709  -0.021970  -0.158165
     35      -0.092121  -0.100739  -0.021237   0.029226   0.003340  -0.008678
     36      -0.015508  -0.013867   0.125370   0.111300   0.046291   0.070708
     37      -0.056842  -0.037486  -0.259460  -0.022430  -0.008347  -0.112861
     38       0.170074   0.162368   0.038093  -0.152499  -0.058426  -0.025978
     39      -0.027041  -0.024802  -0.066635  -0.141541  -0.046723  -0.012376
     40       0.304700   0.379036   0.166079  -0.105879   0.017883   0.176922
     41       0.146776   0.152540   0.175247   0.240558   0.072842   0.004615
     42       0.205160   0.267017   0.071513  -0.016068   0.039360   0.102919
     43      -0.202906  -0.212253  -0.179707  -0.078782   0.004328   0.061647
     44       0.020141  -0.015860   0.129664   0.038665  -0.032799  -0.084672
     45       0.014666   0.013343   0.233697  -0.085996   0.010101   0.083522
     46      -0.025120  -0.065074  -0.102905  -0.079414  -0.059649  -0.176076
     47       0.088671   0.163793  -0.138245  -0.191962  -0.026029  -0.030021
     48       0.015818  -0.018689   0.125723  -0.067240  -0.033130  -0.064970
     49       0.037584   0.025455   0.110103   0.023024   0.029988   0.109179
     50      -0.040797   0.051788  -0.407452   0.567326   0.245543   0.546793
     51      -0.051983  -0.061935   0.167402  -0.165899  -0.026405   0.085409
     52      -0.003312   0.021948   0.244916  -0.205100  -0.012475   0.160053
     53      -0.123620  -0.080922   0.036549  -0.175317  -0.006070   0.179731
     54      -0.020560  -0.008998   0.073840  -0.140540  -0.031340   0.004575
     55       0.077531   0.142153  -0.260950   0.299312   0.080641  -0.023751
     56       0.014159   0.121691  -0.324071  -0.128459  -0.068667  -0.284856
     57      -0.007599  -0.045890   0.078400  -0.174381  -0.030207  -0.122262
     58      -0.017733  -0.099340   0.198622   0.147723  -0.006038  -0.094980
     59       0.152499   0.048900   0.254165   0.177446   0.034147  -0.063853
     60       0.027559  -0.095131   0.068560   0.036919   0.011712   0.006925
     61       0.019986  -0.002721   0.029528  -0.028860  -0.034390   0.234280
     62      -0.045670  -0.077686  -0.048387   0.011327   0.038510  -0.127237
     63      -0.178453  -0.029248   0.073805   0.074173  -0.031859  -0.120652
     64      -0.028720   0.171476  -0.036600   0.050101  -0.241868   0.117573
     65      -0.053042  -0.062918   0.056083  -0.017145   0.193812  -0.128790
     66      -0.143185   0.074092  -0.118660   0.000939  -0.192523   0.155078
     67      -0.225186   0.188028   0.106698   0.010162   0.197989  -0.193015
     68       0.006420  -0.066720   0.014518  -0.013514   0.075379  -0.034055
     69      -0.318051   0.141891   0.024732  -0.164114   0.507039  -0.069783
     70      -0.202676   0.075744   0.035927  -0.039690   0.156308  -0.068790
     71      -0.399958   0.269241   0.016679  -0.148423   0.438311  -0.043875
     72      -0.059650   0.133739   0.061779   0.048889  -0.108934   0.039374
     73       0.168652  -0.054425   0.045553   0.060405  -0.181240   0.048984
     74      -0.100076   0.099619  -0.022489  -0.055874   0.159543  -0.035518
     75      -0.060623   0.260001  -0.087409   0.041858  -0.166327  -0.009525
     76       0.152656  -0.021434  -0.119567  -0.139810   0.343525  -0.097498
     77      -0.101963   0.161090  -0.061274  -0.003885  -0.010009  -0.022876
     78       0.079002   0.061172   0.052237   0.060932  -0.020105  -0.065628
     79       0.009971  -0.026877  -0.031864  -0.019507  -0.061882   0.216389
     80      -0.062413  -0.049905   0.089398   0.029917   0.066545  -0.156286
                 30         31         32         33         34         35    
      0       0.036649  -0.004861   0.014612  -0.030296   0.014244   0.045485
      1      -0.005343   0.148013  -0.010914   0.036198   0.011857   0.001673
      2       0.096334  -0.008006   0.048563  -0.037020  -0.032685   0.050692
      3      -0.026117  -0.067439  -0.005342  -0.010982  -0.006196  -0.037543
      4      -0.014130  -0.097461  -0.007520  -0.005613   0.005804  -0.017935
      5      -0.102495   0.051692  -0.043800   0.053135  -0.008111  -0.064672
      6      -0.019411   0.066562  -0.061386  -0.057568  -0.034014  -0.012479
      7       0.064326   0.047519   0.001191  -0.124177   0.052483   0.077355
      8       0.031525  -0.034439  -0.032253  -0.088811   0.041794   0.030918
      9       0.030172   0.000795   0.008918   0.063494   0.025547  -0.021838
     10       0.005547  -0.051795   0.096164   0.169076  -0.067761  -0.009691
     11       0.016753   0.005142   0.017745  -0.005978  -0.014824   0.016263
     12      -0.059018  -0.059674   0.033181  -0.038013  -0.061898   0.027531
     13      -0.054639   0.027507  -0.080290  -0.083703   0.048891  -0.029799
     14       0.010590   0.033919   0.037533   0.124110  -0.003310  -0.000803
     15       0.019551   0.064686  -0.020991   0.020030   0.005385  -0.071760
     16       0.064117  -0.079865   0.036175  -0.045630  -0.062679  -0.032171
     17      -0.066519  -0.058630  -0.045136  -0.074675  -0.001350  -0.029740
     18      -0.011292   0.029810  -0.041938   0.001635  -0.008273   0.070908
     19      -0.056671  -0.001317  -0.006777   0.061332   0.100946   0.070334
     20       0.026010  -0.022655  -0.032314   0.002834   0.017061   0.028636
     21      -0.037254   0.016871   0.012459   0.042337  -0.048863   0.027272
     22      -0.006889   0.042329  -0.028425   0.008465  -0.149888   0.071906
     23       0.032419   0.048884   0.063462  -0.048870  -0.032251  -0.115691
     24      -0.025473   0.009666   0.023520  -0.015577   0.004143  -0.004503
     25       0.053084  -0.060078   0.000645  -0.037125   0.153001  -0.107713
     26      -0.008235   0.002055  -0.055404   0.036548  -0.059381   0.058828
     27       0.059813  -0.064889  -0.026921  -0.008406   0.030342  -0.048312
     28      -0.025195   0.010106   0.023558   0.016507  -0.098816   0.082109
     29      -0.056066  -0.025131   0.076443  -0.010240   0.113682   0.018772
     30       0.030133   0.025904   0.040240   0.006091   0.068630   0.043081
     31       0.001497   0.019768  -0.066779  -0.006639  -0.027407  -0.079508
     32       0.004659   0.020534   0.005314   0.005181   0.002202   0.000529
     33      -0.290702  -0.205260  -0.081600   0.095646  -0.010389  -0.166557
     34      -0.008657   0.390012  -0.168585  -0.113305   0.153865  -0.040568
     35       0.107841  -0.042424   0.077960  -0.017459  -0.057214   0.063817
     36       0.171988  -0.010064   0.051557  -0.126495  -0.044029   0.080473
     37      -0.181643   0.215585  -0.017722   0.253243   0.149017   0.028586
     38      -0.203131  -0.099948  -0.110112   0.010028  -0.014469  -0.166148
     39      -0.021756  -0.124276  -0.045619  -0.077932  -0.034150  -0.071932
     40       0.180783  -0.049737   0.014865  -0.146393   0.000653   0.093899
     41       0.096800   0.255107   0.082787   0.064965   0.057619   0.148561
     42       0.272187  -0.059109   0.168036  -0.014675   0.012411   0.178113
     43      -0.084460  -0.218125   0.048652   0.133339   0.005338  -0.070666
     44      -0.212699   0.181611  -0.217993  -0.106140  -0.019652  -0.139377
     45      -0.058434   0.095331  -0.052225  -0.194221  -0.230062   0.121787
     46       0.094897   0.025032   0.081452  -0.114139   0.055794   0.181257
     47       0.064103  -0.060283   0.066130  -0.090939   0.030378   0.174641
     48      -0.012867   0.011113   0.004929   0.036451  -0.035711  -0.022582
     49       0.041654   0.013223   0.057788   0.327724  -0.072421  -0.128725
     50       0.208490   0.009134   0.006246   0.185797   0.216299  -0.052270
     51       0.102924   0.100030  -0.013997   0.108650   0.053217  -0.020755
     52       0.049300   0.179612  -0.111852   0.165417   0.121039  -0.168729
     53       0.161028   0.100570   0.004460   0.059797   0.099614   0.099624
     54       0.033183   0.071445  -0.018451   0.058068   0.013795  -0.024168
     55      -0.184269  -0.166551  -0.004108  -0.207000  -0.051618   0.039002
     56      -0.155915  -0.086563   0.089486  -0.074246  -0.196000   0.056688
     57       0.133246   0.186527   0.002379   0.248010   0.243496  -0.260486
     58       0.032951  -0.215991   0.093062   0.027412  -0.184084  -0.190607
     59      -0.108297  -0.251287   0.035380   0.038168  -0.165561  -0.261653
     60      -0.090493  -0.139892  -0.179093  -0.014015   0.104283   0.218867
     61      -0.219384   0.007610   0.196398  -0.169745   0.146942   0.135256
     62       0.131512  -0.056738  -0.205753   0.164842  -0.006077  -0.001068
     63      -0.008516  -0.226431  -0.266634   0.210830   0.036365   0.131237
     64       0.087610   0.118551   0.035661  -0.060587  -0.289893  -0.141442
     65      -0.069357  -0.121178  -0.103386   0.083320   0.168490   0.170866
     66       0.078056   0.080123   0.216225  -0.079053  -0.080358  -0.255262
     67      -0.087763  -0.164201  -0.171708   0.114100   0.142350   0.315537
     68      -0.019249  -0.031640  -0.022408   0.011782   0.066902   0.021212
     69      -0.128770   0.127413   0.299983  -0.172828  -0.015659  -0.122690
     70      -0.073386  -0.051067   0.176280  -0.059295   0.361590  -0.081680
     71      -0.075444   0.137387   0.197941  -0.138819  -0.175417  -0.090506
     72      -0.194964  -0.004336   0.206716  -0.076961  -0.020112  -0.041037
     73      -0.218960  -0.003102   0.221788   0.018903   0.140299   0.206918
     74       0.077669   0.009050  -0.063057  -0.043210  -0.173991  -0.130723
     75       0.183333  -0.209551  -0.276416   0.147127   0.008372   0.031792
     76       0.255249   0.001882  -0.232406  -0.009725  -0.344543  -0.116297
     77       0.157346  -0.112084  -0.199410   0.067863  -0.021416  -0.034468
     78      -0.150944   0.078514   0.201762   0.081268   0.070259   0.062762
     79      -0.106284   0.082482   0.100765  -0.286468  -0.103121  -0.145749
     80       0.001474  -0.004223  -0.042145   0.245466   0.065436   0.066791
                 36         37         38         39         40         41    
      0      -0.025723   0.000983   0.040149  -0.051093   0.047315  -0.014335
      1      -0.032868   0.029128   0.026629  -0.007801   0.016556   0.034922
      2      -0.024034   0.032048   0.014723  -0.005416   0.018508   0.019294
      3       0.047342  -0.027971  -0.022475   0.073726  -0.001655  -0.037417
      4       0.034784  -0.000261  -0.004289  -0.000174   0.018791  -0.032404
      5       0.000635   0.006810   0.001570   0.026864   0.010547   0.004144
      6      -0.062197   0.047262   0.051727  -0.057321  -0.004695   0.037172
      7       0.069277  -0.041849  -0.025287   0.030111  -0.032338   0.019213
      8       0.016826  -0.007552   0.036208  -0.039532  -0.009284  -0.012651
      9       0.032006   0.002860   0.001662   0.055564  -0.017063  -0.001412
     10      -0.059384   0.035949  -0.008018   0.020953   0.036964  -0.049236
     11      -0.010962  -0.005636   0.000551   0.014775  -0.006754   0.007191
     12      -0.055996  -0.011834  -0.000654  -0.056020   0.037254  -0.014102
     13       0.042889  -0.035392   0.005918  -0.040173  -0.023557   0.047007
     14      -0.029593   0.017383  -0.012035   0.003600   0.007593   0.021839
     15       0.049399   0.041509   0.031163   0.052727  -0.038044   0.037989
     16       0.041917  -0.007491   0.019671   0.056441  -0.025250  -0.048947
     17       0.020309  -0.023703  -0.009234  -0.027984   0.003267  -0.031233
     18      -0.036874   0.035642  -0.207527   0.126977  -0.014739   0.028298
     19      -0.059781  -0.040658   0.011773  -0.063763   0.057534   0.017771
     20       0.013413   0.090876   0.054537   0.038812  -0.056067  -0.021235
     21       0.017866  -0.055102   0.083941  -0.065146   0.028945   0.008045
     22       0.076215   0.019263  -0.049832   0.028468  -0.021442   0.002601
     23      -0.023725  -0.039286  -0.037864   0.004738   0.046831   0.035798
     24       0.009742   0.031189   0.040771   0.016611  -0.006285   0.022643
     25      -0.089451   0.020363  -0.050408   0.017706   0.002013  -0.008849
     26       0.021921   0.003907   0.026587  -0.032971  -0.033909  -0.044647
     27      -0.054411  -0.051989  -0.006878   0.054530   0.004879  -0.015143
     28       0.047673  -0.070231   0.087251   0.092354   0.001040   0.024316
     29       0.001154   0.020245   0.033661   0.063099   0.002914   0.029847
     30       0.095752   0.034195  -0.094057  -0.158852  -0.011500  -0.042685
     31      -0.047229   0.091580  -0.018564  -0.132017   0.015346   0.003882
     32       0.001732  -0.079430  -0.120498  -0.040925   0.018051  -0.024579
     33       0.085739  -0.068510  -0.108128  -0.007766  -0.153106   0.071774
     34       0.066938  -0.029935   0.174672   0.221108   0.249235  -0.382767
     35      -0.044167   0.046149  -0.005403  -0.045382  -0.014883   0.088859
     36      -0.003300   0.108167   0.122583  -0.015936   0.180219  -0.037361
     37      -0.173344  -0.223370  -0.139832  -0.166617  -0.297406   0.128155
     38       0.131649  -0.004782  -0.047377   0.122429  -0.020321  -0.050990
     39       0.144468   0.127837   0.052647   0.069833   0.175699   0.079383
     40       0.051979   0.188004   0.113065  -0.134740   0.180539   0.136562
     41      -0.242905  -0.200892  -0.062132  -0.113485  -0.281254  -0.119766
     42      -0.077747  -0.010205  -0.043021  -0.197319  -0.146523   0.096400
     43       0.069446  -0.082783  -0.125379   0.016412  -0.139916  -0.015199
     44       0.042604   0.088814   0.150701   0.178467   0.282856  -0.100364
     45      -0.571847  -0.291029   0.155717   0.156327  -0.200398   0.054436
     46       0.105568  -0.070185  -0.040982  -0.064557  -0.006799   0.162694
     47       0.016033  -0.078856   0.028857  -0.144304   0.008670   0.175153
     48      -0.036087   0.037926   0.014115  -0.003694  -0.014052   0.004490
     49      -0.109818   0.190269   0.024893  -0.002360  -0.015445  -0.068014
     50       0.212488  -0.051085  -0.022260   0.228844  -0.054217  -0.023453
     51       0.028434   0.025060   0.009937   0.068532  -0.008064  -0.018927
     52       0.103029   0.097294   0.007904   0.014036  -0.173632   0.144523
     53       0.039878  -0.099447   0.004556   0.153241   0.136642  -0.128199
     54      -0.011807   0.068104   0.016821   0.000882  -0.036194   0.013068
     55      -0.002915  -0.186873  -0.027664  -0.106981   0.095231   0.021677
     56      -0.234055   0.203887   0.054790  -0.215344  -0.023044  -0.088411
     57       0.192662  -0.472448   0.245180  -0.147833  -0.097875  -0.180489
     58       0.133451  -0.051538   0.010468  -0.087333  -0.138269   0.211925
     59       0.155556  -0.101823  -0.017509  -0.241567  -0.159660   0.333864
     60      -0.100734   0.039952  -0.326282   0.157161  -0.013175  -0.080892
     61      -0.176003  -0.149603  -0.054920   0.069004  -0.013793  -0.178833
     62       0.089485   0.170557   0.075673  -0.053231  -0.004334   0.106918
     63       0.002303  -0.168203   0.103422  -0.276472   0.202669  -0.059900
     64       0.052459  -0.119840  -0.200564  -0.014494   0.143511   0.065884
     65      -0.003545   0.098719   0.138559  -0.003349  -0.098491  -0.058535
     66       0.028733  -0.069058   0.399977  -0.225493  -0.220875  -0.277378
     67       0.067793   0.190693   0.187551  -0.005992  -0.284970  -0.206262
     68      -0.026449   0.017221  -0.009423   0.020604   0.008786   0.021555
     69       0.049033   0.060031   0.057767   0.128010   0.043102   0.141629
     70      -0.097951   0.061639   0.128351   0.037429   0.041981   0.128147
     71       0.073920   0.012404  -0.038596   0.094988   0.015019   0.042696
     72      -0.026466  -0.017829   0.021681   0.220406  -0.028914  -0.148620
     73       0.106081   0.009683   0.252502   0.202040   0.002148   0.150990
     74      -0.064002  -0.066146  -0.146993   0.006636  -0.007585  -0.160076
     75      -0.203282  -0.100979   0.327110   0.238420   0.016004   0.255336
     76      -0.061997  -0.176497  -0.111071  -0.025555   0.003088  -0.119314
     77      -0.139542  -0.059025   0.120109   0.104035   0.011462   0.114778
     78       0.215792   0.106792  -0.154339  -0.209110   0.056824  -0.062863
     79      -0.126470   0.236748  -0.021870  -0.053037  -0.266702  -0.187609
     80       0.118189  -0.158902  -0.136768  -0.116865   0.260643   0.113556
                 42         43         44         45         46         47    
      0       0.000620  -0.003245   0.009997   0.047291   0.002834   0.034802
      1      -0.026409  -0.037596   0.012532   0.008102   0.012946  -0.043866
      2      -0.021950  -0.009655  -0.015612   0.021685  -0.052290   0.005908
      3       0.010304   0.016080  -0.038531  -0.026090  -0.042967  -0.006916
      4       0.022466   0.014363  -0.006459  -0.017047   0.005513   0.026169
      5       0.003560  -0.025404   0.011488  -0.046169   0.036161  -0.015447
      6      -0.011835   0.009141   0.028905  -0.001632   0.082054  -0.000936
      7      -0.040992   0.017586  -0.015803   0.013919  -0.028615  -0.001164
      8       0.007034   0.051752  -0.015805   0.020868  -0.063728   0.014475
      9      -0.039994   0.020691  -0.007803  -0.003772  -0.002576   0.023776
     10       0.029444  -0.005072  -0.002706   0.019123  -0.011920  -0.017569
     11      -0.002999  -0.006905   0.014337  -0.013521   0.025383   0.005279
     12       0.037229  -0.012203  -0.011746   0.012952  -0.010351   0.007167
     13      -0.014521  -0.004671  -0.009752  -0.003029  -0.024648   0.010060
     14       0.002543  -0.037447  -0.000189  -0.011920  -0.034525  -0.016083
     15      -0.040288  -0.015572   0.015184  -0.053717  -0.008533  -0.092965
     16       0.021969   0.037324   0.013050   0.014452   0.059109   0.009384
     17       0.012043   0.037240   0.005228   0.019343   0.097410   0.010552
     18       0.041802  -0.044575  -0.024556   0.027198  -0.010959   0.053326
     19      -0.026203  -0.008167   0.010639  -0.034398  -0.065312   0.015488
     20       0.015825   0.021904   0.081309   0.010272  -0.019005  -0.048559
     21      -0.025823   0.005571  -0.019922  -0.017382  -0.000680   0.003120
     22       0.035255   0.015400  -0.002866   0.019822   0.011558   0.011458
     23       0.009587   0.027806   0.007066   0.001914   0.007028   0.018662
     24       0.030873   0.017678  -0.005669   0.004774   0.017282  -0.001764
     25      -0.011197  -0.026407   0.018116  -0.004235  -0.001990   0.026848
     26      -0.023153  -0.046143  -0.011748  -0.005107  -0.003880   0.011141
     27      -0.048839  -0.014503   0.002377   0.004240  -0.015202  -0.038412
     28      -0.029717   0.018119  -0.000877   0.010803   0.003580  -0.002938
     29       0.013098   0.018933   0.011041   0.007924  -0.016301  -0.000082
     30       0.045455   0.024019  -0.027239  -0.004673  -0.048442  -0.030005
     31       0.059706  -0.005309  -0.021727  -0.022269   0.023936   0.001919
     32      -0.026815  -0.019744  -0.096365   0.018427   0.032518  -0.068690
     33      -0.000803   0.000765   0.071806   0.058738   0.161600  -0.090477
     34       0.154460   0.129112  -0.155320  -0.333524  -0.170781   0.180779
     35      -0.052980  -0.038221   0.010388   0.076107  -0.027873  -0.030155
     36      -0.015555  -0.051430  -0.029786  -0.066404  -0.000435  -0.007457
     37      -0.020179   0.064949   0.128291   0.415426  -0.010116   0.075658
     38       0.044118   0.023663  -0.031841  -0.174659   0.022405  -0.026210
     39      -0.092478  -0.164154   0.021883   0.120150  -0.006061  -0.046378
     40      -0.114961  -0.158844   0.080696   0.198343   0.063727  -0.018317
     41       0.124992   0.264259  -0.054797  -0.191761  -0.003925   0.038824
     42       0.001970   0.046368   0.060371  -0.131197   0.115249  -0.006825
     43       0.057380   0.059386  -0.004557  -0.290560   0.115800  -0.038291
     44      -0.030613  -0.095173  -0.054919   0.323588  -0.184760   0.055075
     45       0.201538  -0.065009   0.050280  -0.177694  -0.336536   0.037925
     46      -0.008279  -0.170670   0.154229  -0.208143   0.314913   0.083010
     47       0.068902  -0.199410   0.203659  -0.281842   0.341655   0.130331
     48      -0.029080   0.025988  -0.000467  -0.006812   0.036673   0.013996
     49      -0.068368   0.131348  -0.027104   0.029725   0.136903  -0.006635
     50      -0.097647   0.051727  -0.015711  -0.007375  -0.006833   0.054483
     51       0.008563  -0.001778   0.027402   0.006758   0.011749  -0.042323
     52      -0.273529   0.121986  -0.073974  -0.048056  -0.030487   0.138133
     53       0.313327  -0.191161   0.157742   0.044608   0.006307  -0.279412
     54      -0.102049   0.083761  -0.045200  -0.006485   0.011110   0.057989
     55       0.240392  -0.211330   0.066796   0.018043  -0.075084  -0.112450
     56      -0.257286   0.374666  -0.190367   0.075169   0.055235   0.304725
     57       0.292870   0.004199   0.185859   0.362831   0.161442   0.180686
     58      -0.010524  -0.078634  -0.052971  -0.014958  -0.288437   0.019559
     59      -0.018759  -0.126235  -0.081096  -0.006456  -0.391646   0.035335
     60      -0.026131   0.073721   0.130429   0.147145   0.121491   0.076971
     61      -0.345665  -0.049643  -0.104982   0.034109   0.182748  -0.348572
     62       0.242552   0.075837   0.192025  -0.016420  -0.173639   0.219303
     63      -0.202795   0.319424   0.424101  -0.087584  -0.150955  -0.318044
     64       0.008846   0.197961   0.154996   0.009227  -0.021857  -0.070091
     65      -0.010618  -0.088449  -0.038318  -0.006456  -0.003044   0.009816
     66      -0.086921  -0.357642  -0.218754   0.008659   0.057032   0.095649
     67       0.001440  -0.252761  -0.131271   0.032191   0.015443   0.030104
     68       0.008571   0.012657   0.007300   0.000645  -0.004215   0.003918
     69       0.124076   0.140907   0.010553   0.028016   0.049362  -0.020657
     70       0.084482   0.041017  -0.108708  -0.015892   0.019795  -0.028183
     71       0.044765   0.080785   0.067092   0.028610   0.021839   0.007545
     72      -0.259962  -0.161203   0.429477  -0.069891  -0.086335   0.403176
     73       0.078507   0.107980  -0.050329   0.035545   0.020142  -0.042950
     74      -0.191404  -0.135702   0.220421  -0.047138  -0.055285   0.200657
     75       0.171990   0.064378  -0.257368   0.036891   0.238682   0.032984
     76      -0.173466  -0.071246   0.027801  -0.009278  -0.002182  -0.045545
     77       0.073056   0.021058  -0.131152   0.017985   0.130507   0.016402
     78       0.038726  -0.070988   0.107465  -0.096297   0.034115   0.170756
     79       0.117384   0.016191   0.135650   0.055859  -0.054219  -0.261040
     80      -0.075405  -0.072268  -0.155338  -0.080299   0.126195   0.213997
                 48         49         50         51         52         53    
      0      -0.011777  -0.001034  -0.032661   0.037826   0.028776  -0.026523
      1      -0.025307  -0.010910   0.085568  -0.030909  -0.107692   0.030130
      2      -0.013190   0.001510  -0.001268  -0.009750   0.038226   0.009910
      3      -0.032122  -0.013753   0.041726  -0.049934   0.008090   0.024023
      4      -0.016272  -0.004718   0.032863  -0.028751   0.062599   0.012180
      5       0.017274   0.009833  -0.056610   0.104446  -0.054825  -0.037294
      6       0.081948   0.062787   0.068363   0.025211   0.045784   0.007901
      7       0.019151   0.019868  -0.024341   0.007696  -0.063742   0.004383
      8       0.050515   0.026933   0.006710  -0.047363  -0.041069   0.023669
      9      -0.031656  -0.025140  -0.016610   0.006026  -0.004295  -0.001707
     10       0.011064   0.007639  -0.017733  -0.002175  -0.008522   0.007663
     11      -0.009586  -0.010632  -0.010939   0.006021   0.011152   0.000651
     12       0.009290   0.013540   0.031542   0.008045   0.001934  -0.014866
     13       0.011085   0.019701   0.006462   0.018501  -0.000164   0.026715
     14      -0.034054  -0.013157   0.049052  -0.001690   0.004669  -0.037679
     15       0.042957  -0.007625  -0.067427  -0.089714   0.030868   0.018185
     16      -0.000225  -0.028108  -0.038589  -0.043755   0.014564  -0.055829
     17       0.026030  -0.043792  -0.036439  -0.069923  -0.045695  -0.042773
     18       0.022089   0.000032   0.038084   0.042248   0.016083   0.010687
     19       0.013063  -0.017608   0.013778  -0.000358  -0.015737  -0.005960
     20      -0.049069   0.039390   0.013093   0.025776   0.020808  -0.006041
     21      -0.012127   0.069785  -0.002120  -0.047070  -0.010167  -0.109456
     22      -0.004199   0.000048   0.002363   0.005992  -0.002986  -0.007475
     23       0.018161  -0.025230   0.003233   0.005511  -0.006750   0.016094
     24      -0.009634  -0.006998  -0.011370   0.002893  -0.000722   0.038901
     25      -0.005953   0.027201  -0.004324  -0.013647  -0.005390  -0.001641
     26       0.009656   0.004564   0.003015  -0.007425  -0.000915  -0.016400
     27       0.043310  -0.055499   0.037065   0.038313   0.032877  -0.069140
     28       0.027329  -0.002834   0.017951   0.009712   0.004163  -0.005574
     29       0.050256  -0.047905   0.030993   0.024223   0.012138  -0.014861
     30      -0.029544  -0.006016  -0.020955  -0.030114  -0.033766  -0.026854
     31       0.009847  -0.034807  -0.022855  -0.024614   0.001839   0.015150
     32      -0.053085   0.028116  -0.008191   0.021527   0.005498  -0.002039
     33       0.037659  -0.051757   0.033627  -0.144137  -0.167274   0.002168
     34       0.016497   0.123757  -0.205151   0.360888   0.336993  -0.086729
     35      -0.019575  -0.018919   0.045094  -0.075464  -0.026183   0.029486
     36      -0.081176   0.003885   0.167373   0.059098  -0.171092   0.025548
     37       0.136704  -0.037762  -0.469820  -0.096991   0.435160  -0.121939
     38       0.011238   0.019270   0.064500   0.007234  -0.043736   0.022622
     39      -0.038864  -0.034705  -0.190387   0.180584  -0.119799  -0.095115
     40       0.003170   0.000790  -0.186086   0.153762   0.004972  -0.091622
     41       0.061348   0.073083   0.319737  -0.308751   0.196678   0.165014
     42       0.159406   0.084496  -0.086625   0.183212  -0.187836  -0.050033
     43       0.104480   0.077601  -0.055079   0.205180  -0.093553  -0.042164
     44      -0.239133  -0.140890   0.127393  -0.303265   0.258205   0.070945
     45      -0.233375  -0.331559  -0.332405  -0.032472  -0.283128  -0.068276
     46      -0.181537  -0.107160   0.059761   0.043915   0.259907  -0.018293
     47      -0.240652  -0.172782   0.082540  -0.013454   0.351331  -0.006165
     48       0.006799  -0.000057   0.019353   0.007062   0.024181  -0.005161
     49       0.111420   0.056212   0.086496  -0.002723   0.085127  -0.009091
     50      -0.092258  -0.079877  -0.086126   0.006472  -0.021183   0.007872
     51       0.054552   0.041738  -0.075364   0.002903   0.030174   0.082617
     52      -0.219049  -0.125403   0.056832   0.060323   0.010232  -0.094357
     53       0.359150   0.243266  -0.218535  -0.054539   0.047477   0.314321
     54       0.009232  -0.002630  -0.009758   0.024501  -0.019105   0.022592
     55       0.010569   0.042445   0.088511  -0.029968   0.049434  -0.049821
     56      -0.002508   0.058514  -0.099106   0.206152  -0.031255   0.152805
     57      -0.189043   0.096560   0.272388   0.299007  -0.180720  -0.029279
     58      -0.018902   0.145512   0.028289   0.156993   0.166459   0.106686
     59      -0.006693   0.210736   0.074860   0.228030   0.157685   0.189081
     60      -0.011268  -0.184695   0.074568   0.245874  -0.080853   0.334111
     61      -0.176463   0.161069  -0.016261   0.083295   0.093607   0.128839
     62       0.080960  -0.123462   0.040502  -0.001531  -0.078359  -0.053125
     63      -0.091547  -0.189644  -0.036395   0.119339   0.067758   0.323003
     64      -0.008890  -0.124720  -0.000631   0.079924   0.017524   0.146554
     65      -0.005453   0.043507  -0.002228  -0.027454  -0.003728  -0.036682
     66       0.205080  -0.394092  -0.019686   0.109170  -0.003090   0.399837
     67       0.042379  -0.095938   0.013365   0.059800   0.016409   0.099928
     68      -0.010159   0.031452   0.010539  -0.005348  -0.002507  -0.044552
     69      -0.027530  -0.042425  -0.026827   0.027815  -0.002509   0.135220
     70      -0.008433   0.059478  -0.007631  -0.062047  -0.013450  -0.114406
     71      -0.008442  -0.055069  -0.010084   0.047062   0.002144   0.140894
     72       0.029697   0.346519  -0.021536  -0.216732  -0.131300   0.098156
     73       0.060914  -0.079840   0.039072   0.062200   0.022047   0.027568
     74       0.002953   0.186295  -0.016045  -0.123136  -0.067442   0.014145
     75      -0.294604   0.291437  -0.176819  -0.089242  -0.070607   0.272894
     76       0.021685  -0.000094   0.025450   0.028676   0.029071  -0.069997
     77      -0.151075   0.155007  -0.090318  -0.040415  -0.035017   0.153517
     78      -0.319916   0.072124  -0.318188  -0.123134  -0.070671   0.251706
     79      -0.376316   0.127330  -0.022851   0.147153   0.050214  -0.058319
     80       0.106346  -0.056227  -0.139457  -0.150722  -0.048002   0.183152
                 54         55         56         57         58         59    
      0       0.010792   0.000261   0.011529   0.010272   0.029087  -0.014304
      1      -0.041866   0.001395  -0.001490   0.009310   0.006222  -0.003809
      2       0.010277   0.001880  -0.009403  -0.016350  -0.026027   0.012227
      3      -0.020111   0.004466   0.001747  -0.001824  -0.028757  -0.002195
      4      -0.008565  -0.006437  -0.000842  -0.010514   0.062614   0.004637
      5       0.011087   0.001266   0.014794  -0.002147   0.012964  -0.000770
      6       0.037114  -0.028784  -0.019607   0.015271   0.016730   0.004653
      7       0.027551  -0.014201  -0.022299   0.021760  -0.001096   0.001108
      8       0.047743   0.007813  -0.061874   0.015835   0.001727   0.000201
      9      -0.029719   0.004332   0.007358  -0.000463   0.001401   0.001020
     10      -0.018965   0.004800   0.005065  -0.004553   0.015922   0.002116
     11      -0.027459  -0.000812   0.008920  -0.000796  -0.001805  -0.000021
     12       0.044084  -0.002321  -0.005940   0.007465  -0.008307  -0.000793
     13      -0.039193   0.008406   0.006932  -0.003660  -0.008553   0.005341
     14       0.118173   0.000938  -0.020568  -0.010905   0.002658   0.003374
     15       0.003467  -0.028583  -0.004637  -0.037848   0.008344  -0.001827
     16       0.038123   0.003912  -0.001735   0.018286   0.005471   0.001055
     17      -0.014978  -0.022352   0.027834   0.038986  -0.003661  -0.001466
     18      -0.000083   0.042114   0.032970   0.135840  -0.004279   0.008691
     19      -0.015187  -0.128771   0.038666   0.030205  -0.008636  -0.007844
     20      -0.001220   0.098514  -0.026516   0.012892   0.003958  -0.001449
     21      -0.049201  -0.018406  -0.052299  -0.060586  -0.001411  -0.036697
     22      -0.002263   0.014153  -0.013802  -0.033807   0.001512   0.008032
     23       0.004224  -0.026881   0.000295  -0.024281   0.001232   0.029535
     24       0.021455   0.005880   0.012414   0.003529   0.000902   0.000980
     25       0.002134  -0.006952  -0.006159  -0.004819  -0.006417  -0.075875
     26      -0.009862   0.001794  -0.005991  -0.000041   0.002522   0.035130
     27      -0.055802  -0.018211  -0.092656   0.019921  -0.000551   0.013821
     28       0.003707  -0.014485   0.020865  -0.003915  -0.006102  -0.024966
     29      -0.010775   0.021355  -0.011961  -0.000149  -0.001633  -0.035296
     30       0.002799   0.042569   0.123239  -0.067414  -0.000960  -0.011506
     31       0.003842   0.139786  -0.018812  -0.028085   0.005760  -0.009748
     32       0.001997  -0.082921   0.063344  -0.005362   0.000758   0.002636
     33      -0.013811   0.010375  -0.057474  -0.056745  -0.342093   0.138397
     34       0.183880   0.018537  -0.027810  -0.095791  -0.118065   0.060110
     35      -0.030625  -0.004036   0.001360   0.009398   0.019821  -0.008088
     36      -0.031787   0.016890  -0.018553  -0.008729  -0.086578   0.025995
     37       0.122930  -0.024526   0.026052  -0.013885   0.050640  -0.002553
     38      -0.065414  -0.020844   0.067833   0.107292   0.354513  -0.146647
     39       0.007245   0.018302   0.050832   0.007365  -0.117893  -0.010620
     40       0.030231   0.029169   0.052818   0.037266  -0.480123  -0.023114
     41      -0.011253   0.003381  -0.068303   0.032355  -0.293088  -0.008465
     42       0.087191  -0.032298  -0.056250  -0.000707   0.472656   0.019194
     43       0.047286   0.011369   0.016500   0.021920  -0.329057  -0.015051
     44      -0.116390   0.004436   0.034476  -0.036540   0.102261   0.005460
     45      -0.131209   0.245915  -0.013074  -0.071529  -0.037959  -0.023893
     46      -0.149640  -0.012672   0.099609  -0.035300  -0.006011  -0.001118
     47      -0.198228   0.033131   0.095729  -0.065700  -0.012345  -0.004564
     48       0.005108  -0.010313  -0.001438   0.005078  -0.033690  -0.003526
     49       0.071910  -0.059482  -0.019701   0.025638  -0.182611  -0.021514
     50      -0.134098   0.018422   0.042767  -0.007526   0.003987   0.001544
     51      -0.157768  -0.019763  -0.001596   0.002073   0.027142  -0.037516
     52       0.113748   0.003193  -0.019229   0.011700   0.049690  -0.036908
     53      -0.475051  -0.021536   0.022136  -0.041906  -0.012284  -0.007396
     54      -0.076844   0.024507   0.033475  -0.010730  -0.026496   0.028001
     55       0.224891  -0.038184  -0.069022   0.011544   0.024550  -0.042498
     56      -0.514678   0.022651   0.083557   0.070690  -0.005313  -0.018197
     57      -0.079859   0.216779  -0.064511   0.069875  -0.013936   0.002553
     58      -0.030936   0.065862  -0.040474  -0.056315   0.002650   0.008450
     59      -0.129860   0.078008  -0.029167  -0.060171  -0.010931   0.009195
     60       0.096173  -0.205042  -0.238352  -0.815185   0.015390   0.063545
     61       0.071774   0.436567  -0.110915  -0.079015   0.039582  -0.030531
     62      -0.053552  -0.348934   0.033441  -0.062169  -0.029489   0.024641
     63       0.155619   0.093507   0.181750   0.286568   0.003284   0.042616
     64       0.071184  -0.006849   0.087458   0.083172   0.010394   0.193936
     65      -0.019295   0.032614  -0.043796  -0.047429  -0.006261  -0.144287
     66       0.162768  -0.150853   0.121038   0.079442  -0.003421   0.015602
     67       0.049009  -0.029529   0.085553   0.117068   0.004402   0.131265
     68      -0.019503  -0.015945  -0.001549  -0.007215   0.002076   0.055172
     69       0.077261   0.019478   0.072016   0.008570   0.001996   0.008366
     70      -0.056847   0.084116   0.085352  -0.035230   0.055663   0.794711
     71       0.078591  -0.023574   0.021167   0.015772  -0.023843  -0.344186
     72       0.146754   0.084534   0.290092  -0.090551   0.017234   0.154448
     73       0.016478   0.024711  -0.036518   0.011311   0.027094   0.037136
     74       0.051045   0.014067   0.188728  -0.055753  -0.030167  -0.050614
     75       0.185055  -0.147810   0.188422   0.000903  -0.009111  -0.050964
     76      -0.051124  -0.013509  -0.152515   0.021562   0.048914   0.239890
     77       0.103834  -0.054860   0.072010  -0.002235   0.019598   0.043790
     78       0.003949  -0.223971  -0.693748   0.300321  -0.016438   0.078494
     79      -0.077533  -0.503630  -0.051131   0.109591  -0.011258   0.044863
     80       0.068797   0.273994  -0.274449   0.061259   0.007098  -0.002389
                 60         61         62         63         64         65    
      0      -0.026720  -0.030687  -0.036162   0.004200   0.002390  -0.001055
      1      -0.010042  -0.001633  -0.004192   0.000302  -0.001189  -0.000176
      2       0.024102   0.028548   0.027922  -0.003343  -0.002671  -0.001436
      3      -0.013801  -0.010967  -0.012606  -0.000743   0.001070  -0.000710
      4       0.021096   0.035666   0.016116   0.003181  -0.002402  -0.001696
      5       0.004243   0.014545   0.005791   0.000280  -0.000405  -0.000938
      6       0.032233  -0.049029   0.030328  -0.003137   0.001585  -0.000062
      7      -0.019648   0.022269  -0.009797   0.006648  -0.001581  -0.001425
      8      -0.005450  -0.010375   0.000150   0.003451  -0.004592  -0.000014
      9       0.009714  -0.008553   0.004705  -0.000888   0.000526  -0.000150
     10       0.051450  -0.067222   0.028380  -0.009505   0.003231  -0.000131
     11       0.000423   0.003689  -0.002302   0.000449   0.000484  -0.000059
     12      -0.013598   0.026896  -0.020593   0.005807   0.000797  -0.000686
     13       0.052458   0.012743  -0.056197   0.014420   0.010110   0.001289
     14       0.015264  -0.008041  -0.020262   0.006558   0.003415   0.000207
     15      -0.003193  -0.005493   0.001723  -0.002335  -0.005207  -0.000228
     16       0.002001  -0.010441  -0.000562   0.000604   0.002038   0.001557
     17       0.005080  -0.000877   0.004993  -0.004415   0.004122   0.000151
     18       0.008321   0.012633   0.014852   0.005230   0.019698  -0.008416
     19       0.006635   0.006708   0.004417  -0.009825   0.007287   0.038784
     20       0.001245   0.001458  -0.000536   0.004628  -0.008545   0.055568
     21       0.006302  -0.000951  -0.012400  -0.024493  -0.041719   0.000638
     22      -0.013583  -0.002642   0.010118   0.028151   0.077332  -0.001923
     23      -0.005531  -0.007689  -0.005247   0.002331  -0.016995  -0.006020
     24       0.000649  -0.001118   0.000651   0.000800  -0.000612  -0.000321
     25       0.012948   0.008681   0.001281  -0.015924  -0.004529   0.000061
     26      -0.006744  -0.004598  -0.000295   0.008476   0.002990   0.000099
     27      -0.000902  -0.007588   0.002243   0.032510  -0.005193  -0.000624
     28       0.001416  -0.003490   0.015165   0.075634  -0.031825  -0.000938
     29       0.006132   0.004166  -0.000117  -0.019232  -0.000822   0.002099
     30      -0.008021   0.014579  -0.003295  -0.021799   0.003909   0.014848
     31       0.001629  -0.009086   0.001385  -0.004503  -0.009159  -0.023149
     32       0.004092   0.002659   0.002436  -0.006537   0.011360  -0.033291
     33       0.289875   0.300149   0.349981  -0.048638  -0.019814   0.003261
     34       0.121138   0.113524   0.129603  -0.013517  -0.008728   0.000841
     35      -0.016002  -0.009742  -0.016922   0.001973  -0.000050   0.010776
     36       0.057457   0.070892   0.073227  -0.010831  -0.007425   0.009544
     37      -0.006112  -0.036482  -0.040702   0.007341   0.009528   0.002941
     38      -0.305334  -0.313247  -0.354622   0.048279   0.022485  -0.000727
     39      -0.051223  -0.041008  -0.045033  -0.003753   0.006382  -0.005362
     40      -0.133768  -0.274930  -0.118069  -0.028222   0.023252   0.001030
     41      -0.052658  -0.231535  -0.043858  -0.022617   0.011443  -0.004100
     42       0.129266   0.249965   0.120305   0.031091  -0.022511   0.010036
     43      -0.091165  -0.201964  -0.069832  -0.019601   0.015618   0.017493
     44       0.031800   0.093953   0.012423   0.004274  -0.004387   0.015961
     45      -0.077068   0.091938  -0.067300   0.008016  -0.018445   0.003539
     46      -0.006567   0.064859  -0.015070   0.001777   0.003207   0.009332
     47       0.004785   0.047768  -0.015611  -0.003262   0.000580  -0.007192
     48      -0.076609   0.113253  -0.063796   0.018995  -0.003242   0.001651
     49      -0.444597   0.681732  -0.362111   0.108929  -0.022205   0.000156
     50       0.023878   0.000742   0.015972  -0.004652   0.000287   0.002318
     51      -0.331598  -0.014770   0.326849  -0.087112  -0.067619   0.013506
     52      -0.311080  -0.099151   0.383709  -0.099184  -0.065151  -0.010487
     53      -0.091688   0.067767   0.040086  -0.013393  -0.021261  -0.007130
     54       0.272688   0.024314  -0.269670   0.068714   0.052480  -0.009233
     55      -0.426196   0.021396   0.337852  -0.084938  -0.075345  -0.004858
     56      -0.127088   0.001187   0.176025  -0.049882  -0.026106   0.000934
     57      -0.004074   0.006139  -0.017296   0.014609  -0.003507   0.002633
     58       0.004629   0.013999  -0.020934   0.011650  -0.003267  -0.011010
     59       0.008735   0.039193  -0.016861   0.009529  -0.005234   0.009702
     60      -0.083531  -0.096792  -0.069699   0.034668  -0.024335   0.110758
     61      -0.001447   0.000445  -0.003610   0.021967  -0.037692  -0.489347
     62      -0.004693  -0.008874  -0.005025  -0.008573   0.016907  -0.668890
     63       0.009088   0.026605   0.042831   0.061222   0.133651  -0.014359
     64       0.010695  -0.021643  -0.065143  -0.073652  -0.354030   0.052790
     65      -0.030777   0.020824   0.093480   0.141700   0.512386   0.042797
     66      -0.014849  -0.001049   0.042028   0.066244   0.185203   0.004884
     67       0.045837  -0.012831  -0.099908  -0.173605  -0.574202  -0.015711
     68       0.017167  -0.010569  -0.049929  -0.076402  -0.260926   0.042053
     69       0.000333  -0.001564   0.002703   0.004437   0.005011  -0.002599
     70      -0.162906  -0.094931   0.008266   0.259138   0.102364  -0.000806
     71       0.070725   0.041038  -0.001089  -0.109307  -0.036332  -0.001309
     72      -0.042368   0.017311  -0.042817  -0.258642   0.104664   0.000498
     73      -0.000521   0.040048  -0.073674  -0.412678   0.138846  -0.010745
     74      -0.006866  -0.032763   0.080226   0.411459  -0.149422  -0.006823
     75       0.013383  -0.001422   0.021717   0.088182  -0.038186   0.011797
     76      -0.033120   0.030213  -0.113150  -0.538246   0.222524   0.010553
     77       0.000266   0.023872  -0.048122  -0.277758   0.100146  -0.025506
     78      -0.003855  -0.006556  -0.050559   0.070750  -0.010987  -0.178159
     79       0.040298  -0.007735  -0.008826   0.020529   0.040255   0.301974
     80      -0.020398  -0.007649  -0.010368   0.018580  -0.028474   0.402038
                 66         67         68         69         70         71    
      0      -0.001101   0.001427  -0.000590   0.043321  -0.000890  -0.036027
      1      -0.000343   0.000568   0.000045   0.009923  -0.001190  -0.011223
      2      -0.001295   0.000488   0.000755  -0.032644  -0.002006   0.017633
      3      -0.000965   0.000284   0.000416  -0.016859  -0.000645  -0.012912
      4      -0.000916   0.000735  -0.003469   0.034992   0.005268   0.049703
      5      -0.001526   0.000617  -0.001586   0.009727   0.002295   0.017984
      6      -0.000389  -0.000040  -0.000201  -0.000305  -0.000264  -0.000017
      7       0.001424  -0.000115  -0.001406  -0.005648   0.000482  -0.012705
      8       0.000534  -0.000015   0.001546   0.004140  -0.001260   0.008942
      9       0.000474  -0.000036   0.000343  -0.000258  -0.000556  -0.000382
     10      -0.000139   0.000126  -0.000154   0.000014   0.000606  -0.000148
     11      -0.000084  -0.000075   0.000102   0.000108  -0.001667   0.000161
     12       0.002325  -0.001607   0.000649  -0.002480   0.004736   0.002577
     13      -0.001101   0.002850  -0.000224  -0.004078   0.061432  -0.002629
     14      -0.001312   0.001724  -0.000310  -0.000952   0.027426  -0.002011
     15       0.000148   0.000050  -0.000049  -0.000527  -0.000472   0.000676
     16       0.000481   0.000984   0.000311  -0.005608  -0.010032   0.007213
     17       0.000360  -0.000908  -0.000325   0.004420   0.006164  -0.006006
     18      -0.005289  -0.000397  -0.000404  -0.000234  -0.000166   0.000102
     19       0.025662  -0.003970   0.000752   0.000575  -0.000357   0.000901
     20       0.034644  -0.006979   0.001644   0.001426   0.000130   0.000716
     21       0.001547   0.022227   0.000042  -0.000227  -0.001079  -0.000079
     22      -0.006346  -0.064890  -0.002510   0.000529   0.002816  -0.000257
     23      -0.008017  -0.015185  -0.003544  -0.000132  -0.000843  -0.001591
     24      -0.000150  -0.002958  -0.001337  -0.000019   0.000138  -0.000123
     25      -0.000276   0.000118   0.000166  -0.000030  -0.000030   0.000005
     26       0.000154   0.000986  -0.000591   0.000003   0.000033   0.000056
     27       0.003322  -0.001343   0.011846   0.001000   0.000772   0.001122
     28      -0.003298  -0.000542   0.066401   0.002439   0.000388   0.001587
     29      -0.008301   0.001681  -0.003079  -0.001213  -0.001388  -0.001731
     30      -0.023763   0.001532  -0.002263   0.000082  -0.000860   0.000186
     31       0.038427  -0.002387   0.000596  -0.000122   0.001158  -0.000315
     32       0.051909  -0.003733   0.001776   0.000197   0.001681   0.000053
     33       0.002112  -0.000545  -0.000517   0.032297  -0.000282  -0.022442
     34       0.000136   0.000140  -0.002226   0.094969   0.004377  -0.053890
     35       0.009021  -0.001579  -0.011370   0.516262   0.020951  -0.309098
     36       0.011288  -0.014115   0.007468  -0.539318   0.010843   0.443508
     37       0.003529  -0.006103   0.002512  -0.214728   0.004989   0.176645
     38       0.001012  -0.003291   0.002008  -0.137623   0.002634   0.109994
     39       0.004758   0.001135  -0.022030   0.365057   0.036905   0.405780
     40      -0.003427   0.000091   0.008102  -0.139289  -0.013900  -0.156017
     41       0.001664   0.000604  -0.009518   0.141215   0.014272   0.163761
     42       0.008393  -0.005179   0.019885  -0.171459  -0.028860  -0.256277
     43       0.012886  -0.007986   0.031710  -0.274055  -0.046429  -0.418994
     44       0.012033  -0.007409   0.028731  -0.253611  -0.041927  -0.383126
     45      -0.002246   0.000399   0.003440   0.003721  -0.000901   0.007717
     46      -0.010000   0.000361   0.022278   0.068096  -0.012800   0.150271
     47       0.007186   0.000031  -0.016659  -0.049711   0.011584  -0.110211
     48      -0.003435   0.000362  -0.001261   0.002532   0.010765   0.004002
     49      -0.000323   0.000569   0.000961   0.000598   0.002651  -0.001081
     50      -0.003199   0.000401  -0.000396   0.000005   0.007132   0.000512
     51      -0.023748   0.036343  -0.006268  -0.023006   0.532567  -0.038015
     52       0.017441  -0.026082   0.004502   0.014611  -0.383164   0.029527
     53       0.012492  -0.018426   0.003288   0.009982  -0.277325   0.021592
     54      -0.003210  -0.014122  -0.002143   0.051794  -0.583159   0.007828
     55      -0.004354  -0.007392  -0.001717   0.030432  -0.342964   0.004562
     56      -0.000880   0.000424  -0.000177   0.002199  -0.032234   0.000655
     57       0.000339   0.001237   0.000551   0.004735   0.003556  -0.005400
     58      -0.004680  -0.015633  -0.003468   0.070349   0.115292  -0.091663
     59       0.003138   0.011408   0.002544  -0.051793  -0.072291   0.066613
     60       0.066785  -0.010005   0.002629   0.003188   0.000469   0.002046
     61      -0.303198   0.052274  -0.011485  -0.010183   0.000535  -0.008225
     62      -0.419154   0.071093  -0.018930  -0.014510   0.000279  -0.011514
     63      -0.020741  -0.171603  -0.006446   0.001221   0.006153  -0.001531
     64       0.089342   0.659706   0.030244  -0.004250  -0.022697   0.006511
     65       0.078659   0.583390   0.024949  -0.003724  -0.020087   0.005348
     66       0.004929  -0.064957   0.005260   0.000590   0.005330   0.002867
     67      -0.013203   0.112211  -0.007506  -0.001545  -0.009678  -0.004562
     68       0.022441  -0.396051   0.023148   0.004903   0.030279   0.014179
     69       0.005125   0.024058   0.010636   0.000538  -0.000125   0.000698
     70      -0.002434  -0.013422   0.002209   0.000114   0.000530  -0.000362
     71      -0.000862  -0.010791  -0.003749  -0.000423  -0.000102  -0.000592
     72      -0.025762  -0.000107   0.181873   0.004841  -0.000931   0.001742
     73       0.073487   0.002897  -0.538739  -0.014955   0.002443  -0.005148
     74       0.062879   0.002987  -0.487535  -0.013719   0.001805  -0.004830
     75      -0.021600   0.014725  -0.301896  -0.016065  -0.008413  -0.014625
     76      -0.025020   0.011126  -0.243911  -0.013423  -0.007096  -0.012565
     77       0.041645  -0.023869   0.525670   0.028093   0.014563   0.025844
     78       0.280450  -0.019737   0.010102  -0.000055   0.008422  -0.002166
     79      -0.467732   0.029425  -0.014477   0.000239  -0.014626   0.002420
     80      -0.627349   0.044273  -0.017988   0.000031  -0.020497   0.002865
                 72         73         74         75         76         77    
      0       0.006771  -0.033310   0.008288   0.003205  -0.018795   0.000965
      1       0.004066  -0.020044   0.005326   0.002388  -0.010947  -0.003248
      2       0.010820  -0.051730   0.012703   0.003507  -0.029199  -0.019996
      3      -0.005572   0.032326  -0.016196  -0.004112   0.019978   0.010769
      4      -0.000627   0.006094  -0.004409  -0.008841  -0.006903  -0.004962
      5      -0.003726   0.022776  -0.012392  -0.007712   0.007784   0.004325
      6      -0.000020   0.001647  -0.001608  -0.002514  -0.002971  -0.001025
      7      -0.000947   0.019204  -0.019657  -0.037011  -0.044761  -0.015117
      8       0.000666  -0.014148   0.015003   0.028730   0.035361   0.011994
      9       0.000655  -0.001506  -0.001484  -0.002522   0.001742  -0.000689
     10       0.000133  -0.000236  -0.000223  -0.000206   0.000334  -0.000342
     11      -0.000112   0.000429  -0.000173  -0.000252  -0.000734  -0.000016
     12      -0.017839   0.038044   0.037362   0.053263  -0.049341   0.013954
     13      -0.000654  -0.003457   0.001921  -0.000167  -0.000814   0.009016
     14       0.003471  -0.009281  -0.007297  -0.011884   0.009612   0.002027
     15      -0.000158  -0.000675   0.000747   0.000332  -0.001466   0.001389
     16       0.000559  -0.013874  -0.004568  -0.015884  -0.013197   0.063416
     17       0.000076   0.008568   0.003028   0.010887   0.009201  -0.044925
     18       0.001807   0.000443  -0.000745   0.000544  -0.000032  -0.000436
     19      -0.004097  -0.000914   0.002079  -0.002439   0.000960  -0.001326
     20      -0.006452  -0.001342   0.002310  -0.003797   0.000509  -0.002218
     21      -0.007621  -0.000943   0.001312  -0.001279   0.000492  -0.000956
     22      -0.000554  -0.001334   0.000365  -0.001942   0.000384   0.001541
     23      -0.085648  -0.016148   0.017850  -0.021891   0.007357  -0.004760
     24      -0.000309   0.000071   0.001744  -0.001186   0.000442   0.000209
     25       0.001480   0.000295  -0.000412   0.000559  -0.000170   0.000063
     26       0.000716  -0.000340  -0.003112   0.002258  -0.000513   0.000133
     27      -0.011625  -0.007841  -0.033162   0.019676  -0.005304  -0.000207
     28       0.000767   0.003092   0.010533  -0.009253   0.000573  -0.000931
     29       0.023110   0.016158   0.067458  -0.040831   0.010512  -0.000130
     30       0.000017   0.000106  -0.002331   0.001687  -0.001529  -0.000598
     31       0.000338   0.000047   0.004245  -0.003256   0.002246   0.000037
     32       0.001420   0.000090   0.006476  -0.004815   0.002742   0.000879
     33      -0.003903   0.018050  -0.004343  -0.001170   0.011241   0.007460
     34      -0.018523   0.090568  -0.023129  -0.007352   0.049945   0.042497
     35      -0.111480   0.534596  -0.131748  -0.035430   0.295983   0.236267
     36      -0.077608   0.378507  -0.096655  -0.039843   0.218811  -0.011758
     37      -0.030459   0.148097  -0.036869  -0.014528   0.083510  -0.002421
     38      -0.017181   0.084286  -0.020648  -0.007671   0.046973  -0.003863
     39       0.049925  -0.278729   0.132836  -0.009608  -0.227324  -0.125871
     40      -0.020695   0.115207  -0.055729   0.002232   0.091785   0.051527
     41       0.019010  -0.105597   0.050325  -0.002349  -0.084997  -0.048234
     42       0.016637  -0.106219   0.062448   0.058786  -0.006473  -0.000745
     43       0.028641  -0.187241   0.108334   0.102158  -0.012879  -0.002327
     44       0.025729  -0.169718   0.098597   0.095089  -0.008530  -0.000747
     45      -0.000035  -0.015822   0.015411   0.030737   0.036547   0.011965
     46       0.011895  -0.220821   0.229360   0.432081   0.525663   0.173435
     47      -0.008980   0.169587  -0.176345  -0.333958  -0.406344  -0.134770
     48      -0.007594   0.015388   0.017526   0.027715  -0.021149   0.009105
     49       0.000480  -0.001179  -0.001417  -0.004168  -0.003477  -0.001953
     50      -0.000815   0.001060   0.003019   0.004420  -0.002774   0.001994
     51       0.091759  -0.231503  -0.188535  -0.294044   0.254616  -0.001227
     52      -0.070564   0.178801   0.145580   0.226850  -0.195857   0.003692
     53      -0.050316   0.128201   0.105272   0.164078  -0.141302  -0.001055
     54       0.120545  -0.216745  -0.255711  -0.336934   0.328841  -0.163943
     55       0.075313  -0.135007  -0.159874  -0.210827   0.205323  -0.100453
     56       0.009656  -0.016273  -0.020742  -0.026364   0.027906  -0.014657
     57      -0.001580   0.004670   0.000654   0.004368   0.005431  -0.019820
     58      -0.005002   0.157073   0.052364   0.186744   0.156324  -0.743095
     59       0.002327  -0.110039  -0.036658  -0.131099  -0.109066   0.520827
     60      -0.012995  -0.000417   0.005723  -0.007942   0.002826  -0.001116
     61       0.046933   0.011506  -0.021096   0.026448  -0.004637   0.015407
     62       0.062857   0.013548  -0.033024   0.040734  -0.007681   0.018657
     63      -0.074886  -0.017925   0.016540  -0.024382   0.007426  -0.000190
     64       0.269028   0.062282  -0.057228   0.083277  -0.025939   0.002423
     65       0.222146   0.052016  -0.047521   0.069459  -0.021306   0.000888
     66       0.153108   0.026769  -0.031327   0.036138  -0.012736   0.013105
     67      -0.260695  -0.046094   0.054391  -0.062180   0.021418  -0.018097
     68       0.794466   0.140198  -0.164633   0.189442  -0.065862   0.056571
     69       0.008019  -0.001922  -0.025447   0.018164  -0.004926   0.000507
     70      -0.006551  -0.000664   0.007950  -0.006580   0.001785  -0.000001
     71      -0.006860   0.002701   0.028564  -0.020301   0.005612  -0.000703
     72       0.033615   0.028739   0.114897  -0.075529   0.015516  -0.002077
     73      -0.110361  -0.094299  -0.374151   0.249066  -0.050798   0.007342
     74      -0.094787  -0.081881  -0.323441   0.216570  -0.043344   0.006749
     75       0.105271   0.063598   0.281586  -0.157206   0.049696   0.004535
     76       0.088939   0.054406   0.237483  -0.133672   0.040697   0.002946
     77      -0.178711  -0.109067  -0.474770   0.267457  -0.080994  -0.005864
     78       0.002890  -0.001566   0.026256  -0.021377   0.013959   0.002515
     79      -0.007087  -0.000172  -0.047510   0.035995  -0.021742  -0.004058
     80      -0.005051   0.002025  -0.063395   0.051689  -0.028961  -0.004468
                 78         79         80    
      0      -0.029820  -0.000348   0.000008
      1      -0.016566  -0.000039  -0.000012
      2      -0.037629  -0.000252  -0.000028
      3      -0.063525   0.000066  -0.000035
      4      -0.012423  -0.000153  -0.000037
      5      -0.045183  -0.000145  -0.000053
      6      -0.000708  -0.001350   0.000028
      7       0.004393   0.001748  -0.000105
      8      -0.004646   0.001552   0.000031
      9       0.001174  -0.067829   0.000852
     10      -0.000064   0.011478  -0.000139
     11       0.000217  -0.020625   0.000246
     12      -0.005146  -0.004461   0.000148
     13       0.000277  -0.001795   0.000025
     14       0.001131   0.002711  -0.000075
     15      -0.000487   0.000014  -0.000071
     16       0.001587  -0.000299  -0.000025
     17      -0.001981   0.000229   0.000024
     18       0.000389   0.000004  -0.000146
     19      -0.001636  -0.000021  -0.000332
     20      -0.002145   0.000146  -0.000118
     21       0.000116  -0.000014  -0.000947
     22      -0.000474  -0.000035  -0.003698
     23      -0.001811   0.000023  -0.003743
     24      -0.000191   0.000685   0.055699
     25       0.000070  -0.000254  -0.018656
     26       0.000247  -0.000578  -0.041878
     27       0.002075   0.000131   0.000210
     28      -0.001227   0.000186   0.000185
     29      -0.004277  -0.000088  -0.005581
     30       0.000894  -0.000051  -0.000216
     31      -0.000855  -0.000100   0.000218
     32      -0.001193   0.000494  -0.000477
     33       0.012021   0.000523  -0.000043
     34       0.063133   0.000111   0.000004
     35       0.375542   0.001386   0.000176
     36       0.343611   0.003648  -0.000165
     37       0.136187   0.001423  -0.000090
     38       0.075061   0.000443  -0.000063
     39       0.543445   0.002188  -0.000156
     40      -0.225746  -0.001452   0.000037
     41       0.205488  -0.001861   0.000088
     42       0.214374   0.002946   0.000143
     43       0.377424   0.004145   0.000309
     44       0.335558   0.005142   0.000299
     45      -0.003357  -0.001723   0.000184
     46      -0.058586  -0.007481   0.000265
     47       0.046635   0.000888  -0.000171
     48      -0.009417   0.955203  -0.012259
     49       0.004167  -0.155149   0.001892
     50       0.002321   0.236822  -0.003082
     51       0.029221   0.014929  -0.000486
     52      -0.021664  -0.009230   0.000390
     53      -0.015318  -0.009749   0.000386
     54       0.032971   0.033772  -0.000677
     55       0.021277   0.018498  -0.000382
     56       0.004133   0.002573   0.000049
     57      -0.000132   0.000090   0.000132
     58      -0.024225   0.000276   0.000266
     59       0.017787   0.000603  -0.000228
     60      -0.001284  -0.000054  -0.002024
     61       0.018844  -0.000249   0.002500
     62       0.027077  -0.000806   0.003250
     63      -0.004102   0.000096  -0.011008
     64       0.011345  -0.000064   0.024614
     65       0.009640  -0.000049   0.024371
     66       0.002778  -0.000085   0.005470
     67      -0.004457   0.000133  -0.000835
     68       0.013282  -0.000514   0.009491
     69       0.002237  -0.009429  -0.731905
     70      -0.000646   0.003577   0.273948
     71      -0.002272   0.007923   0.616976
     72      -0.007796  -0.000157  -0.003879
     73       0.028251  -0.001278   0.013469
     74       0.024361  -0.000997   0.015149
     75      -0.016215  -0.000392  -0.017499
     76      -0.013090  -0.000369  -0.011877
     77       0.026636   0.000867   0.028855
     78      -0.005572   0.003088   0.000517
     79       0.008518  -0.002795   0.001747
     80       0.012193  -0.003697   0.002375
# -----------------------------------------------------------
$ THERMOCHEMISTRY_Energies
   description: The Thermochemistry energies
   geom. index: 1
   prop. index: 1
        Temperature (Kelvin)           :        298.1500000000
        Pressure (atm)                 :          1.0000000000
        Total Mass (AMU)               :        152.2410000000
        Spin Degeneracy                :          1.0000000000
        Electronic Energy (Hartree)    :       -462.3336539676
        Translational Energy (Hartree) :          0.0014162714
        Rotational Energy (Hartree)    :          0.0014162714
        Vibrational Energy (Hartree)   :          0.0050958667
        Number of frequencies          :     81      
        Scaling Factor for frequencies :          1.0000000000
        Vibrational frequencies        :     
                  0    
      0       0.000000
      1       0.000000
      2       0.000000
      3       0.000000
      4       0.000000
      5       0.000000
      6     192.105853
      7     202.905114
      8     280.488054
      9     298.978716
     10     333.069241
     11     375.382516
     12     387.676314
     13     485.626978
     14     516.614948
     15     528.897629
     16     567.480816
     17     674.984690
     18     701.208555
     19     823.923557
     20     846.023845
     21     866.554955
     22     883.666119
     23     886.616972
     24     918.119128
     25     924.794718
     26     959.796525
     27     991.423254
     28     996.521597
     29     1013.024459
     30     1047.980303
     31     1070.951138
     32     1084.063351
     33     1096.659931
     34     1101.052498
     35     1120.625437
     36     1145.619649
     37     1169.055227
     38     1189.056010
     39     1201.348818
     40     1229.534220
     41     1238.875950
     42     1259.323676
     43     1264.202358
     44     1277.317101
     45     1297.687298
     46     1328.274207
     47     1343.404744
     48     1355.664689
     49     1359.522359
     50     1372.122995
     51     1379.304690
     52     1396.936968
     53     1403.906678
     54     1415.476114
     55     1464.150162
     56     1473.635803
     57     1484.423539
     58     1510.956047
     59     1526.490202
     60     1530.607023
     61     1538.978564
     62     1544.958659
     63     1550.002875
     64     1556.222458
     65     2854.574461
     66     2868.278693
     67     2916.695092
     68     2931.406526
     69     2939.593485
     70     2943.624667
     71     2952.572901
     72     2974.559368
     73     2977.267605
     74     2978.445958
     75     2979.988591
     76     2981.884057
     77     2988.097038
     78     3001.668919
     79     3222.587792
     80     3229.576956
        Zero Point Energy (Hartree)    :          0.2499721673
        Inner Energy (Hartree)         :       -462.0757533908
        Enthalpy (Hartree)             :       -462.0748091817
        Electronic entropy             :          0.0000000000
        Rotational entropy             :          0.0140702137
        Vibrational entropy            :          0.0076913107
        Translational entropy          :          0.0140702137
        Entropy                        :          0.0412280178
        Gibbs Energy (Hartree)         :       -462.1160371996
        Is Linear                      :                 false
# -----------------------------------------------------------
$ PAL_Flags
   description: The PAL Flags
   geom. index: 2
   prop. index: 1
        Diskflag:     2
# -----------------------------------------------------------
$ SCF_Energy
   description: The SCF energy
   geom. index: 2
   prop. index: 1
        SCF Energy:     -462.2877520562
# -----------------------------------------------------------
$ DFT_Energy
   description: The DFT energy
   geom. index: 2
   prop. index: 1
   Number of Alpha Electrons                 41.9999661639 
   Number of Beta  Electrons                 41.9999661639 
   Total number of  Electrons                83.9999323277 
   Exchange energy                          -43.6646160325 
   Correlation energy                        -3.4505572181 
   Correlation energy NL                      0.0000000000 
   Exchange-Correlation energy              -47.1151732506 
   Embedding correction                       0.0000000000 
   Total DFT Energy (No VdW correction)    -462.2877520562 
# -----------------------------------------------------------
$ VdW_Correction
   description: The Van der Waals Correction
   geom. index: 2
   prop. index: 1
        Van der Waals Correction:       -0.0552057425
# -----------------------------------------------------------
$ PAL_Flags
   description: The PAL Flags
   geom. index: 3
   prop. index: 1
        Diskflag:     2
# -----------------------------------------------------------
$ SCF_Energy
   description: The SCF energy
   geom. index: 3
   prop. index: 1
        SCF Energy:     -462.2882869491
# -----------------------------------------------------------
$ DFT_Energy
   description: The DFT energy
   geom. index: 3
   prop. index: 1
   Number of Alpha Electrons                 42.0000219232 
   Number of Beta  Electrons                 42.0000219232 
   Total number of  Electrons                84.0000438464 
   Exchange energy                          -43.6638160641 
   Correlation energy                        -3.4507344558 
   Correlation energy NL                      0.0000000000 
   Exchange-Correlation energy              -47.1145505199 
   Embedding correction                       0.0000000000 
   Total DFT Energy (No VdW correction)    -462.2882869491 
# -----------------------------------------------------------
$ VdW_Correction
   description: The Van der Waals Correction
   geom. index: 3
   prop. index: 1
        Van der Waals Correction:       -0.0552877044
# -----------------------------------------------------------
$ PAL_Flags
   description: The PAL Flags
   geom. index: 4
   prop. index: 1
        Diskflag:     2
# -----------------------------------------------------------
$ SCF_Energy
   description: The SCF energy
   geom. index: 4
   prop. index: 1
        SCF Energy:     -462.2883912473
# -----------------------------------------------------------
$ DFT_Energy
   description: The DFT energy
   geom. index: 4
   prop. index: 1
   Number of Alpha Electrons                 42.0000753385 
   Number of Beta  Electrons                 42.0000753385 
   Total number of  Electrons                84.0001506771 
   Exchange energy                          -43.6622824725 
   Correlation energy                        -3.4507349648 
   Correlation energy NL                      0.0000000000 
   Exchange-Correlation energy              -47.1130174373 
   Embedding correction                       0.0000000000 
   Total DFT Energy (No VdW correction)    -462.2883912473 
# -----------------------------------------------------------
$ VdW_Correction
   description: The Van der Waals Correction
   geom. index: 4
   prop. index: 1
        Van der Waals Correction:       -0.0553254613
# -----------------------------------------------------------
$ PAL_Flags
   description: The PAL Flags
   geom. index: 5
   prop. index: 1
        Diskflag:     2
# -----------------------------------------------------------
$ SCF_Energy
   description: The SCF energy
   geom. index: 5
   prop. index: 1
        SCF Energy:     -462.2884306690
# -----------------------------------------------------------
$ DFT_Energy
   description: The DFT energy
   geom. index: 5
   prop. index: 1
   Number of Alpha Electrons                 42.0001057425 
   Number of Beta  Electrons                 42.0001057425 
   Total number of  Electrons                84.0002114850 
   Exchange energy                          -43.6621450361 
   Correlation energy                        -3.4507744580 
   Correlation energy NL                      0.0000000000 
   Exchange-Correlation energy              -47.1129194940 
   Embedding correction                       0.0000000000 
   Total DFT Energy (No VdW correction)    -462.2884306690 
# -----------------------------------------------------------
$ VdW_Correction
   description: The Van der Waals Correction
   geom. index: 5
   prop. index: 1
        Van der Waals Correction:       -0.0553395338
# -----------------------------------------------------------
$ PAL_Flags
   description: The PAL Flags
   geom. index: 6
   prop. index: 1
        Diskflag:     2
# -----------------------------------------------------------
$ SCF_Energy
   description: The SCF energy
   geom. index: 6
   prop. index: 1
        SCF Energy:     -462.2884600592
# -----------------------------------------------------------
$ DFT_Energy
   description: The DFT energy
   geom. index: 6
   prop. index: 1
   Number of Alpha Electrons                 42.0001154191 
   Number of Beta  Electrons                 42.0001154191 
   Total number of  Electrons                84.0002308383 
   Exchange energy                          -43.6625520481 
   Correlation energy                        -3.4508084270 
   Correlation energy NL                      0.0000000000 
   Exchange-Correlation energy              -47.1133604750 
   Embedding correction                       0.0000000000 
   Total DFT Energy (No VdW correction)    -462.2884600592 
# -----------------------------------------------------------
$ VdW_Correction
   description: The Van der Waals Correction
   geom. index: 6
   prop. index: 1
        Van der Waals Correction:       -0.0553340195
# -----------------------------------------------------------
$ PAL_Flags
   description: The PAL Flags
   geom. index: 7
   prop. index: 1
        Diskflag:     2
# -----------------------------------------------------------
$ SCF_Energy
   description: The SCF energy
   geom. index: 7
   prop. index: 1
        SCF Energy:     -462.2884754531
# -----------------------------------------------------------
$ DFT_Energy
   description: The DFT energy
   geom. index: 7
   prop. index: 1
   Number of Alpha Electrons                 42.0001118670 
   Number of Beta  Electrons                 42.0001118670 
   Total number of  Electrons                84.0002237339 
   Exchange energy                          -43.6628577225 
   Correlation energy                        -3.4508176727 
   Correlation energy NL                      0.0000000000 
   Exchange-Correlation energy              -47.1136753952 
   Embedding correction                       0.0000000000 
   Total DFT Energy (No VdW correction)    -462.2884754531 
# -----------------------------------------------------------
$ VdW_Correction
   description: The Van der Waals Correction
   geom. index: 7
   prop. index: 1
        Van der Waals Correction:       -0.0553237960
# -----------------------------------------------------------
$ PAL_Flags
   description: The PAL Flags
   geom. index: 8
   prop. index: 1
        Diskflag:     2
# -----------------------------------------------------------
$ SCF_Energy
   description: The SCF energy
   geom. index: 8
   prop. index: 1
        SCF Energy:     -462.2884800607
# -----------------------------------------------------------
$ DFT_Energy
   description: The DFT energy
   geom. index: 8
   prop. index: 1
   Number of Alpha Electrons                 42.0001090695 
   Number of Beta  Electrons                 42.0001090695 
   Total number of  Electrons                84.0002181389 
   Exchange energy                          -43.6629229772 
   Correlation energy                        -3.4508158302 
   Correlation energy NL                      0.0000000000 
   Exchange-Correlation energy              -47.1137388074 
   Embedding correction                       0.0000000000 
   Total DFT Energy (No VdW correction)    -462.2884800607 
# -----------------------------------------------------------
$ Mayer_Pop
   description: The Mayer population analysis
   geom. index: 8
   prop. index: 1
     Number of atoms                     : 27
     Threshold for printing              : 0.1000000
     Number of bond orders printed       : 39
  NA   - Mulliken gross atomic population
  ZA   - Total nuclear charge
  QA   - Mulliken gross atomic charge
  VA   - Mayer's total valence
  BVA  - Mayer's bonded valence
  FA   - Mayer's free valence
  ATOM       NA         ZA         QA         VA         BVA        FA
  0   0     6.5272     6.0000    -0.5272     3.9796     3.9796     0.0000
  1   0     6.4368     6.0000    -0.4368     3.7905     3.7905    -0.0000
  2   0     5.7740     6.0000     0.2260     3.4601     3.4601    -0.0000
  3   0     7.4019     7.0000    -0.4019     2.6028     2.6028    -0.0000
  4   0     6.4238     6.0000    -0.4238     4.0199     4.0199     0.0000
  5   0     5.6122     6.0000     0.3878     2.7878     2.7878    -0.0000
  6   0     6.5643     6.0000    -0.5643     4.4103     4.4103     0.0000
  7   0     6.1548     6.0000    -0.1548     3.5426     3.5426     0.0000
  8   0     7.3250     7.0000    -0.3250     2.5224     2.5224     0.0000
  9   0     6.4218     6.0000    -0.4218     3.8462     3.8462     0.0000
 10   0     6.3272     6.0000    -0.3272     3.9049     3.9049     0.0000
 11   0     0.8392     1.0000     0.1608     0.9605     0.9605     0.0000
 12   0     0.8410     1.0000     0.1590     0.9336     0.9336    -0.0000
 13   0     0.8357     1.0000     0.1643     0.9421     0.9421    -0.0000
 14   0     0.8496     1.0000     0.1504     0.9715     0.9715     0.0000
 15   0     0.8119     1.0000     0.1881     0.8939     0.8939     0.0000
 16   0     0.6832     1.0000     0.3168     0.8313     0.8313     0.0000
 17   0     0.8463     1.0000     0.1537     0.9547     0.9547    -0.0000
 18   0     0.8511     1.0000     0.1489     0.9399     0.9399     0.0000
 19   0     0.8032     1.0000     0.1968     0.8979     0.8979     0.0000
 20   0     0.7923     1.0000     0.2077     0.8530     0.8530    -0.0000
 21   0     0.8515     1.0000     0.1485     0.9122     0.9122    -0.0000
 22   0     0.8502     1.0000     0.1498     0.9236     0.9236     0.0000
 23   0     0.6926     1.0000     0.3074     0.8556     0.8556    -0.0000
 24   0     0.8351     1.0000     0.1649     0.9028     0.9028     0.0000
 25   0     0.8565     1.0000     0.1435     0.9398     0.9398     0.0000
 26   0     0.7917     1.0000     0.2083     0.8738     0.8738     0.0000
      Bond orders larger than 0.1000000
           Atom A     A.N. of A          Atom B    A.N. of B              Bond order
                0             6               1            6                0.935403
                0             6               2            6               -0.132219
                0             6               3            7                0.109169
                0             6               5            6                0.796857
                0             6              11            1                0.967179
                0             6              12            1                0.987365
                1             6               2            6                0.948851
                1             6               5            6               -0.140191
                1             6              13            1                0.974938
                1             6              14            1                0.986951
                2             6               3            7                0.636958
                2             6               5            6                0.103380
                2             6              10            6                1.089662
                2             6              15            1                0.834578
                3             7               4            6                0.910360
                3             7               5            6               -0.151315
                3             7              10            6                0.321324
                3             7              16            1                0.861624
                4             6               5            6                0.808839
                4             6               6            6                0.145828
                4             6              10            6                0.108421
                4             6              17            1                0.967105
                4             6              18            1                0.998001
                5             6               6            6                0.892859
                5             6              10            6               -0.112580
                5             6              19            1                0.810339
                6             6               7            6                0.945245
                6             6               8            7                0.329205
                6             6              10            6                0.904913
                6             6              20            1                0.854200
                7             6               8            7                0.575075
                7             6              21            1                0.930538
                7             6              22            1                1.056070
                8             7               9            6                0.901050
                8             7              23            1                0.859463
                9             6              10            6                0.815918
                9             6              24            1                0.977308
                9             6              25            1                1.035846
               10             6              26            1                0.860610
# -----------------------------------------------------------
$ VdW_Correction
   description: The Van der Waals Correction
   geom. index: 8
   prop. index: 1
        Van der Waals Correction:       -0.0553197203
# -----------------------------------------------------------
$ SCF_Electric_Properties
   description: The SCF Calculated Electric Properties
   geom. index: 8
   prop. index: 1
       Filename                          : file.scfp 
       Do Dipole Moment Calculation      : true 
       Do Quadrupole Moment Calculation  : false 
       Do Polarizability Calculation     : false 
** Dipole moment part of electric properties **
        Magnitude of dipole moment (Debye) :        1.2264061508
        Electronic Contribution:
                  0    
      0       1.200762
      1       0.073547
      2      -1.202317
        Nuclear Contribution:
                  0    
      0      -1.658816
      1      -0.225165
      2       1.201563
        Total Dipole moment:
                  0    
      0      -0.458054
      1      -0.151618
      2      -0.000754
# -------------------------------------------------------------
----------------------- !GEOMETRIES! ------------------------
# -------------------------------------------------------------
------------------------ !GEOMETRY! -------------------------
    Number of atoms:    27 
    Geometry Index:     1 
    Coordinates:
               0 C     -1.866600000000   -0.121700000000    0.979500000000
               1 C     -1.630900000000    1.219900000000    0.202700000000
               2 C     -0.670800000000    0.959800000000   -1.001800000000
               3 N     -1.215600000000   -0.209800000000   -1.742900000000
               4 C     -1.090700000000   -1.467000000000   -0.935700000000
               5 C     -0.771800000000   -1.150400000000    0.561900000000
               6 C      0.567200000000   -0.359000000000    0.697200000000
               7 C      1.974500000000   -0.872000000000    0.861500000000
               8 N      2.818700000000    0.316700000000    0.559200000000
               9 C      1.947500000000    1.308200000000   -0.128900000000
              10 C      0.737700000000    0.503100000000   -0.524700000000
              11 H     -1.829000000000    0.062500000000    2.075500000000
              12 H     -2.879400000000   -0.522700000000    0.752800000000
              13 H     -2.601500000000    1.618100000000   -0.164100000000
              14 H     -1.183700000000    1.983300000000    0.875900000000
              15 H     -0.599100000000    1.845100000000   -1.668700000000
              16 H     -2.223200000000   -0.039900000000   -1.974000000000
              17 H     -0.279800000000   -2.096600000000   -1.360300000000
              18 H     -2.030600000000   -2.059100000000   -1.002700000000
              19 H     -0.789900000000   -2.058500000000    1.201200000000
              20 H      0.451800000000    0.285800000000    1.607400000000
              21 H      2.176600000000   -1.704900000000    0.149100000000
              22 H      2.158000000000   -1.220200000000    1.900700000000
              23 H      3.574600000000    0.020900000000   -0.102500000000
              24 H      1.669000000000    2.122700000000    0.575100000000
              25 H      2.452800000000    1.746900000000   -1.018500000000
              26 H      1.134300000000   -0.111200000000   -1.374900000000
------------------------ !GEOMETRY! -------------------------
    Number of atoms:    27 
    Geometry Index:     2 
    Coordinates:
               0 C     -1.853718279943   -0.108440344113    0.978385477659
               1 C     -1.607125648104    1.229695261569    0.214408596425
               2 C     -0.682115103248    0.954905178438   -0.991012989580
               3 N     -1.198179385242   -0.220027533303   -1.730462138489
               4 C     -1.051233797970   -1.462345754204   -0.925415824325
               5 C     -0.775232260596   -1.133793095875    0.557546000984
               6 C      0.546067151517   -0.362903259781    0.698747448997
               7 C      1.961071871322   -0.904359059081    0.854675414856
               8 N      2.788057080030    0.304078982119    0.538562105364
               9 C      1.924519539913    1.322670002326   -0.135992893038
              10 C      0.709401929583    0.500238314363   -0.539647908935
              11 H     -1.817606784318    0.058730457675    2.061405696388
              12 H     -2.852644387080   -0.501701766660    0.748733562879
              13 H     -2.560313419904    1.636630470906   -0.145540443409
              14 H     -1.163948875517    1.988099284773    0.873069728948
              15 H     -0.635670603011    1.818114808365   -1.665074984123
              16 H     -2.174531758813   -0.069937009643   -1.953374300937
              17 H     -0.241166526781   -2.079556963106   -1.338814965783
              18 H     -1.973061717238   -2.050813961722   -1.005733071426
              19 H     -0.813370290303   -2.036469652505    1.178947862928
              20 H      0.424967391928    0.300416867170    1.569633689134
              21 H      2.158621077990   -1.731358402807    0.156054326927
              22 H      2.168597839140   -1.251024854575    1.873184604273
              23 H      3.532471841181    0.038205287857   -0.090502039892
              24 H      1.664628279167    2.125252818120    0.568098901665
              25 H      2.448683036336    1.769018920122   -0.987558043256
              26 H      1.072931799960   -0.133324996426   -1.362323814233
------------------------ !GEOMETRY! -------------------------
    Number of atoms:    27 
    Geometry Index:     3 
    Coordinates:
               0 C     -1.861942653839   -0.104319285105    0.971713624009
               1 C     -1.594939865473    1.236216894964    0.224641002346
               2 C     -0.688293495467    0.952484922735   -0.990667506893
               3 N     -1.209292855748   -0.226271699610   -1.723294407835
               4 C     -1.036946726505   -1.465721629885   -0.922462555314
               5 C     -0.779858693895   -1.128872392724    0.560350526941
               6 C      0.542663668335   -0.359797233077    0.704314341993
               7 C      1.957099208347   -0.908173363315    0.848828180439
               8 N      2.779011117895    0.304028530762    0.539144745999
               9 C      1.919826486958    1.322142282798   -0.142328431431
              10 C      0.707005871961    0.496290030930   -0.548900112095
              11 H     -1.844219178384    0.051649565949    2.056360039225
              12 H     -2.856289740262   -0.494831785737    0.720812854327
              13 H     -2.540064596710    1.673369756825   -0.119832714319
              14 H     -1.130534842995    1.978155913696    0.886608047054
              15 H     -0.655780868060    1.806517597975   -1.676343668026
              16 H     -2.191890816542   -0.082983640977   -1.932661909616
              17 H     -0.210641474497   -2.062185091606   -1.332321372543
              18 H     -1.944182176153   -2.074234836858   -1.013120161779
              19 H     -0.828870003211   -2.032261446866    1.179432938205
              20 H      0.418919030495    0.321698927571    1.559440917737
              21 H      2.145063430940   -1.728973472156    0.140514795560
              22 H      2.178184249691   -1.266230323029    1.860186317981
              23 H      3.550840173070    0.052419732350   -0.065669701165
              24 H      1.659309760677    2.125001330030    0.560696362820
              25 H      2.455370732888    1.770856226782   -0.985497434280
              26 H      1.060554256485   -0.155975512425   -1.359944719342
------------------------ !GEOMETRY! -------------------------
    Number of atoms:    27 
    Geometry Index:     4 
    Coordinates:
               0 C     -1.866281934155   -0.102218790900    0.967370640511
               1 C     -1.586774030771    1.240330667037    0.229650125719
               2 C     -0.691344403226    0.950260193103   -0.993010275014
               3 N     -1.219318030066   -0.230352487089   -1.719444289493
               4 C     -1.034250688018   -1.469114388940   -0.920432759870
               5 C     -0.782433714339   -1.128671305143    0.562898645576
               6 C      0.540861623863   -0.360594639280    0.704551576624
               7 C      1.955259757920   -0.909841298948    0.842216647422
               8 N      2.769634433099    0.309033645630    0.548313720050
               9 C      1.916861767720    1.321290727785   -0.148907220910
              10 C      0.704946035859    0.493301709101   -0.554155492602
              11 H     -1.863809085004    0.047754851085    2.053185411945
              12 H     -2.857850988543   -0.489324253680    0.699785827206
              13 H     -2.527117527263    1.698378791050   -0.100934245021
              14 H     -1.102763712074    1.967487270784    0.894082136312
              15 H     -0.662705808320    1.800670013394   -1.683707295722
              16 H     -2.205084595106   -0.089897928482   -1.913759786273
              17 H     -0.198778347254   -2.053367965667   -1.329237040588
              18 H     -1.932708479128   -2.089845920945   -1.016154314636
              19 H     -0.834768234642   -2.030283811682    1.184615984655
              20 H      0.419758847956    0.326368844329    1.556161670514
              21 H      2.140253551870   -1.721314012522    0.121621566192
              22 H      2.181682258596   -1.281488749888    1.847770703933
              23 H      3.568966539206    0.072454155889   -0.024795261625
              24 H      1.652886483282    2.130664031624    0.545806848880
              25 H      2.458447701495    1.763557670318   -0.992109107091
              26 H      1.056530577046   -0.165237017961   -1.361384416693
------------------------ !GEOMETRY! -------------------------
    Number of atoms:    27 
    Geometry Index:     5 
    Coordinates:
               0 C     -1.866989556580   -0.101589366154    0.966220993942
               1 C     -1.582673593757    1.241639369581    0.231693788028
               2 C     -0.692531838683    0.948795118651   -0.994431757153
               3 N     -1.224898108644   -0.231707421525   -1.718425418731
               4 C     -1.036395957913   -1.470628068757   -0.919908771978
               5 C     -0.783765258454   -1.129872003482    0.563327314290
               6 C      0.540262420385   -0.363070922925    0.702582116659
               7 C      1.954971606885   -0.911104196444    0.837454729977
               8 N      2.761201580608    0.315009465645    0.559760943162
               9 C      1.915180098313    1.320400825592   -0.154385539525
              10 C      0.703764829462    0.490485780609   -0.557102176292
              11 H     -1.870488125663    0.046207564154    2.052373457327
              12 H     -2.857845688705   -0.486178659644    0.692142270584
              13 H     -2.521129754544    1.708555225772   -0.091761668394
              14 H     -1.088802884985    1.961472735827    0.896757492258
              15 H     -0.663713203200    1.798573587550   -1.685942518014
              16 H     -2.212838783999   -0.090948423696   -1.902643696581
              17 H     -0.199105103833   -2.051602524105   -1.329524805320
              18 H     -1.932677146425   -2.094396293067   -1.016350661522
              19 H     -0.836385259226   -2.030305014721    1.186724903900
              20 H      0.422464928813    0.323551913252    1.554793077579
              21 H      2.142267099234   -1.714001379588    0.107454544935
              22 H      2.181816550155   -1.293431241812    1.839013576137
              23 H      3.585088191235    0.092033950256    0.016585888568
              24 H      1.648524945843    2.138756896722    0.528910956622
              25 H      2.460051230829    1.751834047159   -1.001261030658
              26 H      1.054746782850   -0.168480964848   -1.364058009800
------------------------ !GEOMETRY! -------------------------
    Number of atoms:    27 
    Geometry Index:     6 
    Coordinates:
               0 C     -1.865624374842   -0.102101912204    0.967240007548
               1 C     -1.581219901698    1.241208472616    0.232570143486
               2 C     -0.692581058535    0.948129937658   -0.994733287600
               3 N     -1.227915182025   -0.230945629968   -1.718814506080
               4 C     -1.040368709389   -1.470698086007   -0.921020196205
               5 C     -0.784279677092   -1.131575029794    0.562054341966
               6 C      0.540297120250   -0.365783744374    0.700157181941
               7 C      1.955558013734   -0.911790071174    0.835144272723
               8 N      2.754797647017    0.320161050574    0.569814263313
               9 C      1.914808238083    1.319373514447   -0.158931896276
              10 C      0.703443616841    0.487973171878   -0.558713413657
              11 H     -1.867398414851    0.045467015644    2.053451555115
              12 H     -2.857476540824   -0.485190794745    0.694566096069
              13 H     -2.519854119861    1.708832363972   -0.089334857365
              14 H     -1.085518246506    1.960059336405    0.897320397862
              15 H     -0.662527957110    1.798819450164   -1.685073490752
              16 H     -2.216319559817   -0.088269513913   -1.898694871402
              17 H     -0.205147964429   -2.053275487573   -1.332569649970
              18 H     -1.938258313983   -2.092442331080   -1.015918879329
              19 H     -0.836278704636   -2.032089368646    1.185366840446
              20 H      0.424320589797    0.319184601427    1.553887180286
              21 H      2.147384317017   -1.708781919111    0.099567045354
              22 H      2.180747415157   -1.300453882444    1.834690254564
              23 H      3.597256634636    0.108267694618    0.051720984384
              24 H      1.646919060543    2.146512070024    0.513379189700
              25 H      2.461725055201    1.739415307026   -1.010333450773
              26 H      1.053611017323   -0.170006215420   -1.366791255346
------------------------ !GEOMETRY! -------------------------
    Number of atoms:    27 
    Geometry Index:     7 
    Coordinates:
               0 C     -1.864271386111   -0.102754111636    0.968561756570
               1 C     -1.581619077588    1.240403563086    0.232597429318
               2 C     -0.692280254901    0.948178279570   -0.994332625529
               3 N     -1.228262982687   -0.229815215926   -1.719367294141
               4 C     -1.042629655972   -1.470178272163   -0.922106039972
               5 C     -0.784231484147   -1.132448423735    0.560824243556
               6 C      0.540466539017   -0.366948722603    0.699126776114
               7 C      1.956044280619   -0.911916594829    0.835050216938
               8 N      2.752818689168    0.322019470582    0.573578285834
               9 C      1.915205748743    1.318894373291   -0.160583635196
              10 C      0.703592234355    0.487073106814   -0.558941464445
              11 H     -1.861919373278    0.045387720422    2.054679907363
              12 H     -2.857243364447   -0.485635651208    0.699815439366
              13 H     -2.521113886774    1.705187130322   -0.090885858865
              14 H     -1.088360867155    1.961417255242    0.896836674042
              15 H     -0.661592720661    1.799710929512   -1.683580029823
              16 H     -2.216258966098   -0.085724563594   -1.900347699044
              17 H     -0.209637448621   -2.055072141662   -1.334929772477
              18 H     -1.942463228449   -2.089325909143   -1.015586439095
              19 H     -0.835808371827   -2.033592599138    1.183243866894
              20 H      0.424411995034    0.317195396720    1.553468521995
              21 H      2.150347787227   -1.707432859080    0.098471571855
              22 H      2.179980059064   -1.301676601665    1.834433956600
              23 H      3.601658370640    0.113861391657    0.064477885501
              24 H      1.647496469581    2.149706937077    0.507280552429
              25 H      2.462733869745    1.733892193977   -1.014081075842
              26 H      1.053037025522   -0.170406081890   -1.367705149947
------------------------ !GEOMETRY! -------------------------
    Number of atoms:    27 
    Geometry Index:     8 
    Coordinates:
               0 C     -1.863848880656   -0.102903800800    0.969086276109
               1 C     -1.582048672045    1.240116234632    0.232453674813
               2 C     -0.692167930083    0.948277191908   -0.994131105299
               3 N     -1.227914679261   -0.229492272456   -1.719550445331
               4 C     -1.043065182622   -1.469957731989   -0.922360674316
               5 C     -0.784147229106   -1.132537984162    0.560522079332
               6 C      0.540547138269   -0.367049174569    0.699054317423
               7 C      1.956140160035   -0.911958650002    0.835183133898
               8 N      2.752816172177    0.322067009624    0.573847603280
               9 C      1.915407665106    1.318865706906   -0.160589494419
              10 C      0.703709615448    0.487071693446   -0.558839792086
              11 H     -1.859720808430    0.045593139264    2.055143710132
              12 H     -2.857203993150   -0.485948736464    0.702058386420
              13 H     -2.521911428477    1.703466509942   -0.092015749763
              14 H     -1.090207765779    1.962333773122    0.896450073893
              15 H     -0.661466151934    1.800007264127   -1.683129048724
              16 H     -2.215559797227   -0.085074834154   -1.902050645952
              17 H     -0.210761324513   -2.055681301528   -1.335424426023
              18 H     -1.943530868355   -2.088248441743   -1.015421758158
              19 H     -0.835663706460   -2.033958002362    1.182549874796
              20 H      0.424234360021    0.317068168591    1.553391349780
              21 H      2.150738512437   -1.707534804748    0.098755523151
              22 H      2.179859351244   -1.301531163964    1.834679952893
              23 H      3.602009381513    0.114057701079    0.065320548188
              24 H      1.647911446146    2.149993612230    0.506967479710
              25 H      2.463002789446    1.733388075007   -1.014269351327
              26 H      1.052941826258   -0.170429180937   -1.367681492421
